key,en,ko,status
GUITRANS|# Cities,# Cities,# 도시,mt
GUITRANS|# Industries,# Industries,# 산업,mt
GUITRANS|# Military Bases,# Military Bases,# 군사 기지,mt
GUITRANS|# of Payments,# of Payments,# 지불 횟수,mt
GUITRANS|# OF UNITS:,# OF UNITS:,# 유닛 수:,mt
GUITRANS|# Spies - Counter Intel,# Spies - Counter Intel,# 첩보원 - 방첩,mt
GUITRANS|# Units,# Units,# 유닛,mt
GUITRANS|# UNITS,# UNITS,# 유닛,mt
GUITRANS|$ / UNIT,$ / UNIT,$ / 유닛,mt
GUITRANS|$/UNIT,$/UNIT,$/유닛,mt
GUITRANS|$/Unit,$/Unit,$/유닛,mt
GUITRANS|% OF ARMY,% OF ARMY,% 군 비중,mt
GUITRANS|% of Total Budget,% of Total Budget,% 총예산 대비,mt
GUITRANS|% OUTPUT,% OUTPUT,% 산출량,mt
GUITRANS|% Surplus,% Surplus,% 잉여,mt
GUITRANS|(Local IP:,(Local IP:,(로컬 IP:,mt
GUITRANS|~ Invalid Build Location ~,~ Invalid Build Location ~,~ 잘못된 건설 위치 ~,mt
GUITRANS|~ Invalid Hotspot Location ~,~ Invalid Hotspot Location ~,~ 잘못된 핫스팟 위치 ~,mt
GUITRANS|~ Invalid Location ~,~ Invalid Location ~,~ 잘못된 위치 ~,mt
GUITRANS|~ Invalid Mission Location ~,~ Invalid Mission Location ~,~ 잘못된 임무 위치 ~,mt
GUITRANS|~ Invalid Target Location ~,~ Invalid Target Location ~,~ 잘못된 표적 위치 ~,mt
GUITRANS|~ Select a Hotspot Location ~,~ Select a Hotspot Location ~,~ 핫스팟 위치 선택 ~,mt
GUITRANS|~ Select Target Location ~,~ Select Target Location ~,~ 표적 위치 선택 ~,mt
GUITRANS|~ this will create a new saved game ~,~ this will create a new saved game ~,~ 새 저장 파일이 만들어집니다 ~,mt
GUITRANS|~ this will save over your existing game ~,~ this will save over your existing game ~,~ 기존 저장 파일을 덮어씁니다 ~,mt
GUITRANS|+ 25% existing level,+ 25% existing level,+ 현재 수준의 25%,mt
GUITRANS|24 Hour Time Format,24 Hour Time Format,24시간제,mt
GUITRANS|-25% existing level,-25% existing level,-현재 수준의 25%,mt
GUITRANS|3D Mesh Resolution,3D Mesh Resolution,3D 메시 해상도,mt
GUITRANS|Abandon UN Membership,Abandon UN Membership,유엔 회원국 탈퇴,mt
GUITRANS|Abandon United Nations Memberships,Abandon United Nations Memberships,유엔 회원국 탈퇴,mt
GUITRANS|Abort Launch,Abort Launch,발사 중단,mt
GUITRANS|Academy Under Construction,Academy Under Construction,학교 건설 중,mt
GUITRANS|Accelerated Research Times,Accelerated Research Times,연구 시간 단축,mt
GUITRANS|Accept,Accept,수락,mt
GUITRANS|Accept Auto Deployed Missiles,Accept Auto Deployed Missiles,자동 배치 미사일 수락,mt
GUITRANS|ACCEPTABLE?,ACCEPTABLE?,수락 가능?,mt
GUITRANS|Access Technical Readout,Access Technical Readout,기술 제원 보기,mt
GUITRANS|Access to War Declaration,Access to War Declaration,선전포고 메뉴,mt
GUITRANS|Achieved Technologies,Achieved Technologies,달성한 기술,mt
GUITRANS|ACTION,ACTION,행동,mt
GUITRANS|Actions,Actions,행동,mt
GUITRANS|Actions - lock/unlock,Actions - lock/unlock,행동 - 잠금/해제,mt
GUITRANS|Actions and Priorities,Actions and Priorities,행동 및 우선순위,mt
GUITRANS|ACTIVATE,ACTIVATE,활성화,mt
GUITRANS|Activate,Activate,활성화,mt
GUITRANS|Activate Fabrication,Activate Fabrication,제조창 활성화,mt
GUITRANS|Activate Reserves Facility and Fabrication,Activate Reserves Facility and Fabrication,예비 전력 시설·제조창 활성화,mt
GUITRANS|Activate this Fabrication,Activate this Fabrication,이 제조창 활성화,mt
GUITRANS|Active,Active,활성,mt
GUITRANS|Active Staff,Active Staff,현역 인원,mt
GUITRANS|Actual,Actual,실제,mt
GUITRANS|Actual Use,Actual Use,실제 사용량,mt
GUITRANS|Add Garrison,Add Garrison,수비대 추가,mt
GUITRANS|Add Ruler to Recipients,Add Ruler to Recipients,수신자에 지도자 추가,mt
GUITRANS|Add Satellite to Order,Add Satellite to Order,주문에 위성 추가,mt
GUITRANS|Add to Offer,Add to Offer,제안에 추가,mt
GUITRANS|Add to Selected Units,Add to Selected Units,선택 유닛에 추가,mt
GUITRANS|Add Unit of Same Class Selected,Add Unit of Same Class Selected,같은 종류 유닛 추가,mt
GUITRANS|Adjust Player Profile,Adjust Player Profile,플레이어 프로필 조정,mt
GUITRANS|ADVANCED,ADVANCED,고급,mt
GUITRANS|Aerospace Fab,Aerospace Fab,항공우주 제조창,mt
GUITRANS|Affect Existing Levels,Affect Existing Levels,현재 수준에 적용,mt
GUITRANS|AGRICULTURE,AGRICULTURE,농산물,mt
GUITRANS|AI Region Setting,AI Region Setting,AI 지역 설정,mt
GUITRANS|AID SCHEDULE,AID SCHEDULE,지원 일정,mt
GUITRANS|AIR,AIR,공군,mt
GUITRANS|Air,Air,공군,mt
GUITRANS|Air Autobuild is Active,Air Autobuild is Active,공군 자동 생산 켜짐,mt
GUITRANS|Air Autobuild is Inactive,Air Autobuild is Inactive,공군 자동 생산 꺼짐,mt
GUITRANS|Air Defense Bonus,Air Defense Bonus,방공 보너스,mt
GUITRANS|Air Droppable,Air Droppable,공수 가능,mt
GUITRANS|Air Reserves,Air Reserves,공군 예비 전력,mt
GUITRANS|Air Support,Air Support,항공 지원,mt
GUITRANS|Air Units,Air Units,공군 유닛,mt
GUITRANS|Alert,Alert,경보,mt
GUITRANS|ALL,ALL,전체,mt
GUITRANS|All,All,전체,mt
GUITRANS|>>> ALL,>>> ALL,>>> 전체,mt
GUITRANS|--> ALL,--> ALL,--> 전체,mt
GUITRANS|All Chat,All Chat,전체 채팅,mt
GUITRANS|All Completed Facilities Online,All Completed Facilities Online,완공 시설 전체 가동,mt
GUITRANS|All Human Opponents Eliminated,All Human Opponents Eliminated,인간 상대 전원 제거,mt
GUITRANS|All Production,All Production,전체 생산,mt
GUITRANS|All Reserves,All Reserves,전체 예비 전력,mt
GUITRANS|Allied Victories,Allied Victories,동맹 승리,mt
GUITRANS|ALLIES,ALLIES,동맹국,mt
GUITRANS|Allies,Allies,동맹국,mt
GUITRANS|Allies Chat,Allies Chat,동맹국 채팅,mt
GUITRANS|Allow Government Change,Allow Government Change,정부 형태 변경 허용,mt
GUITRANS|Allow Minister Launch Authority,Allow Minister Launch Authority,장관 발사 권한 허용,mt
GUITRANS|Allow Nuclear Missile Use,Allow Nuclear Missile Use,핵미사일 사용 허용,mt
GUITRANS|Allow Nuclear Weapons,Allow Nuclear Weapons,핵무기 허용,mt
GUITRANS|ALLOW TACTICAL NUKES,ALLOW TACTICAL NUKES,전술핵 허용,mt
GUITRANS|Allow Tactical Nukes,Allow Tactical Nukes,전술핵 허용,mt
GUITRANS|Amount,Amount,수량,mt
GUITRANS|AMOUNT,AMOUNT,수량,mt
GUITRANS|Amphibious,Amphibious,상륙,mt
GUITRANS|Amphibious Unit Move Modifier,Amphibious Unit Move Modifier,상륙 유닛 이동 보정,mt
GUITRANS|Annual Domestic Sales,Annual Domestic Sales,연간 내수 판매,mt
GUITRANS|Annual Expenses,Annual Expenses,연간 지출,mt
GUITRANS|Annual Fee,Annual Fee,연회비,mt
GUITRANS|Annual Income,Annual Income,연간 수익,mt
GUITRANS|ANNUAL INVESTMENT,ANNUAL INVESTMENT,연간 투자,mt
GUITRANS|Annual Maintenance,Annual Maintenance,연간 유지비,mt
GUITRANS|Annual Operations Cost,Annual Operations Cost,연간 운영비,mt
GUITRANS|Annual Preparedness,Annual Preparedness,연간 대비 태세,mt
GUITRANS|Annual Production,Annual Production,연간 생산,mt
GUITRANS|ANNUAL PROJECTIONS,ANNUAL PROJECTIONS,연간 전망,mt
GUITRANS|Annual Recommended,Annual Recommended,연간 권장,mt
GUITRANS|ANNUAL RESEARCH AND DEVELOPMENT,ANNUAL RESEARCH AND DEVELOPMENT,연간 연구개발,mt
GUITRANS|Annual Social Cost,Annual Social Cost,연간 사회 비용,mt
GUITRANS|Annual Surplus / Deficit,Annual Surplus / Deficit,연간 잉여 / 적자,mt
GUITRANS|Annual Tax Income,Annual Tax Income,연간 세수,mt
GUITRANS|Annually,Annually,매년,mt
GUITRANS|Apply Rules of Engagement as Default for New Units,Apply Rules of Engagement as Default for New Units,교전 규칙을 신규 유닛 기본값으로 적용,mt
GUITRANS|Apply Rules of Engagement Globally to All Units,Apply Rules of Engagement Globally to All Units,교전 규칙을 전 유닛에 일괄 적용,mt
GUITRANS|Apply Rules of Engagement to All Units,Apply Rules of Engagement to All Units,교전 규칙을 전 유닛에 적용,mt
GUITRANS|Apply Rules of Engagement to Selected Units,Apply Rules of Engagement to Selected Units,교전 규칙을 선택 유닛에 적용,mt
GUITRANS|Apply to United Nations,Apply to United Nations,유엔 가입 신청,mt
GUITRANS|Approval,Approval,지지율,mt
GUITRANS|Approval Effects,Approval Effects,지지율 영향,mt
GUITRANS|Assign FALSE FLAG Mission to Spy - Select Map,Assign FALSE FLAG Mission to Spy - Select Map,첩보원에게 위장 임무 부여 - 지도 선택,mt
GUITRANS|ASSIGN MISSION,ASSIGN MISSION,임무 부여,mt
GUITRANS|Assign Mission to Spy - Select Map,Assign Mission to Spy - Select Map,첩보원에게 임무 부여 - 지도 선택,mt
GUITRANS|Assign Region to Player,Assign Region to Player,플레이어에 지역 배정,mt
GUITRANS|ASSOCIATED FACILITIES,ASSOCIATED FACILITIES,관련 시설,mt
GUITRANS|At War,At War,교전 중,mt
GUITRANS|Attack Fortifications,Attack Fortifications,요새 공격,mt
GUITRANS|Attack Target Now,Attack Target Now,표적 즉시 공격,mt
GUITRANS|Attempt to Acquire Through Trade,Attempt to Acquire Through Trade,무역으로 확보 시도,mt
GUITRANS|Attempt to Sell for Profit,Attempt to Sell for Profit,수익 목적 판매 시도,mt
GUITRANS|Attempt to Steal Technology,Attempt to Steal Technology,기술 탈취 시도,mt
GUITRANS|Attempt to Steal Technology Through  Ops,Attempt to Steal Technology Through  Ops,공작으로 기술 탈취 시도,mt
GUITRANS|Auto Acquire Trades of This Commodity,Auto Acquire Trades of This Commodity,이 품목 무역 자동 확보,mt
GUITRANS|Auto Decrease Production,Auto Decrease Production,생산 자동 감소,mt
GUITRANS|Auto Increase Production,Auto Increase Production,생산 자동 증가,mt
GUITRANS|Auto Pitch Map,Auto Pitch Map,지도 자동 기울임,mt
GUITRANS|Auto Production,Auto Production,자동 생산,mt
GUITRANS|Autobuild: Off,Autobuild: Off,자동 생산: 꺼짐,mt
GUITRANS|Autodeploy,Autodeploy,자동 배치,mt
GUITRANS|Autodeploy All Missile Groups,Autodeploy All Missile Groups,전 미사일 그룹 자동 배치,mt
GUITRANS|Autodeploy Missile Group,Autodeploy Missile Group,미사일 그룹 자동 배치,mt
GUITRANS|Autodeploy Single Missile,Autodeploy Single Missile,미사일 단발 자동 배치,mt
GUITRANS|Autodeploy when Completed,Autodeploy when Completed,완료 시 자동 배치,mt
GUITRANS|Autoload Missiles to Match Roles-ON,Autoload Missiles to Match Roles-ON,역할별 미사일 자동 적재-켜짐,mt
GUITRANS|Autoload Missiles to Match Roles-OFF,Autoload Missiles to Match Roles-OFF,역할별 미사일 자동 적재-꺼짐,mt
GUITRANS|Autoload Missiles to Match Role(s)-ON,Autoload Missiles to Match Role(s)-ON,역할별 미사일 자동 적재-켜짐,mt
GUITRANS|Autoload Missiles to Match Role(s)-OFF,Autoload Missiles to Match Role(s)-OFF,역할별 미사일 자동 적재-꺼짐,mt
GUITRANS|Autoload Missiles to Match Role(s),Autoload Missiles to Match Role(s),역할별 미사일 자동 적재,mt
GUITRANS|AUTOMATED PURCHASES,AUTOMATED PURCHASES,자동 구매,mt
GUITRANS|AUTOMATED SALES,AUTOMATED SALES,자동 판매,mt
GUITRANS|Autosave,Autosave,자동 저장,mt
GUITRANS|Autosave as Multiplayer Client,Autosave as Multiplayer Client,멀티플레이 클라이언트 자동 저장,mt
GUITRANS|Autosave Every X Days,Autosave Every X Days,X일마다 자동 저장,mt
GUITRANS|Available,Available,사용 가능,mt
GUITRANS|Available for Purchase,Available for Purchase,구매 가능,mt
GUITRANS|Available Internet Games,Available Internet Games,인터넷 게임 목록,mt
GUITRANS|Available Local Games,Available Local Games,로컬 게임 목록,mt
GUITRANS|AVAILABLE MISSILES,AVAILABLE MISSILES,사용 가능 미사일,mt
GUITRANS|Available Missions:,Available Missions:,가능한 임무:,mt
GUITRANS|Available Spies,Available Spies,가용 첩보원,mt
GUITRANS|Available to Launch,Available to Launch,발사 가능,mt
GUITRANS|Avatar,Avatar,아바타,mt
GUITRANS|AVERAGE,AVERAGE,평균,mt
GUITRANS|Average Cost/Unit,Average Cost/Unit,유닛당 평균 비용,mt
GUITRANS|Avoid Combat,Avoid Combat,전투 회피,mt
GUITRANS|Backspace,Backspace,백스페이스,mt
GUITRANS|Ballistic Fab,Ballistic Fab,탄도 제조창,mt
GUITRANS|BARRACKS,BARRACKS,병영,mt
GUITRANS|Battle Sounds,Battle Sounds,전투 효과음,mt
GUITRANS|Become UN Member,Become UN Member,유엔 회원국 가입,mt
GUITRANS|Begin Research,Begin Research,연구 시작,mt
GUITRANS|being removed... money going to products,being removed... money going to products,제거 중... 자금은 제품으로 전환,mt
GUITRANS|BELOW TECH LEVEL,BELOW TECH LEVEL,기술 수준 미달,mt
GUITRANS|Births,Births,출생,mt
GUITRANS|Block,Block,차단,mt
GUITRANS|Block Chat From Player,Block Chat From Player,플레이어 채팅 차단,mt
GUITRANS|Block Email From Player,Block Email From Player,플레이어 이메일 차단,mt
GUITRANS|Bond Term,Bond Term,채권 만기,mt
GUITRANS|Border Off,Border Off,국경선 끄기,mt
GUITRANS|Border On,Border On,국경선 켜기,mt
GUITRANS|Bordering,Bordering,접경,mt
GUITRANS|Bordering Region,Bordering Region,접경 지역,mt
GUITRANS|Bottom of List,Bottom of List,목록 맨 아래,mt
GUITRANS|Break Initial Treaties,Break Initial Treaties,초기 조약 파기,mt
GUITRANS|Bring a Facility Online,Bring a Facility Online,시설 가동,mt
GUITRANS|BUDGET SETTINGS,BUDGET SETTINGS,예산 설정,mt
GUITRANS|Budgeted Spending,Budgeted Spending,편성 지출,mt
GUITRANS|Build,Build,건설,mt
GUITRANS|Build a Facility At Minister Suggested Location,Build a Facility At Minister Suggested Location,장관 추천 위치에 시설 건설,mt
GUITRANS|Build a Facility In Selected Location,Build a Facility In Selected Location,선택 위치에 시설 건설,mt
GUITRANS|Build a New Complex,Build a New Complex,새 단지 건설,mt
GUITRANS|Build a New Intelligence Academy,Build a New Intelligence Academy,새 정보학교 건설,mt
GUITRANS|Build at Current Location,Build at Current Location,현재 위치에 건설,mt
GUITRANS|Build Continuously,Build Continuously,연속 건설,mt
GUITRANS|Build Cost,Build Cost,건설 비용,mt
GUITRANS|Build Facility at New Location,Build Facility at New Location,새 위치에 시설 건설,mt
GUITRANS|Build Launch Pad,Build Launch Pad,발사대 건설,mt
GUITRANS|Build Missile,Build Missile,미사일 생산,mt
GUITRANS|Build Missiles x 10,Build Missiles x 10,미사일 생산 x 10,mt
GUITRANS|BUILD MORE,BUILD MORE,추가 건설,mt
GUITRANS|Build More,Build More,추가 건설,mt
GUITRANS|Build New,Build New,신규 건설,mt
GUITRANS|Build New Complex,Build New Complex,새 단지 건설,mt
GUITRANS|Build New Facility,Build New Facility,새 시설 건설,mt
GUITRANS|BUILD NEW LAUNCH PAD,BUILD NEW LAUNCH PAD,새 발사대 건설,mt
GUITRANS|BUILD RAIL,BUILD RAIL,철도 건설,mt
GUITRANS|Build Rails,Build Rails,철도 건설,mt
GUITRANS|BUILD ROADS,BUILD ROADS,도로 건설,mt
GUITRANS|Build Roads,Build Roads,도로 건설,mt
GUITRANS|Build Selected Unit,Build Selected Unit,선택 유닛 생산,mt
GUITRANS|Build Slots,Build Slots,생산 칸,mt
GUITRANS|Build Speed Bonus,Build Speed Bonus,건설 속도 보너스,mt
GUITRANS|Build Spy Academy,Build Spy Academy,첩보 학교 건설,mt
GUITRANS|Build Time,Build Time,건설 시간,mt
GUITRANS|Build time,Build time,건설 시간,mt
GUITRANS|Build Unit,Build Unit,유닛 생산,mt
GUITRANS|Build Units X 5,Build Units X 5,유닛 생산 X 5,mt
GUITRANS|BULK PURCHASE,BULK PURCHASE,대량 구매,mt
GUITRANS|BULK SALES,BULK SALES,대량 판매,mt
GUITRANS|BUY,BUY,구매,mt
GUITRANS|CABINET,CABINET,내각,mt
GUITRANS|CABINET CONTROLS,CABINET CONTROLS,내각 제어,mt
GUITRANS|cabinet LOCKS go here.,cabinet LOCKS go here.,내각 잠금 항목이 여기에 표시됩니다.,mt
GUITRANS|cabinet minister details go here... not just a wordlist,cabinet minister details go here... not just a wordlist,내각 장관 상세 정보가 여기에 표시됩니다.,mt
GUITRANS|CABINET PRIORITIES AND CONCERNS,CABINET PRIORITIES AND CONCERNS,내각 우선순위 및 현안,mt
GUITRANS|cabinet PRIORITIES go here,cabinet PRIORITIES go here,내각 우선순위가 여기에 표시됩니다.,mt
GUITRANS|Cancel,Cancel,취소,mt
GUITRANS|Cancel Construction,Cancel Construction,건설 취소,mt
GUITRANS|Cancel Current Orders,Cancel Current Orders,현재 명령 취소,mt
GUITRANS|Cancel Demolition,Cancel Demolition,철거 취소,mt
GUITRANS|Cancel Launch,Cancel Launch,발사 취소,mt
GUITRANS|CANCEL MEMBERSHIP?,CANCEL MEMBERSHIP?,회원 자격 취소?,mt
GUITRANS|Cancel Orders,Cancel Orders,명령 취소,mt
GUITRANS|Cancel Research,Cancel Research,연구 취소,mt
GUITRANS|Cancel Research of Selected Project,Cancel Research of Selected Project,선택 과제 연구 취소,mt
GUITRANS|Cancel Selected Agreement,Cancel Selected Agreement,선택 협정 취소,mt
GUITRANS|Cancel to Menu,Cancel to Menu,취소 후 메뉴로,mt
GUITRANS|Cannot Send EMail to AI Regions,Cannot Send EMail to AI Regions,AI 지역에는 이메일을 보낼 수 없습니다,mt
GUITRANS|Cannot Steal Non-Traceable Technologies,Cannot Steal Non-Traceable Technologies,추적 불가 기술은 탈취할 수 없습니다,mt
GUITRANS|Can't Select Region,Can't Select Region,지역을 선택할 수 없음,mt
GUITRANS|CAPACITY,CAPACITY,용량,mt
GUITRANS|Capacity,Capacity,용량,mt
GUITRANS|Capital,Capital,수도,mt
GUITRANS|Capital City,Capital City,수도,mt
GUITRANS|CARGO,CARGO,화물,mt
GUITRANS|Cargo,Cargo,화물,mt
GUITRANS|Casus Belli,Casus Belli,전쟁 명분,mt
GUITRANS|CC...,CC...,,
GUITRANS|Center on Base,Center on Base,기지로 이동,mt
GUITRANS|Center on Capital,Center on Capital,수도로 이동,mt
GUITRANS|Center on City,Center on City,도시로 이동,mt
GUITRANS|Center on Complex,Center on Complex,단지로 이동,mt
GUITRANS|Center on Email Topic,Center on Email Topic,이메일 주제 위치로 이동,mt
GUITRANS|Center on Event,Center on Event,사건 위치로 이동,mt
GUITRANS|Center on Facility,Center on Facility,시설로 이동,mt
GUITRANS|Center on Industry,Center on Industry,산업 시설로 이동,mt
GUITRANS|Center on Location,Center on Location,위치로 이동,mt
GUITRANS|Center on Offensive Target Location,Center on Offensive Target Location,공격 표적 위치로 이동,mt
GUITRANS|Center on Our Capital,Center on Our Capital,아국 수도로 이동,mt
GUITRANS|Center on Unit,Center on Unit,유닛으로 이동,mt
GUITRANS|Center Screen,Center Screen,화면 중앙으로,mt
GUITRANS|Center on Rally Point,Center on Rally Point,집결지로 이동,mt
GUITRANS|Center On Selected Region,Center On Selected Region,선택 지역으로 이동,mt
GUITRANS|Change DEFCON Level,Change DEFCON Level,데프콘 단계 변경,mt
GUITRANS|Change Offer Duration,Change Offer Duration,제안 기간 변경,mt
GUITRANS|Change Profile,Change Profile,프로필 변경,mt
GUITRANS|Change to a Dictatorship and Play On,Change to a Dictatorship and Play On,독재로 전환하고 계속 진행,mt
GUITRANS|CHAT,CHAT,채팅,mt
GUITRANS|Chat Expires,Chat Expires,채팅 표시 시간,mt
GUITRANS|Chat Font Style,Chat Font Style,채팅 글꼴 스타일,mt
GUITRANS|Chat Header for Messages,Chat Header for Messages,메시지 채팅 머리말,mt
GUITRANS|Chat History,Chat History,채팅 기록,mt
GUITRANS|Chat in Player Color,Chat in Player Color,플레이어 색으로 채팅 표시,mt
GUITRANS|Chat Lines Shown,Chat Lines Shown,채팅 표시 줄 수,mt
GUITRANS|Chat Messages,Chat Messages,채팅 메시지,mt
GUITRANS|Chat Sounds,Chat Sounds,채팅 효과음,mt
GUITRANS|Cities,Cities,도시,mt
GUITRANS|City Complex,City Complex,도시 단지,mt
GUITRANS|City Filter,City Filter,도시 필터,mt
GUITRANS|Civilian Rating,Civilian Rating,민간 평가,mt
GUITRANS|Civilian Relations,Civilian Relations,민간 관계,mt
GUITRANS|Class,Class,종류,mt
GUITRANS|Clear Offer,Clear Offer,제안 비우기,mt
GUITRANS|Clear Queue,Clear Queue,대기열 비우기,mt
GUITRANS|Clear Region,Clear Region,지역 선택 해제,mt
GUITRANS|Clear Selected Target,Clear Selected Target,선택 표적 해제,mt
GUITRANS|Click to Review Hotspots,Click to Review Hotspots,클릭하여 핫스팟 검토,mt
GUITRANS|Click to Review Spies,Click to Review Spies,클릭하여 첩보원 검토,mt
GUITRANS|Click to Review Strategic Targets,Click to Review Strategic Targets,클릭하여 전략 표적 검토,mt
GUITRANS|Click to review the scorecard for the map.,Click to review the scorecard for the map.,클릭하여 지도 점수표를 확인합니다.,mt
GUITRANS|CLOSE,CLOSE,닫기,mt
GUITRANS|Close,Close,닫기,mt
GUITRANS|Close <ESC>,Close <ESC>,닫기 <ESC>,mt
GUITRANS|Close All,Close All,모두 닫기,mt
GUITRANS|Close Combat / Low Visibility Overlay,Close Combat / Low Visibility Overlay,근접전 / 저시야 오버레이,mt
GUITRANS|Close Combat/Low Visibility,Close Combat/Low Visibility,근접전/저시야,mt
GUITRANS|Close Message,Close Message,메시지 닫기,mt
GUITRANS|Closing Regional United Nations Office,Closing Regional United Nations Office,유엔 지역 사무소 폐쇄 중,mt
GUITRANS|COAL,COAL,석탄,mt
GUITRANS|Combined Army Strength,Combined Army Strength,통합 군 전력,mt
GUITRANS|COMBINED FORCE DETAILS,COMBINED FORCE DETAILS,통합 전력 상세,mt
GUITRANS|Commit to Declaring War with Third Party Region,Commit to Declaring War with Third Party Region,제3국에 대한 선전포고 약속,mt
GUITRANS|Commodities,Commodities,품목,mt
GUITRANS|Commodity Assistance Requested,Commodity Assistance Requested,품목 지원 요청됨,mt
GUITRANS|Commodity Production,Commodity Production,품목 생산,mt
GUITRANS|COMMUNICATIONS,COMMUNICATIONS,통신,mt
GUITRANS|Completion Bonus,Completion Bonus,완료 보너스,mt
GUITRANS|Completion Time,Completion Time,완료 시간,mt
GUITRANS|Complex Construction in Progress,Complex Construction in Progress,단지 건설 중,mt
GUITRANS|Complex Cost,Complex Cost,단지 비용,mt
GUITRANS|Complex Time,Complex Time,단지 건설 시간,mt
GUITRANS|CON,CON,,
GUITRANS|CONCERN,CONCERN,현안,mt
GUITRANS|Concerns,Concerns,현안,mt
GUITRANS|Condition,Condition,상태,mt
GUITRANS|CONFIGURATION SETTINGS,CONFIGURATION SETTINGS,구성 설정,mt
GUITRANS|Configure Hotspot,Configure Hotspot,핫스팟 설정,mt
GUITRANS|Confirm,Confirm,확인,mt
GUITRANS|Confirm Launch,Confirm Launch,발사 확인,mt
GUITRANS|Confirm Removal of Target,Confirm Removal of Target,표적 제거 확인,mt
GUITRANS|CONFIRM RESET OPTIONS,CONFIRM RESET OPTIONS,옵션 초기화 확인,mt
GUITRANS|Confirm Reset Options,Confirm Reset Options,옵션 초기화 확인,mt
GUITRANS|CONFIRM WAR ON,CONFIRM WAR ON,선전포고 확인:,mt
GUITRANS|Congratulations!  You have successfully conquered,Congratulations!  You have successfully conquered,축하합니다! 정복에 성공했습니다:,mt
GUITRANS|Conservative,Conservative,보수,mt
GUITRANS|Construction,Construction,건설,mt
GUITRANS|CONSUMER GOODS,CONSUMER GOODS,소비재,mt
GUITRANS|CONSUMPTION,CONSUMPTION,소비,mt
GUITRANS|CONSUMPTION DETAILS,CONSUMPTION DETAILS,소비 상세,mt
GUITRANS|Contact Options,Contact Options,연락 옵션,mt
GUITRANS|Continue Campaign,Continue Campaign,캠페인 계속,mt
GUITRANS|Continue your leadership and face international consequences.,Continue your leadership and face international consequences.,통치를 이어가며 국제적 후폭풍에 맞섭니다.,mt
GUITRANS|Continuous,Continuous,연속,mt
GUITRANS|Continuous Payments,Continuous Payments,연속 지불,mt
GUITRANS|CONTRIBUTION,CONTRIBUTION,기여도,mt
GUITRANS|Controls,Controls,제어,mt
GUITRANS|Cost,Cost,비용,mt
GUITRANS|Cost to build,Cost to build,건설 비용,mt
GUITRANS|Cost to Build,Cost to Build,건설 비용,mt
GUITRANS|Count / Filters for BLOCKS,Count / Filters for BLOCKS,블록 개수 / 필터,mt
GUITRANS|Count/Filter for REGIONS,Count/Filter for REGIONS,지역 개수/필터,mt
GUITRANS|Count/Filters for MAP,Count/Filters for MAP,지도 개수/필터,mt
GUITRANS|Counter Intel Strength,Counter Intel Strength,방첩 전력,mt
GUITRANS|Counter Intelligence,Counter Intelligence,방첩,mt
GUITRANS|Countries,Countries,국가,mt
GUITRANS|Country Flag,Country Flag,국기,mt
GUITRANS|Country Name,Country Name,국가 이름,mt
GUITRANS|Country of origin,Country of origin,원산국,mt
GUITRANS|Coverage,Coverage,포괄 범위,mt
GUITRANS|COVERT MISSIONS,COVERT MISSIONS,비밀 임무,mt
GUITRANS|CREATE A HOTSPOT,CREATE A HOTSPOT,핫스팟 만들기,mt
GUITRANS|Create a Hotspot,Create a Hotspot,핫스팟 만들기,mt
GUITRANS|Create a Hotspot - Select Map Location,Create a Hotspot - Select Map Location,핫스팟 만들기 - 지도 위치 선택,mt
GUITRANS|Create a Hotspot (Pick Map Location),Create a Hotspot (Pick Map Location),핫스팟 만들기 (지도 위치 선택),mt
GUITRANS|Create a Strategic Missile Location,Create a Strategic Missile Location,전략 미사일 위치 만들기,mt
GUITRANS|Create a Strategic Target - Select Map Location,Create a Strategic Target - Select Map Location,전략 표적 만들기 - 지도 위치 선택,mt
GUITRANS|Create Additional Launch Facility,Create Additional Launch Facility,발사 시설 추가,mt
GUITRANS|Create EMail,Create EMail,이메일 작성,mt
GUITRANS|Create Land Tag 1,Create Land Tag 1,국토 태그 1 만들기,mt
GUITRANS|Create Land Tag 2,Create Land Tag 2,국토 태그 2 만들기,mt
GUITRANS|Create Land Tag 3,Create Land Tag 3,국토 태그 3 만들기,mt
GUITRANS|Create Land Tag 4,Create Land Tag 4,국토 태그 4 만들기,mt
GUITRANS|CREATE LAND TAGS,CREATE LAND TAGS,국토 태그 만들기,mt
GUITRANS|Create New EMail,Create New EMail,새 이메일 작성,mt
GUITRANS|Create New Hotspot Using Selected Units,Create New Hotspot Using Selected Units,선택 유닛으로 새 핫스팟 만들기,mt
GUITRANS|Create New Profile,Create New Profile,새 프로필 만들기,mt
GUITRANS|Create New Satellite of Selected Type,Create New Satellite of Selected Type,선택한 종류의 새 위성 만들기,mt
GUITRANS|Create Profile,Create Profile,프로필 만들기,mt
GUITRANS|CREATE PROFILE,CREATE PROFILE,프로필 만들기,mt
GUITRANS|Credit Rating,Credit Rating,신용 등급,mt
GUITRANS|Critical United Nations,Critical United Nations,유엔의 비판적 입장,mt
GUITRANS|Currency Decimal,Currency Decimal,통화 소수점 기호,mt
GUITRANS|Currency Spacing Between Thousands,Currency Spacing Between Thousands,통화 천 단위 구분,mt
GUITRANS|Currency Symbols,Currency Symbols,통화 기호,mt
GUITRANS|Current,Current,현재,mt
GUITRANS|CURRENT HOTSPOTS,CURRENT HOTSPOTS,현재 핫스팟,mt
GUITRANS|Current Hotspots in Region,Current Hotspots in Region,지역 내 현재 핫스팟,mt
GUITRANS|Current Markup,Current Markup,현재 마진,mt
GUITRANS|Current Options File,Current Options File,현재 옵션 파일,mt
GUITRANS|Current Orders,Current Orders,현재 명령,mt
GUITRANS|Current Profile,Current Profile,현재 프로필,mt
GUITRANS|CURRENT PROFILE,CURRENT PROFILE,현재 프로필,mt
GUITRANS|CURRENT SPY DETAILS,CURRENT SPY DETAILS,현재 첩보원 상세,mt
GUITRANS|Custom,Custom,사용자 지정,mt
GUITRANS|Custom Chat,Custom Chat,사용자 지정 채팅,mt
GUITRANS|CUSTOM PLAYER CONTROLS,CUSTOM PLAYER CONTROLS,사용자 지정 플레이어 제어,mt
GUITRANS|Daily,Daily,매일,mt
GUITRANS|Daily Cost,Daily Cost,일일 비용,mt
GUITRANS|Daily Demand,Daily Demand,일일 수요,mt
GUITRANS|Daily Domestic Sales,Daily Domestic Sales,일일 내수 판매,mt
GUITRANS|Daily Expenses,Daily Expenses,일일 지출,mt
GUITRANS|Daily Income,Daily Income,일일 수익,mt
GUITRANS|DAILY INVESTMENT,DAILY INVESTMENT,일일 투자,mt
GUITRANS|Daily Maintenance,Daily Maintenance,일일 유지비,mt
GUITRANS|Daily Production,Daily Production,일일 생산,mt
GUITRANS|Daily Recommended,Daily Recommended,일일 권장,mt
GUITRANS|DAILY RESEARCH AND DEVELOPMENT,DAILY RESEARCH AND DEVELOPMENT,일일 연구개발,mt
GUITRANS|Daily Social Cost,Daily Social Cost,일일 사회 비용,mt
GUITRANS|Daily Surplus / Deficit,Daily Surplus / Deficit,일일 잉여 / 적자,mt
GUITRANS|Daily Tax Income,Daily Tax Income,일일 세수,mt
GUITRANS|Damage:  Cause Moderate Damage to Location,Damage:  Cause Moderate Damage to Location,피해:  해당 위치에 중간 규모 피해를 입힙니다,mt
GUITRANS|Date,Date,날짜,mt
GUITRANS|DATE,DATE,날짜,mt
GUITRANS|Date Assigned,Date Assigned,부여 날짜,mt
GUITRANS|Days to Build,Days to Build,건설 소요일,mt
GUITRANS|days to complete,days to complete,일 후 완료,mt
GUITRANS|Deactivate,Deactivate,비활성화,mt
GUITRANS|Deactivate All,Deactivate All,모두 비활성화,mt
GUITRANS|Deactivate Fabrication,Deactivate Fabrication,제조창 비활성화,mt
GUITRANS|Deactivate Reserves Facility and Fabrication,Deactivate Reserves Facility and Fabrication,예비 전력 시설·제조창 비활성화,mt
GUITRANS|Deactivate this Fabrication,Deactivate this Fabrication,이 제조창 비활성화,mt
GUITRANS|Deaths,Deaths,사망,mt
GUITRANS|Debt,Debt,부채,mt
GUITRANS|Declare War,Declare War,선전포고,mt
GUITRANS|Declare War if Region Crosses Border without Treaty,Declare War if Region Crosses Border without Treaty,조약 없이 국경을 넘으면 선전포고,mt
GUITRANS|DECLARE WAR ON,DECLARE WAR ON,선전포고 대상:,mt
GUITRANS|DECOMMISSION,DECOMMISSION,퇴역,mt
GUITRANS|Decommission All,Decommission All,모두 퇴역,mt
GUITRANS|Decommission Facility,Decommission Facility,시설 폐쇄,mt
GUITRANS|Decrease Fabrication,Decrease Fabrication,제조창 축소,mt
GUITRANS|Decrease Priority of Selected Message,Decrease Priority of Selected Message,선택 메시지 우선순위 낮춤,mt
GUITRANS|Default,Default,기본값,mt
GUITRANS|Default Str,Default Str,기본 전력,mt
GUITRANS|Default Strength,Default Strength,기본 전력,mt
GUITRANS|DEFCON,DEFCON,데프콘,mt
GUITRANS|Defeat,Defeat,패배,mt
GUITRANS|Defeat!,Defeat!,패배!,mt
GUITRANS|Defensive Terrain Overlay,Defensive Terrain Overlay,방어 지형 오버레이,mt
GUITRANS|Del Compnt -,Del Compnt -,부품 삭제 -,mt
GUITRANS|DEL TRANS1,DEL TRANS1,,
GUITRANS|DEL TRANS2,DEL TRANS2,,
GUITRANS|Delete Cont.,Delete Cont.,컨테이너 삭제,mt
GUITRANS|Delete Container,Delete Container,컨테이너 삭제,mt
GUITRANS|Delete Container and Name,Delete Container and Name,컨테이너와 이름 삭제,mt
GUITRANS|Delete Message,Delete Message,메시지 삭제,mt
GUITRANS|Delete Replied EMails,Delete Replied EMails,회신한 이메일 삭제,mt
GUITRANS|Delete Saved Game,Delete Saved Game,저장 파일 삭제,mt
GUITRANS|Delete Selected EMail,Delete Selected EMail,선택 이메일 삭제,mt
GUITRANS|Delete Selected Government Profile,Delete Selected Government Profile,선택 정부 프로필 삭제,mt
GUITRANS|Delete Selected Save Game,Delete Selected Save Game,선택 저장 파일 삭제,mt
GUITRANS|Delete Selected Target,Delete Selected Target,선택 표적 삭제,mt
GUITRANS|Delete This Hotspot,Delete This Hotspot,이 핫스팟 삭제,mt
GUITRANS|Demand,Demand,수요,mt
GUITRANS|DEMAND,DEMAND,수요,mt
GUITRANS|Demand vs. Unmet Demand,Demand vs. Unmet Demand,수요 대 미충족 수요,mt
GUITRANS|Department Button,Department Button,부서 버튼,mt
GUITRANS|DEPARTMENT LOCKS,DEPARTMENT LOCKS,부서 잠금,mt
GUITRANS|Department:  Treasury,Department:  Treasury,부서:  국고,mt
GUITRANS|Deploy,Deploy,배치,mt
GUITRANS|Deploy All,Deploy All,모두 배치,mt
GUITRANS|Deploy All Base Units,Deploy All Base Units,기지 유닛 모두 배치,mt
GUITRANS|Deploy All Units,Deploy All Units,유닛 모두 배치,mt
GUITRANS|Deploy Entire Class of Selected Unit,Deploy Entire Class of Selected Unit,선택 유닛 종류 전체 배치,mt
GUITRANS|Deploy Selected Unit,Deploy Selected Unit,선택 유닛 배치,mt
GUITRANS|Deploy Unit,Deploy Unit,유닛 배치,mt
GUITRANS|Deployed,Deployed,배치됨,mt
GUITRANS|DEPLOYED:,DEPLOYED:,배치됨:,mt
GUITRANS|Design Researched,Design Researched,설계 연구 완료,mt
GUITRANS|DESTROY,DESTROY,파괴,mt
GUITRANS|Destroy,Destroy,파괴,mt
GUITRANS|Destroy:  Use Available Missiles and Units to Destroy Location,Destroy:  Use Available Missiles and Units to Destroy Location,파괴:  가용 미사일과 유닛으로 해당 위치를 파괴합니다,mt
GUITRANS|DETAILS / OPTIONS,DETAILS / OPTIONS,상세 / 옵션,mt
GUITRANS|Details / Options,Details / Options,상세 / 옵션,mt
GUITRANS|Development Schedule,Development Schedule,개발 일정,mt
GUITRANS|DEVELOPMENT SUGGESTIONS,DEVELOPMENT SUGGESTIONS,개발 제안,mt
GUITRANS|Diplomacy,Diplomacy,외교,mt
GUITRANS|Diplomatic Difficulty,Diplomatic Difficulty,외교 난이도,mt
GUITRANS|Diplomatic Exchange,Diplomatic Exchange,외교 교환,mt
GUITRANS|DIPLOMATIC EXCHANGE,DIPLOMATIC EXCHANGE,외교 교환,mt
GUITRANS|Diplomatic Exchange - Export This Commodity,Diplomatic Exchange - Export This Commodity,외교 교환 - 이 품목 수출,mt
GUITRANS|Diplomatic Exchange - Import This Commodity,Diplomatic Exchange - Import This Commodity,외교 교환 - 이 품목 수입,mt
GUITRANS|Diplomatic Exchange - Solicit Offers,Diplomatic Exchange - Solicit Offers,외교 교환 - 제안 요청,mt
GUITRANS|Diplomatic Offer,Diplomatic Offer,외교 제안,mt
GUITRANS|Diplomatic Rating,Diplomatic Rating,외교 평가,mt
GUITRANS|DIPLOMATIC RATINGS,DIPLOMATIC RATINGS,외교 평가,mt
GUITRANS|Diplomatic Relations,Diplomatic Relations,외교 관계,mt
GUITRANS|Direct Intelligence Resources Against Region,Direct Intelligence Resources Against Region,해당 지역에 정보 자원 투입,mt
GUITRANS|DISPOSITION,DISPOSITION,배치 상태,mt
GUITRANS|Distance,Distance,거리,mt
GUITRANS|Do Not Auto-Delete Message,Do Not Auto-Delete Message,메시지 자동 삭제 안 함,mt
GUITRANS|DOLLARS,DOLLARS,달러,mt
GUITRANS|Domestic,Domestic,국내,mt
GUITRANS|Domestic Agenda,Domestic Agenda,국내 현안,mt
GUITRANS|Domestic Approval Rating,Domestic Approval Rating,국내 지지율,mt
GUITRANS|Domestic Markup,Domestic Markup,내수 마진,mt
GUITRANS|Domestic Price,Domestic Price,내수 가격,mt
GUITRANS|Domestic Sales,Domestic Sales,내수 판매,mt
GUITRANS|DOMESTIC SALES,DOMESTIC SALES,내수 판매,mt
GUITRANS|Due Date,Due Date,기한,mt
GUITRANS|Duration,Duration,기간,mt
GUITRANS|Economic Difficulty,Economic Difficulty,경제 난이도,mt
GUITRANS|Economic Information,Economic Information,경제 정보,mt
GUITRANS|Economy,Economy,경제,mt
GUITRANS|effect,effect,효과,mt
GUITRANS|Efficiency,Efficiency,효율,mt
GUITRANS|Efficiency Bonus,Efficiency Bonus,효율 보너스,mt
GUITRANS|Election Defeat!,Election Defeat!,선거 패배!,mt
GUITRANS|EMAIL,EMAIL,이메일,mt
GUITRANS|EMail,EMail,이메일,mt
GUITRANS|EMail Expires,EMail Expires,이메일 보관 기간,mt
GUITRANS|EMail Font Style,EMail Font Style,이메일 글꼴 스타일,mt
GUITRANS|Email Monthly Report of This Department,Email Monthly Report of This Department,이 부서의 월간 보고서 이메일 발송,mt
GUITRANS|Email Options,Email Options,이메일 옵션,mt
GUITRANS|Email options can go here,Email options can go here,이메일 옵션이 여기에 표시됩니다,mt
GUITRANS|EMAIL PREVIEW,EMAIL PREVIEW,이메일 미리보기,mt
GUITRANS|EMail Sounds,EMail Sounds,이메일 효과음,mt
GUITRANS|Emigration,Emigration,이민 유출,mt
GUITRANS|End Agreement,End Agreement,협정 종료,mt
GUITRANS|End Date,End Date,종료 날짜,mt
GUITRANS|End Game,End Game,게임 종료,mt
GUITRANS|ENEMIES,ENEMIES,적,mt
GUITRANS|Enemies,Enemies,적,mt
GUITRANS|Enemies Chat,Enemies Chat,적 채팅,mt
GUITRANS|Engage Airborne Targets,Engage Airborne Targets,공중 표적 교전,mt
GUITRANS|Engage Ground Targets,Engage Ground Targets,지상 표적 교전,mt
GUITRANS|Engage Naval Targets,Engage Naval Targets,해상 표적 교전,mt
GUITRANS|ENGAGE NEUTRALS,ENGAGE NEUTRALS,중립 교전,mt
GUITRANS|Engage Submersible Targets,Engage Submersible Targets,수중 표적 교전,mt
GUITRANS|Enhanced Ranges,Enhanced Ranges,사거리 강화 표시,mt
GUITRANS|Enhanced Spotting,Enhanced Spotting,탐지 강화 표시,mt
GUITRANS|Enhanced Tooltip Delay,Enhanced Tooltip Delay,상세 툴팁 지연,mt
GUITRANS|ENTER LAUNCH CODE,ENTER LAUNCH CODE,발사 코드 입력,mt
GUITRANS|Entrenching,Entrenching,참호 구축 중,mt
GUITRANS|Entrenchment,Entrenchment,참호,mt
GUITRANS|Entrenchment Bonus,Entrenchment Bonus,참호 보너스,mt
GUITRANS|Equalize Trade Value,Equalize Trade Value,무역 가치 균등화,mt
GUITRANS|Erase Selected Tag,Erase Selected Tag,선택 태그 지우기,mt
GUITRANS|Est. Output,Est. Output,예상 산출량,mt
GUITRANS|Estimated Research Cost / Time,Estimated Research Cost / Time,예상 연구 비용 / 시간,mt
GUITRANS|Excluded,Excluded,제외됨,mt
GUITRANS|Excluded Design,Excluded Design,제외된 설계,mt
GUITRANS|Expand Industry,Expand Industry,산업 확장,mt
GUITRANS|Experience,Experience,경험,mt
GUITRANS|Fabrication Full,Fabrication Full,제조창 가득 참,mt
GUITRANS|Facilities,Facilities,시설,mt
GUITRANS|Facilities/Total,Facilities/Total,시설/전체,mt
GUITRANS|Facility Count,Facility Count,시설 수,mt
GUITRANS|Facility Design Not Researched,Facility Design Not Researched,시설 설계 미연구,mt
GUITRANS|Facility Production,Facility Production,시설 생산,mt
GUITRANS|Fair,Fair,보통,mt
GUITRANS|False Flag Cost,False Flag Cost,위장 비용,mt
GUITRANS|False Flag Mission On,False Flag Mission On,위장 임무 켜짐,mt
GUITRANS|False Flag Modifier,False Flag Modifier,위장 보정,mt
GUITRANS|False Flag?,False Flag?,위장 여부?,mt
GUITRANS|FAST,FAST,빠름,mt
GUITRANS|Fast Build,Fast Build,빠른 건설,mt
GUITRANS|Favorite Design,Favorite Design,즐겨찾는 설계,mt
GUITRANS|Favorites,Favorites,즐겨찾기,mt
GUITRANS|FIELD AGENTS,FIELD AGENTS,현장 요원,mt
GUITRANS|File Name:,File Name:,파일 이름:,mt
GUITRANS|Files,Files,파일,mt
GUITRANS|Filter By,Filter By,필터 기준,mt
GUITRANS|Filter Relations for Regions on Map,Filter Relations for Regions on Map,지도상 지역 관계 필터,mt
GUITRANS|Financial Aid Requested,Financial Aid Requested,재정 지원 요청됨,mt
GUITRANS|Fixed Capitals,Fixed Capitals,수도 고정,mt
GUITRANS|Fixed Unit Size at Any Zoom,Fixed Unit Size at Any Zoom,확대 수준과 무관한 유닛 크기 고정,mt
GUITRANS|Focus,Focus,집중,mt
GUITRANS|Fog of War,Fog of War,전장의 안개,mt
GUITRANS|Force Focus,Force Focus,전력 집중,mt
GUITRANS|Force Size,Force Size,병력 규모,mt
GUITRANS|Foreign Aid,Foreign Aid,해외 원조,mt
GUITRANS|Formats,Formats,형식,mt
GUITRANS|Forward Selected Message,Forward Selected Message,선택 메시지 전달,mt
GUITRANS|Foundation Cost,Foundation Cost,기초 공사 비용,mt
GUITRANS|Foundation Time,Foundation Time,기초 공사 시간,mt
GUITRANS|frame,frame,프레임,mt
GUITRANS|From,From,발신,mt
GUITRANS|FROM,FROM,발신,mt
GUITRANS|Fuel,Fuel,연료,mt
GUITRANS|Full,Full,가득 참,mt
GUITRANS|Further Requests Unavailable,Further Requests Unavailable,추가 요청 불가,mt
GUITRANS|Game  Settings,Game  Settings,게임  설정,mt
GUITRANS|Game Color Depth,Game Color Depth,게임 색 심도,mt
GUITRANS|Game Length,Game Length,게임 길이,mt
GUITRANS|Scheduled Game End,Scheduled Game End,예정된 게임 종료,mt
GUITRANS|Game Name:,Game Name:,게임 이름:,mt
GUITRANS|Game Password:,Game Password:,게임 비밀번호:,mt
GUITRANS|GAME SETTINGS,GAME SETTINGS,게임 설정,mt
GUITRANS|Game Settings,Game Settings,게임 설정,mt
GUITRANS|Gamma Settings,Gamma Settings,감마 설정,mt
GUITRANS|Garrisons,Garrisons,수비대,mt
GUITRANS|Garrisons Overlay,Garrisons Overlay,수비대 오버레이,mt
GUITRANS|GDP/c,GDP/c,1인당 GDP,mt
GUITRANS|GENDER,GENDER,성별,mt
GUITRANS|General,General,일반,mt
GUITRANS|Geographic Details,Geographic Details,지리 상세,mt
GUITRANS|GEOGRAPHIC DETAILS,GEOGRAPHIC DETAILS,지리 상세,mt
GUITRANS|Give One of Each Type of Satellite to Be Launched,Give One of Each Type of Satellite to Be Launched,위성 종류별 1기씩 발사 대기 지급,mt
GUITRANS|Give Order to Selected Unit(s),Give Order to Selected Unit(s),선택 유닛에 명령,mt
GUITRANS|Give the Player $10B,Give the Player $10B,플레이어에게 $10B 지급,mt
GUITRANS|Go to Next Hotspot,Go to Next Hotspot,다음 핫스팟으로,mt
GUITRANS|Go to Previous Hotspot,Go to Previous Hotspot,이전 핫스팟으로,mt
GUITRANS|Goods Cost,Goods Cost,물자 비용,mt
GUITRANS|Goto Land Department on Left Click,Goto Land Department on Left Click,좌클릭 시 국토부로 이동,mt
GUITRANS|Goto Land Department on Right Click,Goto Land Department on Right Click,우클릭 시 국토부로 이동,mt
GUITRANS|Government,Government,정부,mt
GUITRANS|GOVERNMENT,GOVERNMENT,정부,mt
GUITRANS|Ground Defense Bonus,Ground Defense Bonus,지상 방어 보너스,mt
GUITRANS|GUI Color Depth,GUI Color Depth,GUI 색 심도,mt
GUITRANS|GUN SIZE,GUN SIZE,포 구경,mt
GUITRANS|Harass,Harass,교란,mt
GUITRANS|Healthcare,Healthcare,보건,mt
GUITRANS|Hex Contents,Hex Contents,헥스 내용물,mt
GUITRANS|Hex Distance,Hex Distance,헥스 거리,mt
GUITRANS|hex group,hex group,헥스 그룹,mt
GUITRANS|Hide GUI - show full map.,Hide GUI - show full map.,GUI 숨기기 - 전체 지도 표시,mt
GUITRANS|High,High,높음,mt
GUITRANS|High Ground,High Ground,고지대,mt
GUITRANS|High Ground Overlay,High Ground Overlay,고지대 오버레이,mt
GUITRANS|Hold in Queue,Hold in Queue,대기열에 보류,mt
GUITRANS|Host Connection Lost,Host Connection Lost,호스트 연결 끊김,mt
GUITRANS|Host Multiplayer Game,Host Multiplayer Game,멀티플레이 게임 호스트,mt
GUITRANS|Host Only Option,Host Only Option,호스트 전용 옵션,mt
GUITRANS|HOT KEYS,HOT KEYS,단축키,mt
GUITRANS|HOTKEYS,HOTKEYS,단축키,mt
GUITRANS|Hotspot Control Options,Hotspot Control Options,핫스팟 제어 옵션,mt
GUITRANS|HOTSPOT UNITS,HOTSPOT UNITS,핫스팟 유닛,mt
GUITRANS|Hover Move Modifier,Hover Move Modifier,호버 이동 보정,mt
GUITRANS|I don't know...,I don't know...,모르겠습니다...,mt
GUITRANS|ICBM RESERVES,ICBM RESERVES,ICBM 예비 전력,mt
GUITRANS|Immigration,Immigration,이민 유입,mt
GUITRANS|Improve Defenses,Improve Defenses,방어 강화,mt
GUITRANS|In Construction,In Construction,건설 중,mt
GUITRANS|In Orbit,In Orbit,궤도 위,mt
GUITRANS|INCLUDE OBSOLETE UNITS,INCLUDE OBSOLETE UNITS,구형 유닛 포함,mt
GUITRANS|Include Player in Custom Chat,Include Player in Custom Chat,사용자 지정 채팅에 플레이어 포함,mt
GUITRANS|Income,Income,수익,mt
GUITRANS|Incoming Message Sounds,Incoming Message Sounds,수신 메시지 효과음,mt
GUITRANS|Incompatible Role,Incompatible Role,역할 불일치,mt
GUITRANS|INCORRECT CODE,INCORRECT CODE,코드 불일치,mt
GUITRANS|Increase Fabrication,Increase Fabrication,제조창 확대,mt
GUITRANS|Increase Fabrication at this Location,Increase Fabrication at this Location,이 위치 제조창 확대,mt
GUITRANS|Increase Patrol Units,Increase Patrol Units,순찰 유닛 증가,mt
GUITRANS|Increase Priority of Selected Message,Increase Priority of Selected Message,선택 메시지 우선순위 높임,mt
GUITRANS|Increase Tech Level by One,Increase Tech Level by One,기술 수준 1 상승,mt
GUITRANS|Independent R.O.E. - Not Affected by Global R.O.E.,Independent R.O.E. - Not Affected by Global R.O.E.,독립 교전 규칙 - 전체 교전 규칙의 영향 없음,mt
GUITRANS|Indirect Defense Bonus,Indirect Defense Bonus,간접 방어 보너스,mt
GUITRANS|Industrial Goods,Industrial Goods,산업재,mt
GUITRANS|INDUSTRIES,INDUSTRIES,산업,mt
GUITRANS|Industry Filter,Industry Filter,산업 필터,mt
GUITRANS|Industry Goods,Industry Goods,산업재,mt
GUITRANS|INDUSTRY OUTPUT,INDUSTRY OUTPUT,산업 산출량,mt
GUITRANS|Industry Status,Industry Status,산업 현황,mt
GUITRANS|INFLATION,INFLATION,인플레이션,mt
GUITRANS|Inflation,Inflation,인플레이션,mt
GUITRANS|Initial Funds,Initial Funds,초기 자금,mt
GUITRANS|Initiative,Initiative,재량권,mt
GUITRANS|Insufficient Military Support,Insufficient Military Support,군 지지 부족,mt
GUITRANS|Insufficient Reserves,Insufficient Reserves,예비 전력 부족,mt
GUITRANS|INTEL,INTEL,정보,mt
GUITRANS|Intel Academies,Intel Academies,정보학교,mt
GUITRANS|INTEL OPERATIONS,INTEL OPERATIONS,정보 작전,mt
GUITRANS|Intelligence,Intelligence,정보,mt
GUITRANS|Intelligence Report,Intelligence Report,정보 보고,mt
GUITRANS|Intelligence Target,Intelligence Target,정보 표적,mt
GUITRANS|Intelligence Total,Intelligence Total,정보 합계,mt
GUITRANS|Interest,Interest,이자,mt
GUITRANS|Interest Rate,Interest Rate,이자율,mt
GUITRANS|Invalid Build Location,Invalid Build Location,잘못된 건설 위치,mt
GUITRANS|Invalid build location.,Invalid build location.,잘못된 건설 위치입니다.,mt
GUITRANS|Invalid Location,Invalid Location,잘못된 위치,mt
GUITRANS|Invalid Location for Scrap Order,Invalid Location for Scrap Order,폐기 명령에 잘못된 위치,mt
GUITRANS|Invalid Map Location,Invalid Map Location,잘못된 지도 위치,mt
GUITRANS|Invalid Password,Invalid Password,잘못된 비밀번호,mt
GUITRANS|INVOLVED REGIONS,INVOLVED REGIONS,관련 지역,mt
GUITRANS|Is a Unit Design Pre-Req?,Is a Unit Design Pre-Req?,유닛 설계 선행 조건?,mt
GUITRANS|Issue #,Issue #,발행 #,mt
GUITRANS|Issue New Bonds,Issue New Bonds,신규 채권 발행,mt
GUITRANS|ITEMS OFFERED,ITEMS OFFERED,제안 품목,mt
GUITRANS|Items Offered,Items Offered,제안 품목,mt
GUITRANS|ITEMS REQUESTED,ITEMS REQUESTED,요청 품목,mt
GUITRANS|Items Requested,Items Requested,요청 품목,mt
GUITRANS|Join Selected Game,Join Selected Game,선택 게임 참가,mt
GUITRANS|JOIN UNITED NATIONS?,JOIN UNITED NATIONS?,유엔에 가입하시겠습니까?,mt
GUITRANS|Jump to Infrastructure Spending,Jump to Infrastructure Spending,인프라 지출로 이동,mt
GUITRANS|Jump to Research Projects,Jump to Research Projects,연구 과제로 이동,mt
GUITRANS|Jump to Selected Region,Jump to Selected Region,선택 지역으로 이동,mt
GUITRANS|Jump to Unit Production,Jump to Unit Production,유닛 생산으로 이동,mt
GUITRANS|Kick Player,Kick Player,플레이어 추방,mt
GUITRANS|Kick Selected Player,Kick Selected Player,선택 플레이어 추방,mt
GUITRANS|Kills,Kills,격파,mt
GUITRANS|KNOWN TECHNOLOGIES,KNOWN TECHNOLOGIES,보유 기술,mt
GUITRANS|Land,Land,지상,mt
GUITRANS|LAND,LAND,국토,mt
GUITRANS|Land Autobuild is Active,Land Autobuild is Active,육군 자동 생산 켜짐,mt
GUITRANS|Land Autobuild is Inactive,Land Autobuild is Inactive,육군 자동 생산 꺼짐,mt
GUITRANS|Land Inspection,Land Inspection,국토 조사,mt
GUITRANS|Land Inspection -,Land Inspection -,국토 조사 -,mt
GUITRANS|Land Reserves,Land Reserves,육군 예비 전력,mt
GUITRANS|Land Tag %d (%d sq km) (%d),Land Tag %d (%d sq km) (%d),국토 태그 %d (%d 제곱킬로미터) (%d),mt
GUITRANS|Land Units,Land Units,육군 유닛,mt
GUITRANS|Last Day Exports,Last Day Exports,전일 수출,mt
GUITRANS|Last Day Imports,Last Day Imports,전일 수입,mt
GUITRANS|Last Day Trade,Last Day Trade,전일 무역,mt
GUITRANS|LAST DAY TRADES,LAST DAY TRADES,전일 무역,mt
GUITRANS|Launch,Launch,발사,mt
GUITRANS|Launch Against Selected Target,Launch Against Selected Target,선택 표적에 발사,mt
GUITRANS|Launch All Missiles from Silo,Launch All Missiles from Silo,사일로 미사일 모두 발사,mt
GUITRANS|Launch Authority,Launch Authority,발사 권한,mt
GUITRANS|Launch Control,Launch Control,발사 통제,mt
GUITRANS|Launch Cost,Launch Cost,발사 비용,mt
GUITRANS|Launch Game,Launch Game,게임 시작,mt
GUITRANS|LAUNCH PAD CONTROLS,LAUNCH PAD CONTROLS,발사대 제어,mt
GUITRANS|Launch Pad Location Name,Launch Pad Location Name,발사대 위치 이름,mt
GUITRANS|Launch Pads,Launch Pads,발사대,mt
GUITRANS|Launch Pending,Launch Pending,발사 대기 중,mt
GUITRANS|Launch Satellite,Launch Satellite,위성 발사,mt
GUITRANS|Launch Satellite of Selected Type,Launch Satellite of Selected Type,선택한 종류의 위성 발사,mt
GUITRANS|Launch Selected Missile,Launch Selected Missile,선택 미사일 발사,mt
GUITRANS|Leader,Leader,지도자,mt
GUITRANS|Leader Assessment,Leader Assessment,지도자 평가,mt
GUITRANS|Leadership Profile,Leadership Profile,지도자 프로필,mt
GUITRANS|Left Click for Unit Orders,Left Click for Unit Orders,좌클릭: 유닛 명령,mt
GUITRANS|Leg Movement Modifier,Leg Movement Modifier,도보 이동 보정,mt
GUITRANS|Leg Unit Move Modifier,Leg Unit Move Modifier,도보 유닛 이동 보정,mt
GUITRANS|LEVEL,LEVEL,수준,mt
GUITRANS|Level,Level,수준,mt
GUITRANS|Line of Sight,Line of Sight,시야,mt
GUITRANS|List Options,List Options,목록 옵션,mt
GUITRANS|Literacy,Literacy,문해율,mt
GUITRANS|Load All Units onto Selected Transport Units,Load All Units onto Selected Transport Units,선택 수송 유닛에 유닛 모두 적재,mt
GUITRANS|Load Entire Missile Group,Load Entire Missile Group,미사일 그룹 전체 적재,mt
GUITRANS|LOAD GAME,LOAD GAME,게임 불러오기,mt
GUITRANS|Load Game,Load Game,게임 불러오기,mt
GUITRANS|Load Government Profile,Load Government Profile,정부 프로필 불러오기,mt
GUITRANS|LOAD INTO:,LOAD INTO:,적재 대상:,mt
GUITRANS|Load Missiles to Match Roles,Load Missiles to Match Roles,역할별 미사일 적재,mt
GUITRANS|Load Profile,Load Profile,프로필 불러오기,mt
GUITRANS|Load Selected Political Setting,Load Selected Political Setting,선택 정치 설정 불러오기,mt
GUITRANS|Load Selected Political Settings,Load Selected Political Settings,선택 정치 설정 불러오기,mt
GUITRANS|Load Selected Profile,Load Selected Profile,선택 프로필 불러오기,mt
GUITRANS|Load Single Missile,Load Single Missile,미사일 단발 적재,mt
GUITRANS|Load Single Missile from Group,Load Single Missile from Group,그룹에서 미사일 단발 적재,mt
GUITRANS|Load Unit onto Selected Transport Unit(s),Load Unit onto Selected Transport Unit(s),선택 수송 유닛에 유닛 적재,mt
GUITRANS|Loading Game,Loading Game,게임 불러오는 중,mt
GUITRANS|Loan Principal,Loan Principal,대출 원금,mt
GUITRANS|Loan Repayment,Loan Repayment,대출 상환,mt
GUITRANS|LOCATION,LOCATION,위치,mt
GUITRANS|LOCATION DETAIL,LOCATION DETAIL,위치 상세,mt
GUITRANS|Location Facility Limit,Location Facility Limit,위치별 시설 한도,mt
GUITRANS|Location Name,Location Name,위치 이름,mt
GUITRANS|Lock Minister from Arranging Offers,Lock Minister from Arranging Offers,장관의 제안 주선 잠금,mt
GUITRANS|Lock Minister from Military Spending,Lock Minister from Military Spending,장관의 군사 지출 잠금,mt
GUITRANS|Lock Minister from Satellites,Lock Minister from Satellites,장관의 위성 관리 잠금,mt
GUITRANS|Lock Minister from Taxation,Lock Minister from Taxation,장관의 세금 관리 잠금,mt
GUITRANS|Lock Minister from Unit Research,Lock Minister from Unit Research,장관의 유닛 연구 잠금,mt
GUITRANS|Lock Defense Minister Control of Selected Units,Lock Defense Minister Control of Selected Units,선택 유닛의 국방 장관 통제 잠금,mt
GUITRANS|Lock Departments,Lock Departments,부서 잠금,mt
GUITRANS|Lock Departments From Minister Control,Lock Departments From Minister Control,장관의 부서 통제 잠금,mt
GUITRANS|Lock Map,Lock Map,지도 잠금,mt
GUITRANS|Lock Minister from Bonds,Lock Minister from Bonds,장관의 채권 관리 잠금,mt
GUITRANS|Lock Minister from Espionage,Lock Minister from Espionage,장관의 첩보 관리 잠금,mt
GUITRANS|Lock Minister from Research Spending,Lock Minister from Research Spending,장관의 연구 지출 잠금,mt
GUITRANS|Lock Minister from Social Spending,Lock Minister from Social Spending,장관의 사회 지출 잠금,mt
GUITRANS|Lock Minister from Tech Research,Lock Minister from Tech Research,장관의 기술 연구 잠금,mt
GUITRANS|Lock Region,Lock Region,지역 잠금,mt
GUITRANS|Locked from Minister Control,Locked from Minister Control,장관 통제 잠김,mt
GUITRANS|Loss Tolerance,Loss Tolerance,손실 허용도,mt
GUITRANS|Low,Low,낮음,mt
GUITRANS|LOYALTY,LOYALTY,충성도,mt
GUITRANS|Loyalty,Loyalty,충성도,mt
GUITRANS|Loyalty Filter Off,Loyalty Filter Off,충성도 필터 꺼짐,mt
GUITRANS|Loyalty Filter On,Loyalty Filter On,충성도 필터 켜짐,mt
GUITRANS|Maintenance,Maintenance,유지,mt
GUITRANS|MAINTENANCE AND TRAINING,MAINTENANCE AND TRAINING,유지 및 훈련,mt
GUITRANS|MAINTENANCE COST,MAINTENANCE COST,유지 비용,mt
GUITRANS|Make all units build in one day.,Make all units build in one day.,모든 유닛을 하루 만에 생산합니다.,mt
GUITRANS|Make Capital,Make Capital,수도로 지정,mt
GUITRANS|Manually Build Production,Manually Build Production,생산 수동 건설,mt
GUITRANS|Manually Target Missile on Map,Manually Target Missile on Map,지도에서 미사일 수동 조준,mt
GUITRANS|MANUFACTURING COST,MANUFACTURING COST,제조 비용,mt
GUITRANS|MANUFACTURING DETAILS,MANUFACTURING DETAILS,제조 상세,mt
GUITRANS|MAP COLOR: ACTIVE PATH LINES,MAP COLOR: ACTIVE PATH LINES,지도 색상: 활성 경로선,mt
GUITRANS|Map Color: Close Combat,Map Color: Close Combat,지도 색상: 근접전,mt
GUITRANS|Map Color: Defensive Bonus,Map Color: Defensive Bonus,지도 색상: 방어 보너스,mt
GUITRANS|Map Color: Existing Facilities,Map Color: Existing Facilities,지도 색상: 기존 시설,mt
GUITRANS|Map Color: High Ground,Map Color: High Ground,지도 색상: 고지대,mt
GUITRANS|Map Color: Production,Map Color: Production,지도 색상: 생산,mt
GUITRANS|MAP COLOR: RELATIONS,MAP COLOR: RELATIONS,지도 색상: 관계,mt
GUITRANS|MAP COLOR: SET PATH LINES,MAP COLOR: SET PATH LINES,지도 색상: 설정 경로선,mt
GUITRANS|Map Grid Overlay,Map Grid Overlay,지도 격자 오버레이,mt
GUITRANS|Map Line of Sight,Map Line of Sight,지도 시야,mt
GUITRANS|Map Loyalty Overlay,Map Loyalty Overlay,지도 충성도 오버레이,mt
GUITRANS|Map Ownership Overlay,Map Ownership Overlay,지도 소유 오버레이,mt
GUITRANS|Map Scroll Speed,Map Scroll Speed,지도 스크롤 속도,mt
GUITRANS|Map Supply Overlay,Map Supply Overlay,지도 보급 오버레이,mt
GUITRANS|MAP TOOLS,MAP TOOLS,지도 도구,mt
GUITRANS|MAP:,MAP:,지도:,mt
GUITRANS|Mark for Sale,Mark for Sale,판매 표시,mt
GUITRANS|Mark Missiles for Sale,Mark Missiles for Sale,미사일 판매 표시,mt
GUITRANS|Mark Priority Active,Mark Priority Active,우선순위 활성 표시,mt
GUITRANS|Mark Priority Inactive,Mark Priority Inactive,우선순위 비활성 표시,mt
GUITRANS|Market Availability,Market Availability,시장 공급 가능량,mt
GUITRANS|MARKET CONDITIONS,MARKET CONDITIONS,시장 상황,mt
GUITRANS|Market Price,Market Price,시장 가격,mt
GUITRANS|Max $,Max $,최대 $,mt
GUITRANS|MAX $,MAX $,최대 $,mt
GUITRANS|Max Allow:,Max Allow:,최대 허용:,mt
GUITRANS|MAX COMBAT TIME,MAX COMBAT TIME,최대 교전 시간,mt
GUITRANS|Combat Time,Combat Time,교전 시간,mt
GUITRANS|Max Eff.:,Max Eff.:,최대 효율:,mt
GUITRANS|Max Missile Size,Max Missile Size,최대 미사일 크기,mt
GUITRANS|Max Possible Output,Max Possible Output,최대 가능 산출량,mt
GUITRANS|MAX PRICE,MAX PRICE,최고 가격,mt
GUITRANS|Maximum Missile Size,Maximum Missile Size,최대 미사일 크기,mt
GUITRANS|Medium,Medium,중간,mt
GUITRANS|MEMBER,MEMBER,회원국,mt
GUITRANS|Member Regions,Member Regions,회원 지역,mt
GUITRANS|MEMBERSHIP,MEMBERSHIP,회원 자격,mt
GUITRANS|Message Recipients,Message Recipients,메시지 수신자,mt
GUITRANS|Migrate Host to Player,Migrate Host to Player,호스트를 플레이어에게 이전,mt
GUITRANS|Military,Military,군사,mt
GUITRANS|Military Approval Rating,Military Approval Rating,군 지지율,mt
GUITRANS|Military Assistance Requested,Military Assistance Requested,군사 지원 요청됨,mt
GUITRANS|Military Difficulty,Military Difficulty,군사 난이도,mt
GUITRANS|Military Filter,Military Filter,군사 필터,mt
GUITRANS|Military Goods,Military Goods,군수품,mt
GUITRANS|Military Goods Needed,Military Goods Needed,필요 군수품,mt
GUITRANS|Military Information,Military Information,군사 정보,mt
GUITRANS|MILITARY INITIATIVE,MILITARY INITIATIVE,군 재량권,mt
GUITRANS|Military Initiative for Air Units,Military Initiative for Air Units,공군 유닛 재량권,mt
GUITRANS|Military Initiative for Land Units,Military Initiative for Land Units,육군 유닛 재량권,mt
GUITRANS|Military Initiative for Naval Units,Military Initiative for Naval Units,해군 유닛 재량권,mt
GUITRANS|MILITARY SALARIES,MILITARY SALARIES,군 급여,mt
GUITRANS|Military Settings,Military Settings,군사 설정,mt
GUITRANS|MILITARY SETTINGS,MILITARY SETTINGS,군사 설정,mt
GUITRANS|Military Staff,Military Staff,군 인력,mt
GUITRANS|MILITARY UNITS,MILITARY UNITS,군사 유닛,mt
GUITRANS|Min $ /U,Min $ /U,최소 $ /유닛,mt
GUITRANS|Minimap,Minimap,미니맵,mt
GUITRANS|Minister Allowed Product Controls,Minister Allowed Product Controls,장관 제품 제어 허용,mt
GUITRANS|Minister Assessment,Minister Assessment,장관 평가,mt
GUITRANS|Minister Details / Replace Minister,Minister Details / Replace Minister,장관 상세 / 장관 교체,mt
GUITRANS|Minister has Launch Authority,Minister has Launch Authority,장관에게 발사 권한 있음,mt
GUITRANS|Minister Locked from Product Controls,Minister Locked from Product Controls,장관 제품 제어 잠김,mt
GUITRANS|Minister Selected Build/Scrap Location Are Off,Minister Selected Build/Scrap Location Are Off,장관 지정 건설/폐기 위치 꺼짐,mt
GUITRANS|Minister Selected Build/Scrap Locations Are On,Minister Selected Build/Scrap Locations Are On,장관 지정 건설/폐기 위치 켜짐,mt
GUITRANS|Missed Construction,Missed Construction,건설 누락,mt
GUITRANS|Missed Repayments,Missed Repayments,상환 누락,mt
GUITRANS|Missed Research,Missed Research,연구 누락,mt
GUITRANS|Missed Unit Prod,Missed Unit Prod,유닛 생산 누락,mt
GUITRANS|Missile,Missile,미사일,mt
GUITRANS|Missile Autobuild is Active,Missile Autobuild is Active,미사일 자동 생산 켜짐,mt
GUITRANS|Missile Autobuild is Inactive,Missile Autobuild is Inactive,미사일 자동 생산 꺼짐,mt
GUITRANS|Missile Capacity,Missile Capacity,미사일 용량,mt
GUITRANS|MISSILE DEFENSE,MISSILE DEFENSE,미사일 방어,mt
GUITRANS|MISSILE DESIGNS,MISSILE DESIGNS,미사일 설계,mt
GUITRANS|MISSILE FABRICATION,MISSILE FABRICATION,미사일 제조창,mt
GUITRANS|MISSILE POINTS,MISSILE POINTS,미사일 포인트,mt
GUITRANS|Missile Storage Limit,Missile Storage Limit,미사일 보관 한도,mt
GUITRANS|MISSILES,MISSILES,미사일,mt
GUITRANS|Missiles,Missiles,미사일,mt
GUITRANS|Missiles Loaded,Missiles Loaded,적재된 미사일,mt
GUITRANS|Mission,Mission,임무,mt
GUITRANS|Mission Control,Mission Control,임무 통제,mt
GUITRANS|Mission Cost,Mission Cost,임무 비용,mt
GUITRANS|Missions,Missions,임무,mt
GUITRANS|Mixed,Mixed,혼합,mt
GUITRANS|Moderate,Moderate,보통,mt
GUITRANS|Modify Details,Modify Details,상세 수정,mt
GUITRANS|Modify List Selection,Modify List Selection,목록 선택 수정,mt
GUITRANS|MODIFY TARGET DIRECTIVES,MODIFY TARGET DIRECTIVES,표적 지침 수정,mt
GUITRANS|Morale,Morale,사기,mt
GUITRANS|Mouse Click Speed,Mouse Click Speed,마우스 클릭 속도,mt
GUITRANS|Mouse Cursor,Mouse Cursor,마우스 커서,mt
GUITRANS|Move Hotspot,Move Hotspot,핫스팟 이동,mt
GUITRANS|Move Hotspot and Units to New Location,Move Hotspot and Units to New Location,핫스팟과 유닛을 새 위치로 이동,mt
GUITRANS|Move Hotspot Location,Move Hotspot Location,핫스팟 위치 이동,mt
GUITRANS|Move Hotspot?,Move Hotspot?,핫스팟을 이동할까요?,mt
GUITRANS|Move Offensive Target Location,Move Offensive Target Location,공격 표적 위치 이동,mt
GUITRANS|Move on Target Upon War Declaration,Move on Target Upon War Declaration,선전포고 시 표적으로 이동,mt
GUITRANS|Move Target Location and Direction,Move Target Location and Direction,표적 위치·방향 이동,mt
GUITRANS|Move Type,Move Type,이동 방식,mt
GUITRANS|MOVEMENT OPTIONS,MOVEMENT OPTIONS,이동 옵션,mt
GUITRANS|Movement Type,Movement Type,이동 방식,mt
GUITRANS|Multiplayer Speed Controls,Multiplayer Speed Controls,멀티플레이 속도 조절,mt
GUITRANS|Music Volume,Music Volume,음악 음량,mt
GUITRANS|Must be a U.N. Member State to Sign Treaties,Must be a U.N. Member State to Sign Treaties,조약 서명은 유엔 회원국만 가능합니다,mt
GUITRANS|Mute Music,Mute Music,음악 끄기,mt
GUITRANS|Mute Sound,Mute Sound,소리 끄기,mt
GUITRANS|NAME,NAME,이름,mt
GUITRANS|NAVAL,NAVAL,해군,mt
GUITRANS|Naval,Naval,해군,mt
GUITRANS|Naval Autobuild is Active,Naval Autobuild is Active,해군 자동 생산 켜짐,mt
GUITRANS|Naval Autobuild is Inactive,Naval Autobuild is Inactive,해군 자동 생산 꺼짐,mt
GUITRANS|Naval Reserves,Naval Reserves,해군 예비 전력,mt
GUITRANS|Naval Units,Naval Units,해군 유닛,mt
GUITRANS|Neutrals,Neutrals,중립국,mt
GUITRANS|NEW,NEW,신규,mt
GUITRANS|NEW ANNUAL INVESTMENT,NEW ANNUAL INVESTMENT,신규 연간 투자,mt
GUITRANS|New Bonds,New Bonds,신규 채권,mt
GUITRANS|NEW DAILY INVESTMENT,NEW DAILY INVESTMENT,신규 일일 투자,mt
GUITRANS|New Host,New Host,새 호스트,mt
GUITRANS|NEW MESSAGE,NEW MESSAGE,새 메시지,mt
GUITRANS|New Message,New Message,새 메시지,mt
GUITRANS|New Regional News at Top of List,New Regional News at Top of List,새 지역 뉴스를 목록 맨 위에,mt
GUITRANS|NEW TAX RATE,NEW TAX RATE,신규 세율,mt
GUITRANS|News Font Style,News Font Style,뉴스 글꼴 스타일,mt
GUITRANS|NEWS PREVIEW,NEWS PREVIEW,뉴스 미리보기,mt
GUITRANS|News Sounds,News Sounds,뉴스 효과음,mt
GUITRANS|Next Complex,Next Complex,다음 단지,mt
GUITRANS|Next Election,Next Election,다음 선거,mt
GUITRANS|Next Facility,Next Facility,다음 시설,mt
GUITRANS|Next Issue #,Next Issue #,다음 발행 #,mt
GUITRANS|Next Page,Next Page,다음 페이지,mt
GUITRANS|Next Region,Next Region,다음 지역,mt
GUITRANS|NO,NO,아니오,mt
GUITRANS|No Active Facilities,No Active Facilities,가동 중인 시설 없음,mt
GUITRANS|No Border,No Border,국경 없음,mt
GUITRANS|No Build Slots for Branch Selected,No Build Slots for Branch Selected,선택 부문에 생산 칸 없음,mt
GUITRANS|No Completed Facilities,No Completed Facilities,완공된 시설 없음,mt
GUITRANS|No End Date,No End Date,종료일 없음,mt
GUITRANS|No end date selected.,No end date selected.,종료일이 선택되지 않았습니다.,mt
GUITRANS|No Facilities Exist,No Facilities Exist,시설 없음,mt
GUITRANS|No Longer Receive This Topic,No Longer Receive This Topic,이 주제 수신 중단,mt
GUITRANS|No Missiles Available,No Missiles Available,사용 가능한 미사일 없음,mt
GUITRANS|No Missiles Selected,No Missiles Selected,선택된 미사일 없음,mt
GUITRANS|No Opportunity Fire - Attack Only Selected Targets,No Opportunity Fire - Attack Only Selected Targets,기회 사격 금지 - 선택 표적만 공격,mt
GUITRANS|No Reserve Spies Available,No Reserve Spies Available,대기 중인 첩보원 없음,mt
GUITRANS|No Reserves at Base,No Reserves at Base,기지에 예비 전력 없음,mt
GUITRANS|No Satellite Selected,No Satellite Selected,선택된 위성 없음,mt
GUITRANS|No Saved Profiles Exist,No Saved Profiles Exist,저장된 프로필 없음,mt
GUITRANS|No Spy Academies,No Spy Academies,첩보 학교 없음,mt
GUITRANS|No Spy Selected,No Spy Selected,선택된 첩보원 없음,mt
GUITRANS|No Targeted Missiles Set to Launch,No Targeted Missiles Set to Launch,발사 설정된 표적 지정 미사일 없음,mt
GUITRANS|No Unit Selected,No Unit Selected,선택된 유닛 없음,mt
GUITRANS|No Units to Deploy,No Units to Deploy,배치할 유닛 없음,mt
GUITRANS|NODE PIC,NODE PIC,,
GUITRANS|None,None,없음,mt
GUITRANS|NONE,NONE,없음,mt
GUITRANS|NON-MEMBER,NON-MEMBER,비회원국,mt
GUITRANS|Non-Tradable,Non-Tradable,거래 불가,mt
GUITRANS|Non-Tradable Tech,Non-Tradable Tech,거래 불가 기술,mt
GUITRANS|Non-Tradable Technology,Non-Tradable Technology,거래 불가 기술,mt
GUITRANS|Not Able to Build,Not Able to Build,건설 불가,mt
GUITRANS|Not Available,Not Available,사용 불가,mt
GUITRANS|Not in UN,Not in UN,유엔 비회원,mt
GUITRANS|Not Missile Capable,Not Missile Capable,미사일 운용 불가,mt
GUITRANS|NOTES:,NOTES:,메모:,mt
GUITRANS|Notify If Target Directives Completed,Notify If Target Directives Completed,표적 지침 완료 시 알림,mt
GUITRANS|Nuclear Delivery,Nuclear Delivery,핵 운반,mt
GUITRANS|Nuclear Warhead,Nuclear Warhead,핵탄두,mt
GUITRANS|Nuclear Weapon Penalties,Nuclear Weapon Penalties,핵무기 불이익,mt
GUITRANS|Nuclear Weapons not Permitted,Nuclear Weapons not Permitted,핵무기 사용 불가,mt
GUITRANS|Nuclear Weapons Permission is Off,Nuclear Weapons Permission is Off,핵무기 허가 꺼짐,mt
GUITRANS|Nuclear Weapons Permission is On,Nuclear Weapons Permission is On,핵무기 허가 켜짐,mt
GUITRANS|NVidia Driver Workaround,NVidia Driver Workaround,NVidia 드라이버 우회,mt
GUITRANS|Objects that can click-through to the map.,Objects that can click-through to the map.,지도로 클릭이 통과되는 개체입니다.,mt
GUITRANS|Obsolete,Obsolete,구형,mt
GUITRANS|Obsolete Design,Obsolete Design,구형 설계,mt
GUITRANS|OBSOLETE UNITS,OBSOLETE UNITS,구형 유닛,mt
GUITRANS|OF,OF,/,mt
GUITRANS|OFF,OFF,꺼짐,mt
GUITRANS|Offer / Request Through Diplomatic Offer,Offer / Request Through Diplomatic Offer,외교 제안으로 제안 / 요청,mt
GUITRANS|Offer Ceasefire,Offer Ceasefire,휴전 제안,mt
GUITRANS|OFFER EXPIRATION,OFFER EXPIRATION,제안 만료,mt
GUITRANS|Offer Peace,Offer Peace,평화 제안,mt
GUITRANS|OFFER VALUE,OFFER VALUE,제안 가치,mt
GUITRANS|Offered,Offered,제안됨,mt
GUITRANS|OK,OK,확인,mt
GUITRANS|On,On,켜짐,mt
GUITRANS|On Order,On Order,주문 중,mt
GUITRANS|Ongoing Treaties and Trades,Ongoing Treaties and Trades,진행 중인 조약 및 무역,mt
GUITRANS|Open Chat <Enter>,Open Chat <Enter>,채팅 열기 <Enter>,mt
GUITRANS|Open Chat and Player Controls,Open Chat and Player Controls,채팅·플레이어 제어 열기,mt
GUITRANS|Open Diplomacy with Player,Open Diplomacy with Player,플레이어와 외교 열기,mt
GUITRANS|Open History,Open History,기록 열기,mt
GUITRANS|Open Scorecard Centered on Player,Open Scorecard Centered on Player,플레이어 중심 점수표 열기,mt
GUITRANS|Open Selected EMail,Open Selected EMail,선택 이메일 열기,mt
GUITRANS|Open Selected Email,Open Selected Email,선택 이메일 열기,mt
GUITRANS|Operating Cost,Operating Cost,운영 비용,mt
GUITRANS|OPERATIONS EXPENSES,OPERATIONS EXPENSES,운영 지출,mt
GUITRANS|OPERATIONS FACILITIES,OPERATIONS FACILITIES,작전 시설,mt
GUITRANS|Option 1,Option 1,옵션 1,mt
GUITRANS|Option 2,Option 2,옵션 2,mt
GUITRANS|Option 3,Option 3,옵션 3,mt
GUITRANS|Option 4,Option 4,옵션 4,mt
GUITRANS|OPTIONS,OPTIONS,옵션,mt
GUITRANS|Options to End Hostilities,Options to End Hostilities,적대 행위 종결 옵션,mt
GUITRANS|ORDERS,ORDERS,명령,mt
GUITRANS|ORGANIZED DEFENSE GARRISONS,ORGANIZED DEFENSE GARRISONS,조직 방어 수비대,mt
GUITRANS|ORIGINS,ORIGINS,출신,mt
GUITRANS|Origins,Origins,출신,mt
GUITRANS|Outline Border of Selected Country,Outline Border of Selected Country,선택 국가 국경선 표시,mt
GUITRANS|Outline Border Of Selected Country,Outline Border Of Selected Country,선택 국가 국경선 표시,mt
GUITRANS|OUTPUT,OUTPUT,산출량,mt
GUITRANS|Output,Output,산출량,mt
GUITRANS|Output Log on Game Launch,Output Log on Game Launch,게임 시작 시 로그 출력,mt
GUITRANS|OVERALL TAX RATE,OVERALL TAX RATE,전체 세율,mt
GUITRANS|Overall Tax Rate,Overall Tax Rate,전체 세율,mt
GUITRANS|OVERVIEW,OVERVIEW,개요,mt
GUITRANS|Owner,Owner,소유자,mt
GUITRANS|Page 1,Page 1,페이지 1,mt
GUITRANS|Page 2,Page 2,페이지 2,mt
GUITRANS|Page 3,Page 3,페이지 3,mt
GUITRANS|Page 4,Page 4,페이지 4,mt
GUITRANS|Page 5,Page 5,페이지 5,mt
GUITRANS|Password,Password,비밀번호,mt
GUITRANS|Path Around,Path Around,우회 경로,mt
GUITRANS|Path Around Region Even if Transit Allowed,Path Around Region Even if Transit Allowed,통행이 허용돼도 지역 우회,mt
GUITRANS|Path into Enemy Territory,Path into Enemy Territory,적 영토 진입 경로,mt
GUITRANS|Path into Territories with Transit Treaties,Path into Territories with Transit Treaties,통행 조약 영토 진입 경로,mt
GUITRANS|Path into Territories without Transit Treaties,Path into Territories without Transit Treaties,통행 조약 없는 영토 진입 경로,mt
GUITRANS|Pause,Pause,일시 정지,mt
GUITRANS|Pause Construction,Pause Construction,건설 일시 정지,mt
GUITRANS|Pause on Event,Pause on Event,사건 시 일시 정지,mt
GUITRANS|Pause on Events,Pause on Events,사건 시 일시 정지,mt
GUITRANS|Pause Research,Pause Research,연구 일시 정지,mt
GUITRANS|PAYLOAD,PAYLOAD,탑재량,mt
GUITRANS|Payments,Payments,지불,mt
GUITRANS|Pending Launches,Pending Launches,발사 대기,mt
GUITRANS|Per Payment Value,Per Payment Value,회당 지불액,mt
GUITRANS|PER UNIT,PER UNIT,유닛당,mt
GUITRANS|PERMITTED UNIT PATHING,PERMITTED UNIT PATHING,허용 유닛 경로,mt
GUITRANS|Personnel,Personnel,인원,mt
GUITRANS|Place Containers and Components,Place Containers and Components,컨테이너·부품 배치,mt
GUITRANS|Platform Empty,Platform Empty,플랫폼 비어 있음,mt
GUITRANS|Platform Fully Loaded,Platform Fully Loaded,플랫폼 가득 적재,mt
GUITRANS|Play On,Play On,계속 진행,mt
GUITRANS|Player,Player,플레이어,mt
GUITRANS|Player Allowed to Send Me Chats,Player Allowed to Send Me Chats,플레이어의 채팅 수신 허용,mt
GUITRANS|Player Allowed to Send Me Email,Player Allowed to Send Me Email,플레이어의 이메일 수신 허용,mt
GUITRANS|PLAYER DETAILS,PLAYER DETAILS,플레이어 상세,mt
GUITRANS|Player is Game Host,Player is Game Host,게임 호스트,mt
GUITRANS|PLAYER NAME,PLAYER NAME,플레이어 이름,mt
GUITRANS|Player Name,Player Name,플레이어 이름,mt
GUITRANS|Player Name:,Player Name:,플레이어 이름:,mt
GUITRANS|Player Ping,Player Ping,플레이어 핑,mt
GUITRANS|Player Wins,Player Wins,플레이어 승리,mt
GUITRANS|POLITIC,POLITIC,정치,mt
GUITRANS|Political Leaning,Political Leaning,정치 성향,mt
GUITRANS|Political Leanings,Political Leanings,정치 성향,mt
GUITRANS|Political Settings,Political Settings,정치 설정,mt
GUITRANS|Population,Population,인구,mt
GUITRANS|POPULATION,POPULATION,인구,mt
GUITRANS|Potential,Potential,잠재력,mt
GUITRANS|Preparedness,Preparedness,대비 태세,mt
GUITRANS|PREREQUISITE TECHNOLOGY PROJECTS,PREREQUISITE TECHNOLOGY PROJECTS,선행 기술 과제,mt
GUITRANS|Prerequisites,Prerequisites,선행 조건,mt
GUITRANS|Previous Complex,Previous Complex,이전 단지,mt
GUITRANS|PREVIOUS DAY,PREVIOUS DAY,전일,mt
GUITRANS|Previous Day Trade,Previous Day Trade,전일 무역,mt
GUITRANS|Previous Page,Previous Page,이전 페이지,mt
GUITRANS|Previous Region,Previous Region,이전 지역,mt
GUITRANS|Price to Build,Price to Build,건설 가격,mt
GUITRANS|Priorities,Priorities,우선순위,mt
GUITRANS|Priorities - assign/ remove,Priorities - assign/ remove,우선순위 - 지정/ 해제,mt
GUITRANS|PRIORITY,PRIORITY,우선순위,mt
GUITRANS|Priority,Priority,우선순위,mt
GUITRANS|PRIORITY TARGETS,PRIORITY TARGETS,우선 표적,mt
GUITRANS|PRO,PRO,,
GUITRANS|Production,Production,생산,mt
GUITRANS|PRODUCTION,PRODUCTION,생산,mt
GUITRANS|Production Capacity,Production Capacity,생산 능력,mt
GUITRANS|Production Cost,Production Cost,생산 비용,mt
GUITRANS|Production Used vs. Available,Production Used vs. Available,생산 사용량 대 가용량,mt
GUITRANS|Project Development,Project Development,과제 개발,mt
GUITRANS|PROJECT EFFECTS,PROJECT EFFECTS,과제 효과,mt
GUITRANS|Project Queue,Project Queue,과제 대기열,mt
GUITRANS|Projected Annual Trade,Projected Annual Trade,연간 무역 전망,mt
GUITRANS|Projected Daily Trade,Projected Daily Trade,일일 무역 전망,mt
GUITRANS|PROJECTS,PROJECTS,과제,mt
GUITRANS|Provide Max Satellite Coverage,Provide Max Satellite Coverage,위성 최대 범위 제공,mt
GUITRANS|Provides,Provides,제공,mt
GUITRANS|PROVIDING TO,PROVIDING TO,제공 대상,mt
GUITRANS|PROXIMITY UNITS,PROXIMITY UNITS,인접 유닛,mt
GUITRANS|Public Opinion of Project,Public Opinion of Project,과제에 대한 여론,mt
GUITRANS|Put a Facility Offline,Put a Facility Offline,시설 가동 중지,mt
GUITRANS|Quality Rating,Quality Rating,품질 등급,mt
GUITRANS|QUEUE,QUEUE,대기열,mt
GUITRANS|Queue,Queue,대기열,mt
GUITRANS|Queue is Empty,Queue is Empty,대기열 비어 있음,mt
GUITRANS|QUIT,QUIT,종료,mt
GUITRANS|Quit,Quit,종료,mt
GUITRANS|Quit to Main Menu,Quit to Main Menu,주 메뉴로 나가기,mt
GUITRANS|RAILS,RAILS,철도,mt
GUITRANS|Rally Point,Rally Point,집결지,mt
GUITRANS|Random Regions,Random Regions,무작위 지역,mt
GUITRANS|Rate,Rate,비율,mt
GUITRANS|Rate of Subsidy,Rate of Subsidy,보조금 비율,mt
GUITRANS|RAW MATERIALS USE,RAW MATERIALS USE,원자재 사용,mt
GUITRANS|Reaction Time,Reaction Time,반응 시간,mt
GUITRANS|Ready,Ready,준비됨,mt
GUITRANS|Rebuild,Rebuild,재건,mt
GUITRANS|Rebuild All,Rebuild All,모두 재건,mt
GUITRANS|Recall Spy (Cancel Current Mission),Recall Spy (Cancel Current Mission),첩보원 소환 (현재 임무 취소),mt
GUITRANS|RECEIVING FROM,RECEIVING FROM,수령 대상,mt
GUITRANS|Recent Actions - X remove from list.,Recent Actions - X remove from list.,최근 행동 - X: 목록에서 제거,mt
GUITRANS|Recommend Less Techs,Recommend Less Techs,기술 권장 감소,mt
GUITRANS|Recommend Less Unit Designs,Recommend Less Unit Designs,유닛 설계 권장 감소,mt
GUITRANS|Recommend More Techs,Recommend More Techs,기술 권장 증가,mt
GUITRANS|Recommend More Unit Designs,Recommend More Unit Designs,유닛 설계 권장 증가,mt
GUITRANS|Recommended,Recommended,권장,mt
GUITRANS|Reduce Patrol Units,Reduce Patrol Units,순찰 유닛 감소,mt
GUITRANS|Reduce Tech Level By One,Reduce Tech Level By One,기술 수준 1 하락,mt
GUITRANS|Region,Region,지역,mt
GUITRANS|REGION NAME,REGION NAME,지역 이름,mt
GUITRANS|Region Name,Region Name,지역 이름,mt
GUITRANS|Region Name (Player Name),Region Name (Player Name),지역 이름 (플레이어 이름),mt
GUITRANS|Region Name/Player Name,Region Name/Player Name,지역 이름/플레이어 이름,mt
GUITRANS|Region Only,Region Only,지역만,mt
GUITRANS|REGIONAL INFORMATION,REGIONAL INFORMATION,지역 정보,mt
GUITRANS|Regional News Expires,Regional News Expires,지역 뉴스 보관 기간,mt
GUITRANS|Regional Treaty Integrity Ratings,Regional Treaty Integrity Ratings,지역별 조약 신뢰도,mt
GUITRANS|Regional UN Ratings,Regional UN Ratings,지역별 유엔 평가,mt
GUITRANS|REGIONALLY OWNED,REGIONALLY OWNED,지역 소유,mt
GUITRANS|REGIONS,REGIONS,지역,mt
GUITRANS|Regions,Regions,지역,mt
GUITRANS|Reinforce Closest Complex,Reinforce Closest Complex,가장 가까운 단지 증원,mt
GUITRANS|RELATED TECHNOLOGIES,RELATED TECHNOLOGIES,관련 기술,mt
GUITRANS|Relations,Relations,관계,mt
GUITRANS|Relationship,Relationship,관계,mt
GUITRANS|RELATIONSHIP,RELATIONSHIP,관계,mt
GUITRANS|Release for Production,Release for Production,생산 승인,mt
GUITRANS|Reload Save,Reload Save,저장 파일 다시 불러오기,mt
GUITRANS|RELOAD STYLES,RELOAD STYLES,스타일 다시 불러오기,mt
GUITRANS|Remain,Remain,잔여,mt
GUITRANS|Remove all Units from Construction in Queue,Remove all Units from Construction in Queue,대기열의 생산 중 유닛 모두 제거,mt
GUITRANS|Remove Garrison,Remove Garrison,수비대 제거,mt
GUITRANS|Remove Hotspot,Remove Hotspot,핫스팟 제거,mt
GUITRANS|Remove Hotspot and Reserve All Assigned Units,Remove Hotspot and Reserve All Assigned Units,핫스팟 제거 후 배정 유닛 모두 예비 전환,mt
GUITRANS|Remove Hotspot?,Remove Hotspot?,핫스팟을 제거할까요?,mt
GUITRANS|Remove Item from Queue,Remove Item from Queue,대기열에서 항목 제거,mt
GUITRANS|Remove Satellite from Order,Remove Satellite from Order,주문에서 위성 제거,mt
GUITRANS|Remove Selected Component,Remove Selected Component,선택 부품 제거,mt
GUITRANS|Remove Selected Hotspot,Remove Selected Hotspot,선택 핫스팟 제거,mt
GUITRANS|Remove Selected Item from Offer,Remove Selected Item from Offer,제안에서 선택 항목 제거,mt
GUITRANS|Remove Selected Unit,Remove Selected Unit,선택 유닛 제거,mt
GUITRANS|Remove Strategic Target,Remove Strategic Target,전략 표적 제거,mt
GUITRANS|Remove this Fabrication,Remove this Fabrication,이 제조창 제거,mt
GUITRANS|Remove Unit from Construction,Remove Unit from Construction,생산 중인 유닛 제거,mt
GUITRANS|Remove Unit from Hotspot,Remove Unit from Hotspot,핫스팟에서 유닛 제거,mt
GUITRANS|Remove Unit from Queue,Remove Unit from Queue,대기열에서 유닛 제거,mt
GUITRANS|Rename City,Rename City,도시 이름 변경,mt
GUITRANS|Rename Industry,Rename Industry,산업 이름 변경,mt
GUITRANS|Rename Location,Rename Location,위치 이름 변경,mt
GUITRANS|Rename Military,Rename Military,군 이름 변경,mt
GUITRANS|Rename Unit,Rename Unit,유닛 이름 변경,mt
GUITRANS|RENAME UNIT,RENAME UNIT,유닛 이름 변경,mt
GUITRANS|Replace Current Minister,Replace Current Minister,현 장관 교체,mt
GUITRANS|Replaced Design,Replaced Design,대체된 설계,mt
GUITRANS|Reply to All,Reply to All,전체 회신,mt
GUITRANS|Reply to Selected Message,Reply to Selected Message,선택 메시지에 회신,mt
GUITRANS|Repurchase Bonds,Repurchase Bonds,채권 환매,mt
GUITRANS|Request Commodity Assistance,Request Commodity Assistance,품목 지원 요청,mt
GUITRANS|Request Financial Aid,Request Financial Aid,재정 지원 요청,mt
GUITRANS|Request Military Assistance,Request Military Assistance,군사 지원 요청,mt
GUITRANS|Request Technological Advances,Request Technological Advances,기술 진보 요청,mt
GUITRANS|Requested,Requested,요청됨,mt
GUITRANS|Required Tech Level,Required Tech Level,필요 기술 수준,mt
GUITRANS|REQUIRED TECHNOLOGIES,REQUIRED TECHNOLOGIES,필요 기술,mt
GUITRANS|Research,Research,연구,mt
GUITRANS|Research Cost,Research Cost,연구 비용,mt
GUITRANS|Research Efficiency,Research Efficiency,연구 효율,mt
GUITRANS|Research Queue,Research Queue,연구 대기열,mt
GUITRANS|Research Required,Research Required,연구 필요,mt
GUITRANS|Research Required to Build a Launch Pad,Research Required to Build a Launch Pad,발사대 건설에 연구 필요,mt
GUITRANS|Research Time Estimate,Research Time Estimate,예상 연구 시간,mt
GUITRANS|Reserve Stock (Full bar equals one year of reserves),Reserve Stock (Full bar equals one year of reserves),비축량 (막대 가득 = 1년치 비축),mt
GUITRANS|Reserves,Reserves,예비 전력,mt
GUITRANS|Reset All Settings,Reset All Settings,모든 설정 초기화,mt
GUITRANS|Reset Container Properties,Reset Container Properties,컨테이너 속성 초기화,mt
GUITRANS|Reset Unit Name,Reset Unit Name,유닛 이름 초기화,mt
GUITRANS|Resolve Game Now and Declare a Winner,Resolve Game Now and Declare a Winner,게임을 지금 마무리하고 승자 선언,mt
GUITRANS|RESOURCES,RESOURCES,자원,mt
GUITRANS|Resources,Resources,자원,mt
GUITRANS|Restrict Research Trades to Tech Level,Restrict Research Trades to Tech Level,연구 거래를 기술 수준으로 제한,mt
GUITRANS|Resume Construction,Resume Construction,건설 재개,mt
GUITRANS|Resume Research,Resume Research,연구 재개,mt
GUITRANS|Return to Diplomatic Offer,Return to Diplomatic Offer,외교 제안으로 돌아가기,mt
GUITRANS|Return to In-Game Menu,Return to In-Game Menu,게임 내 메뉴로 돌아가기,mt
GUITRANS|Return to Main Menu,Return to Main Menu,주 메뉴로 돌아가기,mt
GUITRANS|Return to Menu,Return to Menu,메뉴로 돌아가기,mt
GUITRANS|Return to Queue,Return to Queue,대기열로 돌아가기,mt
GUITRANS|Reverse Map Drag Direction,Reverse Map Drag Direction,지도 끌기 방향 반전,mt
GUITRANS|Reverse Mouse Button Selection Action,Reverse Mouse Button Selection Action,마우스 버튼 선택 동작 반전,mt
GUITRANS|Reverse Scroll Wheel Direction,Reverse Scroll Wheel Direction,휠 스크롤 방향 반전,mt
GUITRANS|Review Espionage,Review Espionage,첩보 검토,mt
GUITRANS|Review Production Department,Review Production Department,생산 부서 검토,mt
GUITRANS|Review Research,Review Research,연구 검토,mt
GUITRANS|Review Reserves,Review Reserves,예비 전력 검토,mt
GUITRANS|Review Satellites,Review Satellites,위성 검토,mt
GUITRANS|Review Scorecard,Review Scorecard,점수표 검토,mt
GUITRANS|Review Strategic Targets,Review Strategic Targets,전략 표적 검토,mt
GUITRANS|Review Treasury Department,Review Treasury Department,국고 부서 검토,mt
GUITRANS|Review Unit Production,Review Unit Production,유닛 생산 검토,mt
GUITRANS|ROADS,ROADS,도로,mt
GUITRANS|Route,Route,경로,mt
GUITRANS|Ruler List,Ruler List,지도자 목록,mt
GUITRANS|Run Game In Windowed Mode,Run Game In Windowed Mode,창 모드로 실행,mt
GUITRANS|satellite,satellite,위성,mt
GUITRANS|Satellite Construction,Satellite Construction,위성 건조,mt
GUITRANS|Satellite Imagery Cut Off Point,Satellite Imagery Cut Off Point,위성 영상 표시 한계점,mt
GUITRANS|Satellite Imagery Resolution,Satellite Imagery Resolution,위성 영상 해상도,mt
GUITRANS|SAVE,SAVE,저장,mt
GUITRANS|Save,Save,저장,mt
GUITRANS|Save Current Political Settings,Save Current Political Settings,현재 정치 설정 저장,mt
GUITRANS|Save Date,Save Date,저장 날짜,mt
GUITRANS|Save Game,Save Game,게임 저장,mt
GUITRANS|Save Game Location,Save Game Location,저장 파일 위치,mt
GUITRANS|Save Game Root Location,Save Game Root Location,저장 파일 루트 위치,mt
GUITRANS|Save Government Profile,Save Government Profile,정부 프로필 저장,mt
GUITRANS|Save Land Tag,Save Land Tag,국토 태그 저장,mt
GUITRANS|Save Map,Save Map,지도 저장,mt
GUITRANS|Save Profile,Save Profile,프로필 저장,mt
GUITRANS|Save Selected Profile,Save Selected Profile,선택 프로필 저장,mt
GUITRANS|Saved,Saved,저장됨,mt
GUITRANS|SAVED GAMES,SAVED GAMES,저장 파일,mt
GUITRANS|SCENARIO,SCENARIO,시나리오,mt
GUITRANS|Scenario,Scenario,시나리오,mt
GUITRANS|Scenario Name,Scenario Name,시나리오 이름,mt
GUITRANS|SCENARIO SETTINGS,SCENARIO SETTINGS,시나리오 설정,mt
GUITRANS|Scenario Settings,Scenario Settings,시나리오 설정,mt
GUITRANS|Scenarios and Regions,Scenarios and Regions,시나리오 및 지역,mt
GUITRANS|Scorch Civilian Facilities when Lost,Scorch Civilian Facilities when Lost,상실 시 민간 시설 소각,mt
GUITRANS|Scorch Industrial Facilities when Lost,Scorch Industrial Facilities when Lost,상실 시 산업 시설 소각,mt
GUITRANS|Scorch Military Facilities when Lost,Scorch Military Facilities when Lost,상실 시 군사 시설 소각,mt
GUITRANS|SCORCHED EARTH,SCORCHED EARTH,초토화,mt
GUITRANS|Score Card,Score Card,점수표,mt
GUITRANS|SCRAP,SCRAP,폐기,mt
GUITRANS|Scrap,Scrap,폐기,mt
GUITRANS|Scrap a Facility,Scrap a Facility,시설 폐기,mt
GUITRANS|Scrap All,Scrap All,모두 폐기,mt
GUITRANS|Scrap Missiles,Scrap Missiles,미사일 폐기,mt
GUITRANS|SCRAP RAILS,SCRAP RAILS,철도 폐기,mt
GUITRANS|SCRAP ROADS,SCRAP ROADS,도로 폐기,mt
GUITRANS|Scrap Rails,Scrap Rails,철도 폐기,mt
GUITRANS|Scrap Roads,Scrap Roads,도로 폐기,mt
GUITRANS|Scrap Unit,Scrap Unit,유닛 폐기,mt
GUITRANS|Scrapping,Scrapping,폐기 중,mt
GUITRANS|Screen Resolution,Screen Resolution,화면 해상도,mt
GUITRANS|Scroll Wheel Zoom Rate,Scroll Wheel Zoom Rate,휠 확대/축소 속도,mt
GUITRANS|Seize control of you military to maintain your position.,Seize control of you military to maintain your position.,군을 장악하여 지위를 유지합니다.,mt
GUITRANS|Select a Design to Begin Research,Select a Design to Begin Research,연구를 시작할 설계 선택,mt
GUITRANS|Select a Mission and a Spy,Select a Mission and a Spy,임무와 첩보원 선택,mt
GUITRANS|Select a Technology to Begin Research,Select a Technology to Begin Research,연구를 시작할 기술 선택,mt
GUITRANS|Select a Unit to Open Trade,Select a Unit to Open Trade,무역을 열 유닛 선택,mt
GUITRANS|Select Air Units,Select Air Units,공군 유닛 선택,mt
GUITRANS|Select All Units,Select All Units,전체 유닛 선택,mt
GUITRANS|Select an Item to Add to Offer,Select an Item to Add to Offer,제안에 추가할 항목 선택,mt
GUITRANS|Select Construction to Cancel,Select Construction to Cancel,취소할 건설 선택,mt
GUITRANS|Select Government Type,Select Government Type,정부 형태 선택,mt
GUITRANS|Select Item to Cancel,Select Item to Cancel,취소할 항목 선택,mt
GUITRANS|Select Land Units,Select Land Units,육군 유닛 선택,mt
GUITRANS|Select Map Destination for Order,Select Map Destination for Order,명령 목적지를 지도에서 선택,mt
GUITRANS|SELECT MESSAGE RECIPIENTS,SELECT MESSAGE RECIPIENTS,메시지 수신자 선택,mt
GUITRANS|Select Message Recipients,Select Message Recipients,메시지 수신자 선택,mt
GUITRANS|Select Missile Design,Select Missile Design,미사일 설계 선택,mt
GUITRANS|Select Missile to Set Target,Select Missile to Set Target,표적 지정할 미사일 선택,mt
GUITRANS|Select Missile to Unload,Select Missile to Unload,하역할 미사일 선택,mt
GUITRANS|Select Missiles to Load,Select Missiles to Load,적재할 미사일 선택,mt
GUITRANS|Select Naval Units,Select Naval Units,해군 유닛 선택,mt
GUITRANS|Select Political Leaning,Select Political Leaning,정치 성향 선택,mt
GUITRANS|Select Profile,Select Profile,프로필 선택,mt
GUITRANS|Select Resource,Select Resource,자원 선택,mt
GUITRANS|SELECT SCENARIO,SELECT SCENARIO,시나리오 선택,mt
GUITRANS|Select Transportation End Point,Select Transportation End Point,수송로 종점 선택,mt
GUITRANS|Select Transportation Start Point,Select Transportation Start Point,수송로 시점 선택,mt
GUITRANS|Select Transportation to Scrap,Select Transportation to Scrap,폐기할 수송로 선택,mt
GUITRANS|Select Unit Design to Build,Select Unit Design to Build,생산할 유닛 설계 선택,mt
GUITRANS|Selected Cost/Unit,Selected Cost/Unit,선택 유닛당 비용,mt
GUITRANS|Selected Hex Terrain Type,Selected Hex Terrain Type,선택 헥스 지형 종류,mt
GUITRANS|SELECTED REGION,SELECTED REGION,선택 지역,mt
GUITRANS|Selling Conditions,Selling Conditions,판매 조건,mt
GUITRANS|Send Chat Message,Send Chat Message,채팅 메시지 보내기,mt
GUITRANS|Send Diplomatic Offer,Send Diplomatic Offer,외교 제안 보내기,mt
GUITRANS|Send Email (Human Players),Send Email (Human Players),이메일 보내기 (인간 플레이어),mt
GUITRANS|Send Email to Player,Send Email to Player,플레이어에게 이메일 보내기,mt
GUITRANS|Send for Repair,Send for Repair,수리 보내기,mt
GUITRANS|Send for Repairs,Send for Repairs,수리 보내기,mt
GUITRANS|Send Message,Send Message,메시지 보내기,mt
GUITRANS|Send Spy on Mission to Current Location,Send Spy on Mission to Current Location,현재 위치로 첩보원 임무 파견,mt
GUITRANS|Send to All,Send to All,전체에게 보내기,mt
GUITRANS|Send to Reserves,Send to Reserves,예비 전력으로 보내기,mt
GUITRANS|Send Unit for Repair,Send Unit for Repair,유닛 수리 보내기,mt
GUITRANS|Send Units to Reserve and Remove Hotspot,Send Units to Reserve and Remove Hotspot,유닛을 예비로 보내고 핫스팟 제거,mt
GUITRANS|Set AI Stance,Set AI Stance,AI 태세 설정,mt
GUITRANS|Set for United Nations Deliveries,Set for United Nations Deliveries,유엔 인도용으로 설정,mt
GUITRANS|Set Individual,Set Individual,개별 설정,mt
GUITRANS|Set Rally Point for Deployed Reserves,Set Rally Point for Deployed Reserves,배치 예비 전력 집결지 설정,mt
GUITRANS|SETTINGS,SETTINGS,설정,mt
GUITRANS|Show Allied Regions,Show Allied Regions,동맹 지역 표시,mt
GUITRANS|Show Allies on Map,Show Allies on Map,지도에 동맹국 표시,mt
GUITRANS|Show Alternate Name Format,Show Alternate Name Format,대체 이름 형식 표시,mt
GUITRANS|Show Distances in Hexes,Show Distances in Hexes,거리를 헥스로 표시,mt
GUITRANS|Show EMail Importance Above,Show EMail Importance Above,이 중요도 이상의 이메일 표시,mt
GUITRANS|Show EMail of Importance  Above,Show EMail of Importance  Above,이 중요도 이상의 이메일 표시,mt
GUITRANS|Show EMail of Importance Above,Show EMail of Importance Above,이 중요도 이상의 이메일 표시,mt
GUITRANS|Show Enemies on Map,Show Enemies on Map,지도에 적 표시,mt
GUITRANS|Show Excluded Units,Show Excluded Units,제외 유닛 표시,mt
GUITRANS|Show Extended Map Info,Show Extended Map Info,확장 지도 정보 표시,mt
GUITRANS|Show Grid Outside Line of Sight,Show Grid Outside Line of Sight,시야 밖 격자 표시,mt
GUITRANS|Show High Ground,Show High Ground,고지대 표시,mt
GUITRANS|Show in Filters / Lists - BLOCKS,Show in Filters / Lists - BLOCKS,필터 / 목록에 표시 - 블록,mt
GUITRANS|Show in Filters / Lists - MAPWIDE,Show in Filters / Lists - MAPWIDE,필터 / 목록에 표시 - 지도 전체,mt
GUITRANS|Show in Filters / Lists - REGIONS,Show in Filters / Lists - REGIONS,필터 / 목록에 표시 - 지역,mt
GUITRANS|Show Line of Sight,Show Line of Sight,시야 표시,mt
GUITRANS|Show Loyalty,Show Loyalty,충성도 표시,mt
GUITRANS|Show Map Grid,Show Map Grid,지도 격자 표시,mt
GUITRANS|Show Map Info on Empty Hex,Show Map Info on Empty Hex,빈 헥스에 지도 정보 표시,mt
GUITRANS|Show Map Info when Zoomed Out,Show Map Info when Zoomed Out,축소 시 지도 정보 표시,mt
GUITRANS|SHOW ME,SHOW ME,보여 주세요,mt
GUITRANS|Show Messages of Importance Above,Show Messages of Importance Above,이 중요도 이상의 메시지 표시,mt
GUITRANS|Show News Importance Above,Show News Importance Above,이 중요도 이상의 뉴스 표시,mt
GUITRANS|Show News of Importance Above,Show News of Importance Above,이 중요도 이상의 뉴스 표시,mt
GUITRANS|Show Next Tip,Show Next Tip,다음 팁 표시,mt
GUITRANS|Show Obsolete Units,Show Obsolete Units,구형 유닛 표시,mt
GUITRANS|Show Only Favorite Units,Show Only Favorite Units,즐겨찾는 유닛만 표시,mt
GUITRANS|Show Popup When Selecting Banding Units,Show Popup When Selecting Banding Units,묶음 유닛 선택 시 팝업 표시,mt
GUITRANS|Show Popup When Selecting Single Units,Show Popup When Selecting Single Units,단일 유닛 선택 시 팝업 표시,mt
GUITRANS|Show Popup When Selecting Unit Stacks,Show Popup When Selecting Unit Stacks,유닛 중첩 선택 시 팝업 표시,mt
GUITRANS|Show Previous Tip,Show Previous Tip,이전 팁 표시,mt
GUITRANS|Show Regions at War With Selected Region,Show Regions at War With Selected Region,선택 지역과 교전 중인 지역 표시,mt
GUITRANS|Show Replaced Units,Show Replaced Units,대체된 유닛 표시,mt
GUITRANS|Show Tip of the Day,Show Tip of the Day,오늘의 팁 표시,mt
GUITRANS|Show Tips at Start of Game,Show Tips at Start of Game,게임 시작 시 팁 표시,mt
GUITRANS|Show Unit Effects,Show Unit Effects,유닛 효과 표시,mt
GUITRANS|Show Units on Map,Show Units on Map,지도에 유닛 표시,mt
GUITRANS|Show Unit Hud Off Center,Show Unit Hud Off Center,유닛 HUD 중심 이탈 표시,mt
GUITRANS|Show Unit Hud with Strength Bars as Squad Size,Show Unit Hud with Strength Bars as Squad Size,유닛 HUD 전력 막대를 분대 규모로 표시,mt
GUITRANS|Show Unit Hud with Strength Bars in Player Color,Show Unit Hud with Strength Bars in Player Color,유닛 HUD 전력 막대를 플레이어 색으로 표시,mt
GUITRANS|Show Unit Hud with Strength Bars Stacked,Show Unit Hud with Strength Bars Stacked,유닛 HUD 전력 막대를 겹쳐서 표시,mt
GUITRANS|Show Unit Hud with Thin Strength Bars,Show Unit Hud with Thin Strength Bars,유닛 HUD 전력 막대를 얇게 표시,mt
GUITRANS|Show Unit Huds,Show Unit Huds,유닛 HUD 표시,mt
GUITRANS|Show Additional Unit Huds,Show Additional Unit Huds,추가 유닛 HUD 표시,mt
GUITRANS|Show Unit Path Lines on Map,Show Unit Path Lines on Map,지도에 유닛 경로선 표시,mt
GUITRANS|Show Unit Stats as Numbers,Show Unit Stats as Numbers,유닛 능력치를 숫자로 표시,mt
GUITRANS|SHOW WEATHER ON MAP,SHOW WEATHER ON MAP,지도에 날씨 표시,mt
GUITRANS|Showing Annual Figures,Showing Annual Figures,연간 수치 표시 중,mt
GUITRANS|Showing Daily Figures,Showing Daily Figures,일일 수치 표시 중,mt
GUITRANS|Sign the Selected Treaty,Sign the Selected Treaty,선택 조약 서명,mt
GUITRANS|SILO DEPLOYMENT,SILO DEPLOYMENT,사일로 배치,mt
GUITRANS|Silos,Silos,사일로,mt
GUITRANS|single hex,single hex,단일 헥스,mt
GUITRANS|Skirmish,Skirmish,소규모 교전,mt
GUITRANS|Skirmish Map,Skirmish Map,소규모 교전 지도,mt
GUITRANS|SLOW,SLOW,느림,mt
GUITRANS|Social Assistance,Social Assistance,사회 보장,mt
GUITRANS|Social Services,Social Services,사회 서비스,mt
GUITRANS|Social Spending,Social Spending,사회 지출,mt
GUITRANS|Soldiers / Garrison,Soldiers / Garrison,수비대당 병사,mt
GUITRANS|Solicit for Trade When Completed,Solicit for Trade When Completed,완료 시 무역 제안 요청,mt
GUITRANS|Sort By,Sort By,정렬 기준,mt
GUITRANS|Sound Volume,Sound Volume,효과음 음량,mt
GUITRANS|SOURCES,SOURCES,출처,mt
GUITRANS|Spacebar to Center on Selected Hex,Spacebar to Center on Selected Hex,스페이스바: 선택 헥스로 이동,mt
GUITRANS|Specialty Settings,Specialty Settings,특수 설정,mt
GUITRANS|Speed,Speed,속도,mt
GUITRANS|Spending Shortfall,Spending Shortfall,지출 부족,mt
GUITRANS|SPENDING SHORTFALLS,SPENDING SHORTFALLS,지출 부족,mt
GUITRANS|Spies,Spies,첩보원,mt
GUITRANS|Spies at this location,Spies at this location,이 위치의 첩보원,mt
GUITRANS|Spies on Missions to Region,Spies on Missions to Region,해당 지역 임무 중인 첩보원,mt
GUITRANS|Spies Pending Deployment,Spies Pending Deployment,파견 대기 첩보원,mt
GUITRANS|Split Bond,Split Bond,채권 분할,mt
GUITRANS|Split Selected Bond,Split Selected Bond,선택 채권 분할,mt
GUITRANS|SPOTTING STR,SPOTTING STR,탐지력,mt
GUITRANS|Spy Missions,Spy Missions,첩보 임무,mt
GUITRANS|Spy Salaries,Spy Salaries,첩보원 급여,mt
GUITRANS|Staff Complement,Staff Complement,정원,mt
GUITRANS|Stance,Stance,태세,mt
GUITRANS|Standing,Standing,위상,mt
GUITRANS|Start Date,Start Date,시작 날짜,mt
GUITRANS|Start Training,Start Training,훈련 시작,mt
GUITRANS|Status,Status,상태,mt
GUITRANS|STATUS LINES,STATUS LINES,상태 표시줄,mt
GUITRANS|Stealth Approach - Land Not Captured,Stealth Approach - Land Not Captured,은밀 접근 - 영토 미점령,mt
GUITRANS|Stock,Stock,재고,mt
GUITRANS|Stock Graph Max Value,Stock Graph Max Value,재고 그래프 최댓값,mt
GUITRANS|Strategic Targets in Region,Strategic Targets in Region,지역 내 전략 표적,mt
GUITRANS|Strength,Strength,전력,mt
GUITRANS|Sub-department:  Social Spending,Sub-department:  Social Spending,하위 부서:  사회 지출,mt
GUITRANS|Sub-department:  Taxation,Sub-department:  Taxation,하위 부서:  세금,mt
GUITRANS|Subject,Subject,제목,mt
GUITRANS|SUBJECT,SUBJECT,제목,mt
GUITRANS|Subsidy,Subsidy,보조금,mt
GUITRANS|Suggest a Location and Center,Suggest a Location and Center,위치 제안 및 중앙 이동,mt
GUITRANS|Supplies,Supplies,보급품,mt
GUITRANS|SUPPLY,SUPPLY,보급,mt
GUITRANS|Supply,Supply,보급,mt
GUITRANS|SUPPLY %,SUPPLY %,보급 %,mt
GUITRANS|Supply (Average),Supply (Average),보급 (평균),mt
GUITRANS|Supreme Ruler 2020 Cheats,Supreme Ruler 2020 Cheats,Supreme Ruler 2020 치트,mt
GUITRANS|Sustainability,Sustainability,지속 가능성,mt
GUITRANS|Swap Secondary Mouse Buttons,Swap Secondary Mouse Buttons,보조 마우스 버튼 교체,mt
GUITRANS|TACTICAL INFORMATION,TACTICAL INFORMATION,전술 정보,mt
GUITRANS|Tactical Nukes,Tactical Nukes,전술핵,mt
GUITRANS|Tagged Area,Tagged Area,표시된 면적,mt
GUITRANS|Tagged Cities,Tagged Cities,표시된 도시,mt
GUITRANS|Tagged Hexes,Tagged Hexes,표시된 헥스,mt
GUITRANS|Tagged Industries,Tagged Industries,표시된 산업,mt
GUITRANS|Tagged Military Bases,Tagged Military Bases,표시된 군사 기지,mt
GUITRANS|Tagged Population,Tagged Population,표시된 인구,mt
GUITRANS|Target Cities,Target Cities,표적 도시,mt
GUITRANS|Target Country,Target Country,표적 국가,mt
GUITRANS|Target Industries,Target Industries,표적 산업,mt
GUITRANS|Target IP,Target IP,대상 IP,mt
GUITRANS|Target Military Complexes,Target Military Complexes,표적 군사 단지,mt
GUITRANS|Targets,Targets,표적,mt
GUITRANS|TAX INCOME,TAX INCOME,세수,mt
GUITRANS|Tax Rate,Tax Rate,세율,mt
GUITRANS|Taxes,Taxes,세금,mt
GUITRANS|Taxes and Socials,Taxes and Socials,세금 및 사회 지출,mt
GUITRANS|Tech Level,Tech Level,기술 수준,mt
GUITRANS|Tech Origins,Tech Origins,기술 기원,mt
GUITRANS|Tech Ranking,Tech Ranking,기술 순위,mt
GUITRANS|Technical Readout,Technical Readout,기술 제원,mt
GUITRANS|TECHNICAL SPECIFICATIONS,TECHNICAL SPECIFICATIONS,기술 제원,mt
GUITRANS|Technological Advances Requested,Technological Advances Requested,요청한 기술 진보,mt
GUITRANS|Technology Information,Technology Information,기술 정보,mt
GUITRANS|Technology Level,Technology Level,기술 수준,mt
GUITRANS|TECHNOLOGY REQUIREMENTS,TECHNOLOGY REQUIREMENTS,기술 요건,mt
GUITRANS|Term,Term,기간,mt
GUITRANS|Terrain,Terrain,지형,mt
GUITRANS|TERRAIN INFORMATION,TERRAIN INFORMATION,지형 정보,mt
GUITRANS|Terrain Type,Terrain Type,지형 유형,mt
GUITRANS|THREAT LEVEL,THREAT LEVEL,위협 수준,mt
GUITRANS|TIP OF THE DAY,TIP OF THE DAY,오늘의 팁,mt
GUITRANS|To Place,To Place,배치하기,mt
GUITRANS|To...,To...,받는 사람...,mt
GUITRANS|Toggle Auto Map Pitch,Toggle Auto Map Pitch,지도 자동 기울기 전환,mt
GUITRANS|Toggle Casus Belli Overlay,Toggle Casus Belli Overlay,전쟁 명분 오버레이 전환,mt
GUITRANS|Toggle City Names Overlay,Toggle City Names Overlay,도시 이름 오버레이 전환,mt
GUITRANS|Toggle Close Combat Overlay,Toggle Close Combat Overlay,근접전 오버레이 전환,mt
GUITRANS|Toggle Component Overlay On/Off,Toggle Component Overlay On/Off,부품 오버레이 켜기/끄기,mt
GUITRANS|Toggle Counter Intel Operations Overlay,Toggle Counter Intel Operations Overlay,방첩 작전 오버레이 전환,mt
GUITRANS|Toggle DEFCON Levels Overlay,Toggle DEFCON Levels Overlay,데프콘 단계 오버레이 전환,mt
GUITRANS|Toggle Destination Path Show,Toggle Destination Path Show,목적지 경로 표시 전환,mt
GUITRANS|Toggle Diplomatic Relations Overlay,Toggle Diplomatic Relations Overlay,외교 관계 오버레이 전환,mt
GUITRANS|Toggle Grid,Toggle Grid,격자 전환,mt
GUITRANS|Toggle Ground Defense Overlay,Toggle Ground Defense Overlay,지상 방어 오버레이 전환,mt
GUITRANS|Toggle High Ground,Toggle High Ground,고지대 전환,mt
GUITRANS|Toggle HUD Color Option,Toggle HUD Color Option,HUD 색상 옵션 전환,mt
GUITRANS|Toggle HUD Size Option,Toggle HUD Size Option,HUD 크기 옵션 전환,mt
GUITRANS|Toggle LOS Overlay,Toggle LOS Overlay,시야 오버레이 전환,mt
GUITRANS|Toggle Map Terrain Overlay,Toggle Map Terrain Overlay,지도 지형 오버레이 전환,mt
GUITRANS|Toggle Nuclear Powers Overlay,Toggle Nuclear Powers Overlay,핵보유국 오버레이 전환,mt
GUITRANS|Toggle Region Borders On/Off,Toggle Region Borders On/Off,지역 국경 켜기/끄기,mt
GUITRANS|Toggle Region Loyalty On/Off,Toggle Region Loyalty On/Off,지역 충성도 켜기/끄기,mt
GUITRANS|Toggle Resources Overlay,Toggle Resources Overlay,자원 오버레이 전환,mt
GUITRANS|Toggle Supply Overview,Toggle Supply Overview,보급 현황 전환,mt
GUITRANS|Toggle 'Unit Zoom' Option,Toggle 'Unit Zoom' Option,'유닛 확대' 옵션 전환,mt
GUITRANS|Tooltip Delay,Tooltip Delay,툴팁 지연,mt
GUITRANS|TOP EXPORTERS,TOP EXPORTERS,수출 상위국,mt
GUITRANS|TOP IMPORTERS,TOP IMPORTERS,수입 상위국,mt
GUITRANS|Top of List,Top of List,목록 맨 위,mt
GUITRANS|Total # of Units,Total # of Units,유닛 총수,mt
GUITRANS|Total $,Total $,총액 $,mt
GUITRANS|Total Area,Total Area,총 면적,mt
GUITRANS|TOTAL COST,TOTAL COST,총 비용,mt
GUITRANS|Total Debt,Total Debt,총 부채,mt
GUITRANS|TOTAL DEBT,TOTAL DEBT,총 부채,mt
GUITRANS|Total Hexes,Total Hexes,총 헥스,mt
GUITRANS|Total Hotspots Assigned,Total Hotspots Assigned,배정된 핫스팟 총수,mt
GUITRANS|Total Rails,Total Rails,철도 총계,mt
GUITRANS|Total Roads,Total Roads,도로 총계,mt
GUITRANS|Total Spies in Region,Total Spies in Region,지역 내 첩보원 총수,mt
GUITRANS|Total Spies on Missions,Total Spies on Missions,임무 중 첩보원 총수,mt
GUITRANS|Total Staff,Total Staff,총 인원,mt
GUITRANS|Total Strategic Targets,Total Strategic Targets,전략 표적 총수,mt
GUITRANS|Total Units Marked for Sale,Total Units Marked for Sale,매각 표시 유닛 총수,mt
GUITRANS|Total Value,Total Value,총 가치,mt
GUITRANS|Tourism,Tourism,관광,mt
GUITRANS|Tracked Movement Modifier,Tracked Movement Modifier,궤도 이동 보정,mt
GUITRANS|Tracked Unit Move Modifier,Tracked Unit Move Modifier,궤도 유닛 이동 보정,mt
GUITRANS|Trade,Trade,무역,mt
GUITRANS|Trade Deficit,Trade Deficit,무역 적자,mt
GUITRANS|Trade for Tech - Open Diplomacy,Trade for Tech - Open Diplomacy,기술 교역 - 외교 열기,mt
GUITRANS|Trade for Units from the Selected Country,Trade for Units from the Selected Country,선택 국가의 유닛과 교역,mt
GUITRANS|TRADE PARTNERS,TRADE PARTNERS,무역 상대국,mt
GUITRANS|Trade Surplus,Trade Surplus,무역 흑자,mt
GUITRANS|Trades,Trades,교역,mt
GUITRANS|TRAINING DURATION,TRAINING DURATION,훈련 기간,mt
GUITRANS|Transport Filter,Transport Filter,수송 필터,mt
GUITRANS|Treasury,Treasury,국고,mt
GUITRANS|TREATIES,TREATIES,조약,mt
GUITRANS|TREATY DETAILS,TREATY DETAILS,조약 상세,mt
GUITRANS|Treaty Integrity,Treaty Integrity,조약 이행도,mt
GUITRANS|Turn Off Resource Overlay,Turn Off Resource Overlay,자원 오버레이 끄기,mt
GUITRANS|Turns off AI initiative including for human player,Turns off AI initiative including for human player,플레이어를 포함해 AI 재량권을 끕니다,mt
GUITRANS|TYPE,TYPE,유형,mt
GUITRANS|U.N.,U.N.,,
GUITRANS|UN Approval,UN Approval,UN 지지율,mt
GUITRANS|UN Dislikes Region,UN Dislikes Region,UN이 지역을 싫어함,mt
GUITRANS|UN Funds,UN Funds,UN 기금,mt
GUITRANS|UN Likes Region,UN Likes Region,UN이 지역을 좋아함,mt
GUITRANS|UN Member,UN Member,UN 회원국,mt
GUITRANS|UN Membership,UN Membership,UN 회원 자격,mt
GUITRANS|UN Subsidy,UN Subsidy,UN 보조금,mt
GUITRANS|Unable to Cancel Trade Commitments,Unable to Cancel Trade Commitments,무역 약정을 취소할 수 없음,mt
GUITRANS|Unable to Deactivate with Equipment in Storage,Unable to Deactivate with Equipment in Storage,보관 장비가 있어 비활성화할 수 없음,mt
GUITRANS|Unable to Split Bond,Unable to Split Bond,채권을 분할할 수 없음,mt
GUITRANS|UNDEVELOPED,UNDEVELOPED,미개발,mt
GUITRANS|UNEMPLOYMENT,UNEMPLOYMENT,실업률,mt
GUITRANS|Unemployment,Unemployment,실업률,mt
GUITRANS|Unification Defeat!,Unification Defeat!,통일 패배!,mt
GUITRANS|Unit Details,Unit Details,유닛 상세,mt
GUITRANS|UNIT DETAILS,UNIT DETAILS,유닛 상세,mt
GUITRANS|Unit is Available for Defense Minister Orders,Unit is Available for Defense Minister Orders,국방 장관 명령 수행 가능 유닛,mt
GUITRANS|Unit is Not Available for Defense Minister Orders,Unit is Not Available for Defense Minister Orders,국방 장관 명령 수행 불가 유닛,mt
GUITRANS|Unit is Not Subject to Global ROE Changes,Unit is Not Subject to Global ROE Changes,전체 교전 규칙 변경 적용 제외 유닛,mt
GUITRANS|Unit is Subject to Global ROE Changes,Unit is Subject to Global ROE Changes,전체 교전 규칙 변경 적용 유닛,mt
GUITRANS|UNIT ORDERS,UNIT ORDERS,유닛 명령,mt
GUITRANS|UNIT PATHING,UNIT PATHING,유닛 경로 설정,mt
GUITRANS|UNIT PRODUCTION,UNIT PRODUCTION,유닛 생산,mt
GUITRANS|Unit Production,Unit Production,유닛 생산,mt
GUITRANS|Unit Roles,Unit Roles,유닛 역할,mt
GUITRANS|UNIT ROLES,UNIT ROLES,유닛 역할,mt
GUITRANS|Unit Set for No Opportunity Fire - Attack Only Targets,Unit Set for No Opportunity Fire - Attack Only Targets,기회 사격 안 함 - 지정 표적만 공격,mt
GUITRANS|Unit Set for Opportunity fire - Attack Any Enemy,Unit Set for Opportunity fire - Attack Any Enemy,기회 사격 - 모든 적 공격,mt
GUITRANS|Unit Set for Regular Approach - Capture Enemy Land,Unit Set for Regular Approach - Capture Enemy Land,일반 접근 - 적 영토 점령,mt
GUITRANS|Unit Set for Stealth Approach - Land Not Captured,Unit Set for Stealth Approach - Land Not Captured,은밀 접근 - 영토 미점령,mt
GUITRANS|UNIT SPECIALTIES,UNIT SPECIALTIES,유닛 특기,mt
GUITRANS|Unit Storage Limit,Unit Storage Limit,유닛 보관 한도,mt
GUITRANS|Unit Technical Data,Unit Technical Data,유닛 기술 자료,mt
GUITRANS|Unit Will Accept Auto-Deployed Missiles,Unit Will Accept Auto-Deployed Missiles,자동 배치 미사일 수용,mt
GUITRANS|Unit Will Not Accept Auto-Deployed Missiles,Unit Will Not Accept Auto-Deployed Missiles,자동 배치 미사일 수용 안 함,mt
GUITRANS|United Kingdom,United Kingdom,영국,mt
GUITRANS|United Nations Delivery Point,United Nations Delivery Point,유엔 인도 지점,mt
GUITRANS|United Nations Member,United Nations Member,유엔 회원국,mt
GUITRANS|Units,Units,유닛,mt
GUITRANS|Units Disbanded when Regions Fall,Units Disbanded when Regions Fall,지역 함락 시 유닛 해체,mt
GUITRANS|Units Selected,Units Selected,선택된 유닛,mt
GUITRANS|UNITS TO BE TRAINED,UNITS TO BE TRAINED,훈련 예정 유닛,mt
GUITRANS|Unload All Missiles from Platform,Unload All Missiles from Platform,플랫폼 미사일 전체 하역,mt
GUITRANS|Unload All Missiles Off Platform,Unload All Missiles Off Platform,플랫폼 미사일 전체 하역,mt
GUITRANS|Unload All Units,Unload All Units,유닛 전체 하역,mt
GUITRANS|Unload Missile from Platform,Unload Missile from Platform,플랫폼 미사일 하역,mt
GUITRANS|Unload Selected Missile,Unload Selected Missile,선택 미사일 하역,mt
GUITRANS|Unload Selected Units,Unload Selected Units,선택 유닛 하역,mt
GUITRANS|Unlock Tech Tree,Unlock Tech Tree,기술 트리 잠금 해제,mt
GUITRANS|UNRESEARCHED,UNRESEARCHED,미연구,mt
GUITRANS|Uranium Cost,Uranium Cost,우라늄 비용,mt
GUITRANS|Uranium Required,Uranium Required,필요 우라늄,mt
GUITRANS|Use Hardware Cursor,Use Hardware Cursor,하드웨어 커서 사용,mt
GUITRANS|Use Nuclear Weapons,Use Nuclear Weapons,핵무기 사용,mt
GUITRANS|Use Selected,Use Selected,선택 항목 사용,mt
GUITRANS|Use Shift Right Click for Context Menu,Use Shift Right Click for Context Menu,Shift+우클릭으로 메뉴 열기,mt
GUITRANS|Use Transports,Use Transports,수송 수단 사용,mt
GUITRANS|User Interface Sounds,User Interface Sounds,인터페이스 소리,mt
GUITRANS|Valid Land Hotspot Location,Valid Land Hotspot Location,유효한 육상 핫스팟 위치,mt
GUITRANS|Valid Naval Hotspot Location,Valid Naval Hotspot Location,유효한 해상 핫스팟 위치,mt
GUITRANS|Value Offered,Value Offered,제시 가치,mt
GUITRANS|Value Requested,Value Requested,요청 가치,mt
GUITRANS|Variable Movement Modifier,Variable Movement Modifier,가변 이동 보정,mt
GUITRANS|Victory,Victory,승리 조건,mt
GUITRANS|VICTORY CONDITIONS,VICTORY CONDITIONS,승리 조건,mt
GUITRANS|Victory Settings,Victory Settings,승리 설정,mt
GUITRANS|Victory Type,Victory Type,승리 유형,mt
GUITRANS|Victory!,Victory!,승리!,mt
GUITRANS|View Commodity Details,View Commodity Details,상품 상세 보기,mt
GUITRANS|View Internet Games,View Internet Games,인터넷 게임 보기,mt
GUITRANS|View Land Tag on Map,View Land Tag on Map,지도에서 영토 표시 보기,mt
GUITRANS|View Local Games,View Local Games,로컬 게임 보기,mt
GUITRANS|View Tags,View Tags,표시 보기,mt
GUITRANS|Waiting,Waiting,대기 중,mt
GUITRANS|War On Incursions,War On Incursions,침범 시 전쟁,mt
GUITRANS|Water Location Overlay,Water Location Overlay,수자원 위치 오버레이,mt
GUITRANS|We are Now at War with,We are Now at War with,현재 교전 중인 상대:,mt
GUITRANS|Weight,Weight,중량,mt
GUITRANS|WELCOME!,WELCOME!,환영합니다!,mt
GUITRANS|Wheeled Movement Modifier,Wheeled Movement Modifier,차륜 이동 보정,mt
GUITRANS|Wheeled Unit Move Modifier,Wheeled Unit Move Modifier,차륜 유닛 이동 보정,mt
GUITRANS|Withdraw from Selected Treaty,Withdraw from Selected Treaty,선택 조약 탈퇴,mt
GUITRANS|World Opinion of Project,World Opinion of Project,프로젝트에 대한 세계 여론,mt
GUITRANS|WORLD REGIONS,WORLD REGIONS,세계 지역,mt
GUITRANS|Y,Y,,
GUITRANS|YEAR,YEAR,년,mt
GUITRANS|YEARS,YEARS,년,mt
GUITRANS|YES,YES,예,mt
GUITRANS|You do not have sufficient Military Approval to continue.,You do not have sufficient Military Approval to continue.,계속하기에 군 지지율이 부족합니다.,mt
GUITRANS|You have lost the current election!,You have lost the current election!,이번 선거에서 패배했습니다!,mt
GUITRANS|You have lost the Unification Vote.,You have lost the Unification Vote.,통일 투표에서 패배했습니다.,mt
GUITRANS|You have switched to a Dictatorship.,You have switched to a Dictatorship.,독재 체제로 전환했습니다.,mt
GUITRANS|Your Leader Avatar,Your Leader Avatar,내 지도자 아바타,mt
GUITRANS|Zoom Minimum: Borders,Zoom Minimum: Borders,최소 확대: 국경,mt
GUITRANS|Zoom Minimum: Buildings,Zoom Minimum: Buildings,최소 확대: 건물,mt
GUITRANS|Zoom Minimum: Grid,Zoom Minimum: Grid,최소 확대: 격자,mt
GUITRANS|Zoom Minimum: Transportation,Zoom Minimum: Transportation,최소 확대: 교통,mt
GUITRANS|Zoom Point of Focus,Zoom Point of Focus,확대/축소 기준점,mt
GUITRANS|Saved Games,Saved Games,저장된 게임,mt
GUITRANS|Complex,Complex,단지,mt
GUITRANS|CABINET MINISTER,CABINET MINISTER,내각 장관,mt
GUITRANS|Disposition,Disposition,성향,mt
GUITRANS|Name,Name,이름,mt
GUITRANS|Politic,Politic,정치,mt
GUITRANS|Map,Map,지도,mt
GUITRANS|Map 2,Map 2,지도 2,mt
GUITRANS|Days,Days,일,mt
GUITRANS|(Must Restart Game for Changes to Take Effect),(Must Restart Game for Changes to Take Effect),(변경 적용에는 게임 재시작 필요),mt
GUITRANS|Mute,Mute,음소거,mt
GUITRANS|Next,Next,다음,mt
GUITRANS|Previous,Previous,이전,mt
GUITRANS|Hotspots,Hotspots,핫스팟,mt
GUITRANS|Game Menu,Game Menu,게임 메뉴,mt
GUITRANS|Center on Spy,Center on Spy,첩보원으로 이동,mt
GUITRANS|Mouse Over Terrain Type,Mouse Over Terrain Type,마우스 위치 지형 유형,mt
GUITRANS|TERRAIN TYPE,TERRAIN TYPE,지형 유형,mt
GUITRANS|Add All to Selected Units,Add All to Selected Units,선택 유닛에 전체 추가,mt
GUITRANS|Offer to End Agreement,Offer to End Agreement,협정 종료 제안,mt
GUITRANS|Unilaterally Break Agreement,Unilaterally Break Agreement,협정 일방 파기,mt
GUITRANS|TUTORIAL,TUTORIAL,튜토리얼,mt
GUITRANS|Cargo Capacity,Cargo Capacity,화물 용량,mt
GUITRANS|Formation Move (Hotkey <F> to toggle),Formation Move (Hotkey <F> to toggle),대형 이동 (단축키 <F>로 전환),mt
GUITRANS|Lock  Minister from Military Spending,Lock  Minister from Military Spending,장관의 군사 지출 잠금,mt
GUITRANS|Lock MInister from Garrison Control,Lock MInister from Garrison Control,장관의 수비대 통제 잠금,mt
GUITRANS|PLEASE RE-ENTER CD KEY,PLEASE RE-ENTER CD KEY,CD 키를 다시 입력하십시오,mt
GUITRANS|Invalid Installation - Please Re-Install,Invalid Installation - Please Re-Install,잘못된 설치 - 다시 설치하십시오,mt
GUITRANS|Facility Cost,Facility Cost,시설 비용,mt
GUITRANS|Select a Region to Assign,Select a Region to Assign,배정할 지역 선택,mt
GUITRANS|SELECT CAMPAIGN / SANDBOX,SELECT CAMPAIGN / SANDBOX,캠페인 / 샌드박스 선택,mt
GUITRANS|Reset EMail Marked as Do Not Auto-Delete,Reset EMail Marked as Do Not Auto-Delete,자동 삭제 제외 이메일 표시 초기화,mt
GUITRANS|Reset 'Pause on Events',Reset 'Pause on Events','사건 시 일시 정지' 초기화,mt
GUITRANS|Reset Player Avatar,Reset Player Avatar,플레이어 아바타 초기화,mt
GUITRANS|Favourite/Excluded,Favourite/Excluded,즐겨찾기/제외,mt
GUITRANS|Not Available in Demo Version,Not Available in Demo Version,체험판에서는 사용 불가,mt
GUITRANS|Move Defensive Direction,Move Defensive Direction,방어 방향 이동,mt
GUITRANS|Reset EMail Marked as Hidden,Reset EMail Marked as Hidden,숨김 이메일 표시 초기화,mt
GUITRANS|Automatically Select Unit Stack,Automatically Select Unit Stack,유닛 묶음 자동 선택,mt
GUITRANS|LOCKS,LOCKS,잠금,mt
GUITRANS|Locks,Locks,잠금,mt
GUITRANS|Reset Excluded/Favorites,Reset Excluded/Favorites,제외/즐겨찾기 초기화,mt
GUITRANS|Show Flags on Unit HUD,Show Flags on Unit HUD,유닛 HUD에 깃발 표시,mt
GUITRANS|Save to 'My Games' Folder,Save to 'My Games' Folder,'내 게임' 폴더에 저장,mt
GUITRANS|Select Missile,Select Missile,미사일 선택,mt
GUITRANS|Battle Group Tooltip Expanded,Battle Group Tooltip Expanded,전투단 툴팁 확장,mt
GUITRANS|E-mail Notification on Wars and Alliances,E-mail Notification on Wars and Alliances,전쟁·동맹 이메일 알림,mt
GUITRANS|Units Eliminated When Region Falls,Units Eliminated When Region Falls,지역 함락 시 유닛 제거,mt
GUITRANS|Uranium  Required,Uranium  Required,필요 우라늄,mt
GUITRANS|Maximize Offer,Maximize Offer,제안 최대화,mt
GUITRANS|# Of Spies Required for Selected Mission,# Of Spies Required for Selected Mission,# 선택 임무 필요 첩보원 수,mt
GUITRANS|(Annual Projections),(Annual Projections),(연간 전망),mt
GUITRANS|(Must Restart Game for Change to Take Effect),(Must Restart Game for Change to Take Effect),(변경 적용에는 게임 재시작 필요),mt
GUITRANS|<ESC> to Close,<ESC> to Close,<ESC>로 닫기,mt
GUITRANS|Absorb This Nation into Our Country,Absorb This Nation into Our Country,이 나라를 우리 나라에 흡수,mt
GUITRANS|ACTIONS AGAINST,ACTIONS AGAINST,대상 행동,mt
GUITRANS|Active Personnel,Active Personnel,현역 인원,mt
GUITRANS|ACTUAL USE,ACTUAL USE,실사용,mt
GUITRANS|Add Battle Group to Selected Units,Add Battle Group to Selected Units,선택 유닛에 전투단 추가,mt
GUITRANS|Adjust Efficiency,Adjust Efficiency,효율 조정,mt
GUITRANS|Adjust Output,Adjust Output,생산량 조정,mt
GUITRANS|Adjust Price,Adjust Price,가격 조정,mt
GUITRANS|Adjust ROE Filtering,Adjust ROE Filtering,교전 규칙 필터 조정,mt
GUITRANS|Adjust Spending,Adjust Spending,지출 조정,mt
GUITRANS|Adjust Taxation,Adjust Taxation,세금 조정,mt
GUITRANS|AI Tendency to Create Alliances and Declare War,AI Tendency to Create Alliances and Declare War,AI의 동맹 결성·선전포고 성향,mt
GUITRANS|Air Autobuild,Air Autobuild,공군 자동 생산,mt
GUITRANS|Air Autobuild Settings,Air Autobuild Settings,공군 자동 생산 설정,mt
GUITRANS|Air Unit Designs,Air Unit Designs,항공 유닛 설계,mt
GUITRANS|Alert Level,Alert Level,경계 단계,mt
GUITRANS|Alignment,Alignment,성향,mt
GUITRANS|Allies and Enemies,Allies and Enemies,동맹국과 적,mt
GUITRANS|ANNEX,ANNEX,합병,mt
GUITRANS|ANNUAL TAX INCOME,ANNUAL TAX INCOME,연간 세수,mt
GUITRANS|Any unsaved game progress will be lost.,Any unsaved game progress will be lost.,저장하지 않은 진행 상황은 사라집니다.,mt
GUITRANS|Apply ROE by Battle Zone,Apply ROE by Battle Zone,전투 구역별 교전 규칙 적용,mt
GUITRANS|Apply ROE by Branch,Apply ROE by Branch,군별 교전 규칙 적용,mt
GUITRANS|Apply ROE by Class,Apply ROE by Class,분류별 교전 규칙 적용,mt
GUITRANS|Apply ROE by Theater,Apply ROE by Theater,전구별 교전 규칙 적용,mt
GUITRANS|Apply ROE Globally,Apply ROE Globally,교전 규칙 전체 적용,mt
GUITRANS|Apply ROE to All Units,Apply ROE to All Units,모든 유닛에 교전 규칙 적용,mt
GUITRANS|Apply ROE to Future Units,Apply ROE to Future Units,신규 유닛에 교전 규칙 적용,mt
GUITRANS|Apply ROE to Selected Units,Apply ROE to Selected Units,선택 유닛에 교전 규칙 적용,mt
GUITRANS|Arm Insurgency with Modern Equipment,Arm Insurgency with Modern Equipment,반군에 현대식 장비 지급,mt
GUITRANS|Arms Race,Arms Race,군비 경쟁,mt
GUITRANS|Arms Race Leader,Arms Race Leader,군비 경쟁 선두,mt
GUITRANS|Assign Hotkey to BattleGroup,Assign Hotkey to BattleGroup,전투단에 단축키 지정,mt
GUITRANS|Assign Spies,Assign Spies,첩보원 배정,mt
GUITRANS|Assign to ,Assign to ,배정: ,mt
GUITRANS|Assign to Location,Assign to Location,위치에 배정,mt
GUITRANS|At End of Messages,At End of Messages,메시지 끝,mt
GUITRANS|At Start of Messages,At Start of Messages,메시지 처음,mt
GUITRANS|AUTO PURCHASES,AUTO PURCHASES,자동 구매,mt
GUITRANS|AUTO SALES,AUTO SALES,자동 판매,mt
GUITRANS|Automatically Open the Next Diplomatic Offer,Automatically Open the Next Diplomatic Offer,다음 외교 제안 자동 열기,mt
GUITRANS|Available Missiles,Available Missiles,사용 가능 미사일,mt
GUITRANS|Available Spies / Total Spies,Available Spies / Total Spies,가용 첩보원 / 전체 첩보원,mt
GUITRANS|Average,Average,평균,mt
GUITRANS|Average Interest Rate,Average Interest Rate,평균 금리,mt
GUITRANS|Balanced Trade,Balanced Trade,균형 무역,mt
GUITRANS|BATTLE  ZONES,BATTLE  ZONES,전투  구역,mt
GUITRANS|Battle Group Controls,Battle Group Controls,전투단 제어,mt
GUITRANS|Battle Group Unit Count,Battle Group Unit Count,전투단 유닛 수,mt
GUITRANS|Battle Zone Priorities,Battle Zone Priorities,전투 구역 우선순위,mt
GUITRANS|Battle Zone Rules of Engagement,Battle Zone Rules of Engagement,전투 구역 교전 규칙,mt
GUITRANS|Battle Zone Settings,Battle Zone Settings,전투 구역 설정,mt
GUITRANS|Battle Zone Unit Allocation,Battle Zone Unit Allocation,전투 구역 유닛 할당,mt
GUITRANS|Battle Zones Overlay,Battle Zones Overlay,전투 구역 오버레이,mt
GUITRANS|Bond Renewal Date,Bond Renewal Date,채권 갱신일,mt
GUITRANS|Bond Repayment - ,Bond Repayment - ,채권 상환 - ,mt
GUITRANS|BONDS,BONDS,채권,mt
GUITRANS|Break all Ties with Region,Break all Ties with Region,지역과 모든 관계 단절,mt
GUITRANS|Break Treaties,Break Treaties,조약 파기,mt
GUITRANS|Bridging,Bridging,가교,mt
GUITRANS|Build On Map Facilities,Build On Map Facilities,지도상 시설 건설,mt
GUITRANS|Build Time in Days,Build Time in Days,건설 기간(일),mt
GUITRANS|BUILD TRANSPORT,BUILD TRANSPORT,수송 수단 생산,mt
GUITRANS|BULK PURCHASES,BULK PURCHASES,대량 구매,mt
GUITRANS|Cabinet,Cabinet,내각,mt
GUITRANS|CANCEL,CANCEL,취소,mt
GUITRANS|Cancel Queued Unit,Cancel Queued Unit,대기 유닛 취소,mt
GUITRANS|Cancel Research Project,Cancel Research Project,연구 프로젝트 취소,mt
GUITRANS|Capital in Theater,Capital in Theater,전구 내 수도,mt
GUITRANS|Capitals - ,Capitals - ,수도 - ,mt
GUITRANS|Cargo Transfer in Progress,Cargo Transfer in Progress,화물 이송 중,mt
GUITRANS|Center on Victory Location,Center on Victory Location,승리 지점으로 이동,mt
GUITRANS|Chart the future for this nation...,Chart the future for this nation...,이 나라의 미래를 설계합니다...,mt
GUITRANS|CHAT HISTORY,CHAT HISTORY,채팅 기록,mt
GUITRANS|Civilian Use,Civilian Use,민간 사용,mt
GUITRANS|Clear All Country Messages,Clear All Country Messages,국가 메시지 전체 삭제,mt
GUITRANS|Clear All Location Messages,Clear All Location Messages,위치 메시지 전체 삭제,mt
GUITRANS|Clear All of This Type of Message,Clear All of This Type of Message,이 유형 메시지 전체 삭제,mt
GUITRANS|Clear All Theatre Messages,Clear All Theatre Messages,전구 메시지 전체 삭제,mt
GUITRANS|Clear Filters,Clear Filters,필터 해제,mt
GUITRANS|Clear Message,Clear Message,메시지 삭제,mt
GUITRANS|Close Combat / Low Visibility,Close Combat / Low Visibility,근접전 / 저시정,mt
GUITRANS|COLONIZE,COLONIZE,식민지화,mt
GUITRANS|Condemn Foreign Troop Placement by This Region,Condemn Foreign Troop Placement by This Region,이 지역의 해외 파병 규탄,mt
GUITRANS|Condemn Wars by This Region,Condemn Wars by This Region,이 지역의 전쟁 규탄,mt
GUITRANS|CONGRATULATIONS,CONGRATULATIONS,축하합니다,mt
GUITRANS|Constructing,Constructing,건설 중,mt
GUITRANS|Consumers,Consumers,소비자,mt
GUITRANS|Consumption,Consumption,소비,mt
GUITRANS|Continuous Build,Continuous Build,연속 생산,mt
GUITRANS|Conventional Forces,Conventional Forces,재래식 전력,mt
GUITRANS|Conventional Forces Lead,Conventional Forces Lead,재래식 전력 우위,mt
GUITRANS|Conventional Warheads,Conventional Warheads,재래식 탄두,mt
GUITRANS|Cost of Mission,Cost of Mission,임무 비용,mt
GUITRANS|Counter Intel,Counter Intel,방첩,mt
GUITRANS|Countries -,Countries -,국가 -,mt
GUITRANS|Create Battle Group,Create Battle Group,전투단 편성,mt
GUITRANS|Create Battle Group from Selected Units,Create Battle Group from Selected Units,선택 유닛으로 전투단 편성,mt
GUITRANS|Current Bond Value,Current Bond Value,현재 채권 가치,mt
GUITRANS|Current Interest Rate,Current Interest Rate,현재 금리,mt
GUITRANS|CURRENT THEATER NAME,CURRENT THEATER NAME,현재 전구 이름,mt
GUITRANS|DAILY TAX INCOME,DAILY TAX INCOME,일일 세수,mt
GUITRANS|DEBT,DEBT,부채,mt
GUITRANS|DEFCON 1,DEFCON 1,데프콘 1,mt
GUITRANS|DEFCON 2,DEFCON 2,데프콘 2,mt
GUITRANS|DEFCON 3,DEFCON 3,데프콘 3,mt
GUITRANS|DEFCON 4,DEFCON 4,데프콘 4,mt
GUITRANS|DEFCON 5,DEFCON 5,데프콘 5,mt
GUITRANS|Delete Messages,Delete Messages,메시지 삭제,mt
GUITRANS|Deploy All Units in Class,Deploy All Units in Class,분류 내 유닛 전체 배치,mt
GUITRANS|Deployed & Reserve Unit Count,Deployed & Reserve Unit Count,배치·예비 유닛 수,mt
GUITRANS|Diplomatic Actions,Diplomatic Actions,외교 행동,mt
GUITRANS|Diplomatic Focus,Diplomatic Focus,외교 중점,mt
GUITRANS|Diplomatic Priority,Diplomatic Priority,외교 우선순위,mt
GUITRANS|Diplomatic Spending,Diplomatic Spending,외교 지출,mt
GUITRANS|Disband Battle Group,Disband Battle Group,전투단 해체,mt
GUITRANS|Discourage Independence,Discourage Independence,독립 억제,mt
GUITRANS|DISTANCE,DISTANCE,거리,mt
GUITRANS|Domestic Price /  Domestic Markup,Domestic Price /  Domestic Markup,국내 가격 /  국내 마진,mt
GUITRANS|DOMESTICALLY OWNED,DOMESTICALLY OWNED,국내 소유,mt
GUITRANS|Dominant Religion,Dominant Religion,주요 종교,mt
GUITRANS|Economic Aid,Economic Aid,경제 지원,mt
GUITRANS|Economic Embargo,Economic Embargo,경제 금수,mt
GUITRANS|Encourage Independence,Encourage Independence,독립 장려,mt
GUITRANS|End,End,끝,mt
GUITRANS|Engineers Helping with Construction,Engineers Helping with Construction,건설 지원 중인 공병,mt
GUITRANS|Espionage,Espionage,첩보,mt
GUITRANS|Espionage Focus,Espionage Focus,첩보 중점,mt
GUITRANS|Espionage Missions,Espionage Missions,첩보 임무,mt
GUITRANS|Espionage Overlay,Espionage Overlay,첩보 오버레이,mt
GUITRANS|Espionage Spending,Espionage Spending,첩보 지출,mt
GUITRANS|Estimated Output,Estimated Output,예상 생산량,mt
GUITRANS|Expense Report,Expense Report,지출 보고서,mt
GUITRANS|EXPENSES,EXPENSES,지출,mt
GUITRANS|Exporters,Exporters,수출국,mt
GUITRANS|Exports,Exports,수출,mt
GUITRANS|Fabrication Options,Fabrication Options,제조 옵션,mt
GUITRANS|Facility Controls,Facility Controls,시설 제어,mt
GUITRANS|Facility Filter,Facility Filter,시설 필터,mt
GUITRANS|Filter By ...,Filter By ...,필터 기준 ...,mt
GUITRANS|Filter to Air Units,Filter to Air Units,항공 유닛만 표시,mt
GUITRANS|Filter to All Branches,Filter to All Branches,모든 군 표시,mt
GUITRANS|Filter to Land Units,Filter to Land Units,지상 유닛만 표시,mt
GUITRANS|Filter to Naval Units,Filter to Naval Units,해군 유닛만 표시,mt
GUITRANS|Force Build,Force Build,강제 생산,mt
GUITRANS|FORCE DETAILS,FORCE DETAILS,전력 상세,mt
GUITRANS|Force Selector (popup menu to pick a force type),Force Selector (popup menu to pick a force type),전력 선택 (팝업 메뉴에서 전력 유형 선택),mt
GUITRANS|FOREIGN CONTROLLED,FOREIGN CONTROLLED,외국 통제,mt
GUITRANS|FOREIGN OWNED,FOREIGN OWNED,외국 소유,mt
GUITRANS|Fund Insurgency,Fund Insurgency,반군 자금 지원,mt
GUITRANS|Game Language,Game Language,게임 언어,mt
GUITRANS|GAME SAVED,GAME SAVED,게임 저장됨,mt
GUITRANS|Global Rules of Engagement,Global Rules of Engagement,전체 교전 규칙,mt
GUITRANS|GPC/c,GPC/c,,
GUITRANS|Help Levels,Help Levels,도움말 수준,mt
GUITRANS|Hexes,Hexes,헥스,mt
GUITRANS|Hide Waypoints,Hide Waypoints,경유지 숨기기,mt
GUITRANS|High Funding,High Funding,자금 높음,mt
GUITRANS|Hot Relations,Hot Relations,매우 우호적 관계,mt
GUITRANS|ICBMs,ICBMs,,
GUITRANS|Importers,Importers,수입국,mt
GUITRANS|Imports,Imports,수입,mt
GUITRANS|INCOME,INCOME,수익,mt
GUITRANS|Income Report,Income Report,수익 보고서,mt
GUITRANS|Individual Rules of Engagement,Individual Rules of Engagement,개별 교전 규칙,mt
GUITRANS|Industrial Facilities,Industrial Facilities,산업 시설,mt
GUITRANS|INDUSTRY CONTROLS,INDUSTRY CONTROLS,산업 제어,mt
GUITRANS|INFLUENCE,INFLUENCE,영향력,mt
GUITRANS|In-Game Help Level,In-Game Help Level,게임 내 도움말 수준,mt
GUITRANS|Is a Nuclear Power,Is a Nuclear Power,핵보유국,mt
GUITRANS|Is Not a Nuclear Power Nation,Is Not a Nuclear Power Nation,핵보유국 아님,mt
GUITRANS|Is Researching Nuclear Techs,Is Researching Nuclear Techs,핵 기술 연구 중,mt
GUITRANS|Issue New Bond,Issue New Bond,신규 채권 발행,mt
GUITRANS|Known Counter Intel Strength,Known Counter Intel Strength,파악된 방첩 전력,mt
GUITRANS|Land Autobuild,Land Autobuild,육군 자동 생산,mt
GUITRANS|Land Autobuild Status,Land Autobuild Status,육군 자동 생산 상태,mt
GUITRANS|Land Unit Designs,Land Unit Designs,지상 유닛 설계,mt
GUITRANS|LIBERATE,LIBERATE,해방,mt
GUITRANS|LOAD,LOAD,불러오기,mt
GUITRANS|LOAD GAME?,LOAD GAME?,게임을 불러올까요?,mt
GUITRANS|Lock Minister from Military Salaries,Lock Minister from Military Salaries,장관의 군 급여 잠금,mt
GUITRANS|Low Funding,Low Funding,자금 낮음,mt
GUITRANS|Maint. & Training,Maint. & Training,정비 및 훈련,mt
GUITRANS|Make This Nation our Colony,Make This Nation our Colony,이 나라를 식민지로 삼기,mt
GUITRANS|Mark Unit as a Favorite,Mark Unit as a Favorite,유닛 즐겨찾기 표시,mt
GUITRANS|MARKET EXPORTS,MARKET EXPORTS,시장 수출,mt
GUITRANS|MARKET IMPORTS,MARKET IMPORTS,시장 수입,mt
GUITRANS|Mass Build,Mass Build,대량 생산,mt
GUITRANS|Max Zoom In,Max Zoom In,최대 확대,mt
GUITRANS|Max Zoom Out,Max Zoom Out,최대 축소,mt
GUITRANS|Measuring Tool,Measuring Tool,측정 도구,mt
GUITRANS|Mid Zoom Level,Mid Zoom Level,중간 확대 수준,mt
GUITRANS|Mid-Air Refuel in Progress,Mid-Air Refuel in Progress,공중 급유 중,mt
GUITRANS|Military Aid,Military Aid,군사 지원,mt
GUITRANS|Military Armament,Military Armament,군 무장,mt
GUITRANS|Military Deployment,Military Deployment,군 배치,mt
GUITRANS|Military Facilities,Military Facilities,군사 시설,mt
GUITRANS|Military Focus,Military Focus,군사 중점,mt
GUITRANS|Military Priority,Military Priority,군사 우선순위,mt
GUITRANS|Military Salaries,Military Salaries,군 급여,mt
GUITRANS|Military Technologies,Military Technologies,군사 기술,mt
GUITRANS|Military Use,Military Use,군사 사용,mt
GUITRANS|Missed Unit Production,Missed Unit Production,생산 누락 유닛,mt
GUITRANS|Missile Autobuild,Missile Autobuild,미사일 자동 생산,mt
GUITRANS|Missile Autobuild Settings:,Missile Autobuild Settings:,미사일 자동 생산 설정:,mt
GUITRANS|Missile Control,Missile Control,미사일 통제,mt
GUITRANS|Missile Management,Missile Management,미사일 관리,mt
GUITRANS|Missile Points,Missile Points,미사일 점수,mt
GUITRANS|Missile Unit Designs,Missile Unit Designs,미사일 유닛 설계,mt
GUITRANS|Most Favored Nation,Most Favored Nation,최혜국,mt
GUITRANS|Move Units at Common Speed,Move Units at Common Speed,유닛을 공통 속도로 이동,mt
GUITRANS|Multiple Platform Launch Capable,Multiple Platform Launch Capable,다중 플랫폼 발사 가능,mt
GUITRANS|NATO,NATO,,
GUITRANS|Naval Autobuild Status,Naval Autobuild Status,해군 자동 생산 상태,mt
GUITRANS|Naval Unit Designs,Naval Unit Designs,해군 유닛 설계,mt
GUITRANS|Navy Autobuild,Navy Autobuild,해군 자동 생산,mt
GUITRANS|Negotiate with selected Region,Negotiate with selected Region,선택 지역과 협상,mt
GUITRANS|Next Message,Next Message,다음 메시지,mt
GUITRANS|No Garrisons Present,No Garrisons Present,수비대 없음,mt
GUITRANS|No Locations Ready for Expansion,No Locations Ready for Expansion,확장 가능한 위치 없음,mt
GUITRANS|No Research Project Selected,No Research Project Selected,선택된 연구 프로젝트 없음,mt
GUITRANS|Not Bordering,Not Bordering,국경 비접촉,mt
GUITRANS|Nuclear Forces,Nuclear Forces,핵 전력,mt
GUITRANS|Nuclear Missiles,Nuclear Missiles,핵미사일,mt
GUITRANS|Nuclear Power,Nuclear Power,핵보유국,mt
GUITRANS|Nuclear Power Nations,Nuclear Power Nations,핵보유국,mt
GUITRANS|Nuclear Technologies,Nuclear Technologies,핵 기술,mt
GUITRANS|Nuclear Warhead Advantage,Nuclear Warhead Advantage,핵탄두 우위,mt
GUITRANS|Nuclear Warheads,Nuclear Warheads,핵탄두,mt
GUITRANS|Nuclear Weapons Capable,Nuclear Weapons Capable,핵무기 운용 가능,mt
GUITRANS|of Surplus Production,of Surplus Production,(잉여 생산량 중),mt
GUITRANS|Off,Off,끔,mt
GUITRANS|Offer Designs,Offer Designs,설계 제안,mt
GUITRANS|Offer Economic Air,Offer Economic Air,경제 지원 제안,mt
GUITRANS|Offer Military Aid,Offer Military Aid,군사 지원 제안,mt
GUITRANS|Offer Technology,Offer Technology,기술 제안,mt
GUITRANS|Offer Units,Offer Units,유닛 제안,mt
GUITRANS|Opinion,Opinion,여론,mt
GUITRANS|Opinions & Overview,Opinions & Overview,여론 및 개요,mt
GUITRANS|OPTIONS RESET,OPTIONS RESET,옵션 초기화,mt
GUITRANS|Orders,Orders,명령,mt
GUITRANS|Overall Spending,Overall Spending,전체 지출,mt
GUITRANS|Overwrite save game?,Overwrite save game?,저장 파일을 덮어쓸까요?,mt
GUITRANS|Page 6,Page 6,6쪽,mt
GUITRANS|Pause Research Project,Pause Research Project,연구 프로젝트 일시 정지,mt
GUITRANS|Peacekeeping Forces,Peacekeeping Forces,평화 유지군,mt
GUITRANS|Permanent Members,Permanent Members,상임 이사국,mt
GUITRANS|Pin Panel,Pin Panel,패널 고정,mt
GUITRANS|Platform Payload,Platform Payload,플랫폼 탑재량,mt
GUITRANS|Platforms,Platforms,플랫폼,mt
GUITRANS|Play as United States,Play as United States,미국으로 플레이,mt
GUITRANS|Play as USSR,Play as USSR,소련으로 플레이,mt
GUITRANS|Play Sounds when ALT+TAB in Windows,Play Sounds when ALT+TAB in Windows,Windows에서 ALT+TAB 시 소리 재생,mt
GUITRANS|Previous Facility,Previous Facility,이전 시설,mt
GUITRANS|Previous Message,Previous Message,이전 메시지,mt
GUITRANS|Price / Days to Build,Price / Days to Build,가격 / 건설 일수,mt
GUITRANS|Producers,Producers,생산자,mt
GUITRANS|Production and Queue Management,Production and Queue Management,생산 및 대기열 관리,mt
GUITRANS|Progress,Progress,진행도,mt
GUITRANS|Provocation,Provocation,도발,mt
GUITRANS|Public Opinion,Public Opinion,대중 여론,mt
GUITRANS|Quantity,Quantity,수량,mt
GUITRANS|QUIT GAME?,QUIT GAME?,게임을 종료할까요?,mt
GUITRANS|Random Events,Random Events,무작위 사건,mt
GUITRANS|Raw Materials,Raw Materials,원자재,mt
GUITRANS|Receiving Cargo ,Receiving Cargo ,화물 수령 중 ,mt
GUITRANS|Receiving Mid-Air Refuel,Receiving Mid-Air Refuel,공중 급유 받는 중,mt
GUITRANS|Reluctant Trade Partner,Reluctant Trade Partner,소극적 무역 상대,mt
GUITRANS|Remove All Waypoints,Remove All Waypoints,경유지 전체 제거,mt
GUITRANS|Remove Highlighted Units from Battle Groups,Remove Highlighted Units from Battle Groups,강조된 유닛을 전투단에서 제거,mt
GUITRANS|Remove Selected Notice,Remove Selected Notice,선택한 알림 제거,mt
GUITRANS|Remove Selected Units from Battle Group,Remove Selected Units from Battle Group,선택 유닛을 전투단에서 제거,mt
GUITRANS|Rename Battle Group,Rename Battle Group,전투단 이름 변경,mt
GUITRANS|Rename Industrial Complex,Rename Industrial Complex,산업 단지 이름 변경,mt
GUITRANS|Rename Military Complex,Rename Military Complex,군사 단지 이름 변경,mt
GUITRANS|Repairing,Repairing,수리 중,mt
GUITRANS|Request Designs,Request Designs,설계 요청,mt
GUITRANS|Request Economic Aid,Request Economic Aid,경제 지원 요청,mt
GUITRANS|Request Military Aid,Request Military Aid,군사 지원 요청,mt
GUITRANS|Request Technology,Request Technology,기술 요청,mt
GUITRANS|Request Units,Request Units,유닛 요청,mt
GUITRANS|Research Time,Research Time,연구 시간,mt
GUITRANS|Researching Nuclear Weapons Technology,Researching Nuclear Weapons Technology,핵무기 기술 연구 중,mt
GUITRANS|Reserve Personnel,Reserve Personnel,예비 인원,mt
GUITRANS|Reset Battle Group Name,Reset Battle Group Name,전투단 이름 초기화,mt
GUITRANS|Restore Original Borders with Friendly Relations,Restore Original Borders with Friendly Relations,우호 관계로 원래 국경 복원,mt
GUITRANS|Resume,Resume,재개,mt
GUITRANS|ROE,ROE,,
GUITRANS|Rules of Engagement,Rules of Engagement,교전 규칙,mt
GUITRANS|Satellite Designs,Satellite Designs,위성 설계,mt
GUITRANS|SAVE GAME?,SAVE GAME?,게임을 저장할까요?,mt
GUITRANS|Scrap On Map Facilities,Scrap On Map Facilities,지도상 시설 폐기,mt
GUITRANS|Sea,Sea,바다,mt
GUITRANS|Security Council Votes +/- Results,Security Council Votes +/- Results,안전보장이사회 표결 +/- 결과,mt
GUITRANS|Select a Base to Set Rally Point,Select a Base to Set Rally Point,집결지를 정할 기지 선택,mt
GUITRANS|Select a Research Project,Select a Research Project,연구 프로젝트 선택,mt
GUITRANS|Select Battle Group to Add to Selected,Select Battle Group to Add to Selected,선택에 추가할 전투단 선택,mt
GUITRANS|Select Battle Group to Assign Hotkey,Select Battle Group to Assign Hotkey,단축키를 지정할 전투단 선택,mt
GUITRANS|Select Battle Group to Disband ,Select Battle Group to Disband ,해체할 전투단 선택 ,mt
GUITRANS|Select Battle Group to Rename,Select Battle Group to Rename,이름을 바꿀 전투단 선택,mt
GUITRANS|Select Facility Type to View Controls,Select Facility Type to View Controls,제어를 볼 시설 유형 선택,mt
GUITRANS|Select None <ESC>,Select None <ESC>,선택 해제 <ESC>,mt
GUITRANS|Select Only Air Units,Select Only Air Units,항공 유닛만 선택,mt
GUITRANS|Select Only Land Units,Select Only Land Units,지상 유닛만 선택,mt
GUITRANS|Select Only Naval Units,Select Only Naval Units,해군 유닛만 선택,mt
GUITRANS|Select Queued Unit to Cancel,Select Queued Unit to Cancel,취소할 대기 유닛 선택,mt
GUITRANS|Select Unit Design,Select Unit Design,유닛 설계 선택,mt
GUITRANS|Select Units to Create Battle Group,Select Units to Create Battle Group,전투단을 편성할 유닛 선택,mt
GUITRANS|Selected Units & Battle Groups,Selected Units & Battle Groups,선택된 유닛 및 전투단,mt
GUITRANS|Sell,Sell,판매,mt
GUITRANS|Set Diplomatic Action / Stance,Set Diplomatic Action / Stance,외교 행동 / 태세 설정,mt
GUITRANS|Set Rally Point,Set Rally Point,집결지 설정,mt
GUITRANS|Set ROE for All Units in Battle Zone,Set ROE for All Units in Battle Zone,전투 구역 전체 유닛 교전 규칙 설정,mt
GUITRANS|Set ROE for All Units in Theater,Set ROE for All Units in Theater,전구 전체 유닛 교전 규칙 설정,mt
GUITRANS|Set to Delivery Point,Set to Delivery Point,인도 지점으로 설정,mt
GUITRANS|Set Waypoint,Set Waypoint,경유지 설정,mt
GUITRANS|SHORT,SHORT,부족,mt
GUITRANS|Show City Names,Show City Names,도시 이름 표시,mt
GUITRANS|Show Country Overlay,Show Country Overlay,국가 오버레이 표시,mt
GUITRANS|Show HUD for Battle Zones,Show HUD for Battle Zones,전투 구역 HUD 표시,mt
GUITRANS|Show HUD for Complexes,Show HUD for Complexes,단지 HUD 표시,mt
GUITRANS|Show HUD for On Map Notices,Show HUD for On Map Notices,지도 알림 HUD 표시,mt
GUITRANS|Show HUD for Theaters,Show HUD for Theaters,전구 HUD 표시,mt
GUITRANS|Show HUD for Units,Show HUD for Units,유닛 HUD 표시,mt
GUITRANS|Show Only Queue,Show Only Queue,대기열만 표시,mt
GUITRANS|Show Research Queue,Show Research Queue,연구 대기열 표시,mt
GUITRANS|Show Unit Lists by Class,Show Unit Lists by Class,분류별 유닛 목록 표시,mt
GUITRANS|Show Waypoints,Show Waypoints,경유지 표시,mt
"GUITRANS|So, you need to cheat eh?","So, you need to cheat eh?","그래, 치트가 필요한가요?",mt
GUITRANS|Space Race,Space Race,우주 경쟁,mt
GUITRANS|SPACE RACE PROGRESS,SPACE RACE PROGRESS,우주 경쟁 진행도,mt
GUITRANS|Space Race Stage Completed,Space Race Stage Completed,우주 경쟁 단계 완료,mt
GUITRANS|Space Race Stage in Progress,Space Race Stage in Progress,우주 경쟁 단계 진행 중,mt
GUITRANS|Spending,Spending,지출,mt
GUITRANS|Spending Shortfalls,Spending Shortfalls,지출 부족분,mt
GUITRANS|SPHERE INFLUENCE FACTORS,SPHERE INFLUENCE FACTORS,세력권 영향 요인,mt
GUITRANS|STANCE WITH OTHER NATIONS,STANCE WITH OTHER NATIONS,타국에 대한 태세,mt
GUITRANS|Start,Start,시작,mt
GUITRANS|Start Battle Group Numbering at 11,Start Battle Group Numbering at 11,전투단 번호를 11부터 시작,mt
GUITRANS|Start Game Without Units,Start Game Without Units,유닛 없이 게임 시작,mt
GUITRANS|State of War with,State of War with,교전 상태:,mt
GUITRANS|STOCK,STOCK,재고,mt
GUITRANS|Stock Against Annual Demand Estimate,Stock Against Annual Demand Estimate,연간 수요 추정 대비 재고,mt
GUITRANS|Strong,Strong,강함,mt
GUITRANS|Support Foreign Troop Placement by This Region,Support Foreign Troop Placement by This Region,이 지역의 해외 파병 지지,mt
GUITRANS|Support Opposition,Support Opposition,야당 지원,mt
GUITRANS|Support Ruling Party,Support Ruling Party,여당 지원,mt
GUITRANS|Support Wars by This Region,Support Wars by This Region,이 지역의 전쟁 지지,mt
GUITRANS|SURPLUS / DEFICIT,SURPLUS / DEFICIT,흑자 / 적자,mt
GUITRANS|Switch Theaters,Switch Theaters,전구 전환,mt
GUITRANS|Taxation,Taxation,세금,mt
GUITRANS|Technologies,Technologies,기술,mt
GUITRANS|Technology Advantage,Technology Advantage,기술 우위,mt
GUITRANS|TECHNOLOGY DESCRIPTION,TECHNOLOGY DESCRIPTION,기술 설명,mt
GUITRANS|Technology Projects,Technology Projects,기술 프로젝트,mt
GUITRANS|Temporary Members,Temporary Members,비상임 이사국,mt
GUITRANS|TENSION FACTORS,TENSION FACTORS,긴장 요인,mt
GUITRANS|THEATER DETAILS,THEATER DETAILS,전구 상세,mt
GUITRANS|Theater Priorities,Theater Priorities,전구 우선순위,mt
GUITRANS|Theater Unit Allocation,Theater Unit Allocation,전구 유닛 할당,mt
GUITRANS|Theatre Overlay,Theatre Overlay,전구 오버레이,mt
GUITRANS|Theatre Settings,Theatre Settings,전구 설정,mt
GUITRANS|This Country is a Colony,This Country is a Colony,이 나라는 식민지입니다,mt
GUITRANS|Time for Mission Completion,Time for Mission Completion,임무 완료 시간,mt
GUITRANS|Total Shortfall,Total Shortfall,총 부족분,mt
GUITRANS|TRADE,TRADE,무역,mt
GUITRANS|Trade Sanctions,Trade Sanctions,무역 제재,mt
GUITRANS|TRADES,TRADES,교역,mt
GUITRANS|TREASURY,TREASURY,국고,mt
GUITRANS|Unit Count,Unit Count,유닛 수,mt
GUITRANS|Unit Deployment,Unit Deployment,유닛 배치,mt
GUITRANS|Unit Designs,Unit Designs,유닛 설계,mt
GUITRANS|Unit Focus,Unit Focus,유닛 중점,mt
GUITRANS|Unit of Measure,Unit of Measure,측정 단위,mt
GUITRANS|Unit Orders,Unit Orders,유닛 명령,mt
GUITRANS|Unit Priority,Unit Priority,유닛 우선순위,mt
GUITRANS|Unit Reserves,Unit Reserves,유닛 예비 전력,mt
GUITRANS|Unit Set for Opportunity Fire - Attack Any Enemy,Unit Set for Opportunity Fire - Attack Any Enemy,기회 사격 - 모든 적 공격,mt
GUITRANS|UNITED NATIONS,UNITED NATIONS,유엔,mt
GUITRANS|Units in Inventory,Units in Inventory,보유 유닛,mt
GUITRANS|Units in Production,Units in Production,생산 중 유닛,mt
GUITRANS|Units in Queue,Units in Queue,대기열 유닛,mt
GUITRANS|Units Path Around,Units Path Around,유닛 우회 경로,mt
GUITRANS|Units Queued,Units Queued,대기 중 유닛,mt
GUITRANS|Unload Missile Group from Platform,Unload Missile Group from Platform,플랫폼 미사일 그룹 하역,mt
GUITRANS|UNMET,UNMET,미충족,mt
GUITRANS|Un-Pin Panel,Un-Pin Panel,패널 고정 해제,mt
GUITRANS|UNUSED,UNUSED,미사용,mt
GUITRANS|Ureq,Ureq,,
GUITRANS|USA,USA,,
GUITRANS|USA - ,USA - ,,
GUITRANS|USSR,USSR,,
GUITRANS|USSR - ,USSR - ,,
GUITRANS|Victory Location,Victory Location,승리 지점,mt
GUITRANS|WARSAW PACT,WARSAW PACT,바르샤바 조약기구,mt
GUITRANS|Weak,Weak,약함,mt
GUITRANS|Weapons Technologies,Weapons Technologies,무기 기술,mt
GUITRANS|World Opinion,World Opinion,세계 여론,mt
GUITRANS|WORLD THEATERS,WORLD THEATERS,세계 전구,mt
GUITRANS|World Volatility,World Volatility,세계 불안정도,mt
GUITRANS|You have conquered,You have conquered,정복했습니다:,mt
GUITRANS|Zoom In,Zoom In,확대,mt
GUITRANS|Zoom Out,Zoom Out,축소,mt
GUITRANS|Do Not Auto-Delete This Message,Do Not Auto-Delete This Message,이 메시지 자동 삭제 안 함,mt
GUITRANS|Open Full Message,Open Full Message,전체 메시지 열기,mt
GUITRANS|CONCERNS,CONCERNS,우려 사항,mt
GUITRANS|BENEFITS,BENEFITS,이점,mt
GUITRANS|Pre-requisite Required,Pre-requisite Required,선행 조건 필요,mt
GUITRANS|Location Details,Location Details,위치 상세,mt
GUITRANS|Human Player,Human Player,인간 플레이어,mt
GUITRANS|Unit Presence,Unit Presence,유닛 주둔,mt
GUITRANS|Transportation,Transportation,교통,mt
GUITRANS|Lock Minister from Garrison Control,Lock Minister from Garrison Control,장관의 수비대 통제 잠금,mt
GUITRANS|Increase,Increase,증가,mt
GUITRANS|Max,Max,최대,mt
GUITRANS|Decrease,Decrease,감소,mt
GUITRANS|Min,Min,최소,mt
GUITRANS|INITIATIVE,INITIATIVE,재량권,mt
GUITRANS|MAINT & TRAINING,MAINT & TRAINING,정비 및 훈련,mt
GUITRANS|Fabrication,Fabrication,제조창,mt
GUITRANS|Units in Fabrication,Units in Fabrication,제조 중 유닛,mt
GUITRANS|Fabrication Capacity,Fabrication Capacity,제조 용량,mt
GUITRANS|Target Types,Target Types,표적 유형,mt
GUITRANS|Missile Build Settings,Missile Build Settings,미사일 생산 설정,mt
GUITRANS|Unit Build Settings,Unit Build Settings,유닛 생산 설정,mt
GUITRANS|Active + Reserve Personnel,Active + Reserve Personnel,현역 + 예비 인원,mt
GUITRANS|No Missile Selected,No Missile Selected,선택된 미사일 없음,mt
GUITRANS|Autodeploy Selected Missile,Autodeploy Selected Missile,선택 미사일 자동 배치,mt
GUITRANS|Defense Condition,Defense Condition,방어 태세 단계,mt
GUITRANS|GLOBAL RULES OF ENGAGEMENT,GLOBAL RULES OF ENGAGEMENT,전체 교전 규칙,mt
GUITRANS|INDIVIDUAL RULES OF ENGAGEMENT,INDIVIDUAL RULES OF ENGAGEMENT,개별 교전 규칙,mt
GUITRANS|Missile Acceptance,Missile Acceptance,미사일 수용,mt
GUITRANS|Opportunity Fire,Opportunity Fire,기회 사격,mt
GUITRANS|Approach,Approach,접근,mt
GUITRANS|Minister Control,Minister Control,장관 통제,mt
GUITRANS|Accept Changes,Accept Changes,변경 수락,mt
GUITRANS|Deny Changes,Deny Changes,변경 거절,mt
GUITRANS|Future Units Only,Future Units Only,신규 유닛만,mt
GUITRANS|Apply ROE as Default to Future Units Only,Apply ROE as Default to Future Units Only,신규 유닛에만 교전 규칙을 기본값으로 적용,mt
GUITRANS|Current and Future Units,Current and Future Units,기존 및 신규 유닛,mt
GUITRANS|Apply ROE Globally to Current and Future Units,Apply ROE Globally to Current and Future Units,기존 및 신규 유닛 전체에 교전 규칙 적용,mt
GUITRANS|Allow Air Units to Path Over Neutral Regions,Allow Air Units to Path Over Neutral Regions,항공 유닛의 중립 지역 상공 통과 허용,mt
GUITRANS|Attack Neutrals Regions that Incur,Attack Neutrals Regions that Incur,침범하는 중립 지역 공격,mt
GUITRANS|Attack Neutral Regions that Incur,Attack Neutral Regions that Incur,침범하는 중립 지역 공격,mt
GUITRANS|Capitals,Capitals,수도,mt
GUITRANS|Colonies,Colonies,식민지,mt
GUITRANS|Cc...,Cc...,,
GUITRANS|FACILITY CONTROLS,FACILITY CONTROLS,시설 제어,mt
GUITRANS|Build Facilities On Map,Build Facilities On Map,지도상 시설 건설,mt
GUITRANS|Start Game,Start Game,게임 시작,mt
GUITRANS|Exit Game,Exit Game,게임 종료,mt
GUITRANS|Theater Overlay,Theater Overlay,전구 오버레이,mt
GUITRANS|Reset Filters,Reset Filters,필터 초기화,mt
GUITRANS|Research Projects Required,Research Projects Required,필요 연구 프로젝트,mt
GUITRANS|Build Facilities Required,Build Facilities Required,필요 건설 시설,mt
GUITRANS|Achieve Man on the Moon,Achieve Man on the Moon,유인 달 착륙 달성,mt
GUITRANS|Improve International Relations,Improve International Relations,국제 관계 개선,mt
GUITRANS|Weaken the Opposing Sphere,Weaken the Opposing Sphere,상대 세력권 약화,mt
GUITRANS|Strategic Targeting Pool,Strategic Targeting Pool,전략 표적 풀,mt
GUITRANS|Declaration of War - WWIII,Declaration of War - WWIII,선전포고 - 3차 세계대전,mt
GUITRANS|DEFCON 1 - Nuclear War,DEFCON 1 - Nuclear War,데프콘 1 - 핵전쟁,mt
GUITRANS|Strategic Platforms Launch,Strategic Platforms Launch,전략 플랫폼 발사,mt
GUITRANS|Nuclear Missiles Launch on Targets,Nuclear Missiles Launch on Targets,표적에 핵미사일 발사,mt
GUITRANS|Retaliation by Enemy,Retaliation by Enemy,적의 보복,mt
GUITRANS|Last Day Sphere Trend,Last Day Sphere Trend,전일 세력권 추이,mt
GUITRANS|COMPLEX LISTS,COMPLEX LISTS,단지 목록,mt
GUITRANS|Victory Conditions,Victory Conditions,승리 조건,mt
GUITRANS|Set Government Type,Set Government Type,정부 형태 설정,mt
GUITRANS|Set Political Leaning,Set Political Leaning,정치 성향 설정,mt
GUITRANS|AI Tendancy to Create Alliances and Declare War,AI Tendancy to Create Alliances and Declare War,AI의 동맹 결성·선전포고 성향,mt
GUITRANS|Use Historical Events,Use Historical Events,역사적 사건 사용,mt
GUITRANS|Events Timeline,Events Timeline,사건 연표,mt
GUITRANS|GENERAL,GENERAL,일반,mt
GUITRANS|MAP,MAP,지도,mt
GUITRANS|CONTROLS,CONTROLS,조작,mt
GUITRANS|FILES,FILES,파일,mt
GUITRANS|GRAPHICS,GRAPHICS,그래픽,mt
GUITRANS|SOUND,SOUND,소리,mt
GUITRANS|Reset Hidden Messages,Reset Hidden Messages,숨긴 메시지 초기화,mt
GUITRANS|Notification on Wars and Alliances,Notification on Wars and Alliances,전쟁·동맹 알림,mt
GUITRANS|Reverse Mouse Button Selecton Action,Reverse Mouse Button Selecton Action,마우스 버튼 선택 동작 반전,mt
GUITRANS|Run Game in Windowed Mode,Run Game in Windowed Mode,창 모드로 실행,mt
GUITRANS|Clear All Theater Messages,Clear All Theater Messages,전구 메시지 전체 삭제,mt
GUITRANS|Conventional Forces Leader,Conventional Forces Leader,재래식 전력 선두,mt
GUITRANS|Lock Minister from Garrisons,Lock Minister from Garrisons,장관의 수비대 잠금,mt
GUITRANS|Estimated Time for Mission Completion,Estimated Time for Mission Completion,임무 완료 예상 시간,mt
GUITRANS|Assign Spies to Map for Mission,Assign Spies to Map for Mission,임무를 위해 지도에 첩보원 배정,mt
GUITRANS|Select a Map Location,Select a Map Location,지도 위치 선택,mt
GUITRANS|Can't Assign Mission,Can't Assign Mission,임무를 배정할 수 없음,mt
GUITRANS|Funding,Funding,자금 지원,mt
GUITRANS|kg,kg,,
GUITRANS|Offer Economic Aid,Offer Economic Aid,경제 지원 제안,mt
GUITRANS|Sanctions,Sanctions,제재,mt
GUITRANS|Offer Products,Offer Products,상품 제안,mt
GUITRANS|TRADE FOCUS,TRADE FOCUS,무역 중점,mt
GUITRANS|AUTO ACCEPT OFFERS,AUTO ACCEPT OFFERS,제안 자동 수락,mt
GUITRANS|Auto Accept Future Balanced or Better Product and Money Offers,Auto Accept Future Balanced or Better Product and Money Offers,균형 이상의 상품·금전 제안 자동 수락,mt
GUITRANS|ON,ON,켬,mt
GUITRANS|Seize control of your military to maintain your position.,Seize control of your military to maintain your position.,군 통제권을 장악해 지위를 유지하십시오.,mt
GUITRANS|Strategic Attack Force Size,Strategic Attack Force Size,전략 공격 전력 규모,mt
GUITRANS|ASSIGNED MISSILES,ASSIGNED MISSILES,배정된 미사일,mt
GUITRANS|Remove all Missiles from Pool,Remove all Missiles from Pool,풀에서 미사일 전체 제거,mt
GUITRANS|Select a Missile from the Pool,Select a Missile from the Pool,풀에서 미사일 선택,mt
GUITRANS|ASSIGNED PLATFORMS,ASSIGNED PLATFORMS,배정된 플랫폼,mt
GUITRANS|Add Platform to Pool,Add Platform to Pool,풀에 플랫폼 추가,mt
GUITRANS|Select a Platform from Reserves,Select a Platform from Reserves,예비 전력에서 플랫폼 선택,mt
GUITRANS|Add All Missiles to Pool,Add All Missiles to Pool,풀에 미사일 전체 추가,mt
GUITRANS|Select a Missile from Reserves,Select a Missile from Reserves,예비 전력에서 미사일 선택,mt
GUITRANS|Add Missile to Pool,Add Missile to Pool,풀에 미사일 추가,mt
GUITRANS|Remove Platform from Pool,Remove Platform from Pool,풀에서 플랫폼 제거,mt
GUITRANS|Select a Platform from the Pool,Select a Platform from the Pool,풀에서 플랫폼 선택,mt
GUITRANS|Remove all Platforms from Pool,Remove all Platforms from Pool,풀에서 플랫폼 전체 제거,mt
GUITRANS|Add All Platforms to Pool,Add All Platforms to Pool,풀에 플랫폼 전체 추가,mt
GUITRANS|Remove Missile from Pool,Remove Missile from Pool,풀에서 미사일 제거,mt
GUITRANS|AVAILABLE PLATFORMS,AVAILABLE PLATFORMS,사용 가능 플랫폼,mt
GUITRANS|POOL,POOL,풀,mt
GUITRANS|RESERVES,RESERVES,예비 전력,mt
GUITRANS|USA Rating,USA Rating,미국 평가,mt
GUITRANS|USSR Rating,USSR Rating,소련 평가,mt
GUITRANS|Turn on Strategic Launch Capability,Turn on Strategic Launch Capability,전략 발사 능력 켜기,mt
GUITRANS|Strategic Launch Capability is On,Strategic Launch Capability is On,전략 발사 능력 켜짐,mt
GUITRANS|Strategic Launch Not Available,Strategic Launch Not Available,전략 발사 불가,mt
GUITRANS|Launch Strategic Attack,Launch Strategic Attack,전략 공격 발사,mt
GUITRANS|Strategic Launch Confirmed,Strategic Launch Confirmed,전략 발사 확정,mt
GUITRANS|Can't Strategic Launch,Can't Strategic Launch,전략 발사 불가,mt
GUITRANS|RENAME BATTLE GROUP,RENAME BATTLE GROUP,전투단 이름 변경,mt
GUITRANS|Prerequisite Technologies,Prerequisite Technologies,선행 기술,mt
GUITRANS|Focus Technology Information,Focus Technology Information,중점 기술 정보,mt
GUITRANS|Access to Technologies,Access to Technologies,기술 접근,mt
GUITRANS|Show / Hide Colonies,Show / Hide Colonies,식민지 표시 / 숨기기,mt
GUITRANS|REGIONAL ATLAS,REGIONAL ATLAS,지역 지도책,mt
GUITRANS|Governement Funding,Governement Funding,정부 자금,mt
GUITRANS|Opposition Funding,Opposition Funding,야당 자금,mt
GUITRANS|Insurgency Funding,Insurgency Funding,반군 자금,mt
GUITRANS|Espionage Costs,Espionage Costs,첩보 비용,mt
GUITRANS|Opinion of Foreign Troop Placement by This Region,Opinion of Foreign Troop Placement by This Region,이 지역의 해외 파병에 대한 여론,mt
GUITRANS|Opinion of Wars by This Region,Opinion of Wars by This Region,이 지역의 전쟁에 대한 여론,mt
GUITRANS|Proxy Wars Possible from this Region,Proxy Wars Possible from this Region,이 지역에서 대리전 가능,mt
GUITRANS|Required Technology,Required Technology,필요 기술,mt
GUITRANS|Milestone 2,Milestone 2,단계 2,mt
GUITRANS|Facility Build Required,Facility Build Required,시설 건설 필요,mt
GUITRANS|Milestone 3,Milestone 3,단계 3,mt
GUITRANS|Satellite Launch Required,Satellite Launch Required,위성 발사 필요,mt
GUITRANS|Milestone 4,Milestone 4,단계 4,mt
GUITRANS|Milestone 5,Milestone 5,단계 5,mt
GUITRANS|Milestone 6,Milestone 6,단계 6,mt
GUITRANS|Milestone 1,Milestone 1,단계 1,mt
GUITRANS|SPACE RACE,SPACE RACE,우주 경쟁,mt
GUITRANS|NASA,NASA,,
GUITRANS|NHTEPKOCMOC,NHTEPKOCMOC,,
GUITRANS|Required Facility,Required Facility,필요 시설,mt
GUITRANS|Required Technologies,Required Technologies,필요 기술,mt
GUITRANS|Not Achieved,Not Achieved,미달성,mt
GUITRANS|Achieved,Achieved,달성,mt
GUITRANS|Allies & Enemies,Allies & Enemies,동맹국과 적,mt
GUITRANS|Select a Different Country to Negotiate,Select a Different Country to Negotiate,협상할 다른 국가 선택,mt
GUITRANS|Actions Against,Actions Against,대상 행동,mt
GUITRANS|Select a Different Country to Perform Actions,Select a Different Country to Perform Actions,행동할 다른 국가 선택,mt
GUITRANS|Severe Actions,Severe Actions,강경 행동,mt
GUITRANS|Center on Region,Center on Region,지역으로 이동,mt
GUITRANS|Theater Settings,Theater Settings,전구 설정,mt
GUITRANS|PRODUCERS,PRODUCERS,생산자,mt
GUITRANS|CONSUMERS,CONSUMERS,소비자,mt
GUITRANS|WORLD LEADERS,WORLD LEADERS,세계 지도자,mt
GUITRANS|RAW MATERIALS,RAW MATERIALS,원자재,mt
GUITRANS|EXPORTS,EXPORTS,수출,mt
GUITRANS|IMPORTS,IMPORTS,수입,mt
GUITRANS|LOCK,LOCK,잠금,mt
GUITRANS|Market Exports,Market Exports,시장 수출,mt
GUITRANS|Market Imports,Market Imports,시장 수입,mt
GUITRANS|Industry Controls,Industry Controls,산업 제어,mt
GUITRANS|Cabinet Minister,Cabinet Minister,내각 장관,mt
GUITRANS|Materials,Materials,자재,mt
GUITRANS|Last Day Trades,Last Day Trades,전일 교역,mt
GUITRANS|Space Race Technology,Space Race Technology,우주 경쟁 기술,mt
GUITRANS|Era Technology,Era Technology,시대 기술,mt
GUITRANS|Tech Is a Pre-Requisite,Tech Is a Pre-Requisite,선행 조건인 기술,mt
GUITRANS|Known Technologies,Known Technologies,보유 기술,mt
GUITRANS|RESEARCH QUEUE,RESEARCH QUEUE,연구 대기열,mt
GUITRANS|AVAILABLE PROJECTS,AVAILABLE PROJECTS,가능한 프로젝트,mt
GUITRANS|BONDS REPORT,BONDS REPORT,채권 보고서,mt
GUITRANS|Change From Previous Day,Change From Previous Day,전일 대비 변화,mt
GUITRANS|Max Available Per Day,Max Available Per Day,일일 최대 가능량,mt
GUITRANS|Bond Debt,Bond Debt,채권 부채,mt
GUITRANS|New Debt Interest Rate,New Debt Interest Rate,신규 부채 금리,mt
GUITRANS|LIST OF RESERVE FACILITIES,LIST OF RESERVE FACILITIES,예비 시설 목록,mt
GUITRANS|SPHERES,SPHERES,세력권,mt
GUITRANS|/ Day,/ Day,/ 일,mt
GUITRANS|Automatic Formal Alliance Costs,Automatic Formal Alliance Costs,정식 동맹 자동 비용,mt
GUITRANS|No Funding,No Funding,자금 없음,mt
GUITRANS|Provide Modern Equipment,Provide Modern Equipment,현대식 장비 제공,mt
GUITRANS|MILITARY,MILITARY,군사,mt
GUITRANS|COLONY,COLONY,식민지,mt
GUITRANS|FUND INSURGENCY,FUND INSURGENCY,반군 자금 지원,mt
GUITRANS|Break All Treaties with This Region,Break All Treaties with This Region,이 지역과 모든 조약 파기,mt
GUITRANS|Cannot Set Trade with Colony,Cannot Set Trade with Colony,식민지와 무역 설정 불가,mt
GUITRANS|STANCE,STANCE,태세,mt
GUITRANS|WAR,WAR,전쟁,mt
GUITRANS|No Opinion,No Opinion,의견 없음,mt
GUITRANS|Country Information,Country Information,국가 정보,mt
GUITRANS|TOTAL STATE FUNDING,TOTAL STATE FUNDING,국가 자금 총계,mt
GUITRANS|Total Espionage,Total Espionage,첩보 총계,mt
GUITRANS|Government Support,Government Support,정부 지지,mt
GUITRANS|Sphere Colour,Sphere Colour,세력권 색상,mt
GUITRANS|Sphere Name,Sphere Name,세력권 이름,mt
GUITRANS|ANNUAL EXPENSES,ANNUAL EXPENSES,연간 지출,mt
GUITRANS|DAILY EXPENSES,DAILY EXPENSES,일일 지출,mt
GUITRANS|Trades Given,Trades Given,제공한 교역,mt
GUITRANS|ANNUAL INCOME,ANNUAL INCOME,연간 수익,mt
GUITRANS|DAILY INCOME,DAILY INCOME,일일 수익,mt
GUITRANS|Low Income Tax,Low Income Tax,저소득세,mt
GUITRANS|High Income Tax,High Income Tax,고소득세,mt
GUITRANS|Pension Tax,Pension Tax,연금세,mt
GUITRANS|Sales Tax,Sales Tax,판매세,mt
GUITRANS|Small Business Tax,Small Business Tax,소기업세,mt
GUITRANS|Corporate Tax,Corporate Tax,법인세,mt
GUITRANS|Property Tax,Property Tax,재산세,mt
GUITRANS|Trade Received,Trade Received,수령한 교역,mt
GUITRANS|Bonds,Bonds,채권,mt
GUITRANS|New Investment,New Investment,신규 투자,mt
GUITRANS|SOCIAL SPENDING,SOCIAL SPENDING,사회 지출,mt
GUITRANS|TAXATION,TAXATION,세금,mt
GUITRANS|Annual Taxation,Annual Taxation,연간 세금,mt
GUITRANS|Daily Taxation,Daily Taxation,일일 세금,mt
GUITRANS|Government Funding,Government Funding,정부 자금,mt
GUITRANS|AACHEN ENGLISH,AACHEN ENGLISH,,
GUITRANS|LOCATION DETAILS,LOCATION DETAILS,위치 상세,mt
GUITRANS|UNIT PRESENCE,UNIT PRESENCE,유닛 주둔,mt
GUITRANS|Regional Atlas,Regional Atlas,지역 지도책,mt
GUITRANS|DEFENSE CONDITION,DEFENSE CONDITION,방어 태세 단계,mt
GUITRANS|FABRICATION OPTIONS,FABRICATION OPTIONS,제조 옵션,mt
GUITRANS|Critical,Critical,위급,mt
GUITRANS|(Click to Set Desired Quantity),(Click to Set Desired Quantity),(클릭하여 원하는 수량 설정),mt
GUITRANS|Activate Battle Zone Overlay,Activate Battle Zone Overlay,전투 구역 오버레이 활성화,mt
GUITRANS|Add Project to Research,Add Project to Research,연구에 프로젝트 추가,mt
GUITRANS|Add To Research,Add To Research,연구에 추가,mt
GUITRANS|Air Combat,Air Combat,공중전,mt
GUITRANS|ALERT CONDITION,ALERT CONDITION,경계 상태,mt
GUITRANS|Alert Messages,Alert Messages,경보 메시지,mt
GUITRANS|Alerts List in Descending Order,Alerts List in Descending Order,경보 목록 내림차순,mt
GUITRANS|All Facilities Allowing Repairs,All Facilities Allowing Repairs,수리 허용 시설 전체,mt
GUITRANS|ALLIED REGIONS,ALLIED REGIONS,동맹 지역,mt
GUITRANS|Allow Merchant Marine to Path Through Neutral Regions,Allow Merchant Marine to Path Through Neutral Regions,상선의 중립 지역 통과 허용,mt
GUITRANS|Alternate HUD Block Style,Alternate HUD Block Style,HUD 블록 대체 스타일,mt
GUITRANS|Annex Colony of,Annex Colony of,합병할 식민지:,mt
GUITRANS|Annex This Colony,Annex This Colony,이 식민지 합병,mt
GUITRANS|Apply to All,Apply to All,전체에 적용,mt
GUITRANS|Apply to New,Apply to New,신규에 적용,mt
GUITRANS|ARMY STAFF,ARMY STAFF,육군 참모부,mt
GUITRANS|ASSIGN SPIES,ASSIGN SPIES,첩보원 배정,mt
GUITRANS|Austria,Austria,오스트리아,mt
GUITRANS|Austria Surrenders,Austria Surrenders,오스트리아 항복,mt
GUITRANS|Auto Accept Future Balanced or Better Commodity and Money Offers,Auto Accept Future Balanced or Better Commodity and Money Offers,균형 이상의 상품·금전 제안 자동 수락,mt
GUITRANS|Auto Reject Future Balanced or Better Commodity and Money Offers,Auto Reject Future Balanced or Better Commodity and Money Offers,균형 이상의 상품·금전 제안 자동 거절,mt
GUITRANS|Auto Trading Allowed,Auto Trading Allowed,자동 교역 허용,mt
GUITRANS|Auto Trading Not Allowed,Auto Trading Not Allowed,자동 교역 불허,mt
GUITRANS|Autodeploy is OFF,Autodeploy is OFF,자동 배치 꺼짐,mt
GUITRANS|Autodeploy is ON,Autodeploy is ON,자동 배치 켜짐,mt
GUITRANS|AVAILABLE,AVAILABLE,사용 가능,mt
GUITRANS|AVAILABLE RESEARCH,AVAILABLE RESEARCH,가능한 연구,mt
GUITRANS|Average Social Rating,Average Social Rating,평균 사회 평가,mt
GUITRANS|Base Popup,Base Popup,기지 팝업,mt
GUITRANS|Battle of the Atlantic,Battle of the Atlantic,대서양 전투,mt
GUITRANS|Battle Zone Controls,Battle Zone Controls,전투 구역 제어,mt
GUITRANS|Battle Zone Overlay,Battle Zone Overlay,전투 구역 오버레이,mt
GUITRANS|BattleZone Settings,BattleZone Settings,전투 구역 설정,mt
GUITRANS|Battlezones,Battlezones,전투 구역,mt
GUITRANS|Begin Research of Design,Begin Research of Design,설계 연구 시작,mt
GUITRANS|Best Offer,Best Offer,최고 제안,mt
GUITRANS|Borders: Off,Borders: Off,국경: 끔,mt
GUITRANS|Borders: On,Borders: On,국경: 켬,mt
GUITRANS|Break All Treaties with This Nation,Break All Treaties with This Nation,이 나라와 모든 조약 파기,mt
GUITRANS|Briefing,Briefing,브리핑,mt
GUITRANS|Broad Focus,Broad Focus,광범위 중점,mt
GUITRANS|BUILD CAPACITY,BUILD CAPACITY,건설 용량,mt
GUITRANS|BUILD RAILS,BUILD RAILS,철도 건설,mt
GUITRANS|Building,Building,건설 중,mt
GUITRANS|Buy Now,Buy Now,즉시 구매,mt
GUITRANS|BZone,BZone,,
GUITRANS|CABINET PRIORITIES,CABINET PRIORITIES,내각 우선순위,mt
GUITRANS|Cancel Project,Cancel Project,프로젝트 취소,mt
GUITRANS|Cancel Scrapping,Cancel Scrapping,폐기 취소,mt
GUITRANS|Catch All,Catch All,기타 전체,mt
GUITRANS|Center on Objective Location,Center on Objective Location,목표 위치로 이동,mt
GUITRANS|Civilian,Civilian,민간,mt
GUITRANS|Clear All Garrisons in Battle Zone,Clear All Garrisons in Battle Zone,전투 구역 수비대 전체 해제,mt
GUITRANS|Clear All Garrisons in Theater,Clear All Garrisons in Theater,전구 수비대 전체 해제,mt
GUITRANS|Clear Garrisons,Clear Garrisons,수비대 해제,mt
GUITRANS|Clear Messages in this Category,Clear Messages in this Category,이 분류 메시지 삭제,mt
GUITRANS|Clear Water resources,Clear Water resources,수자원 해제,mt
GUITRANS|Click to Allow Economic Offers from this Region,Click to Allow Economic Offers from this Region,클릭하면 이 지역의 경제 제안을 허용합니다,mt
GUITRANS|Click to Allow Military Unit Offers from this Region,Click to Allow Military Unit Offers from this Region,클릭하면 이 지역의 군 유닛 제안을 허용합니다,mt
GUITRANS|Click to Ignore Economic Offers from this Region,Click to Ignore Economic Offers from this Region,클릭하면 이 지역의 경제 제안을 무시합니다,mt
GUITRANS|Click to Ignore Military Unit Offers from this Region,Click to Ignore Military Unit Offers from this Region,클릭하면 이 지역의 군 유닛 제안을 무시합니다,mt
GUITRANS|Click to open Objectives List,Click to open Objectives List,클릭하면 목표 목록을 엽니다,mt
GUITRANS|Close Objectives,Close Objectives,목표 닫기,mt
GUITRANS|COLONIES,COLONIES,식민지,mt
GUITRANS|Commodity and Population filters,Commodity and Population filters,상품 및 인구 필터,mt
GUITRANS|Commodity Filters,Commodity Filters,상품 필터,mt
GUITRANS|Consumers/Producers,Consumers/Producers,소비자/생산자,mt
GUITRANS|Continuous Build is OFF,Continuous Build is OFF,연속 생산 꺼짐,mt
GUITRANS|Continuous Build is ON,Continuous Build is ON,연속 생산 켜짐,mt
GUITRANS|Cost and Time for this Technology Only,Cost and Time for this Technology Only,이 기술만의 비용과 시간,mt
GUITRANS|Count of Days for Events,Count of Days for Events,사건 일수,mt
GUITRANS|Create an Offer to Send,Create an Offer to Send,보낼 제안 작성,mt
GUITRANS|CREDIT RATING,CREDIT RATING,신용 등급,mt
GUITRANS|Critical International Opinion,Critical International Opinion,비판적 국제 여론,mt
GUITRANS|CURRENT MISSIONS,CURRENT MISSIONS,현재 임무,mt
GUITRANS|Custom Priorities,Custom Priorities,사용자 지정 우선순위,mt
GUITRANS|Days Remaining,Days Remaining,남은 일수,mt
GUITRANS|Deactivate Battle Zone Overlay,Deactivate Battle Zone Overlay,전투 구역 오버레이 비활성화,mt
GUITRANS|DEFENSE,DEFENSE,국방,mt
GUITRANS|Delay Repairs,Delay Repairs,수리 지연,mt
GUITRANS|Delete,Delete,삭제,mt
GUITRANS|Delete selected component,Delete selected component,선택 부품 삭제,mt
GUITRANS|Details,Details,상세,mt
GUITRANS|Development History,Development History,개발 이력,mt
GUITRANS|Development Rate,Development Rate,개발 속도,mt
GUITRANS|DIPLOMACY,DIPLOMACY,외교,mt
GUITRANS|Diplomatic,Diplomatic,외교,mt
GUITRANS|DIPLOMATIC INFORMATION,DIPLOMATIC INFORMATION,외교 정보,mt
GUITRANS|Diplomatic Merchant Marine,Diplomatic Merchant Marine,외교 상선단,mt
GUITRANS|Diplomatic Overture,Diplomatic Overture,외교적 타진,mt
GUITRANS|DIPLOMATIC RELATIONS,DIPLOMATIC RELATIONS,외교 관계,mt
GUITRANS|Disable Structure Auto Repair in Battle Zone,Disable Structure Auto Repair in Battle Zone,전투 구역 구조물 자동 수리 끄기,mt
GUITRANS|Disable Structure Auto Repair in Theater,Disable Structure Auto Repair in Theater,전구 구조물 자동 수리 끄기,mt
GUITRANS|Do Not Open Help when New Messages Arrive,Do Not Open Help when New Messages Arrive,새 메시지 도착 시 도움말 열지 않기,mt
GUITRANS|Dollars,Dollars,달러,mt
GUITRANS|DOMESTIC INFORMATION,DOMESTIC INFORMATION,국내 정보,mt
GUITRANS|ECONOMIC INFORMATION,ECONOMIC INFORMATION,경제 정보,mt
GUITRANS|ECONOMY,ECONOMY,경제,mt
GUITRANS|Electricity Sales,Electricity Sales,전력 판매,mt
GUITRANS|Enable Structure Auto Repair in Battle Zone,Enable Structure Auto Repair in Battle Zone,전투 구역 구조물 자동 수리 켜기,mt
GUITRANS|Enable Structure Auto Repair in Theater,Enable Structure Auto Repair in Theater,전구 구조물 자동 수리 켜기,mt
GUITRANS|Enable Weather System in Game,Enable Weather System in Game,게임 내 날씨 시스템 사용,mt
GUITRANS|ENEMY REGIONS,ENEMY REGIONS,적 지역,mt
GUITRANS|Enemy Units in Zone of Control,Enemy Units in Zone of Control,통제 구역 내 적 유닛,mt
GUITRANS|ESPIONAGE,ESPIONAGE,첩보,mt
GUITRANS|Espionage Priority,Espionage Priority,첩보 우선순위,mt
GUITRANS|Estimated Research Cost/Time,Estimated Research Cost/Time,예상 연구 비용/시간,mt
GUITRANS|Existing Agreements,Existing Agreements,기존 협정,mt
GUITRANS|Expected Response,Expected Response,예상 반응,mt
GUITRANS|EXPENSE REPORT,EXPENSE REPORT,지출 보고서,mt
GUITRANS|Experimental,Experimental,실험적,mt
GUITRANS|Fabrication Growth,Fabrication Growth,제조 성장,mt
GUITRANS|Facilities and Complex,Facilities and Complex,시설 및 단지,mt
GUITRANS|FACILITIES AND COMPLEXES,FACILITIES AND COMPLEXES,시설 및 단지,mt
GUITRANS|Facility Designs,Facility Designs,시설 설계,mt
GUITRANS|Fill,Fill,채우기,mt
GUITRANS|Filter by Class,Filter by Class,분류별 필터,mt
GUITRANS|Filter List,Filter List,목록 필터,mt
GUITRANS|Filter Unit Selection,Filter Unit Selection,유닛 선택 필터,mt
GUITRANS|Frame (zero = random),Frame (zero = random),프레임 (0 = 무작위),mt
GUITRANS|Further Details,Further Details,추가 상세,mt
GUITRANS|Game Paused,Game Paused,게임 일시 정지,mt
"GUITRANS|Garrison Building Not Permitted,¶Enemy Units in Zone of Control","Garrison Building Not Permitted,¶Enemy Units in Zone of Control","수비대 편성 불가,¶통제 구역 내 적 유닛 존재",mt
GUITRANS|GDP Ranking,GDP Ranking,GDP 순위,mt
GUITRANS|GOVERNMENT TYPE,GOVERNMENT TYPE,정부 형태,mt
GUITRANS|Grant Independence To,Grant Independence To,독립 승인 대상:,mt
GUITRANS|Graphics Resolution,Graphics Resolution,그래픽 해상도,mt
GUITRANS|HELP,HELP,도움말,mt
GUITRANS|Help Message Highlights Default Off,Help Message Highlights Default Off,도움말 강조 기본값 끔,mt
GUITRANS|Help Message Highlights Default On,Help Message Highlights Default On,도움말 강조 기본값 켬,mt
GUITRANS|Help System Auto-Highlight,Help System Auto-Highlight,도움말 자동 강조,mt
GUITRANS|Hex Point Value,Hex Point Value,헥스 점수,mt
GUITRANS|Hide Help Highlights for this Message,Hide Help Highlights for this Message,이 메시지의 도움말 강조 숨기기,mt
GUITRANS|Highlight Selected Battle Zone,Highlight Selected Battle Zone,선택 전투 구역 강조,mt
GUITRANS|Highlight Selected Theater,Highlight Selected Theater,선택 전구 강조,mt
GUITRANS|Hold In Queue,Hold In Queue,대기열 보류,mt
GUITRANS|Hotkeys,Hotkeys,단축키,mt
GUITRANS|Hotspot Settings,Hotspot Settings,핫스팟 설정,mt
GUITRANS|HOTSPOTS,HOTSPOTS,핫스팟,mt
GUITRANS|Imports/Exports,Imports/Exports,수입/수출,mt
GUITRANS|Include All Enemies of our Region,Include All Enemies of our Region,우리 지역의 모든 적 포함,mt
GUITRANS|Include allies of target,Include allies of target,표적의 동맹국 포함,mt
GUITRANS|INCOME REPORT,INCOME REPORT,수익 보고서,mt
GUITRANS|INFLUENCE RELATIONS,INFLUENCE RELATIONS,영향력 관계,mt
GUITRANS|Infrastructure,Infrastructure,인프라,mt
GUITRANS|Inspected,Inspected,조사됨,mt
GUITRANS|Installed Capacity,Installed Capacity,설치 용량,mt
GUITRANS|Internet Connection Required,Internet Connection Required,인터넷 연결 필요,mt
GUITRANS|INTERNET RACE,INTERNET RACE,인터넷 경쟁,mt
GUITRANS|INTERNET RACE PROGRESS,INTERNET RACE PROGRESS,인터넷 경쟁 진행도,mt
GUITRANS|ITT/ETT temp members list,ITT/ETT temp members list,,
GUITRANS|Knowledge Index,Knowledge Index,지식 지수,mt
GUITRANS|Known Design,Known Design,보유 설계,mt
GUITRANS|LAND AREA,LAND AREA,국토 면적,mt
GUITRANS|Land Combat,Land Combat,지상전,mt
GUITRANS|Launch Pad Required to Launch Satellites,Launch Pad Required to Launch Satellites,위성 발사에는 발사대 필요,mt
GUITRANS|Leads To Designs...,Leads To Designs...,연결되는 설계...,mt
GUITRANS|Leads To Techs...,Leads To Techs...,연결되는 기술...,mt
GUITRANS|LEAGUE OF NATIONS,LEAGUE OF NATIONS,국제 연맹,mt
GUITRANS|Level Ground,Level Ground,평지,mt
GUITRANS|Liberate not possible in Multiplayer,Liberate not possible in Multiplayer,멀티플레이에서는 해방 불가,mt
GUITRANS|Liberate This Colony,Liberate This Colony,이 식민지 해방,mt
GUITRANS|Limit Domestic Approval Effects,Limit Domestic Approval Effects,국내 지지율 영향 제한,mt
GUITRANS|Limit Military Approval Effects,Limit Military Approval Effects,군 지지율 영향 제한,mt
GUITRANS|List is Filtered to Show for Selected Location,List is Filtered to Show for Selected Location,선택 위치 기준으로 필터링된 목록,mt
GUITRANS|List of Region's Allies,List of Region's Allies,지역 동맹국 목록,mt
GUITRANS|List of Region's Colonies,List of Region's Colonies,지역 식민지 목록,mt
GUITRANS|List of Region's Enemies,List of Region's Enemies,지역 적 목록,mt
GUITRANS|Lock Minister from Facility Repairs and Construction,Lock Minister from Facility Repairs and Construction,장관의 시설 수리·건설 잠금,mt
GUITRANS|Loyalty Penalties to Supply and LoS,Loyalty Penalties to Supply and LoS,보급·시야 충성도 불이익,mt
GUITRANS|Loyalty: Off,Loyalty: Off,충성도: 끔,mt
GUITRANS|Loyalty: On,Loyalty: On,충성도: 켬,mt
GUITRANS|MAN ON MARS,MAN ON MARS,유인 화성 탐사,mt
GUITRANS|MAN ON MARS PROGRESS,MAN ON MARS PROGRESS,유인 화성 탐사 진행도,mt
GUITRANS|Maximize Departments,Maximize Departments,부서 최대화,mt
GUITRANS|Maximize Garrisons in Battle Zone,Maximize Garrisons in Battle Zone,전투 구역 수비대 최대화,mt
GUITRANS|Maximize Garrisons in Theater,Maximize Garrisons in Theater,전구 수비대 최대화,mt
GUITRANS|Maximize Minimap,Maximize Minimap,미니맵 최대화,mt
GUITRANS|MILITARY RATING,MILITARY RATING,군사 평가,mt
GUITRANS|Minimize Departments,Minimize Departments,부서 최소화,mt
GUITRANS|Minimize Help,Minimize Help,도움말 최소화,mt
GUITRANS|Minimize Minimap,Minimize Minimap,미니맵 최소화,mt
GUITRANS|Minimum Message Threshold,Minimum Message Threshold,메시지 최소 기준,mt
GUITRANS|Minister Focus,Minister Focus,장관 중점,mt
GUITRANS|Minister Priority Assigned,Minister Priority Assigned,장관 우선순위 지정됨,mt
GUITRANS|Missile Larger than Platform Maximum Size,Missile Larger than Platform Maximum Size,미사일이 플랫폼 최대 크기를 초과함,mt
GUITRANS|Missile Will Not Fit Based on Loadout or Size Restriction,Missile Will Not Fit Based on Loadout or Size Restriction,탑재량 또는 크기 제한으로 미사일을 실을 수 없음,mt
GUITRANS|Narrow Focus,Narrow Focus,좁은 중점,mt
GUITRANS|Naval Combat,Naval Combat,해전,mt
GUITRANS|New Unit Production Autodeploy OFF,New Unit Production Autodeploy OFF,신규 유닛 생산 자동 배치 꺼짐,mt
GUITRANS|New Unit Production Autodeploy ON,New Unit Production Autodeploy ON,신규 유닛 생산 자동 배치 켜짐,mt
GUITRANS|New Unit Production Continuous OFF,New Unit Production Continuous OFF,신규 유닛 생산 연속 꺼짐,mt
GUITRANS|New Unit Production Continuous ON,New Unit Production Continuous ON,신규 유닛 생산 연속 켜짐,mt
GUITRANS|Next Era Tech,Next Era Tech,다음 시대 기술,mt
GUITRANS|Next Objective,Next Objective,다음 목표,mt
GUITRANS|Next Space Race Tech,Next Space Race Tech,다음 우주 경쟁 기술,mt
GUITRANS|no Battlezones,no Battlezones,전투 구역 없음,mt
GUITRANS|No Facilities in Construction,No Facilities in Construction,건설 중인 시설 없음,mt
GUITRANS|No Facilities In Repairs,No Facilities In Repairs,수리 중인 시설 없음,mt
GUITRANS|No Facilities Scrapping,No Facilities Scrapping,폐기 중인 시설 없음,mt
GUITRANS|no resources,no resources,자원 없음,mt
GUITRANS|No Spies or Spy Academies,No Spies or Spy Academies,첩보원 및 첩보 학교 없음,mt
GUITRANS|no terrain,no terrain,지형 없음,mt
GUITRANS|no Theaters,no Theaters,전구 없음,mt
GUITRANS|No Treaties with Selected Region,No Treaties with Selected Region,선택 지역과 체결한 조약 없음,mt
GUITRANS|Not Available at this Time,Not Available at this Time,현재 사용 불가,mt
GUITRANS|Nuclear Missile,Nuclear Missile,핵미사일,mt
GUITRANS|Number of Units in Battle Group,Number of Units in Battle Group,전투단 유닛 수,mt
GUITRANS|Objective,Objective,목표,mt
GUITRANS|Objective Requires a Response,Objective Requires a Response,응답이 필요한 목표,mt
GUITRANS|Objective Status,Objective Status,목표 상태,mt
GUITRANS|Objectives Recieved,Objectives Recieved,수신한 목표,mt
GUITRANS|Open Help when New Messages Arrive,Open Help when New Messages Arrive,새 메시지 도착 시 도움말 열기,mt
GUITRANS|Open Objective Details,Open Objective Details,목표 상세 열기,mt
GUITRANS|Open Objectives,Open Objectives,목표 열기,mt
GUITRANS|Order Garrisons Deployment,Order Garrisons Deployment,수비대 배치 명령,mt
GUITRANS|Order Structure Auto Repair,Order Structure Auto Repair,구조물 자동 수리 명령,mt
GUITRANS|Our Region has a Notable Debt Level,Our Region has a Notable Debt Level,우리 지역의 부채 수준이 눈에 띄게 높습니다,mt
GUITRANS|Overdraft Interest,Overdraft Interest,당좌 대월 이자,mt
GUITRANS|Paradox Forums,Paradox Forums,Paradox 포럼,mt
GUITRANS|Pause on Objectives,Pause on Objectives,목표 발생 시 일시 정지,mt
GUITRANS|Pause Repairs,Pause Repairs,수리 일시 정지,mt
GUITRANS|Pause Unit Production,Pause Unit Production,유닛 생산 일시 정지,mt
GUITRANS|Pause/Resume Unit Production,Pause/Resume Unit Production,유닛 생산 일시 정지/재개,mt
GUITRANS|PDF Manual,PDF Manual,PDF 설명서,mt
GUITRANS|Pending,Pending,대기 중,mt
GUITRANS|Per Payment¶Value,Per Payment¶Value,회당¶금액,mt
GUITRANS|PLEASE RE-ENTER ACTIVATION KEY,PLEASE RE-ENTER ACTIVATION KEY,활성화 키를 다시 입력하십시오,mt
GUITRANS|POLITICAL LEANING,POLITICAL LEANING,정치 성향,mt
GUITRANS|PREREQUISITE TECHNOLOGIES,PREREQUISITE TECHNOLOGIES,선행 기술,mt
GUITRANS|Previous Day Trades,Previous Day Trades,전일 교역,mt
GUITRANS|Previous Objective,Previous Objective,이전 목표,mt
GUITRANS|Primary,Primary,주요,mt
GUITRANS|Problem,Problem,문제,mt
GUITRANS|PRODUCTION QUEUE,PRODUCTION QUEUE,생산 대기열,mt
GUITRANS|Projects,Projects,프로젝트,mt
GUITRANS|Proxy Wars Possible From This Region,Proxy Wars Possible From This Region,이 지역에서 대리전 가능,mt
GUITRANS|Queued Research / Available Research Slots,Queued Research / Available Research Slots,대기 연구 / 가용 연구 슬롯,mt
GUITRANS|Quit Mapeditor,Quit Mapeditor,지도 편집기 종료,mt
GUITRANS|RACE FOR THE BOMB,RACE FOR THE BOMB,핵무기 개발 경쟁,mt
GUITRANS|RACE FOR THE BOMB PROGRESS,RACE FOR THE BOMB PROGRESS,핵무기 개발 경쟁 진행도,mt
GUITRANS|Race Stage Completed,Race Stage Completed,경쟁 단계 완료,mt
GUITRANS|Race Stage in Progress,Race Stage in Progress,경쟁 단계 진행 중,mt
GUITRANS|Rank -,Rank -,순위 -,mt
GUITRANS|Region has a Notable Debt Level,Region has a Notable Debt Level,지역의 부채 수준이 눈에 띄게 높습니다,mt
GUITRANS|Region is Dead,Region is Dead,소멸한 지역,mt
GUITRANS|REGION LOCATIONS,REGION LOCATIONS,지역 위치,mt
GUITRANS|Region Relationship,Region Relationship,지역 관계,mt
GUITRANS|Regional Unit Research,Regional Unit Research,지역 유닛 연구,mt
GUITRANS|Relation,Relation,관계,mt
GUITRANS|Release Land Loyal to this Region,Release Land Loyal to this Region,이 지역에 충성하는 영토 해제,mt
GUITRANS|Remove Transp. Map Mode is Off,Remove Transp. Map Mode is Off,교통 제거 지도 모드 꺼짐,mt
GUITRANS|Remove Transp. Map Mode is On,Remove Transp. Map Mode is On,교통 제거 지도 모드 켜짐,mt
GUITRANS|Remove Upgrades Map Mode is Off,Remove Upgrades Map Mode is Off,개량 제거 지도 모드 꺼짐,mt
GUITRANS|Remove Upgrades Map Mode is On,Remove Upgrades Map Mode is On,개량 제거 지도 모드 켜짐,mt
GUITRANS|RENAME LOCATION,RENAME LOCATION,위치 이름 변경,mt
GUITRANS|Rename Our Region,Rename Our Region,우리 지역 이름 변경,mt
GUITRANS|Rename Region,Rename Region,지역 이름 변경,mt
GUITRANS|Repair when damaged,Repair when damaged,손상 시 수리,mt
GUITRANS|Repeat,Repeat,반복,mt
GUITRANS|Requires,Requires,필요 조건,mt
GUITRANS|RESEARCH,RESEARCH,연구,mt
GUITRANS|Research Projects,Research Projects,연구 프로젝트,mt
GUITRANS|Reserve Personnel Low,Reserve Personnel Low,예비 인원 부족,mt
GUITRANS|Reset Hex,Reset Hex,헥스 초기화,mt
GUITRANS|Reset Location Name,Reset Location Name,위치 이름 초기화,mt
GUITRANS|Reset Region Name,Reset Region Name,지역 이름 초기화,mt
GUITRANS|resources,resources,자원,mt
GUITRANS|Return Loyal Territory to,Return Loyal Territory to,충성 영토 반환 대상:,mt
GUITRANS|Reward,Reward,보상,mt
GUITRANS|Satellites,Satellites,위성,mt
GUITRANS|Save As...,Save As...,다른 이름으로 저장...,mt
GUITRANS|Scrap Unit Production,Scrap Unit Production,유닛 생산 폐기,mt
GUITRANS|Secondary,Secondary,보조,mt
GUITRANS|Select <None> for One Way,Select <None> for One Way,단방향은 <없음> 선택,mt
GUITRANS|Select a valid locatoin,Select a valid locatoin,유효한 위치 선택,mt
GUITRANS|Select Available Research,Select Available Research,가능한 연구 선택,mt
GUITRANS|Select Command Unit,Select Command Unit,지휘 유닛 선택,mt
GUITRANS|Select Component to delete,Select Component to delete,삭제할 부품 선택,mt
GUITRANS|Select Focus,Select Focus,중점 선택,mt
GUITRANS|Select for Precise Value Adjustments,Select for Precise Value Adjustments,값을 정밀하게 조정하려면 선택,mt
GUITRANS|Select Location,Select Location,위치 선택,mt
GUITRANS|Select Map File,Select Map File,지도 파일 선택,mt
GUITRANS|Select Mission,Select Mission,임무 선택,mt
GUITRANS|SELECT SANDBOX,SELECT SANDBOX,샌드박스 선택,mt
GUITRANS|Selected,Selected,선택됨,mt
GUITRANS|selected design,selected design,선택한 설계,mt
GUITRANS|SELECTED UNITS RULES OF ENGAGEMENT,SELECTED UNITS RULES OF ENGAGEMENT,선택 유닛 교전 규칙,mt
GUITRANS|Send For Repairs,Send For Repairs,수리 보내기,mt
GUITRANS|Send Offer to,Send Offer to,제안 보낼 대상:,mt
GUITRANS|Set by Bulk Sales Price,Set by Bulk Sales Price,대량 판매 가격으로 설정,mt
GUITRANS|Set Capital,Set Capital,수도 설정,mt
GUITRANS|Set Hotspot,Set Hotspot,핫스팟 설정,mt
GUITRANS|Set Priority,Set Priority,우선순위 설정,mt
GUITRANS|Set Rally,Set Rally,집결지 설정,mt
GUITRANS|Settings,Settings,설정,mt
GUITRANS|SEVERE ACTIONS,SEVERE ACTIONS,강경 행동,mt
GUITRANS|Show / Hide Dead Regions,Show / Hide Dead Regions,소멸 지역 표시 / 숨기기,mt
GUITRANS|Show 3D,Show 3D,3D 표시,mt
GUITRANS|Show Colonies,Show Colonies,식민지 표시,mt
GUITRANS|Show Exiled Nations,Show Exiled Nations,망명 국가 표시,mt
GUITRANS|Show for,Show for,표시 대상:,mt
GUITRANS|Show Help Highlights for this Message,Show Help Highlights for this Message,이 메시지의 도움말 강조 표시,mt
GUITRANS|Show Imagery,Show Imagery,이미지 표시,mt
GUITRANS|Show In Construction,Show In Construction,건설 중 표시,mt
GUITRANS|Show Offline,Show Offline,오프라인 표시,mt
GUITRANS|Show Repairing,Show Repairing,수리 중 표시,mt
GUITRANS|Show Repairs Paused,Show Repairs Paused,수리 정지 표시,mt
GUITRANS|Show Scrapping,Show Scrapping,폐기 중 표시,mt
GUITRANS|Social Needs,Social Needs,사회 수요,mt
GUITRANS|Sphere,Sphere,세력권,mt
GUITRANS|Spheres of Influence system,Spheres of Influence system,세력권 시스템,mt
GUITRANS|SPIES,SPIES,첩보원,mt
GUITRANS|Start Game Without National Debt,Start Game Without National Debt,국가 부채 없이 게임 시작,mt
GUITRANS|STATE,STATE,외교,mt
GUITRANS|State of War,State of War,교전 상태,mt
GUITRANS|Strategic Targeting,Strategic Targeting,전략 표적 설정,mt
GUITRANS|STRATEGIC TARGETING POOL,STRATEGIC TARGETING POOL,전략 표적 풀,mt
GUITRANS|Surplus Quantity Market Price,Surplus Quantity Market Price,잉여 수량 시장 가격,mt
GUITRANS|SUSTAINABILITY,SUSTAINABILITY,지속 가능성,mt
GUITRANS|Target,Target,표적,mt
GUITRANS|Techincal Readout,Techincal Readout,기술 제원,mt
GUITRANS|TECHLEVEL,TECHLEVEL,기술 수준,mt
GUITRANS|Technology Non-Tradable,Technology Non-Tradable,교역 불가 기술,mt
GUITRANS|TECHNOLOGY PATH,TECHNOLOGY PATH,기술 경로,mt
GUITRANS|Technology Races,Technology Races,기술 경쟁,mt
GUITRANS|terrain,terrain,지형,mt
GUITRANS|Terrain Mesh,Terrain Mesh,지형 메시,mt
GUITRANS|Theater,Theater,전구,mt
GUITRANS|Theater Controls,Theater Controls,전구 제어,mt
GUITRANS|Theater Name,Theater Name,전구 이름,mt
GUITRANS|Theater Priority Assigned,Theater Priority Assigned,전구 우선순위 지정됨,mt
GUITRANS|Theater Reset,Theater Reset,전구 초기화,mt
GUITRANS|Theaters,Theaters,전구,mt
GUITRANS|Theaters Overlay,Theaters Overlay,전구 오버레이,mt
GUITRANS|THERE ARE,THERE ARE,현재,mt
GUITRANS|Third Party Relations Effects,Third Party Relations Effects,제3국 관계 영향,mt
GUITRANS|This Region has been Eliminated,This Region has been Eliminated,이 지역은 소멸했습니다,mt
GUITRANS|This Region is a Colony,This Region is a Colony,이 지역은 식민지입니다,mt
GUITRANS|Time,Time,시간,mt
GUITRANS|Time Remaining,Time Remaining,남은 시간,mt
GUITRANS|to add,to add,추가,mt
GUITRANS|to production queue.,to production queue.,생산 대기열에.,mt
GUITRANS|Top Exporter,Top Exporter,최대 수출국,mt
GUITRANS|Top Importer,Top Importer,최대 수입국,mt
GUITRANS|Total Rails¶Maintenance,Total Rails¶Maintenance,철도 총¶유지비,mt
GUITRANS|Total Roads¶Maintenance,Total Roads¶Maintenance,도로 총¶유지비,mt
GUITRANS|TOURISM,TOURISM,관광,mt
GUITRANS|TRADE CONTROLS,TRADE CONTROLS,무역 제어,mt
GUITRANS|Traded units move from buyer to seller when selected,Traded units move from buyer to seller when selected,선택하면 교역된 유닛이 구매자에서 판매자로 이동합니다,mt
GUITRANS|TRANSPORTATION,TRANSPORTATION,교통,mt
GUITRANS|Transportation Infrastructure,Transportation Infrastructure,교통 인프라,mt
GUITRANS|TREATY INTEGRITY,TREATY INTEGRITY,조약 이행도,mt
GUITRANS|Unfiltered - All Facilities,Unfiltered - All Facilities,필터 없음 - 전체 시설,mt
GUITRANS|Unit Delievery Point,Unit Delievery Point,유닛 인도 지점,mt
GUITRANS|Unit Model Size,Unit Model Size,유닛 모델 크기,mt
GUITRANS|Unit or Facility Pre-Requisite,Unit or Facility Pre-Requisite,유닛 또는 시설 선행 조건,mt
"GUITRANS|Units in Production, Click or Shift Click to Add","Units in Production, Click or Shift Click to Add","생산 중 유닛, 클릭 또는 Shift+클릭으로 추가",mt
GUITRANS|Units In Queue,Units In Queue,대기열 유닛,mt
GUITRANS|Unknown Prerequisites,Unknown Prerequisites,알 수 없는 선행 조건,mt
GUITRANS|Unsold Units add to¶Bulk Sales on the Market,Unsold Units add to¶Bulk Sales on the Market,미판매 유닛은 시장의¶대량 판매에 추가됩니다,mt
GUITRANS|Unused Build Capacity,Unused Build Capacity,미사용 건설 용량,mt
GUITRANS|UNUSED RESEARCH SLOTS,UNUSED RESEARCH SLOTS,미사용 연구 슬롯,mt
GUITRANS|Use 3D Terrain,Use 3D Terrain,3D 지형 사용,mt
GUITRANS|Use Hardware Mouse Pointer,Use Hardware Mouse Pointer,하드웨어 마우스 포인터 사용,mt
GUITRANS|Use Hardware Vertex Processing,Use Hardware Vertex Processing,하드웨어 버텍스 처리 사용,mt
GUITRANS|Use Steam Cloud Saves,Use Steam Cloud Saves,Steam 클라우드 저장 사용,mt
GUITRANS|Used By...,Used By...,사용처...,mt
GUITRANS|Victory Conditon,Victory Conditon,승리 조건,mt
GUITRANS|Video Driver Buffer Fix,Video Driver Buffer Fix,비디오 드라이버 버퍼 보정,mt
GUITRANS|View Empire,View Empire,제국 보기,mt
GUITRANS|View Objective Details,View Objective Details,목표 상세 보기,mt
GUITRANS|View Objectives,View Objectives,목표 보기,mt
GUITRANS|View Techs Accessible from Selected Available Project,View Techs Accessible from Selected Available Project,선택한 프로젝트로 접근 가능한 기술 보기,mt
GUITRANS|Weather Overlay,Weather Overlay,날씨 오버레이,mt
GUITRANS|Weather System,Weather System,날씨 시스템,mt
"GUITRANS|When Deactivated, Units which cannot Deploy will be Scrapped.","When Deactivated, Units which cannot Deploy will be Scrapped.",비활성화하면 배치할 수 없는 유닛은 폐기됩니다.,mt
GUITRANS|with,with,,
GUITRANS|World GDP/c Average,World GDP/c Average,세계 1인당 GDP 평균,mt
GUITRANS|WORLD MARKET OPINION,WORLD MARKET OPINION,세계 시장 여론,mt
GUITRANS|WORLD MARKET SUBSIDY RATE,WORLD MARKET SUBSIDY RATE,세계 시장 보조금률,mt
GUITRANS|World Sphere Balance,World Sphere Balance,세계 세력권 균형,mt
GUITRANS|World Statistics,World Statistics,세계 통계,mt
GUITRANS|Year,Year,년,mt
GUITRANS|File Transfer - Please Wait,File Transfer - Please Wait,파일 전송 중 - 기다려 주십시오,mt
GUITRANS|Weather,Weather,날씨,mt
GUITRANS|Rivers and Coastlines,Rivers and Coastlines,강과 해안선,mt
GUITRANS|Defensive Terrain,Defensive Terrain,방어 지형,mt
GUITRANS|Battle Zones,Battle Zones,전투 구역,mt
GUITRANS|Ownership,Ownership,소유권,mt
GUITRANS|Empire,Empire,제국,mt
GUITRANS|Supply Levels,Supply Levels,보급 수준,mt
GUITRANS|Filters,Filters,필터,mt
GUITRANS|Elements,Elements,요소,mt
GUITRANS|Units and HUDs,Units and HUDs,유닛 및 HUD,mt
GUITRANS|Map Grid,Map Grid,지도 격자,mt
GUITRANS|Capital Stars Show Relationship WIth Us,Capital Stars Show Relationship WIth Us,수도 별로 우리와의 관계 표시,mt
GUITRANS|Agriculture,Agriculture,농산물,mt
GUITRANS|Rubber,Rubber,고무,mt
GUITRANS|Timber,Timber,목재,mt
GUITRANS|Petroleum,Petroleum,석유,mt
GUITRANS|Coal,Coal,석탄,mt
GUITRANS|Metal Ore,Metal Ore,금속 광석,mt
GUITRANS|Uranium,Uranium,우라늄,mt
GUITRANS|Electricity,Electricity,전력,mt
GUITRANS|State,State,외교,mt
GUITRANS|Roads,Roads,도로,mt
GUITRANS|Rail ,Rail ,철도 ,mt
GUITRANS|Buy as Needed up to ,Buy as Needed up to ,"필요 시 구매, 최대 ",mt
GUITRANS|Battle Zone Orders,Battle Zone Orders,전투 구역 명령,mt
GUITRANS|Release Land,Release Land,영토 해제,mt
GUITRANS|Emplacement,Emplacement,방어 진지,mt
GUITRANS|Trench,Trench,참호,mt
GUITRANS|Active Window Focus (Experimental),Active Window Focus (Experimental),활성 창 포커스 (실험적),mt
GUITRANS|Use 3D Units In Interface,Use 3D Units In Interface,인터페이스에 3D 유닛 사용,mt
GUITRANS|Show Path Line For Inspected Units,Show Path Line For Inspected Units,조사 유닛 경로선 표시,mt
GUITRANS|PLAYERS,PLAYERS,플레이어,mt
GUITRANS|Lobby visible to all,Lobby visible to all,모두에게 로비 공개,mt
GUITRANS|Lobby Is Closed,Lobby Is Closed,로비 닫힘,mt
GUITRANS|Lobby Is Open,Lobby Is Open,로비 열림,mt
GUITRANS|Available Games,Available Games,참가 가능 게임,mt
GUITRANS|Global AI Stance,Global AI Stance,전체 AI 태세,mt
GUITRANS|Road/Rail Removal Tool,Road/Rail Removal Tool,도로/철도 제거 도구,mt
GUITRANS| Force Recache For Modding, Force Recache For Modding, 모드용 캐시 강제 갱신,mt
GUITRANS|Use Rail Transport,Use Rail Transport,철도 수송 사용,mt
GUITRANS|Colonies Keep Military Complexes,Colonies Keep Military Complexes,식민지의 군사 단지 유지,mt
GUITRANS|Alert Settings,Alert Settings,경보 설정,mt
GUITRANS|Capital Stars Show Relationship With Us,Capital Stars Show Relationship With Us,수도 별로 우리와의 관계 표시,mt
GUITRANS| Select a Valid Location, Select a Valid Location, 유효한 위치 선택,mt
GUITRANS|Weapons of¶Mass Destruction,Weapons of¶Mass Destruction,대량¶살상 무기,mt
GUITRANS|Release All Unloyal Land In Batt,Release All Unloyal Land In Batt,전투 구역 내 비충성 영토 전체 해제,mt
GUITRANS|Quit to Menu to Change Language,Quit to Menu to Change Language,언어 변경은 메뉴로 나간 뒤 가능,mt
GUITRANS|Options,Options,옵션,mt
GUITRANS|Quit Game,Quit Game,게임 종료,mt
GUITRANS|Not Available in Early Access,Not Available in Early Access,앞서 해보기에서는 사용 불가,mt
GUITRANS|Steam Account Inaccessible,Steam Account Inaccessible,Steam 계정 접근 불가,mt
GUITRANS|Webpage,Webpage,웹페이지,mt
GUITRANS|Enforce Conquest Options in Solo Play,Enforce Conquest Options in Solo Play,싱글 플레이에서 정복 옵션 강제,mt
GUITRANS|Pause if Multiplayer Sync Error,Pause if Multiplayer Sync Error,멀티플레이 동기화 오류 시 일시 정지,mt
GUITRANS|Open Savegame Folder,Open Savegame Folder,저장 폴더 열기,mt
GUITRANS|Use Native Resolution,Use Native Resolution,기본 해상도 사용,mt
GUITRANS|Use 3D Units in Interface,Use 3D Units in Interface,인터페이스에 3D 유닛 사용,mt
GUITRANS|Terrain Brightness,Terrain Brightness,지형 밝기,mt
GUITRANS|3D Object Brightness,3D Object Brightness,3D 객체 밝기,mt
GUITRANS|Made Possible with the Assistance of,Made Possible with the Assistance of,도움을 주신 분들,mt
GUITRANS|Accept Message,Accept Message,메시지 수락,mt
GUITRANS|Aggressive Offers,Aggressive Offers,공격적 제안,mt
GUITRANS|AI COUNT,AI COUNT,AI 수,mt
GUITRANS|AI STANCE,AI STANCE,AI 태세,mt
GUITRANS|Alert Condition,Alert Condition,경계 상태,mt
GUITRANS|Allies / Enemies,Allies / Enemies,동맹국 / 적,mt
GUITRANS|Allow Governor Launch Authority,Allow Governor Launch Authority,총독 발사 권한 허용,mt
GUITRANS|Allow use of Rail Transport,Allow use of Rail Transport,철도 수송 사용 허용,mt
GUITRANS|Anomalies,Anomalies,이상 현상,mt
GUITRANS|Atmosphere:,Atmosphere:,대기:,mt
GUITRANS|Auto Accept Equal or Better Offers,Auto Accept Equal or Better Offers,동등 이상 제안 자동 수락,mt
GUITRANS|Auto Build,Auto Build,자동 생산,mt
GUITRANS|Available Slots,Available Slots,가용 슬롯,mt
GUITRANS|Back,Back,뒤로,mt
GUITRANS|Balanced,Balanced,균형,mt
GUITRANS|BattleZones Overlay,BattleZones Overlay,전투 구역 오버레이,mt
GUITRANS|Build a Facility At Governor Suggested Location,Build a Facility At Governor Suggested Location,총독 추천 위치에 시설 건설,mt
GUITRANS|Build Capacity,Build Capacity,건설 용량,mt
GUITRANS|BUILDING,BUILDING,건설 중,mt
GUITRANS|Center,Center,중앙,mt
GUITRANS|Capital Star Relationship,Capital Star Relationship,수도 항성 관계,mt
GUITRANS|Center On Event,Center On Event,사건 위치로 이동,mt
GUITRANS|Center On Faction,Center On Faction,진영 위치로 이동,mt
GUITRANS|CHANGE TO:,CHANGE TO:,변경:,mt
GUITRANS|Classification,Classification,분류,mt
GUITRANS|Clear Hex,Clear Hex,헥스 비우기,mt
GUITRANS|Clear Messages,Clear Messages,메시지 지우기,mt
GUITRANS|Clear Request,Clear Request,요청 비우기,mt
GUITRANS|Collapse,Collapse,접기,mt
GUITRANS|COLONIZED PLANETS,COLONIZED PLANETS,개척된 행성,mt
GUITRANS|Commodity Offers Allowed from this Faction,Commodity Offers Allowed from this Faction,이 진영의 물자 제안 허용,mt
GUITRANS|Commodity Offers from this Faction are Ignored,Commodity Offers from this Faction are Ignored,이 진영의 물자 제안 무시,mt
GUITRANS|Compare This Faction,Compare This Faction,이 진영 비교,mt
GUITRANS|DEFENSIVE STANCE,DEFENSIVE STANCE,방어 태세,mt
GUITRANS|Confirm Delete,Confirm Delete,삭제 확인,mt
GUITRANS|CONFIRM WAR,CONFIRM WAR,전쟁 확인,mt
GUITRANS|Conflicts,Conflicts,분쟁,mt
GUITRANS|Conscription Allowed,Conscription Allowed,징병 허용,mt
GUITRANS|Consider hosting and inviting other players to join,Consider hosting and inviting other players to join,게임을 개설하고 다른 플레이어를 초대해 보십시오.,mt
GUITRANS|CONSUMER DEMAND,CONSUMER DEMAND,소비재 수요,mt
GUITRANS|Create New Fleet,Create New Fleet,새 함대 생성,mt
GUITRANS|Creating Universe,Creating Universe,우주 생성 중,mt
GUITRANS|Credits,Credits,제작진,mt
GUITRANS|Crime Rate,Crime Rate,범죄율,mt
GUITRANS|Critical World Opinion,Critical World Opinion,비판적 세계 여론,mt
GUITRANS|Currently there are no Available Games.,Currently there are no Available Games.,현재 참가 가능한 게임이 없습니다.,mt
GUITRANS|CUSTOM,CUSTOM,사용자 지정,mt
GUITRANS|Danger,Danger,위험,mt
GUITRANS|Danger currently exists,Danger currently exists,현재 위험이 존재합니다.,mt
GUITRANS|DECLARE WAR,DECLARE WAR,선전포고,mt
GUITRANS|Decrease Game Speed,Decrease Game Speed,게임 속도 감소,mt
GUITRANS|Defence Governor,Defence Governor,국방 총독,mt
GUITRANS|Defense Policies,Defense Policies,국방 정책,mt
GUITRANS|Defensive,Defensive,방어적,mt
GUITRANS|DIPLOMATIC,DIPLOMATIC,외교,mt
GUITRANS|Delete File,Delete File,파일 삭제,mt
GUITRANS|Deployed Units,Deployed Units,배치된 유닛,mt
GUITRANS|Deselect Factions,Deselect Factions,진영 선택 해제,mt
GUITRANS|Difficulty,Difficulty,난이도,mt
GUITRANS|Diplomatic Alerts,Diplomatic Alerts,외교 알림,mt
GUITRANS|Diplomatic Relations Map Filter,Diplomatic Relations Map Filter,외교 관계 지도 필터,mt
GUITRANS|DOCTRINE,DOCTRINE,교리,mt
GUITRANS|ECONOMIC,ECONOMIC,경제,mt
GUITRANS|Economic Alerts,Economic Alerts,경제 알림,mt
GUITRANS|ECONOMIC STANCE,ECONOMIC STANCE,경제 태세,mt
GUITRANS|Elections,Elections,선거,mt
GUITRANS|ELEMENTS,ELEMENTS,구성 요소,mt
GUITRANS|Enable More Factions,Enable More Factions,진영 더 활성화,mt
GUITRANS|Equipment,Equipment,장비,mt
GUITRANS|Estimated Research Time,Estimated Research Time,예상 연구 시간,mt
GUITRANS|Expand,Expand,펼치기,mt
GUITRANS|EXPIRATION,EXPIRATION,만료,mt
GUITRANS|EXPLORED PLANETS,EXPLORED PLANETS,탐사된 행성,mt
GUITRANS|FACILITIES,FACILITIES,시설,mt
GUITRANS|Faction,Faction,진영,mt
GUITRANS|Faction Agenda,Faction Agenda,진영 노선,mt
GUITRANS|Faction Description,Faction Description,진영 설명,mt
GUITRANS|Faction Not Known,Faction Not Known,알려지지 않은 진영,mt
GUITRANS|Faction Statistics,Faction Statistics,진영 통계,mt
GUITRANS|Factions in System:,Factions in System:,성계 내 진영:,mt
GUITRANS|Factions Present,Factions Present,주둔 진영,mt
GUITRANS|Fast,Fast,빠름,mt
GUITRANS|Fastest,Fastest,최고 속도,mt
GUITRANS|FAVORITED PLANETS,FAVORITED PLANETS,즐겨찾는 행성,mt
GUITRANS|Feature Not Yet Available,Feature Not Yet Available,아직 사용할 수 없는 기능,mt
GUITRANS|File Exists. Overwrite?,File Exists. Overwrite?,파일이 있습니다. 덮어쓸까요?,mt
GUITRANS|Filter Units,Filter Units,유닛 필터,mt
GUITRANS|FILTERS,FILTERS,필터,mt
GUITRANS|Shift+Click to Delete by Type,Shift+Click to Delete by Type,Shift+클릭: 종류별 삭제,mt
GUITRANS|Fitler to Air Units,Fitler to Air Units,항공 유닛만 표시,mt
GUITRANS|Fleet Controls,Fleet Controls,함대 제어,mt
GUITRANS|Fleets and Navigation,Fleets and Navigation,함대 및 항법,mt
GUITRANS|Fleets In This System,Fleets In This System,이 성계의 함대,mt
GUITRANS|Fog Of War,Fog Of War,전장의 안개,mt
GUITRANS|for selected design,for selected design,선택한 설계 기준,mt
GUITRANS|Force Recache For Modding,Force Recache For Modding,모드용 캐시 재생성,mt
GUITRANS|Formation Move (Shift to Override),Formation Move (Shift to Override),대형 이동 (Shift: 해제),mt
GUITRANS|From / To,From / To,출발 / 도착,mt
GUITRANS|Galactic Almanac,Galactic Almanac,은하 연감,mt
GUITRANS|GALACTIC OPINION,GALACTIC OPINION,은하 여론,mt
GUITRANS|GALACTIC SUBSIDY RATE,GALACTIC SUBSIDY RATE,은하 보조금 비율,mt
GUITRANS|GALAXY SIZE,GALAXY SIZE,은하 크기,mt
GUITRANS|Game File Transfer in Progress,Game File Transfer in Progress,게임 파일 전송 중,mt
GUITRANS|GAME NAME:,GAME NAME:,게임 이름:,mt
GUITRANS|Generate Universe,Generate Universe,우주 생성,mt
GUITRANS|Generating Galaxy,Generating Galaxy,은하 생성 중,mt
GUITRANS|Generating Systems,Generating Systems,성계 생성 중,mt
GUITRANS|Go To Galaxy,Go To Galaxy,은하로 이동,mt
GUITRANS|Go to System,Go to System,성계로 이동,mt
GUITRANS|Governor Allowed Product Controls,Governor Allowed Product Controls,총독의 생산품 제어 허용,mt
GUITRANS|Governor Control,Governor Control,총독 제어,mt
GUITRANS|Governor Focus,Governor Focus,총독 중점,mt
GUITRANS|Governor has Launch Authority,Governor has Launch Authority,총독에게 발사 권한 있음,mt
GUITRANS|Governor Locked From Product Controls,Governor Locked From Product Controls,총독의 생산품 제어 잠금,mt
GUITRANS|Governor Priorities,Governor Priorities,총독 우선순위,mt
GUITRANS|HABITABILITY,HABITABILITY,거주 적합도,mt
GUITRANS|Habitable,Habitable,거주 가능,mt
GUITRANS|Host New Multiplayer Game,Host New Multiplayer Game,새 멀티플레이 게임 개설,mt
GUITRANS|HOTSPOT SETTINGS,HOTSPOT SETTINGS,핫스팟 설정,mt
GUITRANS|Import/Export,Import/Export,수입/수출,mt
GUITRANS|In Production,In Production,생산 중,mt
GUITRANS|Increase Game Speed,Increase Game Speed,게임 속도 증가,mt
GUITRANS|Influence Relations,Influence Relations,관계 영향,mt
GUITRANS|Kills/Losses,Kills/Losses,격파/손실,mt
GUITRANS|Land Area,Land Area,육지 면적,mt
GUITRANS|LAND MASSES,LAND MASSES,대륙,mt
GUITRANS|Launch Authority is Off,Launch Authority is Off,발사 권한 꺼짐,mt
GUITRANS|Launch Authority is On,Launch Authority is On,발사 권한 켜짐,mt
GUITRANS|Launch Authority Unavailable,Launch Authority Unavailable,발사 권한 사용 불가,mt
GUITRANS|Leaning,Leaning,성향,mt
GUITRANS|Limit Diplomatic Approval Effects,Limit Diplomatic Approval Effects,외교 지지율 영향 제한,mt
GUITRANS|Literacy Rate,Literacy Rate,문해율,mt
GUITRANS|Limited Offers,Limited Offers,제한된 제안,mt
GUITRANS|List of Regions in Selected Game,List of Regions in Selected Game,선택한 게임의 지역 목록,mt
GUITRANS|LOBBY IS NON-VISIBLE,LOBBY IS NON-VISIBLE,로비 비공개,mt
GUITRANS|LOBBY IS VISIBLE,LOBBY IS VISIBLE,로비 공개,mt
GUITRANS|Location Directory,Location Directory,위치 목록,mt
GUITRANS|Lock Governor from Garrison Control,Lock Governor from Garrison Control,총독의 수비대 제어 잠금,mt
GUITRANS|Lock Governor from Garrisons,Lock Governor from Garrisons,총독의 수비대 제어 잠금,mt
GUITRANS|Lock Governor from Tech Research,Lock Governor from Tech Research,총독의 기술 연구 잠금,mt
GUITRANS|Locked from Governor Control,Locked from Governor Control,총독 제어 잠금,mt
GUITRANS|Major Factions,Major Factions,주요 진영,mt
GUITRANS|MARKET,MARKET,시장,mt
GUITRANS|Message Minimum Threshold,Message Minimum Threshold,메시지 최소 기준,mt
GUITRANS|Military Alerts,Military Alerts,군사 알림,mt
GUITRANS|Military Offers Allowed from this Faction,Military Offers Allowed from this Faction,이 진영의 군사 제안 허용,mt
GUITRANS|Military Offers from this Faction are Ignored,Military Offers from this Faction are Ignored,이 진영의 군사 제안 무시,mt
GUITRANS|MILITARY STANCE,MILITARY STANCE,군사 태세,mt
GUITRANS|Mini Map,Mini Map,미니맵,mt
GUITRANS|MINIMAP,MINIMAP,미니맵,mt
GUITRANS|Minor Factions,Minor Factions,소수 진영,mt
GUITRANS|Move Fleet,Move Fleet,함대 이동,mt
GUITRANS|Name:,Name:,이름:,mt
GUITRANS|Negotiate,Negotiate,협상,mt
GUITRANS|Next City,Next City,다음 도시,mt
GUITRANS|No Facilities Available At Current Level,No Facilities Available At Current Level,현재 단계에서 건설 가능한 시설 없음,mt
GUITRANS|Number of Systems,Number of Systems,성계 수,mt
GUITRANS|Objectives,Objectives,목표,mt
GUITRANS|Of Surplus Production,Of Surplus Production,잉여 생산량 중,mt
GUITRANS|Offer Nothing,Offer Nothing,제공 없음,mt
GUITRANS|Offers from this Faction not Auto Accepted,Offers from this Faction not Auto Accepted,이 진영의 제안 자동 수락 안 함,mt
GUITRANS|Opportunity,Opportunity,기회,mt
GUITRANS|Other players can be found on our Social Media portals,Other players can be found on our Social Media portals,다른 플레이어는 공식 소셜 미디어에서 찾을 수 있습니다.,mt
GUITRANS|Other Region,Other Region,다른 지역,mt
GUITRANS|Our Units Present,Our Units Present,아군 유닛 주둔,mt
GUITRANS|out of,out of,/,mt
GUITRANS|Pause Game,Pause Game,게임 일시 정지,mt
GUITRANS|PENDING,PENDING,대기 중,mt
GUITRANS|Points,Points,점수,mt
GUITRANS|Political,Political,정치,mt
GUITRANS|Politics,Politics,정치,mt
GUITRANS|Poll,Poll,여론조사,mt
GUITRANS|Population Filter,Population Filter,인구 필터,mt
GUITRANS|Population:,Population:,인구:,mt
GUITRANS|Previous City,Previous City,이전 도시,mt
GUITRANS|Procgen / Savegames,Procgen / Savegames,절차 생성 / 저장 게임,mt
GUITRANS|Production/Consumption,Production/Consumption,생산/소비,mt
GUITRANS|Profile ID,Profile ID,프로필 ID,mt
GUITRANS|Ranking,Ranking,순위,mt
GUITRANS|Rating,Rating,등급,mt
GUITRANS|Recommended Research,Recommended Research,추천 연구,mt
GUITRANS|Region is dead,Region is dead,멸망한 지역,mt
GUITRANS|Remove from Offer,Remove from Offer,제안에서 제거,mt
GUITRANS|Remove from Request,Remove from Request,요청에서 제거,mt
GUITRANS|RENAME REGION,RENAME REGION,지역 이름 변경,mt
GUITRANS|Request Nothing,Request Nothing,요청 없음,mt
GUITRANS|Researching,Researching,연구 중,mt
GUITRANS|Reserved Units,Reserved Units,예비 유닛,mt
GUITRANS|Reset Zoom,Reset Zoom,확대/축소 초기화,mt
GUITRANS|Resource Level,Resource Level,자원 수준,mt
GUITRANS|Resource Stock,Resource Stock,자원 재고,mt
GUITRANS|Results,Results,결과,mt
GUITRANS|Save Successful,Save Successful,저장 성공,mt
GUITRANS|Saving...,Saving...,저장 중...,mt
GUITRANS|Final Score,Final Score,최종 점수,mt
GUITRANS|Scrap Entire Hex,Scrap Entire Hex,헥스 전체 폐기,mt
GUITRANS|Sea Autobuild is Active,Sea Autobuild is Active,해상 자동 생산 켜짐,mt
GUITRANS|Sea Autobuild is Inactive,Sea Autobuild is Inactive,해상 자동 생산 꺼짐,mt
GUITRANS|SEED,SEED,시드,mt
GUITRANS|Select a valid location,Select a valid location,유효한 위치를 선택하십시오.,mt
GUITRANS|Select Battle Group,Select Battle Group,전투단 선택,mt
GUITRANS|Select Factions First,Select Factions First,진영을 먼저 선택하십시오.,mt
GUITRANS|Send Ping,Send Ping,핑 보내기,mt
GUITRANS|Send Ping To:,Send Ping To:,핑 보낼 대상:,mt
GUITRANS|Show / Hide Human Players,Show / Hide Human Players,인간 플레이어 표시/숨기기,mt
GUITRANS|Show Unit List,Show Unit List,유닛 목록 표시,mt
GUITRANS|Show Units for Selected Base,Show Units for Selected Base,선택한 기지의 유닛 표시,mt
GUITRANS|Size:,Size:,크기:,mt
GUITRANS|Sort by location,Sort by location,위치순 정렬,mt
GUITRANS|Start Game With No Units,Start Game With No Units,유닛 없이 게임 시작,mt
GUITRANS|Status:,Status:,상태:,mt
GUITRANS|SUPPLY CHAIN,SUPPLY CHAIN,보급망,mt
GUITRANS|Supporting,Supporting,지지,mt
GUITRANS|System Data,System Data,성계 데이터,mt
GUITRANS|System Information,System Information,성계 정보,mt
GUITRANS|Tactical Hotspots,Tactical Hotspots,전술 핫스팟,mt
GUITRANS|Technology,Technology,기술,mt
GUITRANS|Technology Non-Tradeable,Technology Non-Tradeable,거래 불가 기술,mt
GUITRANS|This Trade Favours Them,This Trade Favours Them,이 거래는 상대에게 유리합니다.,mt
GUITRANS|This Trade Favours Us,This Trade Favours Us,이 거래는 아군에게 유리합니다.,mt
GUITRANS|To This Faction,To This Faction,이 진영에게,mt
GUITRANS|Toggle Critical International Opinion,Toggle Critical International Opinion,비판적 국제 여론 전환,mt
GUITRANS|Toggle Daily / Annual Figures,Toggle Daily / Annual Figures,일간/연간 수치 전환,mt
GUITRANS|Toggle Loyalty Penalties To Supply And LoS,Toggle Loyalty Penalties To Supply And LoS,충성도의 보급·시야 불이익 전환,mt
GUITRANS|Toggle Spheres Of Influence,Toggle Spheres Of Influence,세력권 전환,mt
GUITRANS|Toggle Third Party Relations Effects,Toggle Third Party Relations Effects,제3국 관계 영향 전환,mt
"GUITRANS|Too many units, efficiency reduced","Too many units, efficiency reduced",유닛이 너무 많아 효율이 감소합니다.,mt
GUITRANS|Total,Total,합계,mt
GUITRANS|Total Strength,Total Strength,총 전력,mt
GUITRANS|Trading Partners,Trading Partners,무역 상대,mt
GUITRANS|TRANSFER,TRANSFER,이전,mt
GUITRANS|Transfer Saved Game,Transfer Saved Game,저장 게임 전송,mt
GUITRANS|Unemployment Rate,Unemployment Rate,실업률,mt
GUITRANS|UNEXPLORED PLANETS,UNEXPLORED PLANETS,미탐사 행성,mt
GUITRANS|Unit is Available for Defense Governor Orders,Unit is Available for Defense Governor Orders,국방 총독 명령 가능 유닛,mt
GUITRANS|Unit is Not Available for Defense Governor Orders,Unit is Not Available for Defense Governor Orders,국방 총독 명령 불가 유닛,mt
GUITRANS|Units Eliminated on Fall,Units Eliminated on Fall,함락 시 유닛 소멸,mt
GUITRANS|Very Fast,Very Fast,매우 빠름,mt
GUITRANS|Very Slow,Very Slow,매우 느림,mt
GUITRANS|Victory Condition,Victory Condition,승리 조건,mt
GUITRANS|VICTORY TYPE,VICTORY TYPE,승리 유형,mt
GUITRANS|View Infrastructure,View Infrastructure,인프라 보기,mt
GUITRANS|View Map,View Map,지도 보기,mt
GUITRANS|Volatility,Volatility,불안정도,mt
GUITRANS|Voters,Voters,유권자,mt
GUITRANS|War Opinion - Support/Neutral/Condemn,War Opinion - Support/Neutral/Condemn,전쟁 여론 - 지지/중립/규탄,mt
GUITRANS|WAR SUPPORT,WAR SUPPORT,전쟁 지지,mt
GUITRANS|WARS,WARS,전쟁,mt
GUITRANS|Fleet Size,Fleet Size,함대 규모,mt
GUITRANS|Remove From Navpoints,Remove From Navpoints,항법 지점에서 제거,mt
GUITRANS|Navpoints,Navpoints,항법 지점,mt
GUITRANS|Add To Navpoints,Add To Navpoints,항법 지점에 추가,mt
GUITRANS|Galaxy Size,Galaxy Size,은하 크기,mt
GUITRANS|Locate Feet,Locate Feet,함대 위치 찾기,mt
GUITRANS|LOCATION DIRECTORY,LOCATION DIRECTORY,위치 목록,mt
GUITRANS|GALACTIC NAVIGATION,GALACTIC NAVIGATION,은하 항법,mt
GUITRANS|NAVIGATION POINTS,NAVIGATION POINTS,항법 지점,mt
GUITRANS|INHABITED PLANETS,INHABITED PLANETS,거주 행성,mt
GUITRANS|Governor Locked From Research Controls,Governor Locked From Research Controls,총독의 연구 제어 잠금,mt
GUITRANS|Governor Allowed Research Controls,Governor Allowed Research Controls,총독의 연구 제어 허용,mt
GUITRANS|Atmosphere :,Atmosphere :,대기 :,mt
GUITRANS|Size :,Size :,크기 :,mt
GUITRANS|Unknown,Unknown,알 수 없음,mt
GUITRANS|You are already at war with:,You are already at war with:,이미 교전 중인 상대:,mt
GUITRANS|Select a Different Faction to Declare War,Select a Different Faction to Declare War,선전포고할 다른 진영을 선택하십시오.,mt
GUITRANS|Add to Battlegroup,Add to Battlegroup,전투단에 추가,mt
GUITRANS|Advanced Game Options,Advanced Game Options,고급 게임 옵션,mt
GUITRANS|Air Unit Initiative,Air Unit Initiative,항공 유닛 재량권,mt
GUITRANS|Air Units Available on Planet Only,Air Units Available on Planet Only,항공 유닛은 행성에서만 사용 가능,mt
GUITRANS|Allow Capture,Allow Capture,점령 허용,mt
GUITRANS|ARCHETYPE,ARCHETYPE,원형,mt
GUITRANS|Assigned Priorities,Assigned Priorities,지정된 우선순위,mt
GUITRANS|Available Priorities,Available Priorities,선택 가능한 우선순위,mt
GUITRANS|Automate OFF,Automate OFF,자동화 끔,mt
GUITRANS|Automate ON,Automate ON,자동화 켬,mt
GUITRANS|Automate Unit(s),Automate Unit(s),유닛 자동화,mt
GUITRANS|Ballistic Combat,Ballistic Combat,탄도 전투,mt
GUITRANS|Beam Combat,Beam Combat,빔 전투,mt
GUITRANS|Clear Orders,Clear Orders,명령 취소,mt
GUITRANS|Click to Filter for Selected Class,Click to Filter for Selected Class,클릭: 선택한 분류만 표시,mt
GUITRANS|Click to Filter to Selected Location,Click to Filter to Selected Location,클릭: 선택한 위치만 표시,mt
GUITRANS|Colony News in Empire,Colony News in Empire,제국에서 보는 식민지 소식,mt
GUITRANS|Command Department,Command Department,지휘부,mt
GUITRANS|Current Version,Current Version,현재 버전,mt
GUITRANS|Dead Faction,Dead Faction,멸망한 진영,mt
GUITRANS|Decrease Panel Size,Decrease Panel Size,패널 축소,mt
GUITRANS|Defense,Defense,국방,mt
GUITRANS|Defense Department,Defense Department,국방부,mt
GUITRANS|Diplomatic Relations Overlay,Diplomatic Relations Overlay,외교 관계 오버레이,mt
GUITRANS|Empire News in Colony,Empire News in Colony,식민지에서 보는 제국 소식,mt
GUITRANS|Empire View Overlay,Empire View Overlay,제국 보기 오버레이,mt
GUITRANS|Engage Ballistic Targets,Engage Ballistic Targets,탄도 표적 교전,mt
GUITRANS|Engage Beam Targets,Engage Beam Targets,빔 표적 교전,mt
GUITRANS|Galaxy Seed,Galaxy Seed,은하 시드,mt
GUITRANS|Go to Beacon,Go to Beacon,비콘으로 이동,mt
GUITRANS|Go to Planet,Go to Planet,행성으로 이동,mt
GUITRANS|Increase Panel Size,Increase Panel Size,패널 확대,mt
GUITRANS|Land Unit Initiative,Land Unit Initiative,지상 유닛 재량권,mt
GUITRANS|Land Units Available on Planet Only,Land Units Available on Planet Only,지상 유닛은 행성에서만 사용 가능,mt
GUITRANS|Last Saved in Version,Last Saved in Version,마지막 저장 버전,mt
GUITRANS|List is Filtered to Show for Selected Class,List is Filtered to Show for Selected Class,선택한 분류로 필터링된 목록,mt
GUITRANS|List of Discovered Factions,List of Discovered Factions,발견한 진영 목록,mt
GUITRANS|List of Known Factions,List of Known Factions,알려진 진영 목록,mt
GUITRANS|List of Our Allies,List of Our Allies,아군 동맹 목록,mt
GUITRANS|List of Our Colonies,List of Our Colonies,아군 식민지 목록,mt
GUITRANS|List of Our Enemies,List of Our Enemies,아군의 적 목록,mt
GUITRANS|Lock Governor from Garrison Controls,Lock Governor from Garrison Controls,총독의 수비대 제어 잠금,mt
GUITRANS|Minimize Panel,Minimize Panel,패널 최소화,mt
GUITRANS|Navigation,Navigation,항법,mt
GUITRANS|NEXT ELECTION,NEXT ELECTION,다음 선거,mt
GUITRANS|No Beacon in System,No Beacon in System,성계에 비콘 없음,mt
GUITRANS|No Messages to Clear,No Messages to Clear,지울 메시지 없음,mt
GUITRANS|Original Version,Original Version,원본 버전,mt
GUITRANS|Planet not Surveyed,Planet not Surveyed,미조사 행성,mt
GUITRANS|Production Paused,Production Paused,생산 일시 정지,mt
GUITRANS|Recon Department,Recon Department,정찰부,mt
GUITRANS|Research Department,Research Department,연구부,mt
GUITRANS|RESOURCE DEPARTMENT,RESOURCE DEPARTMENT,자원부,mt
GUITRANS|Savegame Incompatible - From Previous Game Version,Savegame Incompatible - From Previous Game Version,저장 게임 호환 불가 - 이전 게임 버전,mt
GUITRANS|Sea Unit Initiative,Sea Unit Initiative,해상 유닛 재량권,mt
GUITRANS|Sea Units Available on Planet Only,Sea Units Available on Planet Only,해상 유닛은 행성에서만 사용 가능,mt
GUITRANS|See System Level for Space Units,See System Level for Space Units,우주 유닛은 성계 단계에서 확인,mt
GUITRANS|Size,Size,크기,mt
GUITRANS|Space,Space,우주,mt
GUITRANS|Space Autobuild is Active,Space Autobuild is Active,우주 자동 생산 켜짐,mt
GUITRANS|Space Autobuild is Inactive,Space Autobuild is Inactive,우주 자동 생산 꺼짐,mt
GUITRANS|Space Unit Initative,Space Unit Initative,우주 유닛 재량권,mt
GUITRANS|Speed Limited to Normal/Pause in Tutorials,Speed Limited to Normal/Pause in Tutorials,튜토리얼에서는 보통 속도/일시 정지만 가능,mt
GUITRANS|Star of this planet,Star of this planet,이 행성의 항성,mt
GUITRANS|State Department,State Department,외교부,mt
GUITRANS|Steam Login Failed,Steam Login Failed,스팀 로그인 실패,mt
GUITRANS|System Status,System Status,성계 상태,mt
GUITRANS|Trade Policy,Trade Policy,무역 정책,mt
GUITRANS|Units and HUDs Overlay,Units and HUDs Overlay,유닛 및 HUD 오버레이,mt
GUITRANS|Unpause Game,Unpause Game,게임 재개,mt
GUITRANS|WARNING,WARNING,경고,mt
GUITRANS|Add Battlegroup to Selected Units,Add Battlegroup to Selected Units,선택한 유닛에 전투단 추가,mt
GUITRANS|Add Battlegroup to Selection,Add Battlegroup to Selection,선택에 전투단 추가,mt
GUITRANS|Add Selected Unit(s) to Battlegroup,Add Selected Unit(s) to Battlegroup,선택한 유닛을 전투단에 추가,mt
GUITRANS|Add to Selected,Add to Selected,선택에 추가,mt
GUITRANS|AFFECTING TECHS,AFFECTING TECHS,영향 주는 기술,mt
GUITRANS|Aggressive Tendency,Aggressive Tendency,공격 성향,mt
GUITRANS|Agriculture Base,Agriculture Base,농산물 기반,mt
GUITRANS|AI Stance,AI Stance,AI 태세,mt
GUITRANS|ALLIED VICTORIES,ALLIED VICTORIES,동맹 승리,mt
GUITRANS|Anomolies,Anomolies,이상 현상,mt
GUITRANS|Apply,Apply,적용,mt
GUITRANS|Asteroids,Asteroids,소행성,mt
GUITRANS|Asteroids Enabled,Asteroids Enabled,소행성 켜짐,mt
GUITRANS|Asteroids Disabled,Asteroids Disabled,소행성 꺼짐,mt
GUITRANS|AT WAR,AT WAR,교전 중,mt
GUITRANS|Atmosphere Type,Atmosphere Type,대기 유형,mt
GUITRANS|Auto Accept Merchant AI Offers,Auto Accept Merchant AI Offers,상인 AI 제안 자동 수락,mt
GUITRANS|Auto Accept Merchant AI Offers: Off,Auto Accept Merchant AI Offers: Off,상인 AI 제안 자동 수락: 꺼짐,mt
GUITRANS|Auto Accept Merchant AI Offers: On,Auto Accept Merchant AI Offers: On,상인 AI 제안 자동 수락: 켜짐,mt
GUITRANS|AUTO EXPORT,AUTO EXPORT,자동 수출,mt
GUITRANS|Automate Unit,Automate Unit,유닛 자동화,mt
GUITRANS|Automate Units,Automate Units,유닛 자동화,mt
GUITRANS|BATTLEGROUP + NUMBER,BATTLEGROUP + NUMBER,전투단 + 번호,mt
GUITRANS|Beacon in System,Beacon in System,성계에 비콘 있음,mt
GUITRANS|Beam Weapon use Faction Color,Beam Weapon use Faction Color,빔 무기에 진영 색상 사용,mt
GUITRANS|BETA,BETA,베타,mt
GUITRANS|Birth Rate,Birth Rate,출생률,mt
GUITRANS|Break All Ties,Break All Ties,모든 관계 단절,mt
GUITRANS|Break All Treaties with this Faction,Break All Treaties with this Faction,이 진영과의 모든 조약 파기,mt
GUITRANS|BULK EXPORT,BULK EXPORT,대량 수출,mt
GUITRANS|Can only View Explored Systems,Can only View Explored Systems,탐사한 성계만 볼 수 있음,mt
GUITRANS|CANCEL TREATIES,CANCEL TREATIES,조약 파기,mt
GUITRANS|Center on Battlegroup,Center on Battlegroup,전투단 위치로 이동,mt
GUITRANS|Center on Spaceport,Center on Spaceport,우주항 위치로 이동,mt
GUITRANS|Chart the Future of this Race...,Chart the Future of this Race...,이 종족의 미래를 설계하십시오...,mt
GUITRANS|Clear All Garrisons on Planet,Clear All Garrisons on Planet,행성의 모든 수비대 비우기,mt
GUITRANS|Clear All of this Type,Clear All of this Type,이 종류 모두 비우기,mt
GUITRANS|Clear All Orders,Clear All Orders,모든 명령 취소,mt
GUITRANS|Clear this Message,Clear this Message,이 메시지 지우기,mt
GUITRANS|Coastlines,Coastlines,해안선,mt
GUITRANS|Commissioned,Commissioned,취역,mt
GUITRANS|Complete Victory Excludes Pirates and Minor Races,Complete Victory Excludes Pirates and Minor Races,완전 승리에서 해적과 소수 종족 제외,mt
GUITRANS|Connecting to Lobby,Connecting to Lobby,로비에 연결 중,mt
GUITRANS|Control Mods Subscriptions,Control Mods Subscriptions,모드 구독 관리,mt
GUITRANS|Creating a Crate Requires a Spaceport and Quantity,Creating a Crate Requires a Spaceport and Quantity,화물 상자 생성에는 우주항과 수량이 필요합니다.,mt
GUITRANS|Critical Galaxy Opinion,Critical Galaxy Opinion,비판적 은하 여론,mt
GUITRANS|Cursor Style,Cursor Style,커서 모양,mt
GUITRANS|Dead Regions,Dead Regions,멸망한 지역,mt
GUITRANS|Death Rate,Death Rate,사망률,mt
GUITRANS|Deploy All Units to Planet,Deploy All Units to Planet,모든 유닛을 행성에 배치,mt
GUITRANS|Deploy to Spaceport,Deploy to Spaceport,우주항에 배치,mt
GUITRANS|Destroy Facility,Destroy Facility,시설 파괴,mt
GUITRANS|Details Unavailable,Details Unavailable,상세 정보 없음,mt
GUITRANS|DIPLOMATIC NEGOTIATIONS,DIPLOMATIC NEGOTIATIONS,외교 협상,mt
GUITRANS|Disable Help,Disable Help,도움말 끄기,mt
GUITRANS|Disable Structure Auto Repair on Planet,Disable Structure Auto Repair on Planet,행성 구조물 자동 수리 끄기,mt
GUITRANS|Disband Battlegroup,Disband Battlegroup,전투단 해산,mt
GUITRANS|Domestic Approval,Domestic Approval,국내 지지율,mt
GUITRANS|Domestic/External Opinion,Domestic/External Opinion,국내/국외 여론,mt
GUITRANS|Each Listed Item Can Be Adjusted In Game Options,Each Listed Item Can Be Adjusted In Game Options,각 항목은 게임 옵션에서 바꿀 수 있습니다,mt
GUITRANS|Enable Structure Auto Repair on Planet,Enable Structure Auto Repair on Planet,행성 구조물 자동 수리 켜기,mt
GUITRANS|Energy,Energy,에너지,mt
GUITRANS|Energy Availability,Energy Availability,에너지 가용량,mt
GUITRANS|Energy Level Critical - Beam Weapons Offline,Energy Level Critical - Beam Weapons Offline,에너지 위험 - 빔 무기 가동 중단,mt
GUITRANS|EXPLORED SYSTEMS,EXPLORED SYSTEMS,탐사된 성계,mt
GUITRANS|EXPORT FOR TRADE,EXPORT FOR TRADE,무역용 수출,mt
GUITRANS|Facility HUDs,Facility HUDs,시설 HUD,mt
GUITRANS|Faction of Origin,Faction of Origin,출신 진영,mt
GUITRANS|Faction/Race,Faction/Race,진영/종족,mt
GUITRANS|Factions in the Galaxy,Factions in the Galaxy,은하의 진영,mt
GUITRANS|Filter Name,Filter Name,필터 이름,mt
GUITRANS|Filter Units By Class,Filter Units By Class,분류별 유닛 필터,mt
GUITRANS|Finished Goods,Finished Goods,완제품,mt
GUITRANS|Finished Goods Needed,Finished Goods Needed,필요 완제품,mt
GUITRANS|Food Source,Food Source,식량원,mt
GUITRANS|FORCE SIZE,FORCE SIZE,병력 규모,mt
GUITRANS|FTL Drive Charging,FTL Drive Charging,FTL 구동기 충전 중,mt
GUITRANS|FTL Jump Initiated,FTL Jump Initiated,FTL 도약 개시,mt
GUITRANS|FTL Range,FTL Range,FTL 사거리,mt
GUITRANS|FTL Travel Range,FTL Travel Range,FTL 이동 거리,mt
GUITRANS|FTL Travel Requires Beacon,FTL Travel Requires Beacon,FTL 이동에는 비콘 필요,mt
GUITRANS|GALACTIC,GALACTIC,은하,mt
GUITRANS|GALACTIC ALMANAC,GALACTIC ALMANAC,은하 연감,mt
GUITRANS|Galactic Opinion of Project,Galactic Opinion of Project,프로젝트에 대한 은하 여론,mt
GUITRANS|Galaxy Shroud,Galaxy Shroud,은하 장막,mt
GUITRANS|GALAXY TYPE,GALAXY TYPE,은하 유형,mt
GUITRANS|GAME DIFFICULTY,GAME DIFFICULTY,게임 난이도,mt
GUITRANS|Generate Map Before Launching,Generate Map Before Launching,시작 전 지도 생성,mt
GUITRANS|Go to Reserves,Go to Reserves,예비 전력으로 이동,mt
GUITRANS|GOVERNOR,GOVERNOR,총독,mt
GUITRANS|Governor Locked from Research Controls,Governor Locked from Research Controls,총독의 연구 제어 잠금,mt
GUITRANS|Governor Locked Research Controls,Governor Locked Research Controls,총독의 연구 제어 잠금,mt
GUITRANS|Governor Research Controls Allowed,Governor Research Controls Allowed,총독의 연구 제어 허용,mt
GUITRANS|GUI Scaling,GUI Scaling,GUI 배율,mt
GUITRANS|Habitability,Habitability,거주 적합도,mt
GUITRANS|Help Cannot be Disabled in Tutorials,Help Cannot be Disabled in Tutorials,튜토리얼에서는 도움말을 끌 수 없습니다.,mt
GUITRANS|Homeworld,Homeworld,고향 행성,mt
GUITRANS|IMPORT FROM TRADE,IMPORT FROM TRADE,무역으로 수입,mt
GUITRANS|In Reserves,In Reserves,예비 전력 중,mt
GUITRANS|In/Out,In/Out,유입/유출,mt
GUITRANS|Include Dead Factions in Listed Regions,Include Dead Factions in Listed Regions,목록 지역에 멸망한 진영 포함,mt
GUITRANS|Include Pirates,Include Pirates,해적 포함,mt
GUITRANS|Include Space Pirates,Include Space Pirates,우주 해적 포함,mt
GUITRANS|Include the Colonies of Listed Regions,Include the Colonies of Listed Regions,목록 지역의 식민지 포함,mt
GUITRANS|Increase Amount of Surplus to Export,Increase Amount of Surplus to Export,수출할 잉여분 늘리기,mt
GUITRANS|INHABITED SYSTEMS,INHABITED SYSTEMS,거주 성계,mt
GUITRANS|Insufficient Diplomatic Agreements,Insufficient Diplomatic Agreements,외교 협정 부족,mt
GUITRANS|Land Designs,Land Designs,지상 설계,mt
GUITRANS|Land Masses,Land Masses,대륙,mt
GUITRANS|LARGE GALAXY,LARGE GALAXY,대형 은하,mt
GUITRANS|Last Save,Last Save,마지막 저장,mt
GUITRANS|LEADS TO,LEADS TO,다음 단계,mt
GUITRANS|Let's set up some options for you!,Let's set up some options for you!,몇 가지 옵션을 설정하겠습니다!,mt
GUITRANS|Life Expectancy,Life Expectancy,기대 수명,mt
GUITRANS|Load All Crates Into Transport,Load All Crates Into Transport,모든 화물 상자를 수송기에 적재,mt
GUITRANS|Load All Crates Into Transports,Load All Crates Into Transports,모든 화물 상자를 수송기에 적재,mt
GUITRANS|Load All Units in Same Location,Load All Units in Same Location,같은 위치의 모든 유닛 적재,mt
GUITRANS|Load All Units Into Transport,Load All Units Into Transport,모든 유닛을 수송기에 적재,mt
GUITRANS|Load Into Next Transport,Load Into Next Transport,다음 수송기에 적재,mt
GUITRANS|Load to Orbit,Load to Orbit,궤도로 적재,mt
GUITRANS|MARKET AVAILABILITY,MARKET AVAILABILITY,시장 가용성,mt
GUITRANS|Market Controls,Market Controls,시장 제어,mt
GUITRANS|Market Trades,Market Trades,시장 거래,mt
GUITRANS|Max Potential,Max Potential,최대 잠재력,mt
GUITRANS|Maximize Garrisons on Planet,Maximize Garrisons on Planet,행성 수비대 최대화,mt
GUITRANS|MEDIUM GALAXY,MEDIUM GALAXY,중형 은하,mt
GUITRANS|Merchant AI Offers Allowed,Merchant AI Offers Allowed,상인 AI 제안 허용,mt
GUITRANS|Merchant AI Offers Blocked,Merchant AI Offers Blocked,상인 AI 제안 차단,mt
GUITRANS|Merchant Trade,Merchant Trade,상선 무역,mt
GUITRANS|Military Approval,Military Approval,군 지지율,mt
GUITRANS|Military Units,Military Units,군사 유닛,mt
"GUITRANS|Military, Economic and Diplomatic Difficulty","Military, Economic and Diplomatic Difficulty",군사·경제·외교 난이도,mt
GUITRANS|Motivation,Motivation,동기,mt
GUITRANS|Nav Points,Nav Points,항법 지점,mt
GUITRANS|Next in System,Next in System,성계 내 다음,mt
GUITRANS|Next Technologies,Next Technologies,다음 기술,mt
GUITRANS|No Battlegroup Selected,No Battlegroup Selected,선택된 전투단 없음,mt
GUITRANS|NO LONGER COMPATIBLE,NO LONGER COMPATIBLE,더 이상 호환되지 않음,mt
GUITRANS|No Orbital Station,No Orbital Station,궤도 정거장 없음,mt
GUITRANS|No Orbital Station with Available Crate,No Orbital Station with Available Crate,사용 가능한 화물 상자가 있는 궤도 정거장 없음,mt
GUITRANS|No Recommendations,No Recommendations,추천 없음,mt
GUITRANS|No Trade Partners Discovered,No Trade Partners Discovered,발견된 무역 상대 없음,mt
GUITRANS|No Transport Available,No Transport Available,사용 가능한 수송기 없음,mt
GUITRANS|Normal,Normal,보통,mt
GUITRANS|Number of Factions in the Galaxy,Number of Factions in the Galaxy,은하의 진영 수,mt
GUITRANS|Open Save Game Folder,Open Save Game Folder,저장 폴더 열기,mt
GUITRANS|Open/Close <F1>,Open/Close <F1>,열기/닫기 <F1>,mt
GUITRANS|Open/Close Objectives,Open/Close Objectives,목표 열기/닫기,mt
GUITRANS|Output Log File,Output Log File,로그 파일 출력,mt
GUITRANS|Planet,Planet,행성,mt
"GUITRANS|Previous Day trades, Production and Consumption","Previous Day trades, Production and Consumption","전일 거래, 생산 및 소비",mt
GUITRANS|Proceed to Faction Selection,Proceed to Faction Selection,진영 선택으로 진행,mt
GUITRANS|Ready will be turned OFF if settings change,Ready will be turned OFF if settings change,설정이 바뀌면 준비가 해제됩니다.,mt
GUITRANS|Scrap Facility,Scrap Facility,시설 폐기,mt
GUITRANS|Sectors,Sectors,구역,mt
GUITRANS|Shareable Music,Shareable Music,공유 가능 음악,mt
GUITRANS|Shield Technology Available for Refit,Shield Technology Available for Refit,방어막 기술 개장 가능,mt
GUITRANS|Show Non-player Factions,Show Non-player Factions,비플레이어 진영 표시,mt
GUITRANS|Show Path Line for Inspected Units,Show Path Line for Inspected Units,조사 중인 유닛의 경로선 표시,mt
GUITRANS|Show Pirates,Show Pirates,해적 표시,mt
GUITRANS|SMALL GALAXY,SMALL GALAXY,소형 은하,mt
GUITRANS|Sociability,Sociability,친화력,mt
GUITRANS|Space Unit Initiative,Space Unit Initiative,우주 유닛 재량권,mt
GUITRANS|Starting Force,Starting Force,시작 병력,mt
GUITRANS|Starting Force Size,Starting Force Size,시작 병력 규모,mt
GUITRANS|Starting Technology Level,Starting Technology Level,시작 기술 수준,mt
GUITRANS|Strategy,Strategy,전략,mt
GUITRANS|Supply Chain,Supply Chain,보급망,mt
GUITRANS|System,System,시스템,mt
GUITRANS|TECHNOLOGY,TECHNOLOGY,기술,mt
GUITRANS|Tendency,Tendency,성향,mt
GUITRANS|Trade Requires Spaceport,Trade Requires Spaceport,무역에는 우주항 필요,mt
GUITRANS|Trade Uses AI Transport,Trade Uses AI Transport,무역에 AI 수송 사용,mt
GUITRANS|Unit Damage Critical,Unit Damage Critical,유닛 피해 심각,mt
GUITRANS|Unit Double Click,Unit Double Click,유닛 더블 클릭,mt
GUITRANS|Unit HUDs,Unit HUDs,유닛 HUD,mt
GUITRANS|UPDATE,UPDATE,갱신,mt
GUITRANS|VOLATILITY,VOLATILITY,불안정도,mt
GUITRANS|Transfer Resource to Crate in Orbital Station,Transfer Resource to Crate in Orbital Station,궤도 정거장 화물 상자로 자원 이전,mt
GUITRANS|Treaty List,Treaty List,조약 목록,mt
GUITRANS|Trigger Warning on Enemy Movements,Trigger Warning on Enemy Movements,적 이동 시 경고,mt
GUITRANS|Trigger Warning on Neutral Movements,Trigger Warning on Neutral Movements,중립 이동 시 경고,mt
GUITRANS|UNEXPLORED SYSTEMS,UNEXPLORED SYSTEMS,미탐사 성계,mt
GUITRANS|Unit has no Ammo Remaining,Unit has no Ammo Remaining,유닛 탄약 소진,mt
GUITRANS|Unit in Distress,Unit in Distress,유닛 조난,mt
GUITRANS|Unit is Assigned a Battlegroup,Unit is Assigned a Battlegroup,전투단에 편성된 유닛,mt
GUITRANS|Unit is Firing,Unit is Firing,유닛 사격 중,mt
GUITRANS|Unit is Taking Fire,Unit is Taking Fire,유닛 피격 중,mt
GUITRANS|Unit Locked from Governor Controls,Unit Locked from Governor Controls,총독 제어 잠금 유닛,mt
GUITRANS|Unit Severely Damaged,Unit Severely Damaged,유닛 중파,mt
GUITRANS|Unit Struggling with Morale or Supplies,Unit Struggling with Morale or Supplies,유닛 사기·보급 곤란,mt
GUITRANS|Universe Volatility,Universe Volatility,우주 불안정도,mt
GUITRANS|Unload All Crates,Unload All Crates,모든 화물 상자 하역,mt
GUITRANS|Unload from Cargo,Unload from Cargo,화물칸에서 하역,mt
GUITRANS|Unsubscribe from Workshop Item,Unsubscribe from Workshop Item,워크숍 항목 구독 취소,mt
GUITRANS|View Planet to Build Research Centers,View Planet to Build Research Centers,연구소 건설을 위해 행성 보기,mt
GUITRANS|View Research Details,View Research Details,연구 상세 보기,mt
GUITRANS|Welcome to Galactic Ruler,Welcome to Galactic Ruler,Galactic Ruler에 오신 것을 환영합니다,mt
GUITRANS|with this Region?,with this Region?,이 지역과 하시겠습니까?,mt
GUITRANS|Go To System,Go To System,성계로 이동,mt
GUITRANS|Lock Governor from Military Spending,Lock Governor from Military Spending,총독의 군사 지출 잠금,mt
GUITRANS|IN RESERVE,IN RESERVE,예비 전력,mt
GUITRANS|Planet HUDs,Planet HUDs,행성 HUD,mt
GUITRANS|System HUDs,System HUDs,성계 HUD,mt
GUITRANS|STELLAR NAVIGATION,STELLAR NAVIGATION,항성 항법,mt
GUITRANS|Atmosphere,Atmosphere,대기,mt
GUITRANS|Pirates Do Not Scrap,Pirates Do Not Scrap,해적은 폐기하지 않음,mt
GUITRANS|Map Seed,Map Seed,지도 시드,mt
GUITRANS|Trade Requires WM Membership,Trade Requires WM Membership,무역에는 세계 시장 가입 필요,mt
GUITRANS|Play Game Intro Cutscene,Play Game Intro Cutscene,게임 인트로 영상 재생,mt
GUITRANS|Ore Availability,Ore Availability,광석 가용량,mt
GUITRANS|SAVED NAV POINTS,SAVED NAV POINTS,저장된 항법 지점,mt
GUITRANS|Offensive,Offensive,공세적,mt
GUITRANS|Orbital Controls,Orbital Controls,궤도 제어,mt
GUITRANS|Expires In,Expires In,만료까지,mt
GUITRANS|Switch to Colony Control,Switch to Colony Control,식민지 제어로 전환,mt
GUITRANS|Offers from this Faction are not Auto Accepted,Offers from this Faction are not Auto Accepted,이 진영의 제안 자동 수락 안 함,mt
GUITRANS|Seize control of your military to maintain your position?,Seize control of your military to maintain your position?,지위를 유지하기 위해 군 통제권을 장악하시겠습니까?,mt
GUITRANS|STRATEGIC CONTROLS,STRATEGIC CONTROLS,전략 제어,mt
GUITRANS|Requires Planet Ownership,Requires Planet Ownership,행성 소유 필요,mt
GUITRANS|Recon Alert Neutral - OFF,Recon Alert Neutral - OFF,중립 정찰 경보 - 꺼짐,mt
GUITRANS|Recon Alert Neutral - ON,Recon Alert Neutral - ON,중립 정찰 경보 - 켜짐,mt
GUITRANS|Recon Alert Enemy - OFF,Recon Alert Enemy - OFF,적 정찰 경보 - 꺼짐,mt
GUITRANS|Recon Alert Enemy - ON,Recon Alert Enemy - ON,적 정찰 경보 - 켜짐,mt
GUITRANS|TARGET SUPPLY,TARGET SUPPLY,목표 보급량,mt
GUITRANS|RATIONING,RATIONING,배급,mt
GUITRANS|Ongoing Trades,Ongoing Trades,진행 중인 거래,mt
GUITRANS|Relationship Controls,Relationship Controls,관계 제어,mt
GUITRANS|SPOT WARNING,SPOT WARNING,발견 경고,mt
GUITRANS|Planetary Governor,Planetary Governor,행성 총독,mt
GUITRANS|SAVE AND QUIT,SAVE AND QUIT,저장 후 종료,mt
GUITRANS|QUIT TO DESKTOP,QUIT TO DESKTOP,바탕 화면으로 종료,mt
GUITRANS|RENAME PLANET,RENAME PLANET,행성 이름 변경,mt
GUITRANS|Show for our Faction/All Factions,Show for our Faction/All Factions,아군 진영/모든 진영 표시,mt
GUITRANS|Related Designs,Related Designs,관련 설계,mt
GUITRANS|To Complete,To Complete,완료까지,mt
GUITRANS|Score,Score,점수,mt
GUITRANS|Show / Hide Pirates,Show / Hide Pirates,해적 표시/숨기기,mt
GUITRANS|Defense Production Capacity,Defense Production Capacity,국방 생산 용량,mt
GUITRANS|Losses,Losses,손실,mt
GUITRANS|Orbital Transfer,Orbital Transfer,궤도 이전,mt
GUITRANS|Requires Beam Weapon Technology,Requires Beam Weapon Technology,빔 무기 기술 필요,mt
GUITRANS|Unit is Experiencing Difficulties,Unit is Experiencing Difficulties,유닛 곤란 상황,mt
GUITRANS|Split Unit,Split Unit,유닛 분할,mt
GUITRANS|RESOURCE SUPPLY,RESOURCE SUPPLY,자원 보급,mt
GUITRANS|Decrease Amount of Surplus to Export,Decrease Amount of Surplus to Export,수출할 잉여분 줄이기,mt
GUITRANS|OFFER PEACE TO,OFFER PEACE TO,평화 제안 대상,mt
"GUITRANS|Select a Chapter, Click Launch","Select a Chapter, Click Launch",장을 선택하고 시작을 누르십시오.,mt
GUITRANS|Open Filters,Open Filters,필터 열기,mt
GUITRANS|territorial,territorial,영토,mt
GUITRANS|area,area,지역,mt
GUITRANS|relations,relations,관계,mt
GUITRANS|allies,allies,동맹국,mt
GUITRANS|region,region,지역,mt
GUITRANS|Type,Type,유형,mt
GUITRANS|galactic,galactic,은하,mt
GUITRANS|Technical Blueprint,Technical Blueprint,기술 청사진,mt
GUITRANS|Planet Controls,Planet Controls,행성 제어,mt
GUITRANS|System Controls,System Controls,성계 제어,mt
GUITRANS|Offer,Offer,제안,mt
GUITRANS|Provides Unit or Facility Design,Provides Unit or Facility Design,유닛 또는 시설 설계 제공,mt
GUITRANS|RESEARCHING,RESEARCHING,연구 중,mt
GUITRANS|Mwh,Mwh,,
GUITRANS|Open Unit Popup,Open Unit Popup,유닛 팝업 열기,mt
GUITRANS|Unit Delivery Point,Unit Delivery Point,유닛 인도 지점,mt
GUITRANS|Open Technical Readout,Open Technical Readout,기술 제원 열기,mt
GUITRANS|Select a Different Region to Declare War,Select a Different Region to Declare War,선전포고할 다른 지역을 선택하십시오.,mt
GUITRANS|Select a Different Country to Offer Peace,Select a Different Country to Offer Peace,평화를 제안할 다른 국가를 선택하십시오.,mt
GUITRANS|Select a Different Region to Negotiate,Select a Different Region to Negotiate,협상할 다른 지역을 선택하십시오.,mt
GUITRANS|Select a Different Region to Perform Actions,Select a Different Region to Perform Actions,행동을 취할 다른 지역을 선택하십시오.,mt
GUITRANS|Select a Different Country to Declare War,Select a Different Country to Declare War,선전포고할 다른 국가를 선택하십시오.,mt
GUITRANS|Dead Region,Dead Region,멸망한 지역,mt
GUITRANS|Previous in System,Previous in System,성계 내 이전,mt
GUITRANS|Switch to this Region,Switch to this Region,이 지역으로 전환,mt
GUITRANS|Planet Status,Planet Status,행성 상태,mt
GUITRANS|home planet,home planet,고향 행성,mt
GUITRANS|clock,clock,시계,mt
GUITRANS|Slow,Slow,느림,mt
GUITRANS|Beam Weapon Technology Available for Refit,Beam Weapon Technology Available for Refit,빔 무기 기술 개장 가능,mt
GUITRANS|Requires Selected Unit and Selected Battlegroup,Requires Selected Unit and Selected Battlegroup,유닛과 전투단을 선택해야 합니다.,mt
GUITRANS|Rename Battlegroup,Rename Battlegroup,전투단 이름 변경,mt
GUITRANS|Select Battlegroup to Rename,Select Battlegroup to Rename,이름을 바꿀 전투단 선택,mt
GUITRANS|Select Battlegroup to Disband,Select Battlegroup to Disband,해산할 전투단 선택,mt
GUITRANS|Select Battlegroup to Add to Selected Units,Select Battlegroup to Add to Selected Units,선택한 유닛에 추가할 전투단 선택,mt
GUITRANS|( Local IP:,( Local IP:,( 로컬 IP:,mt
GUITRANS|+ 33% Existing Level,+ 33% Existing Level,+ 현재 수준의 33%,mt
GUITRANS|- 33% Existing Level,- 33% Existing Level,- 현재 수준의 33%,mt
GUITRANS|- Choose from hundreds of Regions in 2023 and 2030,- Choose from hundreds of Regions in 2023 and 2030,- 2023년과 2030년의 수백 개 지역 중 선택,mt
GUITRANS|- Game updates including additional content,- Game updates including additional content,- 추가 콘텐츠를 포함한 게임 업데이트,mt
GUITRANS|- Multiplayer support for up to 16 players via LAN or Internet,- Multiplayer support for up to 16 players via LAN or Internet,- LAN 또는 인터넷으로 최대 16인 멀티플레이,mt
"GUITRANS|- Unlimited play in Sandbox, Scenario or Campaign","- Unlimited play in Sandbox, Scenario or Campaign","- 샌드박스, 시나리오, 캠페인 무제한 플레이",mt
GUITRANS|- Varied Diplomatic starting situations to explore,- Varied Diplomatic starting situations to explore,- 다양한 외교 시작 상황 체험,mt
GUITRANS|...more,...more,...더 보기,mt
GUITRANS|100%,100%,,
GUITRANS|AI Faction Cost/Speed Advantage,AI Faction Cost/Speed Advantage,AI 진영 비용/속도 이점,mt
GUITRANS|ANNUALLY,ANNUALLY,연간,mt
GUITRANS|Acitive Personnel,Acitive Personnel,현역 인원,mt
GUITRANS|Active Battlegroups,Active Battlegroups,활성 전투단,mt
GUITRANS|Total Projects in Queue / Available Research Slots,Total Projects in Queue / Available Research Slots,대기열 전체 프로젝트 / 가용 연구 칸,mt
GUITRANS|Add Selection to Selected Units,Add Selection to Selected Units,선택을 선택한 유닛에 추가,mt
GUITRANS|Add To Battle Group,Add To Battle Group,전투단에 추가,mt
GUITRANS|Add To Build Queue,Add To Build Queue,건설 대기열에 추가,mt
GUITRANS|Add To Offer,Add To Offer,제안에 추가,mt
GUITRANS|Add To Research Queue,Add To Research Queue,연구 대기열에 추가,mt
GUITRANS|Add to BattleGroup,Add to BattleGroup,전투단에 추가,mt
GUITRANS|Add to Navpoints,Add to Navpoints,항법 지점에 추가,mt
GUITRANS|Adjust 3D Object Brightness,Adjust 3D Object Brightness,3D 물체 밝기 조절,mt
GUITRANS|Adjust GUI Scaling,Adjust GUI Scaling,GUI 배율 조절,mt
GUITRANS|Adjust Model Size Of Units,Adjust Model Size Of Units,유닛 모델 크기 조절,mt
GUITRANS|Adjust Terrain Brightness,Adjust Terrain Brightness,지형 밝기 조절,mt
GUITRANS|Affect Selected Terrain ONLY,Affect Selected Terrain ONLY,선택한 지형에만 적용,mt
GUITRANS|Air Staff,Air Staff,공군 참모,mt
GUITRANS|Air Units Path Around Neutral Regions,Air Units Path Around Neutral Regions,항공 유닛은 중립 지역 우회,mt
GUITRANS|Alerts OFF for Enemy Movement,Alerts OFF for Enemy Movement,적 이동 경보 꺼짐,mt
GUITRANS|Alerts OFF for Neutral Movement,Alerts OFF for Neutral Movement,중립 이동 경보 꺼짐,mt
GUITRANS|Alerts ON for Enemy Movement,Alerts ON for Enemy Movement,적 이동 경보 켜짐,mt
GUITRANS|Alerts ON for Neutral Movement,Alerts ON for Neutral Movement,중립 이동 경보 켜짐,mt
GUITRANS|Allow Players to Join Lobby,Allow Players to Join Lobby,플레이어의 로비 참가 허용,mt
GUITRANS|Allowed,Allowed,허용,mt
GUITRANS|Altitude Settings,Altitude Settings,고도 설정,mt
GUITRANS|Altitude Threshold,Altitude Threshold,고도 기준,mt
GUITRANS|Altitude Threshold 1,Altitude Threshold 1,고도 기준 1,mt
GUITRANS|Altitude Threshold 2,Altitude Threshold 2,고도 기준 2,mt
GUITRANS|Altitude Threshold 3,Altitude Threshold 3,고도 기준 3,mt
GUITRANS|Altitude Threshold 4,Altitude Threshold 4,고도 기준 4,mt
GUITRANS|Altitude Threshold 5,Altitude Threshold 5,고도 기준 5,mt
GUITRANS|Always Transfer,Always Transfer,항상 이전,mt
GUITRANS|Annex,Annex,합병,mt
GUITRANS|Annex Region,Annex Region,지역 합병,mt
GUITRANS|Apply New Name,Apply New Name,새 이름 적용,mt
GUITRANS|Assign Horizontal Formation,Assign Horizontal Formation,횡대 편성,mt
GUITRANS|Assign Vertical Formation,Assign Vertical Formation,종대 편성,mt
GUITRANS|Auto Assign Leader,Auto Assign Leader,지휘관 자동 지정,mt
GUITRANS|Autobuild,Autobuild,자동 생산,mt
GUITRANS|Automate Battlegroup,Automate Battlegroup,전투단 자동화,mt
GUITRANS|Automate Selected Unit(s),Automate Selected Unit(s),선택한 유닛 자동화,mt
GUITRANS|Automatically Changes Pitch Of Map Depending On Zoom,Automatically Changes Pitch Of Map Depending On Zoom,확대/축소에 따라 지도 기울기를 자동으로 바꿉니다.,mt
GUITRANS|Automatically Highlight Relevant UI From Help Messages,Automatically Highlight Relevant UI From Help Messages,도움말 메시지와 관련된 UI를 자동으로 강조합니다.,mt
GUITRANS|Automatically Pauses Multiplayer Game On Sync Error,Automatically Pauses Multiplayer Game On Sync Error,동기화 오류 시 멀티플레이 게임을 자동으로 일시 정지합니다.,mt
GUITRANS|Automatically Selects All Units In Hex On Click,Automatically Selects All Units In Hex On Click,클릭 시 헥스의 모든 유닛을 자동으로 선택합니다.,mt
GUITRANS|Automatically Selects All Units in Selection,Automatically Selects All Units in Selection,선택 범위의 모든 유닛을 자동으로 선택합니다.,mt
GUITRANS|Automatically Selects Single Units On Click,Automatically Selects Single Units On Click,클릭 시 유닛 하나만 자동으로 선택합니다.,mt
GUITRANS|Avaialble to Purchase,Avaialble to Purchase,구매 가능,mt
GUITRANS|Avaialble to Sell,Avaialble to Sell,판매 가능,mt
GUITRANS|Available Research,Available Research,가능한 연구,mt
GUITRANS|Avoid Malacca Strait,Avoid Malacca Strait,말라카 해협 회피,mt
GUITRANS|Avoid Panama Canal,Avoid Panama Canal,파나마 운하 회피,mt
GUITRANS|Avoid Suez Canal,Avoid Suez Canal,수에즈 운하 회피,mt
GUITRANS|Avoid Turkish Strait,Avoid Turkish Strait,튀르키예 해협 회피,mt
GUITRANS|BGForums,BGForums,,
GUITRANS|Background Image Name,Background Image Name,배경 이미지 이름,mt
GUITRANS|BattleZones,BattleZones,전투 구역,mt
GUITRANS|Battlegroup Controls,Battlegroup Controls,전투단 제어,mt
GUITRANS|Battlegroup Count,Battlegroup Count,전투단 수,mt
GUITRANS|Battlegroup Management,Battlegroup Management,전투단 관리,mt
GUITRANS|Boosted Fastest Game Speed,Boosted Fastest Game Speed,강화된 최고 게임 속도,mt
GUITRANS|Bridge Facing,Bridge Facing,교량 방향,mt
GUITRANS|Brush Size,Brush Size,브러시 크기,mt
GUITRANS|Build Facility,Build Facility,시설 건설,mt
GUITRANS|Building Cache,Building Cache,캐시 생성 중,mt
GUITRANS|CONS.,CONS.,소비,mt
GUITRANS|Cabinet Popup,Cabinet Popup,내각 팝업,mt
GUITRANS|Cabinet Priorities,Cabinet Priorities,내각 우선순위,mt
GUITRANS|Cache Created,Cache Created,캐시 생성됨,mt
GUITRANS|Cancel Automate,Cancel Automate,자동화 취소,mt
GUITRANS|Cancel Declaration of War,Cancel Declaration of War,선전포고 취소,mt
GUITRANS|Cannot be Disabled in Tutorials,Cannot be Disabled in Tutorials,튜토리얼에서는 끌 수 없습니다.,mt
GUITRANS|Cannot be Split,Cannot be Split,분할 불가,mt
GUITRANS|Center On,Center On,중앙으로 이동,mt
GUITRANS|Center on Focus Unit,Center on Focus Unit,주시 유닛으로 이동,mt
GUITRANS|Change Behaviour Of Double Clicking,Change Behaviour Of Double Clicking,더블 클릭 동작을 바꿉니다.,mt
GUITRANS|Change Screen Resolution,Change Screen Resolution,화면 해상도 변경,mt
GUITRANS|Change our Region's Flag,Change our Region's Flag,아군 지역 깃발 변경,mt
GUITRANS|Changes,Changes,변경 사항,mt
GUITRANS|Changes Graphic Resolution,Changes Graphic Resolution,그래픽 해상도를 변경합니다.,mt
GUITRANS|Changes Zoom Focus To Mouse/Screen Center,Changes Zoom Focus To Mouse/Screen Center,확대/축소 기준을 마우스/화면 중앙으로 바꿉니다.,mt
GUITRANS|Chemical Weapons Permission is Off,Chemical Weapons Permission is Off,화학 무기 사용 허가 꺼짐,mt
GUITRANS|Chemical Weapons Permission is On,Chemical Weapons Permission is On,화학 무기 사용 허가 켜짐,mt
GUITRANS|Choose How Often Autosaves Occur,Choose How Often Autosaves Occur,자동 저장 주기를 선택합니다.,mt
GUITRANS|Citizens,Citizens,시민,mt
GUITRANS|Civilization Variables,Civilization Variables,문명 변수,mt
GUITRANS|Civillian,Civillian,민간,mt
GUITRANS|Civilian Usage,Civilian Usage,민간 사용량,mt
GUITRANS|Clear All Governor Locks,Clear All Governor Locks,총독 잠금 모두 해제,mt
GUITRANS|Clear Orders of Selected Units,Clear Orders of Selected Units,선택한 유닛의 명령 취소,mt
GUITRANS|Close Combat / Low Visibilty,Close Combat / Low Visibilty,근접전 / 저시정,mt
GUITRANS|Coal Base,Coal Base,석탄 기반,mt
GUITRANS|Coastal Waters,Coastal Waters,연안 해역,mt
GUITRANS|Colonial Units Capture Land For Colony,Colonial Units Capture Land For Colony,식민지 유닛은 식민지 명의로 점령,mt
GUITRANS|Colonial Units Capture Land For Parent,Colonial Units Capture Land For Parent,식민지 유닛은 종주국 명의로 점령,mt
GUITRANS|Colonies Keep Military,Colonies Keep Military,식민지 군사력 유지,mt
GUITRANS|Colonies Will Keep Military Facilities,Colonies Will Keep Military Facilities,식민지가 군사 시설을 유지합니다.,mt
GUITRANS|Colonize Region,Colonize Region,지역 식민지화,mt
GUITRANS|Combat Overlays,Combat Overlays,전투 오버레이,mt
GUITRANS|Combined Ammo,Combined Ammo,탄약 합계,mt
GUITRANS|Combined Fuel,Combined Fuel,연료 합계,mt
GUITRANS|Combined Personnel,Combined Personnel,인원 합계,mt
GUITRANS|Combined Strength,Combined Strength,전력 합계,mt
GUITRANS|Combined Weight,Combined Weight,중량 합계,mt
GUITRANS|Condemn Wars by this Region,Condemn Wars by this Region,이 지역의 전쟁 규탄,mt
GUITRANS|Connection Busy,Connection Busy,연결 중복,mt
GUITRANS|Cons.,Cons.,소비,mt
GUITRANS|Constrain Map Size,Constrain Map Size,지도 크기 제한,mt
GUITRANS|Contact,Contact,접촉,mt
GUITRANS|Control,Control,제어,mt
GUITRANS|Copyright Free Music,Copyright Free Music,저작권 무료 음악,mt
GUITRANS|Cost of Purchase,Cost of Purchase,구매 비용,mt
GUITRANS|Counter Intel Priority,Counter Intel Priority,방첩 우선순위,mt
GUITRANS|Create New BattleGroup,Create New BattleGroup,새 전투단 생성,mt
GUITRANS|Creating Cache - Complete,Creating Cache - Complete,캐시 생성 - 완료,mt
GUITRANS|Creating Cache - Please Wait,Creating Cache - Please Wait,캐시 생성 - 잠시 기다려 주십시오.,mt
GUITRANS|Creation Date,Creation Date,생성 날짜,mt
GUITRANS|Crowding,Crowding,과밀,mt
GUITRANS|Currently Set To:,Currently Set To:,현재 설정:,mt
GUITRANS|DAILY,DAILY,일간,mt
GUITRANS|DATE:,DATE:,날짜:,mt
GUITRANS|DEFENSE SPENDING,DEFENSE SPENDING,국방 지출,mt
GUITRANS|DESCRIPTION,DESCRIPTION,설명,mt
GUITRANS|DOMESTIC PRICE,DOMESTIC PRICE,국내 가격,mt
GUITRANS|Darken Areas of Limited Line of Sight <L>,Darken Areas of Limited Line of Sight <L>,시야가 제한된 지역 어둡게 <L>,mt
GUITRANS|Days Remain,Days Remain,남은 일수,mt
GUITRANS|Deactivate Theater Overlay,Deactivate Theater Overlay,전구 오버레이 끄기,mt
GUITRANS|Default To Native Resolution,Default To Native Resolution,기본 해상도 사용,mt
GUITRANS|Defense Partners,Defense Partners,방위 파트너,mt
GUITRANS|Defenseive Terrain,Defenseive Terrain,방어 지형,mt
GUITRANS|Demo Completed!,Demo Completed!,체험판 완료!,mt
GUITRANS|Dev Stuff,Dev Stuff,,
GUITRANS|Diplomatic Status,Diplomatic Status,외교 상태,mt
GUITRANS|Disable Copyrighted Music,Disable Copyrighted Music,저작권 음악 끄기,mt
GUITRANS|Discord,Discord,,
GUITRANS|Display Available Agriculture,Display Available Agriculture,가용 농산물 표시,mt
GUITRANS|Display Available Coal,Display Available Coal,가용 석탄 표시,mt
GUITRANS|Display Available Ore,Display Available Ore,가용 광석 표시,mt
GUITRANS|Display Available Petroleum,Display Available Petroleum,가용 석유 표시,mt
GUITRANS|Display Available Power,Display Available Power,가용 전력 표시,mt
GUITRANS|Display Available Timber,Display Available Timber,가용 목재 표시,mt
GUITRANS|Display Available Uranium,Display Available Uranium,가용 우라늄 표시,mt
GUITRANS|Display Battle Zones,Display Battle Zones,전투 구역 표시,mt
GUITRANS|Display Capital Star Relationships,Display Capital Star Relationships,수도 항성 관계 표시,mt
GUITRANS|Display Diplomacy Relations,Display Diplomacy Relations,외교 관계 표시,mt
GUITRANS|Display Empires,Display Empires,제국 표시,mt
GUITRANS|Display Exploitable Rubber,Display Exploitable Rubber,개발 가능 고무 표시,mt
GUITRANS|Display Facilities,Display Facilities,시설 표시,mt
GUITRANS|Display Facility HUDs,Display Facility HUDs,시설 HUD 표시,mt
GUITRANS|Display First Time Setup Options,Display First Time Setup Options,최초 설정 옵션 표시,mt
GUITRANS|Display HUDs for Cities on the Map,Display HUDs for Cities on the Map,지도의 도시 HUD 표시,mt
GUITRANS|Display Land Ownership,Display Land Ownership,토지 소유 표시,mt
GUITRANS|Display Loyalty <Ctrl> + <L>,Display Loyalty <Ctrl> + <L>,충성도 표시 <Ctrl> + <L>,mt
GUITRANS|Display Loyalty Levels,Display Loyalty Levels,충성도 수준 표시,mt
GUITRANS|Display Map Grid <Ctrl> + <G>,Display Map Grid <Ctrl> + <G>,지도 격자 표시 <Ctrl> + <G>,mt
GUITRANS|Display Nav Points,Display Nav Points,항법 지점 표시,mt
GUITRANS|Display Population,Display Population,인구 표시,mt
GUITRANS|Display Supply Levels,Display Supply Levels,보급 수준 표시,mt
GUITRANS|Display Theaters,Display Theaters,전구 표시,mt
GUITRANS|Display Unit HUDs,Display Unit HUDs,유닛 HUD 표시,mt
GUITRANS|Display Units,Display Units,유닛 표시,mt
GUITRANS|Display Weather <W>,Display Weather <W>,날씨 표시 <W>,mt
GUITRANS|Do Not Engage Neutral Incursions,Do Not Engage Neutral Incursions,중립 침입에 교전하지 않음,mt
GUITRANS|EFFECT:,EFFECT:,효과:,mt
GUITRANS|ESPIONAGE FOCUS,ESPIONAGE FOCUS,첩보 중점,mt
GUITRANS|ESPIONAGE PRIORITY,ESPIONAGE PRIORITY,첩보 우선순위,mt
GUITRANS|ESTIMATED OUTPUT,ESTIMATED OUTPUT,예상 산출량,mt
GUITRANS|Economic,Economic,경제,mt
GUITRANS|Electric Power,Electric Power,전력,mt
GUITRANS|Enable 3D Terrain,Enable 3D Terrain,3D 지형 사용,mt
GUITRANS|Enable UI Elements For Deleting Roads/Rails,Enable UI Elements For Deleting Roads/Rails,도로/철도 삭제용 UI 사용,mt
GUITRANS|Enable Use Of Steam Cloud Saves,Enable Use Of Steam Cloud Saves,스팀 클라우드 저장 사용,mt
GUITRANS|Environment Variables,Environment Variables,환경 변수,mt
GUITRANS|Event Pausing Disabled,Event Pausing Disabled,사건 일시 정지 꺼짐,mt
GUITRANS|Event Pausing Enabled,Event Pausing Enabled,사건 일시 정지 켜짐,mt
GUITRANS|Exclude Cities,Exclude Cities,도시 제외,mt
GUITRANS|Exclude Tech,Exclude Tech,기술 제외,mt
GUITRANS|Expenses,Expenses,지출,mt
GUITRANS|Expires  In,Expires  In,만료까지,mt
GUITRANS|FACILITY RESOURCES,FACILITY RESOURCES,시설 자원,mt
GUITRANS|FACILITY STATISTICS,FACILITY STATISTICS,시설 통계,mt
GUITRANS|Facebook,Facebook,,
GUITRANS|Facility Maintenance,Facility Maintenance,시설 유지비,mt
GUITRANS|File Transfer In Progress,File Transfer In Progress,파일 전송 중,mt
GUITRANS|Filter by Movement Type,Filter by Movement Type,이동 유형별 필터,mt
GUITRANS|Filter by Specialty,Filter by Specialty,특기별 필터,mt
GUITRANS|Filter to Missiles,Filter to Missiles,미사일만 표시,mt
GUITRANS|Filter:,Filter:,필터:,mt
GUITRANS|Finance,Finance,재무,mt
GUITRANS|Force A Recache,Force A Recache,캐시 강제 재생성,mt
GUITRANS|Force Type,Force Type,병력 유형,mt
GUITRANS|Force a Recache,Force a Recache,캐시 강제 재생성,mt
GUITRANS|From Selected Unit,From Selected Unit,선택한 유닛에서,mt
GUITRANS|Frozen,Frozen,동결,mt
GUITRANS|Function not supported without branch selection,Function not supported without branch selection,분기를 선택하지 않으면 지원되지 않는 기능입니다.,mt
GUITRANS|GOVERNER,GOVERNER,총독,mt
GUITRANS|Game End,Game End,게임 종료,mt
GUITRANS|Game Options,Game Options,게임 옵션,mt
GUITRANS|Gamepedia,Gamepedia,,
GUITRANS|Gameplay,Gameplay,게임 플레이,mt
GUITRANS|Garrison Staff,Garrison Staff,수비대 참모,mt
GUITRANS|Generate World,Generate World,세계 생성,mt
GUITRANS|Government Type,Government Type,정부 유형,mt
GUITRANS|Governor Locked from Research Spending,Governor Locked from Research Spending,총독의 연구 지출 잠금,mt
GUITRANS|Governor Locked from Technology Research,Governor Locked from Technology Research,총독의 기술 연구 잠금,mt
GUITRANS|Governor Locked from Unit Research,Governor Locked from Unit Research,총독의 유닛 연구 잠금,mt
GUITRANS|Governor Research Spending Allowed,Governor Research Spending Allowed,총독의 연구 지출 허용,mt
GUITRANS|Governor Technology Research Allowed,Governor Technology Research Allowed,총독의 기술 연구 허용,mt
GUITRANS|Governor Unit Research Allowed,Governor Unit Research Allowed,총독의 유닛 연구 허용,mt
GUITRANS|HD Tile Prefix,HD Tile Prefix,HD 타일 접두어,mt
GUITRANS|HD Tiles X,HD Tiles X,HD 타일 X,mt
GUITRANS|HD Tiles Y,HD Tiles Y,HD 타일 Y,mt
GUITRANS|Help Cannot be Disabled in the Tutorial,Help Cannot be Disabled in the Tutorial,튜토리얼에서는 도움말을 끌 수 없습니다.,mt
GUITRANS|Hex Group,Hex Group,헥스 그룹,mt
GUITRANS|Hex Size (KM),Hex Size (KM),헥스 크기 (KM),mt
GUITRANS|Hide Terrain,Hide Terrain,지형 숨기기,mt
GUITRANS|Hide/Show Diplomatic Alerts,Hide/Show Diplomatic Alerts,외교 알림 숨기기/표시,mt
GUITRANS|Hide/Show Economic Alerts,Hide/Show Economic Alerts,경제 알림 숨기기/표시,mt
GUITRANS|Hide/Show Military Alerts,Hide/Show Military Alerts,군사 알림 숨기기/표시,mt
GUITRANS|Hide/Show On Map Notices,Hide/Show On Map Notices,지도 위 알림 숨기기/표시,mt
GUITRANS|Highlight Rivers and Coastlines <W>,Highlight Rivers and Coastlines <W>,강과 해안선 강조 <W>,mt
GUITRANS|Highlight Single Battle Zone,Highlight Single Battle Zone,전투 구역 하나만 강조,mt
GUITRANS|Highlight Single Theater,Highlight Single Theater,전구 하나만 강조,mt
GUITRANS|Humidity Large Weight,Humidity Large Weight,습도 대규모 가중치,mt
GUITRANS|Humidity Settings,Humidity Settings,습도 설정,mt
GUITRANS|Humidity Small Weight,Humidity Small Weight,습도 소규모 가중치,mt
GUITRANS|Humidity Threshold,Humidity Threshold,습도 기준,mt
GUITRANS|Humidity Threshold 1,Humidity Threshold 1,습도 기준 1,mt
GUITRANS|Humidity Threshold 2,Humidity Threshold 2,습도 기준 2,mt
GUITRANS|Humidity Threshold 3,Humidity Threshold 3,습도 기준 3,mt
GUITRANS|Hydro Base,Hydro Base,수력 기반,mt
GUITRANS|Ignore Wars by this Region,Ignore Wars by this Region,이 지역의 전쟁 무시,mt
GUITRANS|Imports / Exports,Imports / Exports,수입 / 수출,mt
GUITRANS|Include Industrial Facilities,Include Industrial Facilities,산업 시설 포함,mt
GUITRANS|Include Military Facilities,Include Military Facilities,군사 시설 포함,mt
GUITRANS|Include Urban Locations,Include Urban Locations,도시 지역 포함,mt
GUITRANS|Industrial,Industrial,산업,mt
GUITRANS|Infoset,Infoset,정보 세트,mt
GUITRANS|Insalled Capacity,Insalled Capacity,설치 용량,mt
GUITRANS|Insufficient Funds,Insufficient Funds,자금 부족,mt
GUITRANS|International,International,국제,mt
GUITRANS|Inverse Condition,Inverse Condition,조건 반전,mt
GUITRANS|Invert Scroll Wheel Direction,Invert Scroll Wheel Direction,휠 스크롤 방향 반전,mt
GUITRANS|Keeps Mouse Contained In Game While Using Second Monitor,Keeps Mouse Contained In Game While Using Second Monitor,보조 모니터 사용 중 마우스를 게임 안에 가둡니다.,mt
GUITRANS|LOCAL THREAT,LOCAL THREAT,지역 위협,mt
GUITRANS|Land Department,Land Department,국토부,mt
GUITRANS|Land Staff,Land Staff,육군 참모,mt
GUITRANS|Large,Large,대,mt
GUITRANS|Large Altitude Grid Size,Large Altitude Grid Size,대규모 고도 격자 크기,mt
GUITRANS|Large Altitude Weight,Large Altitude Weight,대규모 고도 가중치,mt
GUITRANS|Large Humidity Grid Size,Large Humidity Grid Size,대규모 습도 격자 크기,mt
GUITRANS|Large Humidity Weight,Large Humidity Weight,대규모 습도 가중치,mt
GUITRANS|Leads To...,Leads To...,다음 단계...,mt
GUITRANS|Level -,Level -,수준 -,mt
GUITRANS|Liberate,Liberate,해방,mt
GUITRANS|Liberate Region,Liberate Region,지역 해방,mt
GUITRANS|Limit Unit Designs to Assigned Region,Limit Unit Designs to Assigned Region,유닛 설계를 지정 지역으로 제한,mt
GUITRANS|List of Allies,List of Allies,동맹 목록,mt
GUITRANS|List of Colonies,List of Colonies,식민지 목록,mt
GUITRANS|List of Enemies,List of Enemies,적 목록,mt
GUITRANS|List of Regional Threats,List of Regional Threats,지역 위협 목록,mt
GUITRANS|List of Sub Regions,List of Sub Regions,하위 지역 목록,mt
GUITRANS|List of Sub-Regions,List of Sub-Regions,하위 지역 목록,mt
GUITRANS|Load All Missiles,Load All Missiles,미사일 모두 적재,mt
GUITRANS|Load Missiles,Load Missiles,미사일 적재,mt
GUITRANS|Local Saved Games,Local Saved Games,로컬 저장 게임,mt
GUITRANS|Lock Resource from Minister,Lock Resource from Minister,장관의 자원 제어 잠금,mt
GUITRANS|Lock unit(s) from global ROE changes,Lock unit(s) from global ROE changes,전체 교전 규칙 변경에서 유닛 잠금,mt
GUITRANS|Low Visibitly / Close Combat,Low Visibitly / Close Combat,저시정 / 근접전,mt
GUITRANS|Loyalty to,Loyalty to,충성 대상,mt
GUITRANS|MAP SETTINGS,MAP SETTINGS,지도 설정,mt
GUITRANS|MESH SCALE:,MESH SCALE:,메시 배율:,mt
GUITRANS|MESH UI SCALE:,MESH UI SCALE:,메시 UI 배율:,mt
GUITRANS|MILITARY DOCTRINE,MILITARY DOCTRINE,군사 교리,mt
GUITRANS|MISSILE STOCKPILE,MISSILE STOCKPILE,미사일 비축량,mt
GUITRANS|Majority Owner,Majority Owner,최대 소유자,mt
GUITRANS|Map Elements,Map Elements,지도 요소,mt
GUITRANS|Map Height,Map Height,지도 높이,mt
GUITRANS|Map Level,Map Level,지도 수준,mt
GUITRANS|Map Overlays,Map Overlays,지도 오버레이,mt
GUITRANS|Map Settings,Map Settings,지도 설정,mt
GUITRANS|Map Width,Map Width,지도 너비,mt
GUITRANS|Maximum Filters Applied,Maximum Filters Applied,최대 필터 적용됨,mt
GUITRANS|Medium Altitude Grid Size,Medium Altitude Grid Size,중규모 고도 격자 크기,mt
GUITRANS|Medium Altitude Weight,Medium Altitude Weight,중규모 고도 가중치,mt
GUITRANS|Merchant Marine Avoid Neutral Regions,Merchant Marine Avoid Neutral Regions,상선대는 중립 지역 회피,mt
GUITRANS|Military Offers Allowed from this Country,Military Offers Allowed from this Country,이 국가의 군사 제안 허용,mt
GUITRANS|Military Offers from this Country are Ignored,Military Offers from this Country are Ignored,이 국가의 군사 제안 무시,mt
GUITRANS|Military Usage,Military Usage,군사 사용량,mt
GUITRANS|Minimize,Minimize,최소화,mt
GUITRANS|Minimize Help <F1>,Minimize Help <F1>,도움말 최소화 <F1>,mt
GUITRANS|Minister,Minister,장관,mt
GUITRANS|Minister Priorities,Minister Priorities,장관 우선순위,mt
GUITRANS|Minister Recommendation,Minister Recommendation,장관 권고,mt
GUITRANS|Missile Loadout Management,Missile Loadout Management,미사일 탑재 관리,mt
GUITRANS|Missile Stockpile,Missile Stockpile,미사일 비축량,mt
GUITRANS|Mission Duration,Mission Duration,임무 기간,mt
GUITRANS|Mission Target,Mission Target,임무 표적,mt
GUITRANS|Mission Team Size,Mission Team Size,임무 팀 규모,mt
GUITRANS|Multiplayer Lobby Starts Visible to Everyone,Multiplayer Lobby Starts Visible to Everyone,멀티플레이 로비를 처음부터 모두에게 공개합니다.,mt
GUITRANS|Multiplayer Saved Games,Multiplayer Saved Games,멀티플레이 저장 게임,mt
GUITRANS|Must Select Component,Must Select Component,부품을 선택해야 합니다.,mt
GUITRANS|NAVIGATION,NAVIGATION,항법,mt
GUITRANS|Naval Staff,Naval Staff,해군 참모,mt
GUITRANS|Navy,Navy,해군,mt
GUITRANS|New,New,새로 만들기,mt
GUITRANS|New Messages may use Pause on Event to Stop Time Progression,New Messages may use Pause on Event to Stop Time Progression,새 메시지는 사건 시 일시 정지로 시간을 멈출 수 있습니다.,mt
GUITRANS|News Sent To Colony Is Visible To Empire,News Sent To Colony Is Visible To Empire,식민지로 간 소식을 제국도 봅니다.,mt
GUITRANS|News Sent To Empire Is Visible To Colony,News Sent To Empire Is Visible To Colony,제국으로 간 소식을 식민지도 봅니다.,mt
GUITRANS|No Battlezones,No Battlezones,전투 구역 없음,mt
GUITRANS|No Infoset,No Infoset,정보 세트 없음,mt
GUITRANS|No Poles,No Poles,극지 없음,mt
GUITRANS|No Resources,No Resources,자원 없음,mt
GUITRANS|No Terrain,No Terrain,지형 없음,mt
GUITRANS|No Theatres,No Theatres,전구 없음,mt
GUITRANS|No available Units,No available Units,사용 가능한 유닛 없음,mt
GUITRANS|No available units,No available units,사용 가능한 유닛 없음,mt
GUITRANS|None Active,None Active,활성 없음,mt
GUITRANS|Not Allowed,Not Allowed,허용 안 됨,mt
GUITRANS|Not Avaialble in Demo,Not Avaialble in Demo,체험판에서 사용 불가,mt
GUITRANS|Nuclear Weapon Penalty,Nuclear Weapon Penalty,핵무기 불이익,mt
GUITRANS|Objective Details,Objective Details,목표 상세,mt
GUITRANS|Objective Help,Objective Help,목표 도움말,mt
GUITRANS|Offers from this Country are not Auto Accepted,Offers from this Country are not Auto Accepted,이 국가의 제안 자동 수락 안 함,mt
GUITRANS|Oil Base,Oil Base,석유 기반,mt
GUITRANS|Okay,Okay,확인,mt
GUITRANS|Only Colony News Visible To Colony,Only Colony News Visible To Colony,식민지 소식은 식민지만 봅니다.,mt
GUITRANS|Only Empire News Visible To Empire,Only Empire News Visible To Empire,제국 소식은 제국만 봅니다.,mt
GUITRANS|Only Favorite Units,Only Favorite Units,즐겨찾는 유닛만,mt
GUITRANS|Only Host Can Change Settings,Only Host Can Change Settings,방장만 설정을 바꿀 수 있음,mt
GUITRANS|Op Fire,Op Fire,기회 사격,mt
GUITRANS|Open Folder Location,Open Folder Location,폴더 위치 열기,mt
GUITRANS|Ore Base,Ore Base,광석 기반,mt
GUITRANS|Other Languages not Available in Demo,Other Languages not Available in Demo,체험판에서는 다른 언어 사용 불가,mt
GUITRANS|Output Device,Output Device,출력 장치,mt
GUITRANS|Outputs A Log File For Debug Purposes,Outputs A Log File For Debug Purposes,디버그용 로그 파일을 출력합니다.,mt
GUITRANS|Overall difficulty,Overall difficulty,전체 난이도,mt
GUITRANS|PICNUM:,PICNUM:,,
GUITRANS|PREREQUISITES,PREREQUISITES,선행 조건,mt
GUITRANS|Page,Page,페이지,mt
GUITRANS|Pause On New Objective,Pause On New Objective,새 목표 시 일시 정지,mt
GUITRANS|Pending Diplomatic Action...,Pending Diplomatic Action...,외교 행동 대기 중...,mt
GUITRANS|Pending Infrastructure,Pending Infrastructure,대기 중인 인프라,mt
GUITRANS|Pending Units,Pending Units,대기 중인 유닛,mt
GUITRANS|Planet Information,Planet Information,행성 정보,mt
GUITRANS|Planet Type,Planet Type,행성 유형,mt
GUITRANS|Platform,Platform,플랫폼,mt
GUITRANS|Play Opening Cutscene When Game Starts,Play Opening Cutscene When Game Starts,게임 시작 시 오프닝 영상을 재생합니다.,mt
GUITRANS|Players,Players,플레이어,mt
GUITRANS|Previous Day Net Trade,Previous Day Net Trade,전일 순무역,mt
GUITRANS|Procedural Generation (Planet),Procedural Generation (Planet),절차 생성 (행성),mt
GUITRANS|Production / Consumption,Production / Consumption,생산 / 소비,mt
GUITRANS|Production Usage,Production Usage,생산 사용량,mt
GUITRANS|Production in this Region Reduced by Low Loyalty,Production in this Region Reduced by Low Loyalty,낮은 충성도로 이 지역 생산 감소,mt
GUITRANS|Profits from Sale,Profits from Sale,판매 수익,mt
GUITRANS|Purchase Unit From World Market,Purchase Unit From World Market,세계 시장에서 유닛 구매,mt
GUITRANS|Purchase the full game for additional content,Purchase the full game for additional content,정식 버전을 구매하면 추가 콘텐츠를 즐길 수 있습니다.,mt
GUITRANS|Purchase your copy today and begin your conquest!,Purchase your copy today and begin your conquest!,지금 구매하고 정복을 시작하십시오!,mt
GUITRANS|Push Changes,Push Changes,변경 사항 반영,mt
GUITRANS|Quebec,Quebec,퀘벡,mt
GUITRANS|RENAME¶PREFIX,RENAME¶PREFIX,이름 변경¶접두어,mt
GUITRANS|RESEARCH INVESTMENT,RESEARCH INVESTMENT,연구 투자,mt
GUITRANS|RESOURCE,RESOURCE,자원,mt
GUITRANS|Rail Transport Not Allowed,Rail Transport Not Allowed,철도 수송 불가,mt
GUITRANS|Recently Completed,Recently Completed,최근 완료,mt
GUITRANS|Recon Alerts,Recon Alerts,정찰 경보,mt
GUITRANS|Reduce Scale of Units when Zoomed Close to the Map,Reduce Scale of Units when Zoomed Close to the Map,지도를 가까이 확대하면 유닛 크기를 줄입니다.,mt
GUITRANS|Reduce Unit Scale At High Zoom,Reduce Unit Scale At High Zoom,고배율 확대 시 유닛 크기 축소,mt
GUITRANS|Reduces Scale Of Units At Higher Zoom,Reduces Scale Of Units At Higher Zoom,고배율 확대 시 유닛 크기를 줄입니다.,mt
GUITRANS|Refit Unit,Refit Unit,유닛 개장,mt
GUITRANS|Refit Unit Not Available,Refit Unit Not Available,개장 유닛 사용 불가,mt
GUITRANS|Region Information,Region Information,지역 정보,mt
GUITRANS|Region Is Independent,Region Is Independent,독립 지역,mt
GUITRANS|Region is Dead - Colony,Region is Dead - Colony,멸망한 지역 - 식민지,mt
GUITRANS|Regional Information,Regional Information,지역 정보,mt
GUITRANS|Related Unit Designs - All Regions,Related Unit Designs - All Regions,관련 유닛 설계 - 모든 지역,mt
GUITRANS|Related Unit Designs - Our Region,Related Unit Designs - Our Region,관련 유닛 설계 - 아군 지역,mt
GUITRANS|Release All Unloyal Land In Battlezone,Release All Unloyal Land In Battlezone,전투 구역 내 불충 토지 모두 해제,mt
GUITRANS|Remaining,Remaining,남음,mt
GUITRANS|Remove From Battle Group,Remove From Battle Group,전투단에서 제거,mt
GUITRANS|Remove From Offer,Remove From Offer,제안에서 제거,mt
GUITRANS|Remove Transport Layer 1,Remove Transport Layer 1,수송망 1층 제거,mt
GUITRANS|Remove Transport Layer 2,Remove Transport Layer 2,수송망 2층 제거,mt
GUITRANS|Remove Transportation In Selected Hex,Remove Transportation In Selected Hex,선택한 헥스의 수송망 제거,mt
GUITRANS|Remove from Navpoints,Remove from Navpoints,항법 지점에서 제거,mt
GUITRANS|Rename Focus Unit,Rename Focus Unit,주시 유닛 이름 변경,mt
GUITRANS|Rename Our Region and Prefix,Rename Our Region and Prefix,아군 지역 이름·접두어 변경,mt
GUITRANS|Reopen Help Message,Reopen Help Message,도움말 메시지 다시 열기,mt
GUITRANS|Reset Achievements,Reset Achievements,업적 초기화,mt
GUITRANS|Reset Excluded Technologies,Reset Excluded Technologies,제외된 기술 초기화,mt
GUITRANS|Reset Fav/Exclude Filters For Units,Reset Fav/Exclude Filters For Units,유닛 즐겨찾기/제외 필터 초기화,mt
GUITRANS|Reset Fav/Exclude Filters for Techs,Reset Fav/Exclude Filters for Techs,기술 즐겨찾기/제외 필터 초기화,mt
GUITRANS|Reset Profile To Default,Reset Profile To Default,프로필 기본값으로 초기화,mt
GUITRANS|Reset Resource Import/Export Targets,Reset Resource Import/Export Targets,자원 수입/수출 목표 초기화,mt
GUITRANS|Reset Setup,Reset Setup,설정 초기화,mt
GUITRANS|Reset Stats,Reset Stats,통계 초기화,mt
GUITRANS|Resolve Borders On Battle Zone Lines,Resolve Borders On Battle Zone Lines,전투 구역선을 기준으로 국경 정리,mt
GUITRANS|Resolve Borders On Loyalty Lines,Resolve Borders On Loyalty Lines,충성도선을 기준으로 국경 정리,mt
GUITRANS|Resource Allocation,Resource Allocation,자원 배분,mt
GUITRANS|Resource Allocation All Products,Resource Allocation All Products,전 품목 자원 배분,mt
GUITRANS|Resource Grid Size,Resource Grid Size,자원 격자 크기,mt
GUITRANS|Resource Offers Allowed from this Country,Resource Offers Allowed from this Country,이 국가의 자원 제안 허용,mt
GUITRANS|Resource Offers from this Country are Ignored,Resource Offers from this Country are Ignored,이 국가의 자원 제안 무시,mt
GUITRANS|Resource Settings,Resource Settings,자원 설정,mt
GUITRANS|Resource Statistics,Resource Statistics,자원 통계,mt
GUITRANS|Resources and Infoset,Resources and Infoset,자원 및 정보 세트,mt
GUITRANS|Restore,Restore,복원,mt
GUITRANS|Resume Receiving Messages that where Supressed,Resume Receiving Messages that where Supressed,차단했던 메시지 다시 수신,mt
GUITRANS|Return As Colony,Return As Colony,식민지로 반환,mt
GUITRANS|Return As Independent,Return As Independent,독립국으로 반환,mt
GUITRANS|Return Territory,Return Territory,영토 반환,mt
GUITRANS|Reverse the Order in which News Alerts are Listed,Reverse the Order in which News Alerts are Listed,뉴스 알림 목록 순서를 뒤집습니다.,mt
GUITRANS|Rubber Base,Rubber Base,고무 기반,mt
GUITRANS|Rules Of Engagement,Rules Of Engagement,교전 규칙,mt
GUITRANS|SPENDING,SPENDING,지출,mt
GUITRANS|SUBREGIONS,SUBREGIONS,하위 지역,mt
GUITRANS|SUSTAINABLE,SUSTAINABLE,지속 가능,mt
GUITRANS|Savegame Transfer Option,Savegame Transfer Option,저장 게임 전송 옵션,mt
GUITRANS|Saves Data To Your 'My Games' Folder,Saves Data To Your 'My Games' Folder,데이터를 '내 게임' 폴더에 저장합니다.,mt
GUITRANS|Scorched,Scorched,초토화,mt
GUITRANS|Scrap Selected Units,Scrap Selected Units,선택한 유닛 폐기,mt
GUITRANS|Sea Level,Sea Level,해수면,mt
GUITRANS|Search...,Search...,검색...,mt
GUITRANS|Select All in List,Select All in List,목록 전체 선택,mt
GUITRANS|Select Flag,Select Flag,깃발 선택,mt
GUITRANS|Select Unit,Select Unit,유닛 선택,mt
GUITRANS|Select Unit to Add to Selection,Select Unit to Add to Selection,선택에 추가할 유닛 선택,mt
GUITRANS|Select Unit to Center On,Select Unit to Center On,이동할 유닛 선택,mt
GUITRANS|Select Unit to Inspect,Select Unit to Inspect,조사할 유닛 선택,mt
GUITRANS|Select Unit to Rename,Select Unit to Rename,이름을 바꿀 유닛 선택,mt
GUITRANS|Select Units to Purchase/Sell,Select Units to Purchase/Sell,구매/판매할 유닛 선택,mt
"GUITRANS|Select a Chapter, Click Start","Select a Chapter, Click Start",장을 선택하고 시작을 누르십시오.,mt
GUITRANS|Select a Different region to Negotiate,Select a Different region to Negotiate,협상할 다른 지역을 선택하십시오.,mt
GUITRANS|Select a Region to Interact With,Select a Region to Interact With,상호작용할 지역을 선택하십시오.,mt
GUITRANS|Select a valid location to add¶Unit to production queue,Select a valid location to add¶Unit to production queue,유효한 위치를 선택하면¶유닛이 생산 대기열에 추가됩니다.,mt
GUITRANS|Selected/Inspected Hex,Selected/Inspected Hex,선택/조사 중인 헥스,mt
GUITRANS|Sell Unit,Sell Unit,유닛 판매,mt
GUITRANS|Set Battlegroup Leader,Set Battlegroup Leader,전투단 지휘관 지정,mt
GUITRANS|Set Geometry Variables,Set Geometry Variables,지오메트리 변수 설정,mt
GUITRANS|Set Nav Point,Set Nav Point,항법 지점 설정,mt
GUITRANS|Sets All AI Players To Build Faster and Take Less Time Overall,Sets All AI Players To Build Faster and Take Less Time Overall,모든 AI가 더 빠르게 생산하고 전체 소요 시간이 줄어듭니다.,mt
GUITRANS|Settlement Type,Settlement Type,거주지 유형,mt
GUITRANS|Show Agriculture,Show Agriculture,농산물 표시,mt
GUITRANS|Show All Battlezones on Map,Show All Battlezones on Map,지도에 전투 구역 모두 표시,mt
GUITRANS|Show All Theaters on Map,Show All Theaters on Map,지도에 전구 모두 표시,mt
GUITRANS|Show Allies / Enemies,Show Allies / Enemies,동맹/적 표시,mt
GUITRANS|Show Allies and Enemies,Show Allies and Enemies,동맹과 적 표시,mt
GUITRANS|Show Battle Zones,Show Battle Zones,전투 구역 표시,mt
GUITRANS|Show Capital Star Relationships,Show Capital Star Relationships,수도 항성 관계 표시,mt
GUITRANS|Show Coal,Show Coal,석탄 표시,mt
GUITRANS|Show Coastlines,Show Coastlines,해안선 표시,mt
GUITRANS|Show Colony News Alerts While Focused As Empire,Show Colony News Alerts While Focused As Empire,제국 시점에서 식민지 뉴스 알림 표시,mt
GUITRANS|Show Current Path for Units on Mouse Over,Show Current Path for Units on Mouse Over,마우스를 올리면 유닛의 현재 경로 표시,mt
GUITRANS|Show Defensive Terrain,Show Defensive Terrain,방어 지형 표시,mt
GUITRANS|Show Diplomatic Relations,Show Diplomatic Relations,외교 관계 표시,mt
GUITRANS|Show Electricity,Show Electricity,전력 표시,mt
GUITRANS|Show Empire,Show Empire,제국 표시,mt
GUITRANS|Show Empire News Alerts While Focused As Colony,Show Empire News Alerts While Focused As Colony,식민지 시점에서 제국 뉴스 알림 표시,mt
GUITRANS|Show Excluded,Show Excluded,제외 항목 표시,mt
GUITRANS|Show Excluded Techs,Show Excluded Techs,제외된 기술 표시,mt
GUITRANS|Show Facilities,Show Facilities,시설 표시,mt
GUITRANS|Show Facility HUDs,Show Facility HUDs,시설 HUD 표시,mt
GUITRANS|Show First Time Options,Show First Time Options,최초 옵션 표시,mt
GUITRANS|Show Garrison Strength Where Known <G>,Show Garrison Strength Where Known <G>,파악된 수비대 전력 표시 <G>,mt
GUITRANS|Show Garrisons,Show Garrisons,수비대 표시,mt
GUITRANS|Show HD Imagery,Show HD Imagery,HD 이미지 표시,mt
GUITRANS|Show High Ground Terrain <H>,Show High Ground Terrain <H>,고지대 지형 표시 <H>,mt
GUITRANS|Show Line Of Sight,Show Line Of Sight,시야 표시,mt
GUITRANS|Show Low Visibility / Close Combat,Show Low Visibility / Close Combat,저시정 / 근접전 표시,mt
GUITRANS|Show Loyalty Level,Show Loyalty Level,충성도 수준 표시,mt
GUITRANS|Show Loyatly Level,Show Loyatly Level,충성도 수준 표시,mt
GUITRANS|Show Nav Points,Show Nav Points,항법 지점 표시,mt
GUITRANS|Show Only Favourite Units,Show Only Favourite Units,즐겨찾는 유닛만 표시,mt
GUITRANS|Show Only Regionally Owned Upgrades,Show Only Regionally Owned Upgrades,지역 보유 개량만 표시,mt
GUITRANS|Show Ore,Show Ore,광석 표시,mt
GUITRANS|Show Ownership,Show Ownership,소유 표시,mt
GUITRANS|Show Path from Unit to Destination on All Units,Show Path from Unit to Destination on All Units,모든 유닛의 목적지까지 경로 표시,mt
GUITRANS|Show Petroleum,Show Petroleum,석유 표시,mt
GUITRANS|Show Population,Show Population,인구 표시,mt
GUITRANS|Show Prior Unit Iterations In Lists,Show Prior Unit Iterations In Lists,목록에 이전 유닛 세대 표시,mt
GUITRANS|Show Rubber,Show Rubber,고무 표시,mt
GUITRANS|Show Supply Level,Show Supply Level,보급 수준 표시,mt
GUITRANS|Show Terrain with Defensive Bonus <T>,Show Terrain with Defensive Bonus <T>,방어 보너스 지형 표시 <T>,mt
GUITRANS|Show Territory with Reduced Visibility and Close Combat <V>,Show Territory with Reduced Visibility and Close Combat <V>,시정이 낮고 근접전이 벌어지는 영토 표시 <V>,mt
GUITRANS|Show Theaters,Show Theaters,전구 표시,mt
GUITRANS|Show Timber,Show Timber,목재 표시,mt
GUITRANS|Show Unit HUDs,Show Unit HUDs,유닛 HUD 표시,mt
GUITRANS|Show Units,Show Units,유닛 표시,mt
GUITRANS|Show Uranium,Show Uranium,우라늄 표시,mt
GUITRANS|Show Weather,Show Weather,날씨 표시,mt
GUITRANS|Show/Hide 3D Objects,Show/Hide 3D Objects,3D 물체 표시/숨기기,mt
GUITRANS|Show/Hide 3D Terrain,Show/Hide 3D Terrain,3D 지형 표시/숨기기,mt
GUITRANS|Shows Exact List Of Units In Battle Group,Shows Exact List Of Units In Battle Group,전투단 소속 유닛의 정확한 목록을 표시합니다.,mt
GUITRANS|Shows Grids Outside Of Line Of Sight,Shows Grids Outside Of Line Of Sight,시야 밖의 격자를 표시합니다.,mt
GUITRANS|Shows exact list of battle group troops.,Shows exact list of battle group troops.,전투단 소속 병력의 정확한 목록을 표시합니다.,mt
GUITRANS|Single Hex,Single Hex,단일 헥스,mt
GUITRANS|Small,Small,소,mt
GUITRANS|Small Altitude Grid Size,Small Altitude Grid Size,소규모 고도 격자 크기,mt
GUITRANS|Small Altitude Weight,Small Altitude Weight,소규모 고도 가중치,mt
GUITRANS|Small Humidity Grid Size,Small Humidity Grid Size,소규모 습도 격자 크기,mt
GUITRANS|Small Humidity Weight,Small Humidity Weight,소규모 습도 가중치,mt
GUITRANS|Sort By Type,Sort By Type,유형별 정렬,mt
GUITRANS|Sort By Type vs Name,Sort By Type vs Name,유형순/이름순 정렬,mt
GUITRANS|Sort Save Files By Date,Sort Save Files By Date,저장 파일 날짜순 정렬,mt
GUITRANS|Sort Save Files by Date,Sort Save Files by Date,저장 파일 날짜순 정렬,mt
GUITRANS|Sort by Type,Sort by Type,유형별 정렬,mt
GUITRANS|Sort by Type vs Name,Sort by Type vs Name,유형순/이름순 정렬,mt
GUITRANS|Sort units by location,Sort units by location,유닛 위치순 정렬,mt
GUITRANS|Sort units by type,Sort units by type,유닛 유형순 정렬,mt
GUITRANS|Sorting by Name,Sorting by Name,이름순 정렬 중,mt
GUITRANS|Sorting by Type,Sorting by Type,유형순 정렬 중,mt
GUITRANS|Sorts Save Files By Date,Sorts Save Files By Date,저장 파일을 날짜순으로 정렬합니다.,mt
GUITRANS|Sow Terrain with Reduced Visibility and Close Combat Areas <V>,Sow Terrain with Reduced Visibility and Close Combat Areas <V>,시정이 낮고 근접전이 벌어지는 지형 표시 <V>,mt
GUITRANS|Start Up,Start Up,시작,mt
GUITRANS|Starts Battle Group Numbering At 11,Starts Battle Group Numbering At 11,전투단 번호를 11번부터 시작합니다.,mt
GUITRANS|Starvations,Starvations,아사자,mt
GUITRANS|Strategic Controls,Strategic Controls,전략 제어,mt
GUITRANS|Strategic Trade,Strategic Trade,전략 무역,mt
GUITRANS|Subsidy Rate,Subsidy Rate,보조금 비율,mt
GUITRANS|Supply Level,Supply Level,보급 수준,mt
GUITRANS|Support Staff,Support Staff,지원 참모,mt
GUITRANS|Support Wars by this Region,Support Wars by this Region,이 지역의 전쟁 지지,mt
GUITRANS|Supreme Ruler 2030,Supreme Ruler 2030,,
GUITRANS|Swaps M1/M2 Interactions,Swaps M1/M2 Interactions,M1/M2 마우스 동작을 맞바꿉니다.,mt
GUITRANS|Systems,Systems,시스템,mt
GUITRANS|T/B,T/B,,
GUITRANS|TAX RATE,TAX RATE,세율,mt
GUITRANS|TAXES,TAXES,세금,mt
GUITRANS|TECH PREREQUESITES,TECH PREREQUESITES,기술 선행 조건,mt
GUITRANS|TOP THREATS,TOP THREATS,주요 위협,mt
GUITRANS|TRADE TARGET,TRADE TARGET,무역 목표,mt
GUITRANS|Tax Rate Before Changes,Tax Rate Before Changes,변경 전 세율,mt
GUITRANS|Technical Readout for Focus Unit,Technical Readout for Focus Unit,주시 유닛의 기술 제원,mt
GUITRANS|Temperature Altitude,Temperature Altitude,기온 고도,mt
GUITRANS|Temperature Latitude,Temperature Latitude,기온 위도,mt
GUITRANS|Terrain Set,Terrain Set,지형 세트,mt
GUITRANS|Th/Bz,Th/Bz,,
GUITRANS|Thanks for playing the demo!,Thanks for playing the demo!,체험판을 플레이해 주셔서 감사합니다!,mt
GUITRANS|TheatreName,TheatreName,,
GUITRANS|Theatres,Theatres,전구,mt
GUITRANS|This Item Is Disabled,This Item Is Disabled,이 항목은 꺼져 있습니다.,mt
GUITRANS|This Item Is Enabled,This Item Is Enabled,이 항목은 켜져 있습니다.,mt
GUITRANS|This Offer Favours Them,This Offer Favours Them,이 제안은 상대에게 유리합니다.,mt
GUITRANS|This Offer Favours Us,This Offer Favours Us,이 제안은 아군에게 유리합니다.,mt
GUITRANS|This Treaty Includes Other Treaties,This Treaty Includes Other Treaties,이 조약에는 다른 조약이 포함됩니다.,mt
GUITRANS|Threats,Threats,위협,mt
GUITRANS|Timber Base,Timber Base,목재 기반,mt
GUITRANS|To,To,대상,mt
GUITRANS|Toggle Allied Victories,Toggle Allied Victories,동맹 승리 전환,mt
GUITRANS|Toggle Background Image,Toggle Background Image,배경 이미지 전환,mt
GUITRANS|Toggle Battle Zone Filter,Toggle Battle Zone Filter,전투 구역 필터 전환,mt
GUITRANS|Toggle Battle of the Atlantic,Toggle Battle of the Atlantic,대서양 전투 전환,mt
GUITRANS|Toggle Cylindrical World,Toggle Cylindrical World,원통형 세계 전환,mt
GUITRANS|Toggle Domestic Approval Effect Limit,Toggle Domestic Approval Effect Limit,국내 지지율 영향 제한 전환,mt
GUITRANS|Toggle Electricity Sales,Toggle Electricity Sales,전력 판매 전환,mt
GUITRANS|Toggle Enhanced Ranges,Toggle Enhanced Ranges,사거리 강화 전환,mt
GUITRANS|Toggle Enhanced Spotting,Toggle Enhanced Spotting,탐지 강화 전환,mt
GUITRANS|Toggle Fixed Capitals,Toggle Fixed Capitals,수도 고정 전환,mt
GUITRANS|Toggle Fog Of War,Toggle Fog Of War,전장의 안개 전환,mt
GUITRANS|Toggle Military Approval Effect Limit,Toggle Military Approval Effect Limit,군 지지율 영향 제한 전환,mt
GUITRANS|Toggle Nuclear Weapons,Toggle Nuclear Weapons,핵무기 전환,mt
GUITRANS|Toggle Starting With National Debt,Toggle Starting With National Debt,국가 부채로 시작 전환,mt
GUITRANS|Toggle Starting Without Units,Toggle Starting Without Units,유닛 없이 시작 전환,mt
GUITRANS|Toggle Theater Filter,Toggle Theater Filter,전구 필터 전환,mt
GUITRANS|Toggle Unit Elimination On Region Fall,Toggle Unit Elimination On Region Fall,지역 함락 시 유닛 소멸 전환,mt
GUITRANS|Tolerance,Tolerance,허용 오차,mt
GUITRANS|Trade Given,Trade Given,제공한 거래,mt
GUITRANS|Trade Unit,Trade Unit,유닛 거래,mt
GUITRANS|Traded Units Automatically Added To Inventory,Traded Units Automatically Added To Inventory,거래한 유닛은 자동으로 보유 목록에 추가됩니다.,mt
GUITRANS|Transit Treaty can Allow Travel,Transit Treaty can Allow Travel,통행 조약으로 이동을 허용할 수 있습니다.,mt
GUITRANS|Transportation upgrades,Transportation upgrades,수송 개량,mt
GUITRANS|Treasury Department,Treasury Department,재무부,mt
GUITRANS|Turn Off Automate,Turn Off Automate,자동화 끄기,mt
GUITRANS|Twitter,Twitter,,
GUITRANS|Unavailable in Demo Version,Unavailable in Demo Version,체험판에서 사용 불가,mt
GUITRANS|Undo Changes to Messages where Pause Setting has been Altered,Undo Changes to Messages where Pause Setting has been Altered,일시 정지 설정을 바꾼 메시지를 원래대로 되돌립니다.,mt
GUITRANS|Ungrouped Units,Ungrouped Units,미편성 유닛,mt
GUITRANS|Unit Can Capture,Unit Can Capture,점령 가능 유닛,mt
GUITRANS|Unit Is Available For Defense Minister Orders,Unit Is Available For Defense Minister Orders,국방 장관 명령 가능 유닛,mt
GUITRANS|Unit Is Not Available For Defense Minister Orders,Unit Is Not Available For Defense Minister Orders,국방 장관 명령 불가 유닛,mt
GUITRANS|Unit Payload,Unit Payload,유닛 적재량,mt
GUITRANS|Unit Stats,Unit Stats,유닛 능력치,mt
GUITRANS|Unit Trades Arrive Instantly,Unit Trades Arrive Instantly,거래한 유닛이 즉시 도착합니다.,mt
GUITRANS|UnitType:,UnitType:,,
GUITRANS|Units Available To Purchase,Units Available To Purchase,구매 가능한 유닛,mt
GUITRANS|Units In Selected Battlegroup,Units In Selected Battlegroup,선택한 전투단의 유닛,mt
GUITRANS|Units Must Path Around Region,Units Must Path Around Region,유닛은 이 지역을 우회해야 합니다.,mt
GUITRANS|Units Use Rail Transport-OFF,Units Use Rail Transport-OFF,유닛 철도 수송 - 끔,mt
GUITRANS|Units Use Rail Transport-ON,Units Use Rail Transport-ON,유닛 철도 수송 - 켬,mt
GUITRANS|Units Will Path Around,Units Will Path Around,유닛이 우회합니다.,mt
GUITRANS|Units Will Use Rail Transport When Selected,Units Will Use Rail Transport When Selected,선택하면 유닛이 철도 수송을 이용합니다.,mt
GUITRANS|Units must include all selected specialties,Units must include all selected specialties,선택한 특기를 모두 갖춘 유닛만 표시합니다.,mt
GUITRANS|Unload All Missiles Of This Type,Unload All Missiles Of This Type,이 종류의 미사일 모두 하역,mt
GUITRANS|Unload Single Missile,Unload Single Missile,미사일 하나 하역,mt
GUITRANS|Unlock Resource from Minister,Unlock Resource from Minister,장관의 자원 제어 잠금 해제,mt
GUITRANS|Unlock unit(s) from global ROE changes,Unlock unit(s) from global ROE changes,전체 교전 규칙 변경에서 유닛 잠금 해제,mt
GUITRANS|Unsubscribe From Workshop Item,Unsubscribe From Workshop Item,워크숍 항목 구독 취소,mt
GUITRANS|Upgrade Unit,Upgrade Unit,유닛 개량,mt
GUITRANS|Upgraded Unit Not Available,Upgraded Unit Not Available,개량 유닛 사용 불가,mt
GUITRANS|Uranium Base,Uranium Base,우라늄 기반,mt
GUITRANS|Urban Locations,Urban Locations,도시 지역,mt
GUITRANS|Use Alternate Color Scheme on HUDs,Use Alternate Color Scheme on HUDs,HUD에 대체 색상 사용,mt
GUITRANS|Use Default Cursor,Use Default Cursor,기본 커서 사용,mt
GUITRANS|Use Filters For Creation,Use Filters For Creation,생성 시 필터 사용,mt
GUITRANS|Use Legacy HUD,Use Legacy HUD,구형 HUD 사용,mt
GUITRANS|Use Saves from Players,Use Saves from Players,플레이어 저장 파일 사용,mt
GUITRANS|Uses HUD elements from SR2020,Uses HUD elements from SR2020,SR2020의 HUD 요소를 사용합니다.,mt
GUITRANS|View Minister Recommended Design,View Minister Recommended Design,장관 추천 설계 보기,mt
GUITRANS|View Minister Recommended Project,View Minister Recommended Project,장관 추천 프로젝트 보기,mt
GUITRANS|Water Color,Water Color,물 색상,mt
GUITRANS|Water Visual Effect,Water Visual Effect,물 시각 효과,mt
GUITRANS|Welcome to Supreme Ruler,Welcome to Supreme Ruler,Supreme Ruler에 오신 것을 환영합니다,mt
"GUITRANS|When Off, Rate of Day Progression and Outcomes are Consistent","When Off, Rate of Day Progression and Outcomes are Consistent",끄면 하루 진행 속도와 결과가 일정합니다.,mt
GUITRANS|Workshop Scenarios,Workshop Scenarios,워크숍 시나리오,mt
GUITRANS|World Market,World Market,세계 시장,mt
GUITRANS|YouTube,YouTube,,
GUITRANS|military facilities list,military facilities list,군사 시설 목록,mt
GUITRANS|Submarines Allowed through Neutral Regions,Submarines Allowed through Neutral Regions,잠수함의 중립 지역 통과 허용,mt
GUITRANS|Submarines Avoiding Neutral Regions,Submarines Avoiding Neutral Regions,잠수함이 중립 지역 회피,mt
GUITRANS|Put  a Facility Offline,Put  a Facility Offline,시설 가동 중단,mt
GUITRANS|Interest Level: ,Interest Level: ,관심도: ,mt
GUITRANS|Build Stats,Build Stats,건설 능력치,mt
GUITRANS|Refit Cost,Refit Cost,개장 비용,mt
GUITRANS|Refit Time,Refit Time,개장 시간,mt
GUITRANS|Upgrade Cost,Upgrade Cost,개량 비용,mt
GUITRANS|Upgrade Time,Upgrade Time,개량 시간,mt
GUITRANS|BATTLE ZONE CONTROLS,BATTLE ZONE CONTROLS,전투 구역 제어,mt
GUITRANS|DIPLOMATIC STATUS,DIPLOMATIC STATUS,외교 상태,mt
GUITRANS|Low Visibility / Close Combat,Low Visibility / Close Combat,저시정 / 근접전,mt
GUITRANS|THEATER CONTROLS,THEATER CONTROLS,전구 제어,mt
GUITRANS|Loyal to,Loyal to,충성 대상,mt
GUITRANS|Colony of,Colony of,식민지 종주국,mt
GUITRANS|Controlled by,Controlled by,통제 주체,mt
GUITRANS|Lead by,Lead by,지도자,mt
GUITRANS|Not Available in Demo,Not Available in Demo,체험판에서 사용 불가,mt
GUITRANS|Spheres of Influence System,Spheres of Influence System,세력권 시스템,mt
GUITRANS|Change Unit HUD color,Change Unit HUD color,유닛 HUD 색상 변경,mt
GUITRANS|Shows Unit HUD color in Player color,Shows Unit HUD color in Player color,유닛 HUD를 플레이어 색상으로 표시합니다.,mt
"GUITRANS|Set Colour of Oceans, Lakes and Rivers","Set Colour of Oceans, Lakes and Rivers","대양, 호수, 강의 색상을 설정합니다.",mt
GUITRANS|CTRL Right Click Drag Skips Context Menu,CTRL Right Click Drag Skips Context Menu,CTRL+오른쪽 클릭 드래그 시 메뉴 생략,mt
"GUITRANS|Menu will show on every right click, even when moving map","Menu will show on every right click, even when moving map",지도를 움직일 때도 오른쪽 클릭마다 메뉴가 나타납니다.,mt
"GUITRANS|Menu will show on right click, will not show if map is moved","Menu will show on right click, will not show if map is moved","오른쪽 클릭 시 메뉴가 나타나며, 지도를 움직이면 나타나지 않습니다.",mt
GUITRANS|Pause if Muliplayer Sync Error,Pause if Muliplayer Sync Error,멀티플레이 동기화 오류 시 일시 정지,mt
GUITRANS|Automate BattleGroup,Automate BattleGroup,전투단 자동화,mt
GUITRANS|Create New Battlegroup,Create New Battlegroup,새 전투단 생성,mt
GUITRANS|Remove Group Leader,Remove Group Leader,그룹 지휘관 해임,mt
GUITRANS|Reset Class,Reset Class,분류 초기화,mt
GUITRANS|Click to Allow Military Offers from this Region,Click to Allow Military Offers from this Region,클릭: 이 지역의 군사 제안 허용,mt
GUITRANS|Click to Auto Accept Balanced or Better Commodity/Money Offers,Click to Auto Accept Balanced or Better Commodity/Money Offers,클릭: 균형 이상의 물자/자금 제안 자동 수락,mt
GUITRANS|Click to Ingore Economic Offers from this Region,Click to Ingore Economic Offers from this Region,클릭: 이 지역의 경제 제안 무시,mt
GUITRANS|Click to Require Approval of Offers - even Balanced or Better,Click to Require Approval of Offers - even Balanced or Better,클릭: 균형 이상 제안도 승인 필요,mt
GUITRANS| - Choose from hundreds of Regions in 2023 and 2030, - Choose from hundreds of Regions in 2023 and 2030, - 2023년과 2030년의 수백 개 지역 중 선택,mt
GUITRANS| - Game updates including additional content, - Game updates including additional content, - 추가 콘텐츠를 포함한 게임 업데이트,mt
GUITRANS| - Multiplayer support for up to 16 players via LAN or Internet, - Multiplayer support for up to 16 players via LAN or Internet, - LAN 또는 인터넷으로 최대 16인 멀티플레이,mt
"GUITRANS| - Unlimited play in Sandbox, Scenario or Campaign"," - Unlimited play in Sandbox, Scenario or Campaign"," - 샌드박스, 시나리오, 캠페인 무제한 플레이",mt
GUITRANS| - Varied Diplomatic starting situations to explore, - Varied Diplomatic starting situations to explore, - 다양한 외교 시작 상황 체험,mt
GUITRANS|Click to Ignore Military Offers from this Region,Click to Ignore Military Offers from this Region,클릭: 이 지역의 군사 제안 무시,mt
GUITRANS|To reset graphics options hold down <CTRL> + <SHIFT> keys on game startup,To reset graphics options hold down <CTRL> + <SHIFT> keys on game startup,그래픽 옵션을 초기화하려면 게임 시작 시 <CTRL> + <SHIFT> 키를 누르고 계십시오.,mt
GUITRANS|Missle Class,Missle Class,미사일 분류,mt
GUITRANS|Tech Prerequisites,Tech Prerequisites,기술 선행 조건,mt
GUITRANS|Pending Infastructure,Pending Infastructure,대기 중인 인프라,mt
GUITRANS|Assassinate,Assassinate,암살,mt
GUITRANS|Cyber Attack,Cyber Attack,사이버 공격,mt
GUITRANS|Idle,Idle,대기,mt
GUITRANS|Recon,Recon,정찰,mt
GUITRANS|Sabotage,Sabotage,파괴 공작,mt
GUITRANS|We Own None of their Territory,We Own None of their Territory,상대 영토를 소유하지 않음,mt
GUITRANS|Available to Purchase,Available to Purchase,구매 가능,mt
GUITRANS|Available to Sell,Available to Sell,판매 가능,mt
GUITRANS|TECH PREREQUESITS,TECH PREREQUESITS,기술 선행 조건,mt
GUITRANS|Affecting Techs,Affecting Techs,영향 주는 기술,mt
GUITRANS|Tech Prerequesites,Tech Prerequesites,기술 선행 조건,mt
GUITRANS|Turn off Unit Automation,Turn off Unit Automation,유닛 자동화 끄기,mt
GUITRANS|Net Trades,Net Trades,순무역,mt
GUITRANS|Previous Day,Previous Day,전일,mt
GUITRANS|Researched,Researched,연구 완료,mt
GUITRANS|Active Research / Total Projects in Queue,Active Research / Total Projects in Queue,진행 중 연구 / 대기열 전체 프로젝트,mt
GUITRANS|OPINION,OPINION,여론,mt
GUITRANS|TERRITORY,TERRITORY,영토,mt
GUITRANS|Actions and Relations,Actions and Relations,행동 및 관계,mt
GUITRANS|Unit Pathing Restricted,Unit Pathing Restricted,유닛 경로 제한,mt
GUITRANS|Battlegroup Leader,Battlegroup Leader,전투단 지휘관,mt
GUITRANS|Unit Selection,Unit Selection,유닛 선택,mt
GUITRANS|CTRL-Click to Restart and Reset Graphics Resolution,CTRL-Click to Restart and Reset Graphics Resolution,CTRL+클릭: 재시작 및 그래픽 해상도 초기화,mt
GUITRANS|Click to Delete,Click to Delete,클릭: 삭제,mt
GUITRANS|*** highlight for HELP ***,*** highlight for HELP ***,,
GUITRANS|**** HELP highlight. ***,**** HELP highlight. ***,,
GUITRANS|GLOBAL ROE,GLOBAL ROE,전체 교전 규칙,mt
GUITRANS|Mission Remaining,Mission Remaining,임무 잔여,mt
GUITRANS|Line of Sight Reduced for Loyalty Below 50%,Line of Sight Reduced for Loyalty Below 50%,충성도 50% 미만이면 시야 감소,mt
GUITRANS|Cost remaining,Cost remaining,남은 비용,mt
GUITRANS|Materials remaining,Materials remaining,남은 자재,mt
GUITRANS|Submarines Avoid Neutral Regions,Submarines Avoid Neutral Regions,잠수함은 중립 지역 회피,mt
GUITRANS|*** highlight for tutorial.,*** highlight for tutorial.,,
GUITRANS|xx%,xx%,,
GUITRANS|Estimated Annual Production,Estimated Annual Production,예상 연간 생산량,mt
GUITRANS|Estimated Daily Production,Estimated Daily Production,예상 일일 생산량,mt
GUITRANS|Previous Day Production,Previous Day Production,전일 생산량,mt
GUITRANS|Generated Supply,Generated Supply,생성된 보급,mt
GUITRANS|***Dev Version***,***Dev Version***,,
GUITRANS|Create Transport Ships for Naval Transport,Create Transport Ships for Naval Transport,해상 수송용 수송선 생성,mt
GUITRANS|Merchant Marine System,Merchant Marine System,상선대 시스템,mt
GUITRANS|Reset Bridge Facing (All),Reset Bridge Facing (All),교량 방향 초기화 (전체),mt
GUITRANS|Reset Bridge Facing (Selected Hex),Reset Bridge Facing (Selected Hex),교량 방향 초기화 (선택 헥스),mt
GUITRANS|Import Theatre / Battlezone From File,Import Theatre / Battlezone From File,파일에서 전구/전투 구역 불러오기,mt
GUITRANS|Add to Production Queue,Add to Production Queue,생산 대기열에 추가,mt
GUITRANS|Location,Location,위치,mt
GUITRANS|Pending / Building / Capacity,Pending / Building / Capacity,대기 / 건설 중 / 용량,mt
GUITRANS|Mouse over a valid production facility,Mouse over a valid production facility,유효한 생산 시설에 마우스를 올리십시오.,mt
GUITRANS|Adjustable Only At Main Menu,Adjustable Only At Main Menu,메인 메뉴에서만 조절 가능,mt
GUITRANS|Affects backmap depth and water effects,Affects backmap depth and water effects,배경 지도 깊이와 물 효과에 영향을 줍니다.,mt
GUITRANS|Inspect Offer Details,Inspect Offer Details,제안 상세 조사,mt
GUITRANS|Click to Ingore Military Offers from this Region,Click to Ingore Military Offers from this Region,클릭: 이 지역의 군사 제안 무시,mt
GUITRANS|Balanced or Better Commodity/Money Offers are Auto Accepted,Balanced or Better Commodity/Money Offers are Auto Accepted,균형 이상의 물자/자금 제안 자동 수락,mt
GUITRANS|Economic Offers Allowed from this Region,Economic Offers Allowed from this Region,이 지역의 경제 제안 허용,mt
GUITRANS|Economic Offers Ignored from this Region,Economic Offers Ignored from this Region,이 지역의 경제 제안 무시,mt
GUITRANS|Military Offers Allowed from this Region,Military Offers Allowed from this Region,이 지역의 군사 제안 허용,mt
GUITRANS|Military Offers Ignored from this Region,Military Offers Ignored from this Region,이 지역의 군사 제안 무시,mt
GUITRANS|Back To Unit,Back To Unit,유닛으로 돌아가기,mt
GUITRANS|Reform Region Of,Reform Region Of,재건할 지역:,mt
GUITRANS|Exclude Tech From Lists,Exclude Tech From Lists,목록에서 기술 제외,mt
GUITRANS|Include Tech in Lists,Include Tech in Lists,목록에 기술 포함,mt
GUITRANS|Units to Purchase,Units to Purchase,구매할 유닛,mt
GUITRANS|Units to Sell,Units to Sell,판매할 유닛,mt
GUITRANS|Unform Region Of,Unform Region Of,해체할 지역:,mt
GUITRANS|Cost / Days to Build,Cost / Days to Build,비용 / 건설 일수,mt
GUITRANS|Military Goods Required,Military Goods Required,필요 군수품,mt
"GUITRANS|All Offers Require Approval, even Balanced or in our Favor","All Offers Require Approval, even Balanced or in our Favor",균형 또는 아군 유리 제안도 모두 승인 필요,mt
GUITRANS|Reform Region,Reform Region,지역 재건,mt
GUITRANS|Unform Region,Unform Region,지역 해체,mt
GUITRANS|We Do Not Own All Required Territory,We Do Not Own All Required Territory,필요한 영토를 모두 소유하지 않음,mt
GUITRANS|We Have Not Reformed as This Region,We Have Not Reformed as This Region,이 지역으로 재건하지 않음,mt
GUITRANS|Available Credit,Available Credit,가용 신용,mt
GUITRANS|Remove Battlegroup Leader,Remove Battlegroup Leader,전투단 지휘관 해임,mt
GUITRANS|Select Battlegroup to Assign Leader,Select Battlegroup to Assign Leader,지휘관을 지정할 전투단 선택,mt
GUITRANS|Select Battlegroup with Leader to Remove,Select Battlegroup with Leader to Remove,지휘관을 해임할 전투단 선택,mt
GUITRANS|Not Supported In Current Resolution,Not Supported In Current Resolution,현재 해상도에서 지원되지 않음,mt
GUITRANS|UI Scaling:,UI Scaling:,UI 배율:,mt
GUITRANS|SELECTED UNITS ROE,SELECTED UNITS ROE,선택 유닛 교전 규칙,mt
GUITRANS|Construction in Progress,Construction in Progress,건설 진행 중,mt
GUITRANS|Military Initiative,Military Initiative,군사 재량권,mt
GUITRANS|Country of Origin,Country of Origin,출신 국가,mt
GUITRANS|Not part of our region,Not part of our region,아군 지역에 속하지 않음,mt
GUITRANS|Connection Issues,Connection Issues,연결 문제,mt
GUITRANS|REFORM,REFORM,재건,mt
GUITRANS|Reform region as ,Reform region as ,지역 재건: ,mt
GUITRANS|Accept Offer,Accept Offer,제안 수락,mt
GUITRANS|Counter Offer,Counter Offer,역제안,mt
GUITRANS|Offer Valid Until,Offer Valid Until,제안 유효 기한,mt
GUITRANS|Reject Offer,Reject Offer,제안 거절,mt
GUITRANS|Value,Value,가치,mt
GUITRANS|Header Text',Header Text',,
GUITRANS|Reform region,Reform region,지역 재건,mt
GUITRANS|NATIONAL DEBT,NATIONAL DEBT,국가 부채,mt
GUITRANS|Supreme Ruler Project 2025 Available on Steam,Supreme Ruler Project 2025 Available on Steam,Supreme Ruler Project 2025 Steam에서 판매 중,mt
GUITRANS|Add To Strategic Pool,Add To Strategic Pool,전략 예비에 추가,mt
GUITRANS|All Facilities Offline,All Facilities Offline,모든 시설 가동 중지,mt
GUITRANS|All Facilities Online,All Facilities Online,모든 시설 가동,mt
GUITRANS|Xxxxxxxxxxxxxxxxxxxxxxxxxxx',Xxxxxxxxxxxxxxxxxxxxxxxxxxx',,
GUITRANS|Allow Movement in Malacca Strait,Allow Movement in Malacca Strait,말라카 해협 통행 허용,mt
GUITRANS|Allow Movement in Panama Canal,Allow Movement in Panama Canal,파나마 운하 통행 허용,mt
GUITRANS|Allow Movement in Suez Canal,Allow Movement in Suez Canal,수에즈 운하 통행 허용,mt
GUITRANS|Allow Movement in Turkish Strait,Allow Movement in Turkish Strait,튀르키예 해협 통행 허용,mt
GUITRANS|Subarmines Allowed through Neutral Regions,Subarmines Allowed through Neutral Regions,잠수함의 중립 지역 통과 허용,mt
GUITRANS|Scrap Selected Missle Group,Scrap Selected Missle Group,선택한 미사일 그룹 폐기,mt
GUITRANS|Scrap Selected Missile Group,Scrap Selected Missile Group,선택한 미사일 그룹 폐기,mt
GUITRANS|Show for ,Show for ,표시 대상 ,mt
GUITRANS|Turn Off Automation for Selected Unit(s),Turn Off Automation for Selected Unit(s),선택한 유닛의 자동화 끄기,mt
GUITRANS|Capture Not Available,Capture Not Available,노획 불가,mt
GUITRANS|Capture Units,Capture Units,유닛 노획,mt
GUITRANS|Apply ROE Globally to Current Units,Apply ROE Globally to Current Units,현재 유닛 전체에 교전 규칙 적용,mt
GUITRANS|t',t',,
GUITRANS|Time remaining,Time remaining,남은 시간,mt
GUITRANS|List of Mutual Defense Partners,List of Mutual Defense Partners,상호 방위 상대국 목록,mt
GUITRANS|Show Mutual Defense,Show Mutual Defense,상호 방위 표시,mt
GUITRANS|Show Sanctions,Show Sanctions,제재 표시,mt
GUITRANS|Diplomatic Map View,Diplomatic Map View,외교 지도 보기,mt
GUITRANS|GAME HOTKEYS,GAME HOTKEYS,게임 단축키,mt
GUITRANS|d/a 3611,d/a 3611,,
GUITRANS|d/a 3612,d/a 3612,,
"GUITRANS|xx,xxx,xxx","xx,xxx,xxx",,
GUITRANS|bbl/d,bbl/d,,
GUITRANS|Disable all New User Help Tips,Disable all New User Help Tips,신규 사용자 도움말 팁 모두 끄기,mt
GUITRANS|Dismiss,Dismiss,닫기,mt
GUITRANS|Hide DEV Stuff,Hide DEV Stuff,,
GUITRANS|First World War Era,First World War Era,제1차 세계 대전 시대,mt
GUITRANS|Global Outbreak Era,Global Outbreak Era,전 세계 발병 시대,mt
GUITRANS|Modern Era,Modern Era,현대,mt
GUITRANS|Second World War Era,Second World War Era,제2차 세계 대전 시대,mt
GUITRANS|Supreme Ruler 1936 Remastered Available on Steam,Supreme Ruler 1936 Remastered Available on Steam,Supreme Ruler 1936 Remastered Steam에서 판매 중,mt
GUITRANS|Supreme Ruler Global Outbreak Available on Steam,Supreme Ruler Global Outbreak Available on Steam,Supreme Ruler Global Outbreak Steam에서 판매 중,mt
GUITRANS|Supreme Ruler The Great War Remastered Available on Steam,Supreme Ruler The Great War Remastered Available on Steam,Supreme Ruler The Great War Remastered Steam에서 판매 중,mt
GUITRANS|abc 31 2001,abc 31 2001,,
GUITRANS|Player not Ready or File Transfer in Progress,Player not Ready or File Transfer in Progress,플레이어 준비 안 됨 또는 파일 전송 중,mt
GUITRANS|Select Savegame,Select Savegame,저장 게임 선택,mt
GUITRANS|Scendate_da3665,Scendate_da3665,,
GUITRANS|Infection Level,Infection Level,감염 수준,mt
GUITRANS|Requires Supreme Ruler Global Outbreak,Requires Supreme Ruler Global Outbreak,Supreme Ruler Global Outbreak 필요,mt
GUITRANS|Set the Level of World Infection,Set the Level of World Infection,세계 감염 수준 설정,mt
GUITRANS|Disable Unit Banking,Disable Unit Banking,유닛 선회 기동 끄기,mt
GUITRANS|Units Will Turn Across Several Hexes,Units Will Turn Across Several Hexes,유닛이 여러 헥스에 걸쳐 선회합니다,mt
GUITRANS|Units Will Turn Inside Their Current Hex,Units Will Turn Inside Their Current Hex,유닛이 현재 헥스 안에서 방향을 바꿉니다,mt
GUITRANS|Enable Sanctions,Enable Sanctions,제재 사용,mt
GUITRANS|Force Recache for Modding,Force Recache for Modding,모드용 캐시 재생성,mt
GUITRANS|Rebuild Cahe File for Modded Data Files,Rebuild Cahe File for Modded Data Files,모드 데이터 파일용 캐시 파일 재생성,mt
GUITRANS|Sanction System,Sanction System,제재 시스템,mt
GUITRANS|Boosted Game Speed,Boosted Game Speed,게임 속도 가속,mt
GUITRANS|Flat Visual for Water with No Effects,Flat Visual for Water with No Effects,효과 없는 평면 물 표현,mt
GUITRANS|Water Visual Effect with Motion,Water Visual Effect with Motion,움직이는 물 시각 효과,mt
GUITRANS|Select Desired Language,Select Desired Language,사용할 언어 선택,mt
GUITRANS|Disable New User Help Tips,Disable New User Help Tips,신규 사용자 도움말 팁 끄기,mt
GUITRANS|Enable New User Help Tips,Enable New User Help Tips,신규 사용자 도움말 팁 켜기,mt
GUITRANS|New User Help Tips,New User Help Tips,신규 사용자 도움말 팁,mt
GUITRANS|Reset All Help Tips to Show,Reset All Help Tips to Show,모든 도움말 팁 다시 표시,mt
GUITRANS|Assign Leader and Automate Battlegroup,Assign Leader and Automate Battlegroup,지휘관 지정 및 전투단 자동화,mt
GUITRANS|None ,None ,없음 ,mt
GUITRANS|Select Battlegroup to Automate,Select Battlegroup to Automate,자동화할 전투단 선택,mt
GUITRANS|Select Battlegroup to disband,Select Battlegroup to disband,해산할 전투단 선택,mt
GUITRANS|Select Battlegroup with Assigned Leader,Select Battlegroup with Assigned Leader,지휘관이 지정된 전투단 선택,mt
GUITRANS|pop_cabinet8 ¶Currently Hidden,pop_cabinet8 ¶Currently Hidden,,
GUITRANS|store.steampowered.com,store.steampowered.com,,
GUITRANS|www.battlegoat.com,www.battlegoat.com,,
GUITRANS|Disable all New User Tips,Disable all New User Tips,신규 사용자 팁 모두 끄기,mt
GUITRANS|Our Offer,Our Offer,우리 측 제안,mt
GUITRANS|Our Request,Our Request,우리 측 요구,mt
GUITRANS|Military Units & Missiles,Military Units & Missiles,군사 유닛 및 미사일,mt
GUITRANS|Unit & Missile Designs,Unit & Missile Designs,유닛 및 미사일 설계,mt
GUITRANS|Available Stock,Available Stock,가용 재고,mt
GUITRANS|Payment Frequency,Payment Frequency,지급 주기,mt
GUITRANS|Treaty Integrity ,Treaty Integrity ,조약 신뢰도 ,mt
GUITRANS|Deaths from Viral Infection Past 24h,Deaths from Viral Infection Past 24h,최근 24시간 바이러스 감염 사망자,mt
GUITRANS|Deaths from Viral Infection Total,Deaths from Viral Infection Total,바이러스 감염 사망자 누계,mt
GUITRANS|Global Infection Deaths Rank,Global Infection Deaths Rank,전 세계 감염 사망자 순위,mt
GUITRANS|Global Infection Rate,Global Infection Rate,전 세계 감염률,mt
GUITRANS|Global Rank of Deaths Per Capita,Global Rank of Deaths Per Capita,1인당 사망자 세계 순위,mt
GUITRANS|Healthcare Rating,Healthcare Rating,보건 등급,mt
GUITRANS|Infected,Infected,감염자,mt
GUITRANS|Infection Deaths as % of Total,Infection Deaths as % of Total,전체 사망자 중 감염 사망 비율,mt
GUITRANS|Infection Rate,Infection Rate,감염률,mt
GUITRANS|Infection Report,Infection Report,감염 보고,mt
GUITRANS|Infection Technologies Research Progress,Infection Technologies Research Progress,감염 관련 기술 연구 진행도,mt
GUITRANS|Infections Traced to Trades,Infections Traced to Trades,무역으로 유입된 감염,mt
GUITRANS|Mask Mandates are in Effect,Mask Mandates are in Effect,마스크 의무화 시행 중,mt
GUITRANS|Mortality Rate,Mortality Rate,치사율,mt
GUITRANS|No Mask Mandates in Effect,No Mask Mandates in Effect,마스크 의무화 미시행,mt
GUITRANS|No Vaccine Mandates in Effect,No Vaccine Mandates in Effect,백신 의무화 미시행,mt
GUITRANS|No Work from Home Mandates in Effect,No Work from Home Mandates in Effect,재택근무 의무화 미시행,mt
GUITRANS|Sanction To / From Us,Sanction To / From Us,가한 제재 / 받은 제재,mt
GUITRANS|Vaccine Mandates are in Effect,Vaccine Mandates are in Effect,백신 의무화 시행 중,mt
GUITRANS|Viral Spread,Viral Spread,바이러스 확산,mt
GUITRANS|Work from Home Mandates are in Effect,Work from Home Mandates are in Effect,재택근무 의무화 시행 중,mt
GUITRANS|Zombie Spread,Zombie Spread,좀비 확산,mt
GUITRANS|Return Loyal Territory to ,Return Loyal Territory to ,충성 영토 반환 대상 ,mt
GUITRANS|100 %,100 %,,
GUITRANS|25 %,25 %,,
GUITRANS|50 %,50 %,,
GUITRANS|75 %,75 %,,
GUITRANS|GLOBAL OUTBREAK,GLOBAL OUTBREAK,전 세계 발병,mt
GUITRANS|GLOBAL OUTBREAK PROGRESS,GLOBAL OUTBREAK PROGRESS,전 세계 발병 현황,mt
GUITRANS|P_S1,P_S1,,
GUITRANS|/      /      /,/      /      /,,
GUITRANS|Build Capacity ,Build Capacity ,건설 용량 ,mt
GUITRANS|Fund¶Inurgency,Fund¶Inurgency,반군 자금¶지원,mt
GUITRANS|Governor,Governor,총독,mt
GUITRANS|Intelligence Profile,Intelligence Profile,정보 개요,mt
GUITRANS|War on Incursions,War on Incursions,침범 시 전쟁,mt
GUITRANS|Search,Search,검색,mt
GUITRANS|Era Tech,Era Tech,시대 기술,mt
GUITRANS|Sort By Year,Sort By Year,연도순 정렬,mt
GUITRANS|Unresearched,Unresearched,미연구,mt
GUITRANS|REMOVE SANCTIONS,REMOVE SANCTIONS,제재 해제,mt
GUITRANS|Remove,Remove,해제,mt
GUITRANS|SANCTION REGION,SANCTION REGION,지역 제재,mt
GUITRANS|Sanction,Sanction,제재,mt
GUITRANS|This will affect relationships with other regions,This will affect relationships with other regions,다른 지역과의 관계에 영향을 줍니다,mt
GUITRANS|STA_ETT14,STA_ETT14,,
GUITRANS|99.9%,99.9%,,
GUITRANS|Sanctions System,Sanctions System,제재 시스템,mt
GUITRANS|POP_ATOM,POP_ATOM,,
GUITRANS|POP_INTERNET,POP_INTERNET,,
GUITRANS|POP_MARS,POP_MARS,,
GUITRANS|POP_OUTBREAK,POP_OUTBREAK,,
GUITRANS|POP_SPACE,POP_SPACE,,
GUITRANS|23',23',,
GUITRANS|ETT_HELPUSTAT~,ETT_HELPUSTAT~,,
GUITRANS|No Missiles Loaded,No Missiles Loaded,적재된 미사일 없음,mt
GUITRANS|Resource Department,Resource Department,자원부,mt
GUITRANS|1900,1900,,
GUITRANS|Xxxxxxxxxxxxxxxxxxxxxxxxxxxxxxx',Xxxxxxxxxxxxxxxxxxxxxxxxxxxxxxx',,
GUITRANS|100 Regions - 100% of market,100 Regions - 100% of market,,
GUITRANS|Purchase Price,Purchase Price,구매 가격,mt
GUITRANS|Sanctions Against Us,Sanctions Against Us,우리에 대한 제재,mt
GUITRANS|Sell Price,Sell Price,판매 가격,mt
GUITRANS|Confirm ,Confirm ,확인 ,mt
GUITRANS|$hotrelations,$hotrelations,,
GUITRANS|Leader Title and name,Leader Title and name,,
GUITRANS|Age,Age,나이,mt
GUITRANS|Date of Birth,Date of Birth,생년월일,mt
GUITRANS|GovType,GovType,,
GUITRANS|Government Details,Government Details,정부 상세,mt
GUITRANS|Head of Government,Head of Government,정부 수반,mt
GUITRANS|Next in Line,Next in Line,차기 승계자,mt
GUITRANS|Opposition Leader,Opposition Leader,야당 지도자,mt
GUITRANS|Political Party,Political Party,정당,mt
GUITRANS|Political Stance,Political Stance,정치 성향,mt
GUITRANS|Title,Title,직함,mt
GUITRANS|/        /        /,/        /        /,,
GUITRANS|Market Status,Market Status,시장 현황,mt
GUITRANS|Sanctions Against,Sanctions Against,제재 대상,mt
GUITRANS|MARKET ACCESS,MARKET ACCESS,시장 접근,mt
GUITRANS|OTHER SANCTIONS,OTHER SANCTIONS,기타 제재,mt
GUITRANS|WM SANCTIONS,WM SANCTIONS,세계 시장 제재,mt
GUITRANS|Sphere Leader,Sphere Leader,세력권 지도국,mt
GUITRANS|Sphere Loyalty,Sphere Loyalty,세력권 충성도,mt
GUITRANS|Regional Infected Population,Regional Infected Population,지역 감염 인구,mt
GUITRANS|Regional Mortality Rate,Regional Mortality Rate,지역 치사율,mt
GUITRANS|Regional Rate of Infection,Regional Rate of Infection,지역 감염률,mt
"GUITRANS|XX,XXX,XXX","XX,XXX,XXX",,
GUITRANS|xxx%,xxx%,,
GUITRANS|Sanction Region,Sanction Region,지역 제재,mt
GUITRANS|$ 0,$ 0,,
GUITRANS|Allow Refugees,Allow Refugees,난민 수용,mt
GUITRANS|Infection Details,Infection Details,감염 상세,mt
GUITRANS|Limited Emigration,Limited Emigration,이민 유출 제한,mt
GUITRANS|Limited Immigration,Limited Immigration,이민 유입 제한,mt
GUITRANS|No Global Infections,No Global Infections,전 세계 감염 없음,mt
GUITRANS|Open Emigration,Open Emigration,이민 유출 개방,mt
GUITRANS|Open Immigraton,Open Immigraton,이민 유입 개방,mt
GUITRANS|Restrict Refugee Quantities,Restrict Refugee Quantities,난민 수 제한,mt
GUITRANS|STATE test1,STATE test1,,
GUITRANS|Fed. States of Micronesia (Player Name)1,Fed. States of Micronesia (Player Name)1,,
GUITRANS|xxxx,xxxx,,
GUITRANS|TRE2_1B1,TRE2_1B1,,
GUITRANS|TRE2_1B1_2,TRE2_1B1_2,,
GUITRANS|TRE2_2B1,TRE2_2B1,,
GUITRANS|TRE2_2B1_2,TRE2_2B1_2,,
GUITRANS|Issue # ,Issue # ,발행 # ,mt
GUITRANS|$ -,$ -,,
GUITRANS|Add To Selected Units,Add To Selected Units,선택 유닛에 추가,mt
GUITRANS|Add To Battlegroup - hidden - task 37006,Add To Battlegroup - hidden - task 37006,,
GUITRANS|150%,150%,,
GUITRANS|200%,200%,,
GUITRANS|300%,300%,,
GUITRANS|75%,75%,,
