key,en,ko,status
REGIONTEXT|1001|0,Bosnia Herzegovina,보스니아헤르체고비나,mt
REGIONTEXT|1001|1,"\42 Bosnia and Herzegovina is a country located in Southeastern Europe. It is bordered by Serbia to the east, Montenegro to the southeast, and Croatia to the north, west, and south. The country is known for its diverse landscapes, including the Dinaric Alps, rivers, lakes, and forests.","\42 보스니아 헤르체고비나는 남동유럽에 위치한 나라입니다. 동쪽으로 세르비아, 남동쪽으로 몬테네그로, 북쪽과 서쪽과 남쪽으로 크로아티아와 접해 있습니다. 디나르알프스산맥, 강, 호수, 숲 등 다채로운 경관으로 알려져 있습니다.",mt
REGIONTEXT|1002|0,Serb Republic,스릅스카 공화국,mt
REGIONTEXT|1002|1,"\42 The Serb Republic, also known as Republika Srpska, is one of the two entities that make up the country of Bosnia and Herzegovina. It was established as a result of the Dayton Agreement in 1995 and has a predominantly Serb population.",\42 스릅스카 공화국(Republika Srpska)은 보스니아 헤르체고비나를 이루는 두 개의 정치체 가운데 하나입니다. 1995년 데이턴 협정의 결과로 수립되었으며 주민 대다수가 세르비아계입니다.,mt
REGIONTEXT|1003|0,Croatia,크로아티아,mt
REGIONTEXT|1003|1,"\42 Croatia is a country located in southeastern Europe, bordered by Slovenia, Hungary, Serbia, Bosnia and Herzegovina, and Montenegro. It has a diverse landscape, with a long coastline along the Adriatic Sea, rolling hills, and plains. Its capital is Zagreb.","\42 크로아티아는 남동유럽에 위치한 나라로, 슬로베니아, 헝가리, 세르비아, 보스니아 헤르체고비나, 몬테네그로와 접해 있습니다. 아드리아해를 따라 긴 해안선이 이어지며 완만한 구릉과 평야 등 다양한 지형을 갖추고 있습니다. 수도는 자그레브입니다.",mt
REGIONTEXT|1004|0,Serbia,세르비아,mt
REGIONTEXT|1004|1,"\42 Serbia is a country located in southeastern Europe, with a population of around 7 million people. Its capital and largest city is Belgrade, and the official language is Serbian. Serbia has a diverse history and culture, with a rich cultural heritage that includes art, music, literature, and cuisine.","\42 세르비아는 남동유럽에 위치한 나라로, 인구는 약 700만 명입니다. 수도이자 최대 도시는 베오그라드이고 공용어는 세르비아어입니다. 세르비아는 다채로운 역사와 문화를 지니고 있으며 미술, 음악, 문학, 음식 등 풍부한 문화유산을 자랑합니다.",mt
REGIONTEXT|1005|0,Montenegro,몬테네그로,mt
REGIONTEXT|1005|1,"\42 Montenegro is a small country located in southeastern Europe on the Adriatic Sea. Its landscape is dominated by rugged mountains, including the Dinaric Alps, and beautiful coastline. Montenegro was part of Yugoslavia until the early 1990s, and later joined a loose federation with Serbia before gaining independence in 2006. Its population is approximately 620,000, and its capital and largest city is Podgorica. Montenegro's economy is based on tourism, agriculture, and industry.","\42 몬테네그로는 아드리아해에 면한 남동유럽의 작은 나라입니다. 디나르알프스산맥을 비롯한 험준한 산악과 아름다운 해안선이 지형을 이룹니다. 몬테네그로는 1990년대 초까지 유고슬라비아의 일부였으며, 이후 세르비아와 느슨한 연방을 이루다가 2006년에 독립했습니다. 인구는 약 62만 명이고 수도이자 최대 도시는 포드고리차입니다. 경제는 관광, 농업, 산업을 기반으로 합니다.",mt
REGIONTEXT|1006|0,Kosovo,코소보,mt
REGIONTEXT|1006|1,"\42 Kosovo is a disputed territory in Southeast Europe. It declared independence from Serbia in 2008, but its status is still contested. Kosovo is recognized as an independent state by over 100 countries, including the United States and many European Union member states, but not by Serbia or some other countries.","\42 코소보는 남동유럽의 분쟁 지역입니다. 2008년 세르비아로부터 독립을 선언했으나 지위는 여전히 논란 중입니다. 코소보는 미국과 유럽연합 회원국 다수를 포함해 100개국이 넘는 나라가 독립국으로 승인했지만, 세르비아와 일부 다른 나라는 승인하지 않고 있습니다.",mt
REGIONTEXT|1007|0,Albania,알바니아,mt
REGIONTEXT|1007|1,"\42 Albania is a country located in Southeast Europe, bordered by Montenegro to the northwest, Kosovo to the northeast, North Macedonia to the east, Greece to the south and the Adriatic and Ionian Seas to the west. It is known for its rich history, stunning coastline, delicious cuisine, and vibrant culture.","\42 알바니아는 남동유럽에 위치한 나라로, 북서쪽으로 몬테네그로, 북동쪽으로 코소보, 동쪽으로 북마케도니아, 남쪽으로 그리스와 접해 있으며 서쪽은 아드리아해와 이오니아해에 면해 있습니다. 풍부한 역사, 아름다운 해안선, 맛있는 음식, 활기찬 문화로 알려져 있습니다.",mt
REGIONTEXT|1008|0,Slovenia,슬로베니아,mt
REGIONTEXT|1008|1,"\42 Slovenia is a country located in central Europe, bordering Italy to the west, Austria to the north, Hungary to the northeast, and Croatia to the south and southeast. It has a population of around 2.1 million people and its capital and largest city is Ljubljana. Slovenia is known for its stunning natural landscapes, rich cultural heritage, and quality wine production. The country is also a member of the European Union and the United Nations.","\42 슬로베니아는 중부 유럽에 위치한 나라로, 서쪽으로 이탈리아, 북쪽으로 오스트리아, 북동쪽으로 헝가리, 남쪽과 남동쪽으로 크로아티아와 접해 있습니다. 인구는 약 210만 명이고 수도이자 최대 도시는 류블라나입니다. 슬로베니아는 빼어난 자연경관, 풍부한 문화유산, 양질의 와인 생산으로 알려져 있습니다. 유럽연합과 유엔의 회원국이기도 합니다.",mt
REGIONTEXT|101|0,Egypt,이집트,mt
REGIONTEXT|101|1,"\42 Egypt is a country located in North Africa and is known for its rich history and ancient civilization. The Great Pyramids, the Sphinx, and the Nile River are some of the country's most famous landmarks. Egypt is also the home of Islam's Al-Azhar University, one of the oldest universities in the world. Today, Egypt is a bustling modern country with a diverse population and a growing economy.","\42 이집트는 북아프리카에 위치한 나라로, 풍부한 역사와 고대 문명으로 알려져 있습니다. 대피라미드, 스핑크스, 나일강은 이 나라의 가장 유명한 명소로 꼽힙니다. 이집트에는 세계에서 가장 오래된 대학 중 하나인 이슬람의 알아즈하르 대학교도 있습니다. 오늘날 이집트는 다양한 인구와 성장하는 경제를 갖춘 활기찬 현대 국가입니다.",mt
REGIONTEXT|102|0,Libya,리비아,mt
REGIONTEXT|102|1,"\42 Libya is a country located in North Africa, bordered by Egypt, Sudan, Chad, Niger, Algeria, and Tunisia. It has a rich history, with ancient Greek and Roman ruins, as well as Islamic heritage. In 2011, Libya experienced a revolution that led to the overthrow of its longtime leader Muammar Gaddafi, but the country has since struggled with political instability, civil war, and terrorism. The official language is Arabic, and the population is around 8 million people.","\42 리비아는 북아프리카에 위치한 나라로, 이집트, 수단, 차드, 니제르, 알제리, 튀니지와 접해 있습니다. 고대 그리스·로마 유적과 이슬람 유산 등 풍부한 역사를 지니고 있습니다. 2011년 혁명으로 오랜 지도자 무아마르 카다피가 축출되었으나, 이후 정치적 불안정, 내전, 테러로 어려움을 겪고 있습니다. 공용어는 아랍어이며 인구는 약 800만 명입니다.",mt
REGIONTEXT|103|0,Algeria,알제리,mt
REGIONTEXT|103|1,"\42 Algeria is a country located in North Africa, bordered by the Mediterranean Sea to the north, Tunisia to the northeast, Libya to the east, Niger to the southeast, Mali to the southwest, Western Sahara, Mauritania, and Morocco to the west. Algeria has a diverse landscape, including the Sahara desert, the Atlas Mountains, and a Mediterranean coastline. The country gained independence from France in 1962 and is now a presidential republic with a population of over 52 million people. Algeria is known for its rich history and culture, which includes ancient Roman ruins, Islamic architecture, and traditional Berber crafts.","\42 알제리는 북아프리카에 위치한 나라로, 북쪽으로 지중해, 북동쪽으로 튀니지, 동쪽으로 리비아, 남동쪽으로 니제르, 남서쪽으로 말리, 서쪽으로 서사하라, 모리타니, 모로코와 접해 있습니다. 사하라 사막, 아틀라스산맥, 지중해 해안선 등 다양한 지형을 갖추고 있습니다. 1962년 프랑스로부터 독립했으며 현재는 인구 5,200만 명이 넘는 대통령제 공화국입니다. 알제리는 고대 로마 유적, 이슬람 건축, 전통 베르베르 공예 등 풍부한 역사와 문화로 알려져 있습니다.",mt
REGIONTEXT|104|0,Morocco,모로코,mt
REGIONTEXT|104|1,"\42 Morocco is a country located in North Africa, bordering the Atlantic Ocean and the Mediterranean Sea. It is known for its diverse landscapes, including the Sahara Desert, the Atlas Mountains, and coastal regions. The country has a rich history and culture influenced by its Arab, Berber, and European heritage. The official languages are Arabic and Berber, and French is widely spoken. Morocco is a popular tourist destination, known for its vibrant cities, souks, and historic sites.","\42 모로코는 북아프리카에 위치한 나라로, 대서양과 지중해에 면해 있습니다. 사하라 사막, 아틀라스산맥, 해안 지대 등 다양한 지형으로 알려져 있습니다. 아랍, 베르베르, 유럽의 유산이 어우러진 풍부한 역사와 문화를 지니고 있습니다. 공용어는 아랍어와 베르베르어이며 프랑스어도 널리 쓰입니다. 모로코는 활기찬 도시, 수크(전통 시장), 유서 깊은 명소로 유명한 인기 관광지입니다.",mt
REGIONTEXT|105|0,Sahrawi,사흐라위,mt
REGIONTEXT|105|1,"\42 The Sahrawi is a disputed territory in North Africa, bordered by Morocco to the north, Algeria to the northeast, Mauritania to the east and south, and the Atlantic Ocean to the west. Its sovereignty is contested between Morocco and the Polisario Front, a group seeking independence for the territory. The area has a predominantly desert climate and is rich in natural resources, including phosphate deposits and fishing grounds.","\42 사흐라위는 북아프리카의 분쟁 지역으로, 북쪽으로 모로코, 북동쪽으로 알제리, 동쪽과 남쪽으로 모리타니, 서쪽으로 대서양과 접해 있습니다. 주권을 두고 모로코와, 이 지역의 독립을 추구하는 폴리사리오 전선이 대립하고 있습니다. 기후는 대체로 사막성이며 인산염 매장지와 어장 등 천연자원이 풍부합니다.",mt
REGIONTEXT|106|0,Tunisia,튀니지,mt
REGIONTEXT|106|1,"\42 Tunisia is a country located in North Africa, bordered by Algeria to the west and Libya to the southeast. It has a rich history and culture, including ancient ruins, traditional markets, and stunning Mediterranean beaches. Despite facing challenges such as high unemployment and political instability, Tunisia has made progress in recent years towards democratic reform and economic development.","\42 튀니지는 북아프리카에 위치한 나라로, 서쪽으로 알제리, 남동쪽으로 리비아와 접해 있습니다. 고대 유적, 전통 시장, 아름다운 지중해 해변 등 풍부한 역사와 문화를 지니고 있습니다. 높은 실업률과 정치적 불안정 같은 어려움에도 불구하고, 튀니지는 최근 몇 년간 민주적 개혁과 경제 발전에서 진전을 이루었습니다.",mt
REGIONTEXT|1098|0,Bosnia Herzegovina,보스니아헤르체고비나,mt
REGIONTEXT|1098|1,"\42 Bosnia and Herzegovina is a country located in Southeastern Europe. It is bordered by Serbia to the east, Montenegro to the southeast, and Croatia to the north, west, and south. The country is known for its diverse landscapes, including the Dinaric Alps, rivers, lakes, and forests.","\42 보스니아 헤르체고비나는 남동유럽에 위치한 나라입니다. 동쪽으로 세르비아, 남동쪽으로 몬테네그로, 북쪽과 서쪽과 남쪽으로 크로아티아와 접해 있습니다. 디나르알프스산맥, 강, 호수, 숲 등 다채로운 경관으로 알려져 있습니다.",mt
REGIONTEXT|1101|0,Belarus,벨라루스,mt
REGIONTEXT|1101|1,\42 Belarus is a landlocked country located in Eastern Europe. It gained independence from the Soviet Union in 1991. Belarus is known for its vast forests and numerous lakes. The capital of Belarus is Minsk and the official languages are Belarusian and Russian.,\42 벨라루스는 동유럽에 위치한 내륙국입니다. 1991년 소련으로부터 독립했습니다. 벨라루스는 광대한 숲과 수많은 호수로 알려져 있습니다. 수도는 민스크이고 공용어는 벨라루스어와 러시아어입니다.,mt
REGIONTEXT|1102|0,West Ukraine,서우크라이나,mt
REGIONTEXT|1102|1,"\42 West Ukraine is a region characterized by its diverse cultural heritage, picturesque landscapes, and historic significance. Known for its vibrant cities, including Lviv and Ivano-Frankivsk, West Ukraine boasts a rich blend of Ukrainian, Polish, and Austro-Hungarian influences. The Carpathian Mountains contribute to the region's natural beauty, offering a scenic backdrop to its cultural and architectural treasures. West Ukraine is often associated with a strong sense of regional identity and has played a role in shaping the broader narrative of Ukrainian history and culture.","\42 서우크라이나는 다채로운 문화유산, 그림 같은 경관, 역사적 의의가 두드러지는 지역입니다. 리비우와 이바노프란키우스크 같은 활기찬 도시로 알려진 서우크라이나는 우크라이나, 폴란드, 오스트리아-헝가리의 영향이 풍부하게 어우러져 있습니다. 카르파티아산맥은 이 지역의 자연미를 더하며 문화와 건축의 보물을 아름다운 배경으로 감싸 줍니다. 서우크라이나는 강한 지역 정체성과 자주 연결되며, 우크라이나 역사와 문화의 큰 흐름을 형성하는 데에도 한몫을 했습니다.",mt
REGIONTEXT|1103|0,Moldova,몰도바,mt
REGIONTEXT|1103|1,"\42 Moldova is a landlocked country located in Eastern Europe, bordered by Ukraine and Romania. It has a rich history and cultural heritage influenced by the Ottoman Empire, Russia, Romania, and other neighboring countries. Moldova is known for its wine industry and traditional handicrafts.","\42 몰도바는 동유럽에 위치한 내륙국으로, 우크라이나와 루마니아에 접해 있습니다. 오스만 제국, 러시아, 루마니아 등 이웃 나라들의 영향을 받은 풍부한 역사와 문화유산을 지니고 있습니다. 몰도바는 와인 산업과 전통 수공예로 알려져 있습니다.",mt
REGIONTEXT|1104|0,Romania,루마니아,mt
REGIONTEXT|1104|1,"\42 Romania is a country located in southeastern Europe. It is known for its stunning landscapes, including the Carpathian Mountains and the Danube River Delta, as well as its rich history and culture. The country has a diverse economy and is a member of the European Union.",\42 루마니아는 남동유럽에 위치한 나라입니다. 카르파티아산맥과 다뉴브강 삼각주를 비롯한 빼어난 경관과 풍부한 역사와 문화로 알려져 있습니다. 경제가 다각화되어 있으며 유럽연합 회원국입니다.,mt
REGIONTEXT|1105|0,Bulgaria,불가리아,mt
REGIONTEXT|1105|1,"\42 Bulgaria is a country in southeastern Europe, bordered by Romania to the north, Serbia and North Macedonia to the west, Greece and Türkiye to the south, and the Black Sea to the east. Its capital and largest city is Sofia. Bulgaria has a rich cultural heritage and is known for its traditional folk music, dances, and crafts.","\42 불가리아는 남동유럽의 나라로, 북쪽으로 루마니아, 서쪽으로 세르비아와 북마케도니아, 남쪽으로 그리스와 튀르키예, 동쪽으로 흑해와 접해 있습니다. 수도이자 최대 도시는 소피아입니다. 불가리아는 풍부한 문화유산을 지니고 있으며 전통 민속 음악, 춤, 공예로 알려져 있습니다.",mt
REGIONTEXT|1106|0,Poland,폴란드,mt
REGIONTEXT|1106|1,"\42 Poland is a country in Central Europe, bordered by Germany to the west, the Czech Republic and Slovakia to the south, Ukraine and Belarus to the east, and the Baltic Sea, Lithuania, and Russia (in the form of the Kaliningrad Oblast exclave) to the north. It has a rich history and culture, including its famous royal city of Krakow and its capital, Warsaw.","\42 폴란드는 중부 유럽의 나라로, 서쪽으로 독일, 남쪽으로 체코와 슬로바키아, 동쪽으로 우크라이나와 벨라루스, 북쪽으로 발트해, 리투아니아, 러시아(칼리닌그라드 주라는 월경지의 형태)와 접해 있습니다. 유명한 왕도 크라쿠프와 수도 바르샤바를 비롯해 풍부한 역사와 문화를 지니고 있습니다.",mt
REGIONTEXT|1107|0,Hungary,헝가리,mt
REGIONTEXT|1107|1,"\42 Hungary is a landlocked country in Central Europe, bordered by Austria, Slovakia, Ukraine, Romania, Serbia, Croatia, and Slovenia. Budapest is the capital and largest city. Hungary has a rich cultural heritage, including the famous thermal baths and the Hungarian cuisine, known for its paprika and goulash dishes.","\42 헝가리는 중부 유럽의 내륙국으로, 오스트리아, 슬로바키아, 우크라이나, 루마니아, 세르비아, 크로아티아, 슬로베니아와 접해 있습니다. 수도이자 최대 도시는 부다페스트입니다. 헝가리는 유명한 온천을 비롯한 풍부한 문화유산을 지니고 있으며, 파프리카와 구야시 요리로 알려진 헝가리 음식으로도 유명합니다.",mt
REGIONTEXT|1108|0,Slovakia,슬로바키아,mt
REGIONTEXT|1108|1,"\42 Slovakia is a landlocked country located in Central Europe. Its capital and largest city is Bratislava. The country has a rich cultural heritage, including medieval castles, historic cities, and numerous caves. Slovakia is also known for its natural beauty, with the Tatra Mountains in the north and numerous national parks throughout the country.","\42 슬로바키아는 중부 유럽에 위치한 내륙국입니다. 수도이자 최대 도시는 브라티슬라바입니다. 이 나라에는 중세 성, 유서 깊은 도시, 수많은 동굴 등 풍부한 문화유산이 있습니다. 슬로바키아는 북쪽의 타트라산맥과 전국 곳곳의 수많은 국립공원 등 자연의 아름다움으로도 알려져 있습니다.",mt
REGIONTEXT|1109|0,Czech Republic,체코,mt
REGIONTEXT|1109|1,"\42 The Czech Republic is a landlocked country in Central Europe. It has a rich cultural heritage with numerous historic sites, castles and beautiful architecture. The country is known for its beer, music, and famous historical figures, such as Franz Kafka and Antonin Dvorak.","\42 체코는 중부 유럽의 내륙국입니다. 수많은 유적지, 성, 아름다운 건축물 등 풍부한 문화유산을 지니고 있습니다. 이 나라는 맥주, 음악, 그리고 프란츠 카프카와 안토닌 드보르자크 같은 유명 역사적 인물로 알려져 있습니다.",mt
REGIONTEXT|1110|0,Latvia,라트비아,mt
REGIONTEXT|1110|1,"\42 Latvia is a small country in Northern Europe, situated on the eastern shore of the Baltic Sea. It has a population of around 1.9 million people and its capital is Riga. Latvia has a rich cultural heritage, with traditional music, dance, and cuisine, as well as a strong tradition of literature and visual arts.","\42 라트비아는 발트해 동쪽 연안에 자리한 북유럽의 작은 나라입니다. 인구는 약 190만 명이고 수도는 리가입니다. 라트비아는 전통 음악, 춤, 음식을 비롯한 풍부한 문화유산과 문학 및 시각 예술의 강한 전통을 지니고 있습니다.",mt
REGIONTEXT|1111|0,Lithuania,리투아니아,mt
REGIONTEXT|1111|1,"\42 Lithuania is a country in the Baltic region of Europe, situated along the southeastern shore of the Baltic Sea. Its population is around 2.7 million people, and its capital and largest city is Vilnius. Lithuania has a rich history, including being part of the Polish-Lithuanian Commonwealth and the Soviet Union.",\42 리투아니아는 발트해 남동쪽 연안에 자리한 유럽 발트 지역의 나라입니다. 인구는 약 270만 명이고 수도이자 최대 도시는 빌뉴스입니다. 리투아니아는 폴란드-리투아니아 연방과 소련의 일부였던 시기를 포함해 풍부한 역사를 지니고 있습니다.,mt
REGIONTEXT|1112|0,Estonia,에스토니아,mt
REGIONTEXT|1112|1,\42 Estonia is a small Baltic country in Northern Europe. It has a population of approximately 1.3 million people and its capital city is Tallinn. Estonia has a high-income economy and is known for its advanced technology sector.,\42 에스토니아는 북유럽의 작은 발트 국가입니다. 인구는 약 130만 명이고 수도는 탈린입니다. 에스토니아는 고소득 경제를 갖추고 있으며 첨단 기술 부문으로 알려져 있습니다.,mt
REGIONTEXT|1113|0,Kaliningrad,칼리닌그라드,mt
REGIONTEXT|1113|1,"\42 Kaliningrad is a Russian exclave located on the Baltic Sea between Poland and Lithuania. It was formerly part of East Prussia and was annexed by the Soviet Union after World War II. Today, it is an important industrial and transportation center, as well as a popular tourist destination.",\42 칼리닌그라드는 폴란드와 리투아니아 사이 발트해 연안에 위치한 러시아의 월경지입니다. 과거 동프로이센의 일부였으며 제2차 세계대전 후 소련에 합병되었습니다. 오늘날에는 중요한 산업·교통의 중심지이자 인기 관광지입니다.,mt
REGIONTEXT|1114|0,Greece,그리스,mt
REGIONTEXT|1114|1,"\42 Greece is a country in southeastern Europe known for its ancient history, beautiful islands, and Mediterranean cuisine. It is a member of the European Union and the birthplace of Western civilization, with important contributions to philosophy, democracy, and literature.","\42 그리스는 고대 역사, 아름다운 섬, 지중해 요리로 알려진 남동유럽의 나라입니다. 유럽연합 회원국이며 서양 문명의 발상지로서 철학, 민주주의, 문학에 중요한 공헌을 했습니다.",mt
REGIONTEXT|1115|0,North Macedonia,북마케도니아,mt
REGIONTEXT|1115|1,"\42 North Macedonia is a landlocked country in Southeast Europe, bordered by Kosovo to the northwest, Serbia to the north, Bulgaria to the east, Greece to the south, and Albania to the west. It gained its independence in 1991, and its capital and largest city is Skopje.","\42 북마케도니아는 남동유럽의 내륙국으로, 북서쪽으로 코소보, 북쪽으로 세르비아, 동쪽으로 불가리아, 남쪽으로 그리스, 서쪽으로 알바니아와 접해 있습니다. 1991년에 독립했으며 수도이자 최대 도시는 스코페입니다.",mt
REGIONTEXT|1116|0,Cyprus,키프로스,mt
REGIONTEXT|1116|1,"\42 Cyprus is an island country located in the eastern Mediterranean Sea. It is divided between the Greek Cypriot-controlled southern part and the Turkish Cypriot-controlled northern part, with a UN buffer zone in between. The island has a rich history and culture, with influences from Greece, Türkiye, and the Middle East.","\42 키프로스는 동지중해에 위치한 섬나라입니다. 그리스계 키프로스인이 통제하는 남부와 튀르키예계 키프로스인이 통제하는 북부로 나뉘어 있으며, 그 사이에는 유엔 완충지대가 있습니다. 섬에는 그리스, 튀르키예, 중동의 영향을 받은 풍부한 역사와 문화가 있습니다.",mt
REGIONTEXT|1117|0,Northern Cyprus,북키프로스,mt
REGIONTEXT|1117|1,"\42 Cyprus is an island country located in the eastern Mediterranean Sea. It is divided between the Greek Cypriot-controlled southern part and the Turkish Cypriot-controlled northern part, with a UN buffer zone in between. The island has a rich history and culture, with influences from Greece, Türkiye, and the Middle East.","\42 키프로스는 동지중해에 위치한 섬나라입니다. 그리스계 키프로스인이 통제하는 남부와 튀르키예계 키프로스인이 통제하는 북부로 나뉘어 있으며, 그 사이에는 유엔 완충지대가 있습니다. 섬에는 그리스, 튀르키예, 중동의 영향을 받은 풍부한 역사와 문화가 있습니다.",mt
REGIONTEXT|1120|0,Gamiba,감비아,mt
REGIONTEXT|1120|1,"\42 The Gambia faces a relatively stable geopolitical situation. The country is surrounded by Senegal, except for its coastline along the Atlantic Ocean. Historically, The Gambia has had friendly relations with neighboring countries and the international community. Its key geopolitical significance lies in its strategic location along the Gambia River, facilitating trade and transportation. However, it faces challenges such as poverty and environmental issues, with efforts to strengthen democratic governance and promote economic development ongoing.","\42 감비아는 비교적 안정적인 지정학적 상황에 놓여 있습니다. 대서양에 면한 해안선을 제외하면 나라 전체가 세네갈에 둘러싸여 있습니다. 감비아는 역사적으로 이웃 나라 및 국제사회와 우호적인 관계를 맺어 왔습니다. 감비아강 유역이라는 전략적 위치 덕분에 무역과 수송이 원활하다는 점이 지정학적으로 중요합니다. 그러나 빈곤과 환경 문제라는 과제를 안고 있으며, 민주적 통치를 강화하고 경제 발전을 촉진하기 위한 노력이 계속되고 있습니다.",mt
REGIONTEXT|1121|0,Southern Ukraine,남우크라이나,mt
REGIONTEXT|1121|1,"\42 The Southern Ukraine is a region facing geopolitical complexities due to its strategic location, including access to the Black Sea and the Crimean Peninsula, which Russia annexed in 2014. The area is significant for trade and energy routes, drawing attention from various international actors. Additionally, the ongoing conflict in eastern Ukraine and Russia's military presence in Crimea add further challenges to regional stability and security dynamics.",\42 남우크라이나는 흑해 접근로와 2014년 러시아가 합병한 크림반도를 포함한 전략적 위치 때문에 지정학적 복잡성에 직면한 지역입니다. 이 지역은 무역로와 에너지 수송로로서 중요하여 여러 국제 행위자의 관심을 끌고 있습니다. 또한 우크라이나 동부에서 이어지는 분쟁과 크림반도의 러시아군 주둔이 지역 안정과 안보 구도에 더욱 큰 부담을 줍니다.,mt
REGIONTEXT|1122|0,Donbas Republic,돈바스 공화국,mt
REGIONTEXT|1122|1,"\42 The Donbas region is a contested area in eastern Ukraine, where two self-proclaimed entities, the Donetsk People's Republic and the Luhansk People's Republic, have declared independence with Russian support. The conflict with Ukrainian forces has led to instability, territorial disputes, and humanitarian challenges. The situation continues to be a focal point of geopolitical tension between Russia and Ukraine, with efforts to find a peaceful resolution ongoing.","\42 돈바스 지역은 우크라이나 동부의 분쟁 지역으로, 자칭 도네츠크 인민공화국과 루한스크 인민공화국이 러시아의 지원을 받아 독립을 선언했습니다. 우크라이나군과의 분쟁으로 인해 불안정, 영토 분쟁, 인도적 위기가 이어지고 있습니다. 이 상황은 러시아와 우크라이나 사이 지정학적 긴장의 초점으로 남아 있으며, 평화적 해결책을 찾으려는 노력이 계속되고 있습니다.",mt
REGIONTEXT|1196|0,Ukraine,우크라이나,mt
REGIONTEXT|1196|1,"\42 Ukraine is a country in Eastern Europe, bordered by Russia, Belarus, Poland, Slovakia, Hungary, Romania, and Moldova. It is the second-largest country in Europe after Russia, and its capital and largest city is Kiev. Ukraine has a diverse economy, rich cultural heritage, and a complex political history, including its ongoing conflict with Russia over the Crimean Peninsula.","\42 우크라이나는 동유럽의 나라로, 러시아, 벨라루스, 폴란드, 슬로바키아, 헝가리, 루마니아, 몰도바와 접해 있습니다. 러시아에 이어 유럽에서 두 번째로 큰 나라이며 수도이자 최대 도시는 키이우입니다. 우크라이나는 다각화된 경제, 풍부한 문화유산, 복잡한 정치사를 지니고 있으며, 크림반도를 둘러싼 러시아와의 분쟁이 계속되고 있습니다.",mt
REGIONTEXT|1199|0,Greece,그리스,mt
REGIONTEXT|1199|1,"\42 Greece is a country in southeastern Europe known for its ancient history, beautiful islands, and Mediterranean cuisine. It is a member of the European Union and the birthplace of Western civilization, with important contributions to philosophy, democracy, and literature.","\42 그리스는 고대 역사, 아름다운 섬, 지중해 요리로 알려진 남동유럽의 나라입니다. 유럽연합 회원국이며 서양 문명의 발상지로서 철학, 민주주의, 문학에 중요한 공헌을 했습니다.",mt
REGIONTEXT|1201|0,Denmark,덴마크,mt
REGIONTEXT|1201|1,"\42 Denmark is a country located in Northern Europe. It consists of the Jutland Peninsula and numerous islands, including Zealand and Funen. Copenhagen is the capital and largest city. Denmark is known for its social welfare system, high standard of living, and sustainable energy policies.","\42 덴마크는 북유럽에 위치한 나라입니다. 유틀란트반도와 셸란섬, 퓐섬을 비롯한 수많은 섬으로 이루어져 있습니다. 수도이자 최대 도시는 코펜하겐입니다. 덴마크는 사회복지 제도, 높은 생활 수준, 지속 가능한 에너지 정책으로 알려져 있습니다.",mt
REGIONTEXT|1202|0,Norway,노르웨이,mt
REGIONTEXT|1202|1,"\42 Norway is a country located in Northern Europe. It has a population of about 5.4 million people and covers an area of 385,000 square kilometers. The country is known for its stunning natural beauty, fjords, mountains, and glaciers.","\42 노르웨이는 북유럽에 위치한 나라입니다. 인구는 약 540만 명이고 면적은 38만 5천 제곱킬로미터입니다. 이 나라는 빼어난 자연미와 피오르, 산, 빙하로 알려져 있습니다.",mt
REGIONTEXT|1203|0,Finland,핀란드,mt
REGIONTEXT|1203|1,"\42 Finland is a Nordic country located in northern Europe. It is known for its beautiful natural scenery, including thousands of lakes and forests. Finland is also famous for its modern design, technology innovations, and education system.","\42 핀란드는 북유럽에 위치한 북유럽 국가입니다. 수천 개의 호수와 숲을 비롯한 아름다운 자연 경관으로 알려져 있습니다. 핀란드는 현대적인 디자인, 기술 혁신, 교육 제도로도 유명합니다.",mt
REGIONTEXT|1204|0,Sweden,스웨덴,mt
REGIONTEXT|1204|1,"\42 Sweden is a country located in Northern Europe, known for its high standard of living and social welfare system. It is the third-largest country in the European Union by area, and its capital city is Stockholm.","\42 스웨덴은 북유럽에 위치한 나라로, 높은 생활 수준과 사회복지 제도로 알려져 있습니다. 유럽연합 회원국 중 면적이 세 번째로 크며 수도는 스톡홀름입니다.",mt
REGIONTEXT|1205|0,Iceland,아이슬란드,mt
REGIONTEXT|1205|1,"\42 Iceland is a Nordic island country located in the North Atlantic, with a population of around 360,000. It is known for its stunning landscapes, including glaciers, hot springs, and geysers. Reykjavik is the capital and largest city, with a vibrant culture and nightlife.	","\42 아이슬란드는 북대서양에 위치한 북유럽 섬나라로, 인구는 약 36만 명입니다. 빙하, 온천, 간헐천 등 빼어난 경관으로 알려져 있습니다. 수도이자 최대 도시는 레이캬비크이며 활기찬 문화와 밤 문화를 자랑합니다.",mt
REGIONTEXT|1206|0,Greenland,그린란드,mt
REGIONTEXT|1206|1,"\42 Greenland is the world's largest island and is an autonomous territory within the Kingdom of Denmark. It is located between the Arctic and Atlantic Oceans, and is known for its vast, icy landscape and unique wildlife such as polar bears, whales, and reindeer.","\42 그린란드는 세계에서 가장 큰 섬이며 덴마크 왕국 안의 자치령입니다. 북극해와 대서양 사이에 위치하며, 광활한 얼음 경관과 북극곰, 고래, 순록 같은 독특한 야생동물로 알려져 있습니다.",mt
REGIONTEXT|1207|0,Faroe Islands,페로 제도,mt
REGIONTEXT|1207|1,"\42 The Faroe Islands are a self-governing territory within the Kingdom of Denmark, located between the Norwegian Sea and the North Atlantic Ocean. The islands have a unique and rugged landscape, with steep cliffs, fjords, and green hills. Fishing is the main industry, and the culture and traditions of the Faroese people are deeply rooted in the sea.","\42 페로 제도는 노르웨이해와 북대서양 사이에 위치한 덴마크 왕국 안의 자치령입니다. 섬들은 가파른 절벽, 피오르, 푸른 언덕이 어우러진 독특하고 험준한 경관을 지니고 있습니다. 어업이 주요 산업이며 페로 사람들의 문화와 전통은 바다에 깊이 뿌리내리고 있습니다.",mt
REGIONTEXT|1299|0,Norway,노르웨이,mt
REGIONTEXT|1299|1,"\42 Norway is a country located in Northern Europe. It has a population of about 5.4 million people and covers an area of 385,000 square kilometers. The country is known for its stunning natural beauty, fjords, mountains, and glaciers.","\42 노르웨이는 북유럽에 위치한 나라입니다. 인구는 약 540만 명이고 면적은 38만 5천 제곱킬로미터입니다. 이 나라는 빼어난 자연미와 피오르, 산, 빙하로 알려져 있습니다.",mt
REGIONTEXT|1301|0,England,잉글랜드,mt
REGIONTEXT|1301|1,"\42 As an independent nation, England enjoys its geopolitical position as a global power with historical influence. It maintains strong alliances, particularly with Western powers, and actively engages in international affairs. It faces challenges related to trade agreements, security cooperation, and managing its regional relationships within the United Kingdom.","\42 독립 국가로서 잉글랜드는 역사적 영향력을 지닌 세계적 강국이라는 지정학적 위치를 누리고 있습니다. 특히 서방 강국들과 굳건한 동맹을 유지하며 국제 문제에 적극 참여합니다. 무역 협정, 안보 협력, 그리고 영국 안에서의 지역 간 관계 관리와 관련된 과제에 직면해 있습니다.",mt
REGIONTEXT|1301#2|0,England,잉글랜드,mt
REGIONTEXT|1301#2|1,"\42 As an independent nation, England enjoys its geopolitical position as a global power with historical influence. It maintains strong alliances, particularly with Western powers, and actively engages in international affairs. It faces challenges related to trade agreements, security cooperation, and managing its regional relationships within the United Kingdom.","\42 독립 국가로서 잉글랜드는 역사적 영향력을 지닌 세계적 강국이라는 지정학적 위치를 누리고 있습니다. 특히 서방 강국들과 굳건한 동맹을 유지하며 국제 문제에 적극 참여합니다. 무역 협정, 안보 협력, 그리고 영국 안에서의 지역 간 관계 관리와 관련된 과제에 직면해 있습니다.",mt
REGIONTEXT|1302|0,North England,북잉글랜드,mt
REGIONTEXT|1302|1,"\42 North England is a region of England that includes the historic counties of Yorkshire, Lancashire, and Northumberland, as well as the modern counties of Cumbria, Durham, and Tyne and Wear. It is known for its rugged landscapes, industrial heritage, and cultural attractions.","\42 북잉글랜드는 잉글랜드의 한 지역으로, 요크셔, 랭커셔, 노섬벌랜드라는 역사적 주와 컴브리아, 더럼, 타인위어라는 현대의 주를 포함합니다. 험준한 경관, 산업 유산, 문화 명소로 알려져 있습니다.",mt
REGIONTEXT|1303|0,Northern Ireland,북아일랜드,mt
REGIONTEXT|1303|1,"\42 Northern Ireland is a part of the United Kingdom, located on the island of Ireland. It has a complex history, including a period of violent conflict known as the Troubles, which lasted from the late 1960s to the late 1990s. Today, the country is a stable democracy and has a devolved government with power-sharing between political parties.",\42 북아일랜드는 아일랜드섬에 위치한 영국의 일부입니다. 1960년대 후반부터 1990년대 후반까지 이어진 '분쟁(the Troubles)'이라는 폭력적 충돌기를 포함해 복잡한 역사를 지니고 있습니다. 오늘날에는 안정된 민주주의 체제이며 정당 간 권력 분점이 이루어지는 자치 정부를 두고 있습니다.,mt
REGIONTEXT|1304|0,Wales,웨일스,mt
REGIONTEXT|1304|1,"\42 Wales is a country that is part of the United Kingdom, bordered by England to the east, the Irish Sea to the north and west, and the Bristol Channel to the south. Its capital city is Cardiff and its official languages are Welsh and English.","\42 웨일스는 영국의 일부인 나라로, 동쪽으로 잉글랜드, 북쪽과 서쪽으로 아일랜드해, 남쪽으로 브리스틀 해협과 접해 있습니다. 수도는 카디프이며 공용어는 웨일스어와 영어입니다.",mt
REGIONTEXT|1305|0,Scotland,스코틀랜드,mt
REGIONTEXT|1305|1,"\42 Scotland is a country in the northern part of the United Kingdom, sharing a border with England to the south. The country is known for its beautiful landscapes, rich history, and distinctive culture, including bagpipes, kilts, and the Loch Ness Monster.","\42 스코틀랜드는 영국 북부에 위치한 나라로, 남쪽으로 잉글랜드와 국경을 맞대고 있습니다. 아름다운 경관, 풍부한 역사, 백파이프, 킬트, 네스호 괴물 등 독특한 문화로 알려져 있습니다.",mt
REGIONTEXT|1306|0,Ireland,아일랜드,mt
REGIONTEXT|1306|1,"\42 Ireland is an island nation located in northwestern Europe. It is divided into two separate political entities: the Republic of Ireland, which covers about five-sixths of the island, and Northern Ireland, which is part of the United Kingdom. Ireland is known for its rich history, culture, literature, and music.","\42 아일랜드는 유럽 북서부에 위치한 섬나라입니다. 섬의 약 6분의 5를 차지하는 아일랜드 공화국과 영국의 일부인 북아일랜드라는 두 개의 별개 정치체로 나뉘어 있습니다. 아일랜드는 풍부한 역사, 문화, 문학, 음악으로 알려져 있습니다.",mt
REGIONTEXT|1398|0,England,잉글랜드,mt
REGIONTEXT|1398|1,"\42 As an independent nation, England enjoys its geopolitical position as a global power with historical influence. It maintains strong alliances, particularly with Western powers, and actively engages in international affairs. It faces challenges related to trade agreements, security cooperation, and managing its regional relationships within the United Kingdom.","\42 독립 국가로서 잉글랜드는 역사적 영향력을 지닌 세계적 강국이라는 지정학적 위치를 누리고 있습니다. 특히 서방 강국들과 굳건한 동맹을 유지하며 국제 문제에 적극 참여합니다. 무역 협정, 안보 협력, 그리고 영국 안에서의 지역 간 관계 관리와 관련된 과제에 직면해 있습니다.",mt
REGIONTEXT|1399|0,United Kingdom,영국,mt
REGIONTEXT|1399|1,"\42 The United Kingdom is a sovereign state made up of four countries: England, Scotland, Wales, and Northern Ireland. It has a parliamentary democracy and a constitutional monarchy, with the monarch as the head of state. The UK has a diverse economy and is known for its history, culture, and influence on the world.","\42 영국은 잉글랜드, 스코틀랜드, 웨일스, 북아일랜드의 네 나라로 이루어진 주권 국가입니다. 의회 민주주의와 입헌 군주제를 채택하고 있으며 군주가 국가 원수입니다. 영국은 다양한 경제를 갖추고 있으며 역사, 문화, 그리고 세계에 미친 영향력으로 알려져 있습니다.",mt
REGIONTEXT|1401|0,West Germany,서독,mt
REGIONTEXT|1401|1,\42 West Germany refers to the western part of Germany during the period from 1949 to 1990 when the country was divided into two separate states: West Germany (officially known as the Federal Republic of Germany) and East Germany (officially known as the German Democratic Republic).,\42 서독은 1949년부터 1990년까지 독일이 서독(공식 명칭은 독일연방공화국)과 동독(공식 명칭은 독일민주공화국)이라는 두 개의 별개 국가로 나뉘어 있던 시기의 독일 서부를 가리킵니다.,mt
REGIONTEXT|1402|0,East Germany,동독,mt
REGIONTEXT|1402|1,"\42 East Germany, officially known as the German Democratic Republic (GDR), was a socialist state that existed from 1949 to 1990 in the eastern part of Germany. It was established after World War II and was separated from West Germany by the Berlin Wall until it was brought down in 1989.","\42 동독은 공식 명칭이 독일민주공화국(GDR)이며, 1949년부터 1990년까지 독일 동부에 존재했던 사회주의 국가였습니다. 제2차 세계대전 후 수립되었으며 1989년 무너질 때까지 베를린 장벽으로 서독과 분리되어 있었습니다.",mt
REGIONTEXT|1403|0,Southern Germany,남독일,mt
REGIONTEXT|1403|1,"\42 Southern Germany is a region in Germany that comprises the states of Baden-Württemberg and Bavaria. It is known for its stunning scenery, beautiful cities, and rich cultural heritage, including the famous Oktoberfest in Munich.","\42 남독일은 독일 안에서 바덴뷔르템베르크주와 바이에른주로 이루어진 지역입니다. 빼어난 경치, 아름다운 도시, 뮌헨의 유명한 옥토버페스트를 비롯한 풍부한 문화유산으로 알려져 있습니다.",mt
REGIONTEXT|1404|0,Austria,오스트리아,mt
REGIONTEXT|1404|1,"\42 Austria is a country located in central Europe, known for its stunning alpine scenery, rich cultural heritage, and vibrant urban centers. It is a federal parliamentary republic with Vienna as its capital and largest city.","\42 오스트리아는 중부 유럽에 위치한 나라로, 빼어난 알프스 경관, 풍부한 문화유산, 활기찬 도시 중심지로 알려져 있습니다. 연방 의회제 공화국이며 수도이자 최대 도시는 빈입니다.",mt
REGIONTEXT|1406|0,Liechtenstein,리히텐슈타인,mt
REGIONTEXT|1406|1,\42 Liechtenstein is a landlocked microstate in Europe with a stable geopolitical situation. It maintains a policy of neutrality and has friendly relations with neighboring countries. The nation's small size and robust economy contribute to its unique position in the global landscape.,\42 리히텐슈타인은 지정학적 상황이 안정된 유럽의 내륙 초소국입니다. 중립 정책을 유지하며 이웃 나라들과 우호적인 관계를 맺고 있습니다. 작은 영토와 탄탄한 경제가 이 나라가 세계에서 차지하는 독특한 위상을 이룹니다.,mt
REGIONTEXT|1499|0,Germany,독일,mt
REGIONTEXT|1499|1,"\42 Germany is a country located in central Europe. It is the most populous member state of the European Union and has the largest economy in the EU. Germany has a rich history and is known for its contributions to philosophy, literature, music, and science.","\42 독일은 중부 유럽에 있는 나라입니다. 유럽 연합에서 인구가 가장 많은 회원국이며 EU에서 가장 큰 경제 규모를 가지고 있습니다. 독일은 풍부한 역사를 지녔고 철학, 문학, 음악, 과학 분야에 기여한 것으로 잘 알려져 있습니다.",mt
REGIONTEXT|1501|0,Milan,밀라노,mt
REGIONTEXT|1501|1,"\42 Milan is a city in northern Italy, known for its fashion, design, and finance industries. It is also home to some of the most famous works of art in the world, including Leonardo da Vinci's 'The Last Supper' and Michelangelo's 'Rondanini Pietà.'","\42 밀라노는 이탈리아 북부의 도시로, 패션, 디자인, 금융 산업으로 알려져 있습니다. 레오나르도 다 빈치의 '최후의 만찬'과 미켈란젤로의 '론다니니 피에타' 등 세계에서 가장 유명한 예술 작품 일부가 있는 곳이기도 합니다.",mt
REGIONTEXT|1502|0,Rome,로마,mt
REGIONTEXT|1502|1,"\42 Rome is the capital city of Italy, known for its rich history, art, and architecture. Some of its most famous landmarks include the Colosseum, the Pantheon, and the Trevi Fountain. Rome is also home to Vatican City, an independent city-state and the headquarters of the Roman Catholic Church.","\42 로마는 이탈리아의 수도로, 풍부한 역사, 예술, 건축으로 알려져 있습니다. 가장 유명한 명소로는 콜로세움, 판테온, 트레비 분수 등이 있습니다. 로마에는 독립 도시국가이자 로마 가톨릭 교회의 본부인 바티칸 시국도 있습니다.",mt
REGIONTEXT|1503|0,Naples,나폴리,mt
REGIONTEXT|1503|1,"\42 Naples is a city in southern Italy, located on the Gulf of Naples. It is the third largest city in Italy and is known for its rich history, art, architecture, and food. Naples is home to several notable museums, including the National Archaeological Museum, and is also a popular starting point for trips to the nearby Mount Vesuvius and the ancient city of Pompeii.","\42 나폴리는 이탈리아 남부 나폴리만에 위치한 도시입니다. 이탈리아에서 세 번째로 큰 도시이며 풍부한 역사, 예술, 건축, 음식으로 알려져 있습니다. 나폴리에는 국립 고고학 박물관을 비롯한 여러 유명 박물관이 있으며, 인근의 베수비오 화산과 고대 도시 폼페이로 떠나는 여행의 출발지로도 인기가 높습니다.",mt
REGIONTEXT|1504|0,Sicily,시칠리아,mt
REGIONTEXT|1504|1,"\42 Sicily is the largest island in the Mediterranean Sea and an autonomous region of Italy. It is home to stunning natural beauty, a rich cultural heritage, and an impressive history that dates back thousands of years. Some of its most famous attractions include Mount Etna, the Valley of the Temples, and the ancient city of Syracuse.","\42 시칠리아는 지중해에서 가장 큰 섬이며 이탈리아의 자치 지역입니다. 빼어난 자연미, 풍부한 문화유산, 수천 년을 거슬러 올라가는 인상적인 역사를 지니고 있습니다. 가장 유명한 명소로는 에트나 화산, 신전의 계곡, 고대 도시 시라쿠사 등이 있습니다.",mt
REGIONTEXT|1505|0,Malta,몰타,mt
REGIONTEXT|1505|1,"\42 Malta is a small island nation in the Mediterranean Sea, located south of Italy. It has a rich history, with archaeological sites dating back to prehistoric times, and has been ruled by various powers over the centuries, including the Phoenicians, Romans, Arabs, and the British. Malta is known for its beautiful beaches, clear blue waters, and warm weather.","\42 몰타는 이탈리아 남쪽 지중해에 위치한 작은 섬나라입니다. 선사 시대로 거슬러 올라가는 유적지를 비롯한 풍부한 역사를 지니고 있으며, 수 세기에 걸쳐 페니키아인, 로마인, 아랍인, 영국인 등 여러 세력의 지배를 받았습니다. 몰타는 아름다운 해변, 맑고 푸른 바다, 따뜻한 날씨로 알려져 있습니다.",mt
REGIONTEXT|1599|0,Italy,이탈리아,mt
REGIONTEXT|1599|1,"\42 Italy is a country located in Southern Europe, known for its rich history, art, culture, and cuisine. It is home to some of the most iconic landmarks in the world, including the Colosseum, the Leaning Tower of Pisa, and the canals of Venice.","\42 이탈리아는 남유럽에 위치한 나라로, 풍부한 역사, 예술, 문화, 음식으로 알려져 있습니다. 콜로세움, 피사의 사탑, 베네치아의 운하 등 세계에서 가장 상징적인 명소 일부가 이곳에 있습니다.",mt
REGIONTEXT|1601|0,Paris,파리,mt
REGIONTEXT|1601|1,"\42 Paris is the capital city of France, located in the northern-central part of the country. It is known for its beautiful architecture, world-famous museums like the Louvre and Musée d'Orsay, and iconic landmarks such as the Eiffel Tower and Notre-Dame Cathedral.","\42 파리는 프랑스의 수도로, 나라의 중북부에 위치해 있습니다. 아름다운 건축물, 루브르와 오르세 미술관 같은 세계적으로 유명한 박물관, 에펠탑과 노트르담 대성당 같은 상징적 명소로 알려져 있습니다.",mt
REGIONTEXT|1602|0,Occitania,옥시타니,mt
REGIONTEXT|1602|1,"\42 Occitania is a cultural region located in southern Europe, encompassing parts of France, Spain, and Italy. It is known for its rich history, diverse traditions, and the Occitan language. The region is characterized by beautiful landscapes, historic cities, and a vibrant cultural heritage.","\42 옥시타니아는 프랑스, 스페인, 이탈리아 일부를 아우르는 남유럽의 문화권입니다. 풍부한 역사, 다양한 전통, 옥시탕어로 알려져 있습니다. 아름다운 경관, 유서 깊은 도시, 활기찬 문화유산이 이 지역의 특징입니다.",mt
REGIONTEXT|1603|0,Belgium,벨기에,mt
REGIONTEXT|1603|1,"\42 Belgium is a country in Western Europe bordered by the Netherlands, Germany, Luxembourg, France, and the North Sea. It is a federal parliamentary democracy with a population of over 11 million people. Belgium is known for its chocolate, beer, waffles, and fries.","\42 벨기에는 서유럽의 나라로, 네덜란드, 독일, 룩셈부르크, 프랑스, 북해와 접해 있습니다. 인구 1,100만 명이 넘는 연방 의회 민주주의 국가입니다. 벨기에는 초콜릿, 맥주, 와플, 감자튀김으로 알려져 있습니다.",mt
REGIONTEXT|1604|0,Netherlands,네덜란드,mt
REGIONTEXT|1604|1,"\42 The Netherlands, also known as Holland, is a country in northwestern Europe known for its flat landscape, windmills, and tulip fields. It is famous for its canals, cycling culture, and historical cities such as Amsterdam, Utrecht, and Rotterdam. The Dutch are known for their liberal attitudes and tolerance.","\42 네덜란드는 홀란드라고도 하며, 평평한 지형, 풍차, 튤립 밭으로 알려진 북서유럽의 나라입니다. 운하, 자전거 문화, 암스테르담, 위트레흐트, 로테르담 같은 역사적 도시로 유명합니다. 네덜란드인은 자유로운 사고방식과 관용으로 알려져 있습니다.",mt
REGIONTEXT|1605|0,Luxembourg,룩셈부르크,mt
REGIONTEXT|1605|1,"\42 Luxembourg is a small country in western Europe, bordered by Belgium, France, and Germany. It is known for its scenic landscapes, medieval castles, and vibrant economy. The country is one of the smallest in the European Union but has a high standard of living and is considered one of the wealthiest nations in the world.","\42 룩셈부르크는 서유럽의 작은 나라로, 벨기에, 프랑스, 독일과 접해 있습니다. 아름다운 경관, 중세 성, 활기찬 경제로 알려져 있습니다. 유럽연합에서 가장 작은 나라 중 하나이지만 생활 수준이 높고 세계에서 가장 부유한 나라로 꼽힙니다.",mt
REGIONTEXT|1697|0,Netherlands,네덜란드,mt
REGIONTEXT|1697|1,"\42 The Netherlands, also known as Holland, is a country in northwestern Europe known for its flat landscape, windmills, and tulip fields. It is famous for its canals, cycling culture, and historical cities such as Amsterdam, Utrecht, and Rotterdam. The Dutch are known for their liberal attitudes and tolerance.","\42 네덜란드는 홀란드라고도 하며, 평평한 지형, 풍차, 튤립 밭으로 알려진 북서유럽의 나라입니다. 운하, 자전거 문화, 암스테르담, 위트레흐트, 로테르담 같은 역사적 도시로 유명합니다. 네덜란드인은 자유로운 사고방식과 관용으로 알려져 있습니다.",mt
REGIONTEXT|1699|0,France,프랑스,mt
REGIONTEXT|1699|1,"\42 France is a country in Western Europe known for its rich history, culture, and cuisine. It has a diverse landscape, from the sunny beaches of the French Riviera to the rugged mountains of the Alps. Paris, the capital city, is famous for its art, architecture, and landmarks like the Eiffel Tower.","\42 프랑스는 풍부한 역사, 문화, 음식으로 알려진 서유럽의 나라입니다. 햇살 가득한 프렌치 리비에라 해변부터 험준한 알프스 산악까지 경관이 다채롭습니다. 수도 파리는 예술, 건축, 에펠탑 같은 명소로 유명합니다.",mt
REGIONTEXT|1701|0,Madrid,마드리드,mt
REGIONTEXT|1701|1,"\42 Madrid is the capital city of Spain and is known for its lively atmosphere, historic architecture, and world-renowned art museums, such as the Prado Museum. The city is also a popular destination for foodies, with a vibrant culinary scene that includes tapas bars, traditional markets, and Michelin-starred restaurants.","\42 마드리드는 스페인의 수도로, 활기찬 분위기, 유서 깊은 건축물, 프라도 미술관 같은 세계적 명성의 미술관으로 알려져 있습니다. 타파스 바, 전통 시장, 미쉐린 스타 레스토랑이 어우러진 활기찬 요리 문화 덕분에 미식가들에게도 인기 있는 도시입니다.",mt
REGIONTEXT|1702|0,Catalonia,카탈루냐,mt
REGIONTEXT|1702|1,"\42 Catalonia is an autonomous community located in northeastern Spain. With a population of over 28 million people, it is known for its unique culture, language, and history. Catalonia has its own language, Catalan, which is widely spoken alongside Spanish. It also has a strong economy, with major industries including tourism, technology, and manufacturing.","\42 카탈루냐는 스페인 북동부에 위치한 자치 지방입니다. 인구는 2,800만 명이 넘고, 독특한 문화, 언어, 역사로 알려져 있습니다. 카탈루냐에는 고유 언어인 카탈루냐어가 있으며 스페인어와 함께 널리 쓰입니다. 또한 관광, 기술, 제조업을 주요 산업으로 하는 탄탄한 경제를 갖추고 있습니다.",mt
REGIONTEXT|1703|0,Portugal,포르투갈,mt
REGIONTEXT|1703|1,"\42 Portugal is a country located in southwestern Europe, bordering Spain and the Atlantic Ocean. Its capital is Lisbon and its official language is Portuguese. Portugal has a rich history and culture, with notable landmarks such as the Tower of Belem and the Jeronimos Monastery.",\42 포르투갈은 스페인 및 대서양과 접한 남서유럽의 나라입니다. 수도는 리스본이고 공용어는 포르투갈어입니다. 포르투갈에는 벨렝 탑과 제로니무스 수도원 같은 유명한 명소를 비롯해 풍부한 역사와 문화가 있습니다.,mt
REGIONTEXT|1704|0,Gibraltar,지브롤터,mt
REGIONTEXT|1704|1,"\42 Gibraltar is a British Overseas Territory located on the southern tip of the Iberian Peninsula. It is famous for the Rock of Gibraltar, a towering limestone formation that offers stunning views of the surrounding area. Gibraltar is also known for its Mediterranean climate, duty-free shopping, and historical sites such as the Moorish Castle and the Great Siege Tunnels.","\42 지브롤터는 이베리아반도 남단에 위치한 영국 해외 영토입니다. 주변 경관을 빼어나게 조망할 수 있는 우뚝 솟은 석회암 지형인 지브롤터 바위로 유명합니다. 지브롤터는 지중해성 기후, 면세 쇼핑, 무어 성과 대공성 터널 같은 역사 유적으로도 알려져 있습니다.",mt
REGIONTEXT|1705|0,Andorra,안도라,mt
REGIONTEXT|1705|1,"\42 Andorra is a small country located in the Pyrenees mountains between France and Spain. It is known for its skiing, hiking, and duty-free shopping. The official language is Catalan, and the country has a parliamentary democracy.","\42 안도라는 프랑스와 스페인 사이 피레네산맥에 위치한 작은 나라입니다. 스키, 하이킹, 면세 쇼핑으로 알려져 있습니다. 공용어는 카탈루냐어이며 의회 민주주의 체제를 갖추고 있습니다.",mt
REGIONTEXT|1798|0,Portugal,포르투갈,mt
REGIONTEXT|1798|1,"\42 Portugal is a country located in southwestern Europe, bordering Spain and the Atlantic Ocean. Its capital is Lisbon and its official language is Portuguese. Portugal has a rich history and culture, with notable landmarks such as the Tower of Belem and the Jeronimos Monastery.",\42 포르투갈은 스페인 및 대서양과 접한 남서유럽의 나라입니다. 수도는 리스본이고 공용어는 포르투갈어입니다. 포르투갈에는 벨렝 탑과 제로니무스 수도원 같은 유명한 명소를 비롯해 풍부한 역사와 문화가 있습니다.,mt
REGIONTEXT|1799|0,Spain,스페인,mt
REGIONTEXT|1799|1,"\42 Spain is a country located in southwestern Europe, known for its rich history, diverse culture, and popular tourist destinations such as Madrid, Barcelona, and Valencia. Spain is also famous for its cuisine, with dishes such as paella, tortilla española, and gazpacho being enjoyed around the world.","\42 스페인은 남서유럽에 위치한 나라로, 풍부한 역사, 다채로운 문화, 마드리드, 바르셀로나, 발렌시아 같은 인기 관광지로 알려져 있습니다. 파에야, 토르티야 에스파뇰라, 가스파초 같은 요리가 전 세계에서 사랑받는 음식의 나라이기도 합니다.",mt
REGIONTEXT|1801|0,Switzerland,스위스,mt
REGIONTEXT|1801|1,"\42 Switzerland is a landlocked country located in central Europe known for its scenic beauty, banking, and skiing. It is renowned for its mountain ranges, such as the Alps, and its pristine lakes. Switzerland has four official languages, including German, French, Italian, and Romansh.","\42 스위스는 중부 유럽에 위치한 내륙국으로, 아름다운 경치, 은행업, 스키로 알려져 있습니다. 알프스 같은 산맥과 맑은 호수로 유명합니다. 스위스에는 독일어, 프랑스어, 이탈리아어, 로만슈어의 네 가지 공용어가 있습니다.",mt
REGIONTEXT|1901|0,Taiwan,대만,mt
REGIONTEXT|1901|1,"\42 Taiwan is an island nation located in East Asia, and is officially known as the Republic of China. It has a population of around 23 million people and is known for its high-tech industry, delicious food, and beautiful scenery.","\42 대만은 동아시아에 위치한 섬나라이며 공식 명칭은 중화민국입니다. 인구는 약 2,300만 명이고 첨단 기술 산업, 맛있는 음식, 아름다운 경치로 알려져 있습니다.",mt
REGIONTEXT|1902|0,Hong Kong,홍콩,mt
REGIONTEXT|1902|1,\42 Hong Kong is a Special Administrative Region of the People's Republic of China. It has its own legal and economic system and maintains a high degree of autonomy. Hong Kong is a major financial center and a hub for international trade and commerce.,\42 홍콩은 중화인민공화국의 특별행정구입니다. 독자적인 법률 및 경제 체제를 갖추고 높은 수준의 자치를 유지하고 있습니다. 홍콩은 주요 금융 중심지이자 국제 무역과 상업의 거점입니다.,mt
REGIONTEXT|1903|0,Southern China,남중국,mt
REGIONTEXT|1903|1,"\42 Southern China is a region in China that includes provinces such as Guangdong, Guangxi, and Hainan. It is known for its unique cuisine, diverse landscapes, and cultural heritage, including traditional festivals such as the Cantonese New Year.","\42 남중국은 중국 안에서 광둥성, 광시성, 하이난성 등의 성을 포함하는 지역입니다. 독특한 요리, 다채로운 경관, 광둥 설 같은 전통 축제를 비롯한 문화유산으로 알려져 있습니다.",mt
REGIONTEXT|1904|0,Northern China,북중국,mt
REGIONTEXT|1904|1,"\42 Over the last two decades, a shifting international order and the resurgence of strategic competition among powerful states has raised the potential for geopolitical rivalries to spur and worsen violence. China’s relations with its neighbors are complex and multifaceted. The trilateral alliance of the US, Japan and South Korea poses the biggest challenge to China’s territorial ambitions in Northeast Asia.","\42 지난 20년간 국제 질서가 변화하고 강대국 간 전략적 경쟁이 되살아나면서, 지정학적 경쟁이 폭력을 촉발하고 악화시킬 가능성이 커졌습니다. 중국과 주변국의 관계는 복잡하고 다면적입니다. 미국, 일본, 한국의 3국 동맹은 동북아시아에서 중국의 영토적 야심에 가장 큰 도전이 되고 있습니다.",mt
REGIONTEXT|1905|0,Manchuria,만주,mt
REGIONTEXT|1905|1,"\42 Manchuria is a historical region in Northeast Asia, covering parts of China, Russia, and Mongolia. The region was traditionally inhabited by the Manchu people and was once the homeland of the Manchu-led Qing dynasty. In modern times, Manchuria is mainly divided between China and Russia.","\42 만주는 중국, 러시아, 몽골 일부에 걸쳐 있는 동북아시아의 역사적 지역입니다. 이 지역에는 전통적으로 만주족이 거주했으며 한때 만주족이 이끈 청나라의 본향이었습니다. 현대의 만주는 주로 중국과 러시아로 나뉘어 있습니다.",mt
REGIONTEXT|1906|0,Uyghuristan,위구르스탄,mt
REGIONTEXT|1906|1,"\42 Xinjiang Uyghur Autonomous Region is a province-level autonomous region located in northwest China. It has a diverse population, including the Uyghur ethnic minority, as well as Han Chinese, Kazakhs, and other groups. The region has been a source of tension due to the Chinese government's policies towards Uyghur Muslims.","\42 신장 위구르 자치구는 중국 북서부에 위치한 성급 자치구입니다. 위구르 소수민족을 비롯해 한족, 카자흐족 등 다양한 집단이 거주합니다. 이 지역은 중국 정부의 위구르 무슬림 정책으로 인해 긴장의 원인이 되어 왔습니다.",mt
REGIONTEXT|1907|0,Tibet,티베트,mt
REGIONTEXT|1907|1,"\42 Tibet is an autonomous region located in the western part of China, known for its unique culture, religion, and breathtaking scenery. The region is home to many important Buddhist sites, including the famous Potala Palace in Lhasa, as well as Mount Everest, the highest peak in the world.","\42 티베트는 중국 서부에 위치한 자치구로, 독특한 문화, 종교, 숨 막히게 아름다운 경치로 알려져 있습니다. 라싸의 유명한 포탈라궁을 비롯한 중요한 불교 유적이 많으며, 세계에서 가장 높은 봉우리인 에베레스트산도 이곳에 있습니다.",mt
REGIONTEXT|1908|0,Inner Mongolia,내몽골,mt
REGIONTEXT|1908|1,"\42 Inner Mongolia is an autonomous region in northern China, bordering Mongolia to the north. It is known for its vast grasslands, deserts, and nomadic culture. The region has a rich history and is home to many ethnic groups, including Mongols, Han Chinese, and Manchus.","\42 내몽골은 중국 북부의 자치구로, 북쪽으로 몽골과 접해 있습니다. 광활한 초원, 사막, 유목 문화로 알려져 있습니다. 이 지역은 풍부한 역사를 지니고 있으며 몽골족, 한족, 만주족 등 많은 민족이 살고 있습니다.",mt
REGIONTEXT|1909|0,Mongolia,몽골,mt
REGIONTEXT|1909|1,"\42 Mongolia is a landlocked country in East Asia, bordered by Russia to the north and China to the south, east and west. It is known for its vast, rugged expanses of wilderness, including the grassy steppes, mountains, and deserts. Its nomadic population still retains much of its traditional culture, including horsemanship and the use of yurts as dwellings.","\42 몽골은 동아시아의 내륙국으로, 북쪽으로 러시아, 남쪽과 동쪽과 서쪽으로 중국과 접해 있습니다. 풀이 무성한 초원, 산, 사막을 포함한 광활하고 험준한 황야로 알려져 있습니다. 유목민 인구는 승마와 유르트 거주 등 전통문화를 지금도 많이 간직하고 있습니다.",mt
REGIONTEXT|1999|0,China,중국,mt
REGIONTEXT|1999|1,"\42 China is the world's most populous country, with over 1.4 billion people. It is located in East Asia and has a long history and rich culture. It is known for its delicious cuisine, ancient landmarks such as the Great Wall and Terracotta Warriors, and economic growth in recent years.","\42 중국은 14억 명이 넘는 인구를 가진 세계 최대 인구 대국입니다. 동아시아에 위치해 있으며 오랜 역사와 풍부한 문화를 지니고 있습니다. 맛있는 음식, 만리장성과 병마용 같은 고대 유적, 최근 몇 년간의 경제 성장으로 알려져 있습니다.",mt
REGIONTEXT|2001|0,Japan,일본,mt
REGIONTEXT|2001|1,"\42 Japan is an island country in East Asia, located in the Pacific Ocean. It is known for its unique culture, advanced technology, beautiful natural scenery, and delicious cuisine. Japan is composed of four main islands, as well as numerous smaller islands. The capital city is Tokyo.","\42 일본은 태평양에 위치한 동아시아의 섬나라입니다. 독특한 문화, 첨단 기술, 아름다운 자연 경관, 맛있는 음식으로 알려져 있습니다. 일본은 네 개의 주요 섬과 수많은 작은 섬으로 이루어져 있습니다. 수도는 도쿄입니다.",mt
REGIONTEXT|2002|0,North Korea,북한,mt
REGIONTEXT|2002|1,"\42 North Korea, officially known as the Democratic People's Republic of Korea (DPRK), is a country located in East Asia. It is known for its authoritarian government and isolated status in the international community. North Korea has been the subject of much controversy over its human rights abuses, nuclear program, and aggressive rhetoric towards other nations.","\42 북한은 공식 명칭이 조선민주주의인민공화국(DPRK)이며 동아시아에 위치한 나라입니다. 권위주의 정부와 국제사회에서의 고립된 처지로 알려져 있습니다. 북한은 인권 침해, 핵 프로그램, 다른 나라에 대한 공격적 수사로 많은 논란의 대상이 되어 왔습니다.",mt
REGIONTEXT|2003|0,South Korea,한국,mt
REGIONTEXT|2003|1,"\42 South Korea, officially known as the Republic of Korea, is a country in East Asia. It has a population of approximately 51 million people and a developed economy, ranking 12th in the world by GDP. The country has a rich cultural heritage and is known for its technology industry, music, and food.","\42 한국은 공식 명칭이 대한민국이며 동아시아에 있는 나라입니다. 인구는 약 5,100만 명이고 선진 경제를 갖추고 있으며 GDP 기준 세계 12위입니다. 풍부한 문화유산을 지니고 있으며 기술 산업, 음악, 음식으로 알려져 있습니다.",mt
REGIONTEXT|201|0,Nigeria,나이지리아,mt
REGIONTEXT|201|1,"\42 Nigeria is a populous country in West Africa, known for its cultural diversity, natural resources, and economy. It has a mixed economy with oil, agriculture, mining, and telecommunications sectors contributing to its GDP. However, it also faces challenges such as corruption, poverty, and insecurity.","\42 나이지리아는 서아프리카의 인구 대국으로, 문화적 다양성, 천연자원, 경제로 알려져 있습니다. 석유, 농업, 광업, 통신 부문이 GDP에 기여하는 혼합 경제를 갖추고 있습니다. 그러나 부패, 빈곤, 치안 불안 같은 과제도 안고 있습니다.",mt
REGIONTEXT|202|0,Benin,베냉,mt
REGIONTEXT|202|1,"\42 Benin is a country located in West Africa, bordered by Togo to the west, Nigeria to the east and Burkina Faso and Niger to the north. Benin has a population of over 16 million people and its capital is Porto-Novo, while the largest city is Cotonou. Benin was a major center of the Dahomey Kingdom, which had significant cultural and economic influence in the region prior to colonization by France in the late 19th century. Benin gained its independence in 1960 and is now a presidential republic. The country has a diverse culture, including traditional voodoo practices, music, and festivals.","\42 베냉은 서아프리카에 위치한 나라로, 서쪽으로 토고, 동쪽으로 나이지리아, 북쪽으로 부르키나파소와 니제르와 접해 있습니다. 베냉의 인구는 1,600만 명이 넘으며 수도는 포르토노보, 최대 도시는 코토누입니다. 베냉은 19세기 후반 프랑스에 식민지가 되기 전까지 이 지역에서 문화적·경제적으로 큰 영향력을 행사한 다호메이 왕국의 주요 중심지였습니다. 1960년에 독립했으며 현재는 대통령제 공화국입니다. 전통 부두교 의식, 음악, 축제 등 다채로운 문화를 지니고 있습니다.",mt
REGIONTEXT|203|0,Burkina Faso,부르키나파소,mt
REGIONTEXT|203|1,"\42 Burkina Faso is a landlocked country located in West Africa, bordered by Mali to the north, Niger to the east, Benin to the southeast, Togo and Ghana to the south, and Côte d'Ivoire to the southwest. Burkina Faso has a population of over 27 million people and its capital is Ouagadougou. The country gained its independence from France in 1960 and is now a presidential republic. Burkina Faso is a multilingual and multicultural country, with over 60 ethnic groups and many indigenous languages spoken throughout the country. The country is known for its traditional music and dance, as well as its rich cultural heritage.","\42 부르키나파소는 서아프리카에 위치한 내륙국으로, 북쪽으로 말리, 동쪽으로 니제르, 남동쪽으로 베냉, 남쪽으로 토고와 가나, 남서쪽으로 코트디부아르와 접해 있습니다. 부르키나파소의 인구는 2,700만 명이 넘으며 수도는 와가두구입니다. 1960년 프랑스로부터 독립했으며 현재는 대통령제 공화국입니다. 부르키나파소는 다언어·다문화 국가로, 60개가 넘는 민족과 많은 토착 언어가 전국에서 쓰입니다. 전통 음악과 춤, 풍부한 문화유산으로 알려져 있습니다.",mt
REGIONTEXT|204|0,Cameroon,카메룬,mt
REGIONTEXT|204|1,"\42 Cameroon, on the Gulf of Guinea, is a Central African country of varied terrain and wildlife. Its inland capital, Yaoundé, and its biggest city, the seaport Douala, are transit points to ecotourism sites.","\42 카메룬은 기니만에 면한 중앙아프리카의 나라로, 지형과 야생동물이 다양합니다. 내륙의 수도 야운데와 최대 도시이자 항구 도시인 두알라는 생태 관광지로 가는 길목입니다.",mt
REGIONTEXT|205|0,Central Africa,중앙아프리카,mt
REGIONTEXT|205|1,"\42 Central Africa is a region located in the heart of Africa, encompassing countries such as Cameroon, Central African Republic, Chad, Democratic Republic of Congo, Republic of Congo, Equatorial Guinea, Gabon, and Sao Tome and Principe. The region is known for its vast rainforests, diverse wildlife, and rich cultural heritage. Many of the countries in Central Africa have faced political instability and conflict, leading to economic challenges and humanitarian crises.","\42 중앙아프리카는 아프리카 중심부에 위치한 지역으로, 카메룬, 중앙아프리카 공화국, 차드, 콩고민주공화국, 콩고 공화국, 적도기니, 가봉, 상투메 프린시페 등의 나라를 포괄합니다. 광대한 열대우림, 다양한 야생동물, 풍부한 문화유산으로 알려져 있습니다. 중앙아프리카의 많은 나라가 정치적 불안정과 분쟁을 겪었고, 이는 경제적 어려움과 인도적 위기로 이어졌습니다.",mt
REGIONTEXT|206|0,Chad,차드,mt
REGIONTEXT|206|1,"\42 Chad is a landlocked country located in Central Africa. It is known for its Saharan desert landscapes, Lake Chad, and diverse cultures. Chad has a history of political instability and conflict, including a civil war that lasted for decades. Despite being rich in natural resources such as oil and minerals, the country faces many economic and development challenges, including poverty and low levels of education and healthcare.","\42 차드는 중앙아프리카에 위치한 내륙국입니다. 사하라 사막 경관, 차드호, 다양한 문화로 알려져 있습니다. 차드는 수십 년간 이어진 내전을 비롯해 정치적 불안정과 분쟁의 역사를 지니고 있습니다. 석유와 광물 같은 천연자원이 풍부함에도 불구하고, 빈곤과 낮은 교육·의료 수준 등 많은 경제·개발 과제에 직면해 있습니다.",mt
REGIONTEXT|207|0,Cote d'Ivoire,코트디부아르,mt
REGIONTEXT|207|1,"\42 Cote d'Ivoire, also known as Ivory Coast, is a country located in West Africa. It is known for its cocoa production, diverse cultures, and beautiful beaches. The country has experienced political instability and conflict, including a civil war that lasted from 2002 to 2011. Despite this, Cote d'Ivoire has made progress in recent years, with economic growth and increased investment in infrastructure and social programs.","\42 코트디부아르는 아이보리 코스트라고도 하며 서아프리카에 위치한 나라입니다. 카카오 생산, 다양한 문화, 아름다운 해변으로 알려져 있습니다. 2002년부터 2011년까지 이어진 내전을 비롯해 정치적 불안정과 분쟁을 겪었습니다. 그럼에도 코트디부아르는 최근 몇 년간 경제 성장과 인프라 및 사회 사업에 대한 투자 확대로 진전을 이루었습니다.",mt
REGIONTEXT|208|0,Mauritania,모리타니,mt
REGIONTEXT|208|1,"\42 Mauritania is a country located in West Africa, bordering the Atlantic Ocean to the west, Western Sahara to the north and northwest, Algeria to the northeast, Mali to the east and southeast, and Senegal to the southwest. The country is predominantly desert and has a small population of around 6 million people. The official language is Arabic, and French is also widely spoken. Mauritania has a rich history and culture, including traditional music and crafts, but also faces challenges related to poverty and human rights.","\42 모리타니는 서아프리카에 위치한 나라로, 서쪽으로 대서양, 북쪽과 북서쪽으로 서사하라, 북동쪽으로 알제리, 동쪽과 남동쪽으로 말리, 남서쪽으로 세네갈과 접해 있습니다. 국토 대부분이 사막이며 인구는 약 600만 명으로 적습니다. 공용어는 아랍어이고 프랑스어도 널리 쓰입니다. 모리타니는 전통 음악과 공예를 비롯한 풍부한 역사와 문화를 지니고 있지만, 빈곤과 인권 문제도 안고 있습니다.",mt
REGIONTEXT|209|0,Gambia,감비아,mt
REGIONTEXT|209|1,"\42 The Gambia is a small country located in West Africa, bordered by Senegal on all sides except for its Atlantic coastline. The country's capital and largest city is Banjul. The Gambia is known for its beautiful beaches, diverse wildlife, and cultural heritage. The official language is English and the country has a population of around 3 million people.","\42 감비아는 서아프리카에 위치한 작은 나라로, 대서양 해안선을 제외한 모든 방향이 세네갈에 둘러싸여 있습니다. 수도이자 최대 도시는 반줄입니다. 감비아는 아름다운 해변, 다양한 야생동물, 문화유산으로 알려져 있습니다. 공용어는 영어이며 인구는 약 300만 명입니다.",mt
REGIONTEXT|210|0,Ghana,가나,mt
REGIONTEXT|210|1,"\42 Ghana is a West African country known for its rich history and diverse culture. The country's capital and largest city is Accra. Ghana was the first African nation to gain independence from colonial rule and has a stable democracy. Ghana is also known for its vibrant music and arts scene, beautiful beaches, and friendly people. The official language is English and the population is around 38 million people.","\42 가나는 풍부한 역사와 다채로운 문화로 알려진 서아프리카의 나라입니다. 수도이자 최대 도시는 아크라입니다. 가나는 아프리카 국가 중 처음으로 식민 통치에서 벗어나 독립했으며 안정된 민주주의 체제를 갖추고 있습니다. 또한 활기찬 음악과 예술, 아름다운 해변, 친절한 사람들로도 유명합니다. 공용어는 영어이며 인구는 약 3,800만 명입니다.",mt
REGIONTEXT|2101|0,Thailand,태국,mt
REGIONTEXT|2101|1,"\42 Thailand is a country located in Southeast Asia known for its beautiful beaches, temples, and vibrant street life. Its capital city, Bangkok, is a major tourist destination and commercial hub. Thai cuisine is also famous worldwide for its bold flavors and diverse ingredients. The country has a constitutional monarchy and a mixed economy that is heavily reliant on tourism, manufacturing, and agriculture.","\42 태국은 아름다운 해변, 사원, 활기찬 거리 문화로 알려진 동남아시아의 나라입니다. 수도 방콕은 주요 관광지이자 상업 중심지입니다. 태국 요리도 강렬한 풍미와 다양한 재료로 전 세계에서 유명합니다. 입헌 군주제 국가이며 관광, 제조업, 농업에 크게 의존하는 혼합 경제를 갖추고 있습니다.",mt
REGIONTEXT|2102|0,Vietnam,베트남,mt
REGIONTEXT|2102|1,"\42 Vietnam is a Southeast Asian country known for its beautiful landscapes, rich history, and delicious cuisine. It is home to bustling cities, stunning beaches, lush forests, and the famous Mekong Delta. The country's history is also marked by its struggle for independence and reunification after decades of war.","\42 베트남은 아름다운 경관, 풍부한 역사, 맛있는 음식으로 알려진 동남아시아의 나라입니다. 북적이는 도시, 빼어난 해변, 울창한 숲, 유명한 메콩강 삼각주가 있습니다. 이 나라의 역사에는 수십 년간의 전쟁 끝에 독립과 통일을 이루기 위한 투쟁도 새겨져 있습니다.",mt
REGIONTEXT|2103|0,Myanmar,미얀마,mt
REGIONTEXT|2103|1,"\42 Myanmar, also known as Burma, is a country in Southeast Asia bordered by Bangladesh, India, China, Laos, and Thailand. It has a population of approximately 54 million people and its capital city is Naypyidaw. Myanmar has a rich cultural heritage and is known for its pagodas, temples, and historical sites.","\42 미얀마는 버마라고도 하며, 방글라데시, 인도, 중국, 라오스, 태국과 접한 동남아시아의 나라입니다. 인구는 약 5,400만 명이고 수도는 네피도입니다. 미얀마는 풍부한 문화유산을 지니고 있으며 탑, 사원, 유적지로 알려져 있습니다.",mt
REGIONTEXT|2104|0,Cambodia,캄보디아,mt
REGIONTEXT|2104|1,"\42 Cambodia is a country located in Southeast Asia, known for its ancient temples and rich history. It has a population of around 16 million people and is bordered by Thailand, Laos, and Vietnam. The official language is Khmer, and the country's capital and largest city is Phnom Penh.","\42 캄보디아는 고대 사원과 풍부한 역사로 알려진 동남아시아의 나라입니다. 인구는 약 1,600만 명이고 태국, 라오스, 베트남과 접해 있습니다. 공용어는 크메르어이며 수도이자 최대 도시는 프놈펜입니다.",mt
REGIONTEXT|2105|0,Laos,라오스,mt
REGIONTEXT|2105|1,"\42 Laos, officially known as the Lao People's Democratic Republic, is a landlocked country in Southeast Asia. It is a one-party socialist republic, with the government dominated by the Lao People's Revolutionary Party. Its capital and largest city is Vientiane.",\42 라오스는 공식 명칭이 라오 인민민주공화국이며 동남아시아의 내륙국입니다. 라오 인민혁명당이 정부를 장악한 일당제 사회주의 공화국입니다. 수도이자 최대 도시는 비엔티안입니다.,mt
REGIONTEXT|2106|0,Philippines,필리핀,mt
REGIONTEXT|2106|1,"\42 The Philippines is an archipelagic country located in Southeast Asia. It is known for its beautiful beaches, diverse culture, and delicious cuisine. The official languages are Filipino and English.","\42 필리핀은 동남아시아에 위치한 군도 국가입니다. 아름다운 해변, 다채로운 문화, 맛있는 음식으로 알려져 있습니다. 공용어는 필리핀어와 영어입니다.",mt
REGIONTEXT|2107|0,Indonesia,인도네시아,mt
REGIONTEXT|2107|1,"\42 Indonesia is a Southeast Asian country consisting of thousands of islands, with Jakarta as its capital city. The country has a diverse population with over 300 ethnic groups, each with its unique culture, language, and traditions. Indonesia is also known for its beautiful beaches, natural landscapes, and rich biodiversity, making it a popular destination for tourists.","\42 인도네시아는 수천 개의 섬으로 이루어진 동남아시아의 나라로, 수도는 자카르타입니다. 300개가 넘는 민족이 저마다 독특한 문화, 언어, 전통을 지닌 채 살아가는 다양한 인구 구성을 갖추고 있습니다. 인도네시아는 아름다운 해변, 자연 경관, 풍부한 생물 다양성으로도 알려져 있어 인기 관광지입니다.",mt
REGIONTEXT|2108|0,East Timor,동티모르,mt
REGIONTEXT|2108|1,"\42 East Timor, also known as Timor-Leste, is a small country in Southeast Asia that occupies the eastern half of the island of Timor. It gained independence from Indonesia in 2002 and is one of the youngest countries in the world. Dili is the capital and largest city.","\42 동티모르는 티모르레스테라고도 하며, 티모르섬의 동쪽 절반을 차지하는 동남아시아의 작은 나라입니다. 2002년 인도네시아로부터 독립했으며 세계에서 가장 젊은 나라 중 하나입니다. 수도이자 최대 도시는 딜리입니다.",mt
REGIONTEXT|2109|0,West Papua,서파푸아,mt
REGIONTEXT|2109|1,"\42 West Papua is a province located in the eastern part of Indonesia. It occupies the western half of the island of New Guinea and is the largest province in Indonesia in terms of land area. The indigenous people of West Papua have been seeking independence from Indonesia for decades, citing human rights violations and economic exploitation.",\42 서파푸아는 인도네시아 동부에 위치한 주입니다. 뉴기니섬의 서쪽 절반을 차지하며 면적 기준으로 인도네시아에서 가장 큰 주입니다. 서파푸아의 원주민들은 인권 침해와 경제적 착취를 이유로 수십 년째 인도네시아로부터의 독립을 추구해 왔습니다.,mt
REGIONTEXT|211|0,Guinea,기니,mt
REGIONTEXT|211|1,"\42 Guinea is a West African country known for its natural resources such as bauxite, gold, and diamonds. The capital and largest city of Guinea is Conakry. Guinea gained independence from France in 1958 and has since experienced political instability and economic challenges. Guinea is also known for its diverse culture, traditional music, and cuisine. The official language is French and the population is around 17 million people.","\42 기니는 보크사이트, 금, 다이아몬드 같은 천연자원으로 알려진 서아프리카의 나라입니다. 기니의 수도이자 최대 도시는 코나크리입니다. 기니는 1958년 프랑스로부터 독립한 이후 정치적 불안정과 경제적 어려움을 겪어 왔습니다. 또한 다채로운 문화, 전통 음악, 요리로도 알려져 있습니다. 공용어는 프랑스어이며 인구는 약 1,700만 명입니다.",mt
REGIONTEXT|2110|0,Papua New Guinea,파푸아뉴기니,mt
REGIONTEXT|2110|1,"\42 Papua New Guinea is a country in the southwestern Pacific Ocean that occupies the eastern half of the island of New Guinea, as well as numerous offshore islands. It is a culturally diverse country with more than 850 indigenous languages spoken among a population of approximately 9 million people. The country is rich in natural resources such as gold, copper, and natural gas, and is known for its unique flora and fauna.","\42 파푸아뉴기니는 남서 태평양에 위치한 나라로, 뉴기니섬의 동쪽 절반과 수많은 부속 섬을 차지합니다. 약 900만 명의 인구 사이에서 850개가 넘는 토착 언어가 쓰이는 문화적으로 다양한 나라입니다. 금, 구리, 천연가스 같은 천연자원이 풍부하며 독특한 동식물로 알려져 있습니다.",mt
REGIONTEXT|2111|0,Malaysia,말레이시아,mt
REGIONTEXT|2111|1,"\42 Malaysia is a Southeast Asian country known for its diverse culture, landscapes, and cuisines. It is a constitutional monarchy with a unique system of governance, and its economy is one of the most developed and fastest-growing in the region.","\42 말레이시아는 다채로운 문화, 경관, 요리로 알려진 동남아시아의 나라입니다. 독특한 통치 체제를 갖춘 입헌 군주제 국가이며, 경제는 이 지역에서 가장 발전하고 빠르게 성장하는 축에 속합니다.",mt
REGIONTEXT|2112|0,Brunei,브루나이,mt
REGIONTEXT|2112|1,"\42 Brunei is a small country located on the north coast of the island of Borneo in Southeast Asia. It has a population of approximately 450,000 people and is known for its oil and gas reserves. The country is governed by an absolute monarchy and has a strong Islamic influence.",\42 브루나이는 동남아시아 보르네오섬 북쪽 해안에 위치한 작은 나라입니다. 인구는 약 45만 명이고 석유와 천연가스 매장량으로 알려져 있습니다. 이 나라는 절대 군주제로 통치되며 이슬람의 영향이 강합니다.,mt
REGIONTEXT|2113|0,Singapore,싱가포르,mt
REGIONTEXT|2113|1,"\42 Singapore is a small island city-state in Southeast Asia, known for its multiculturalism, cleanliness, and economic prosperity. It is home to many iconic landmarks, such as the Marina Bay Sands resort and the Merlion statue. Its diverse food scene, efficient public transportation, and numerous attractions make it a popular tourist destination.","\42 싱가포르는 동남아시아의 작은 섬 도시국가로, 다문화, 청결, 경제적 번영으로 알려져 있습니다. 마리나 베이 샌즈 리조트와 머라이언 상 같은 상징적 명소가 많습니다. 다양한 음식 문화, 효율적인 대중교통, 수많은 볼거리 덕분에 인기 있는 관광지입니다.",mt
REGIONTEXT|212|0,Guinea-Bissau,기니비사우,mt
REGIONTEXT|212|1,"\42 Guinea-Bissau is a small West African country located between Senegal and Guinea. It gained independence from Portugal in 1973 and has since experienced political instability and economic challenges. Guinea-Bissau is known for its diverse ethnic groups, traditional music, and rich cultural heritage. The official language is Portuguese, but Crioulo, a local creole language, is widely spoken. The population is around 2 million people.","\42 기니비사우는 세네갈과 기니 사이에 위치한 서아프리카의 작은 나라입니다. 1973년 포르투갈로부터 독립했으며 이후 정치적 불안정과 경제적 어려움을 겪어 왔습니다. 기니비사우는 다양한 민족 집단, 전통 음악, 풍부한 문화유산으로 알려져 있습니다. 공용어는 포르투갈어이지만 현지 크리올어인 크리올루도 널리 쓰입니다. 인구는 약 200만 명입니다.",mt
REGIONTEXT|213|0,Liberia,라이베리아,mt
REGIONTEXT|213|1,"\42 Liberia is a country located on the west coast of Africa, bordered by Sierra Leone, Guinea, and Côte d'Ivoire. It was founded in the 19th century by freed American slaves and declared independence in 1847. Liberia has a rich cultural heritage and is known for its music, art, and cuisine. However, it has also experienced political instability, civil war, and economic challenges. The official language is English, and the population is around 6 million people.","\42 라이베리아는 아프리카 서해안에 위치한 나라로, 시에라리온, 기니, 코트디부아르와 접해 있습니다. 19세기에 해방된 미국 노예들이 세웠으며 1847년에 독립을 선언했습니다. 라이베리아는 풍부한 문화유산을 지니고 있으며 음악, 미술, 요리로 알려져 있습니다. 그러나 정치적 불안정, 내전, 경제적 어려움도 겪었습니다. 공용어는 영어이며 인구는 약 600만 명입니다.",mt
REGIONTEXT|214|0,Mali,말리,mt
REGIONTEXT|214|1,"\42 Mali is a landlocked country located in West Africa, bordered by Algeria, Niger, Burkina Faso, Ivory Coast, Guinea, Senegal, and Mauritania. The country has a rich cultural heritage, with ancient empires, Islamic influences, and traditional music. However, Mali has faced political instability, conflict, and terrorism in recent years. The official language is French, and the population is around 27 million people.","\42 말리는 서아프리카에 있는 내륙국으로, 알제리, 니제르, 부르키나파소, 코트디부아르, 기니, 세네갈, 모리타니와 국경을 맞대고 있습니다. 고대 제국, 이슬람의 영향, 전통 음악 등 풍부한 문화유산을 지니고 있습니다. 그러나 최근 몇 년간 정치적 불안정과 분쟁, 테러에 시달리고 있습니다. 공용어는 프랑스어이며 인구는 약 2,700만 명입니다.",mt
REGIONTEXT|215|0,Niger,니제르,mt
REGIONTEXT|215|1,"\42 Niger is a landlocked country in West Africa, bordered by several countries including Libya, Chad, and Nigeria. It is primarily composed of desert and semi-arid regions, but also has fertile land near the Niger River. The country has a diverse population, with a mix of ethnic groups including the Hausa, Tuareg, and Zarma. The official language is French, and Islam is the predominant religion. Niger is one of the poorest countries in the world, but has significant deposits of uranium and other natural resources.","\42 니제르는 서아프리카의 내륙국으로, 리비아, 차드, 나이지리아 등 여러 나라와 국경을 맞대고 있습니다. 국토 대부분이 사막과 반건조 지대이지만 니제르 강 인근에는 비옥한 땅도 있습니다. 하우사족, 투아레그족, 자르마족 등 다양한 민족이 살고 있습니다. 공용어는 프랑스어이며 이슬람교가 주된 종교입니다. 니제르는 세계에서 가장 가난한 나라 중 하나이지만 우라늄을 비롯한 천연자원이 상당량 매장되어 있습니다.",mt
REGIONTEXT|216|0,Senegal,세네갈,mt
REGIONTEXT|216|1,"\42 Senegal is a country in West Africa known for its vibrant culture and history. It has a diverse landscape, ranging from the sandy beaches of the Atlantic coast to the semi-arid Sahel region. Senegal's economy is based on agriculture, fishing, and mining. Its capital, Dakar, is a bustling hub of music, art, and politics. The country is also known for its UNESCO-listed Gorée Island, a former slave trading post.","\42 세네갈은 활기찬 문화와 역사로 알려진 서아프리카 국가입니다. 대서양 연안의 모래 해변부터 반건조 지대인 사헬까지 다채로운 지형을 갖추고 있습니다. 경제는 농업, 어업, 광업을 기반으로 합니다. 수도 다카르는 음악, 예술, 정치의 중심지로 북적이는 도시입니다. 또한 과거 노예 무역 거점이었던 유네스코 세계유산 고레 섬으로도 유명합니다.",mt
REGIONTEXT|217|0,Sierra Leone,시에라리온,mt
REGIONTEXT|217|1,"\42 Sierra Leone is a West African country known for its diverse culture and rich history. The country was ravaged by a decade-long civil war that ended in 2002, but has since made strides in rebuilding its economy and infrastructure. Sierra Leone is also known for its beautiful beaches, national parks, and wildlife reserves. Its capital city is Freetown.","\42 시에라리온은 다채로운 문화와 풍부한 역사로 알려진 서아프리카 국가입니다. 10년간 이어진 내전이 2002년에 끝났으며, 이후 경제와 인프라 재건에서 진전을 이루었습니다. 아름다운 해변과 국립공원, 야생동물 보호구역으로도 유명합니다. 수도는 프리타운입니다.",mt
REGIONTEXT|218|0,Togo,토고,mt
REGIONTEXT|218|1,"\42 Togo is a small West African country known for its palm-lined beaches and diverse culture. Its capital, Lomé, is a bustling city with a colorful market and colonial-era buildings. Togo is also home to several national parks, including Fazao-Malfakassa National Park, which is known for its elephants and baboons. The country has a rich music tradition, with genres like Soukous and Highlife being popular. Togo is one of the world's largest producers of phosphate, and agriculture is also an important sector.",\42 토고는 야자수가 늘어선 해변과 다채로운 문화로 알려진 서아프리카의 작은 나라입니다. 수도 로메는 색채가 화려한 시장과 식민지 시대 건물이 있는 번화한 도시입니다. 토고에는 코끼리와 개코원숭이로 유명한 파자오말팍사 국립공원 등 여러 국립공원이 있습니다. 음악 전통이 풍부하여 수쿠스와 하이라이프 같은 장르가 인기를 끌고 있습니다. 토고는 세계 최대 인산염 생산국 중 하나이며 농업도 중요한 부문입니다.,mt
REGIONTEXT|219|0,Cape Verde,카보베르데,mt
REGIONTEXT|219|1,"\42 Cape Verde is a country made up of a group of islands off the coast of West Africa. The country is known for its beautiful beaches, vibrant music, and colorful culture. The economy is heavily reliant on tourism and services, with fishing and agriculture also playing important roles. Portuguese is the official language and the majority of the population is Roman Catholic.","\42 카보베르데는 서아프리카 앞바다에 있는 섬들로 이루어진 나라입니다. 아름다운 해변과 활기찬 음악, 화려한 문화로 알려져 있습니다. 경제는 관광과 서비스업에 크게 의존하며 어업과 농업도 중요한 역할을 합니다. 공용어는 포르투갈어이고 주민 대다수가 로마 가톨릭 신자입니다.",mt
REGIONTEXT|2198|0,Denmark,덴마크,mt
REGIONTEXT|2198|1,"\42 Denmark is a country located in Northern Europe. It consists of the Jutland Peninsula and numerous islands, including Zealand and Funen. Copenhagen is the capital and largest city. Denmark is known for its social welfare system, high standard of living, and sustainable energy policies.","\42 덴마크는 북유럽에 있는 나라입니다. 유틀란트 반도와 셸란 섬, 퓐 섬을 비롯한 수많은 섬으로 이루어져 있습니다. 코펜하겐은 수도이자 최대 도시입니다. 덴마크는 사회복지 제도, 높은 생활 수준, 지속 가능한 에너지 정책으로 알려져 있습니다.",mt
REGIONTEXT|2199|0,Indonesia,인도네시아,mt
REGIONTEXT|2199|1,"\42 Indonesia is a Southeast Asian country consisting of thousands of islands, with Java, Sumatra, and Bali being some of the most well-known. Its population of over 270 million makes it the fourth most populous country in the world. Indonesia is known for its beautiful beaches, rich culture, diverse wildlife, and delicious cuisine.","\42 인도네시아는 수천 개의 섬으로 이루어진 동남아시아 국가로, 자바, 수마트라, 발리가 특히 잘 알려져 있습니다. 인구는 2억 7천만 명이 넘어 세계에서 네 번째로 인구가 많은 나라입니다. 아름다운 해변, 풍부한 문화, 다양한 야생동물, 맛있는 음식으로 유명합니다.",mt
REGIONTEXT|220|0,Saint Helena,세인트헬레나,mt
REGIONTEXT|220|1,"\42 Saint Helena is a remote island in the South Atlantic Ocean and a British overseas territory. It is famous for being the place of exile of Napoleon Bonaparte from 1815 until his death in 1821. The island has a small population and is known for its rugged landscape, historic sites, and unique flora and fauna. It is also a popular destination for eco-tourism and adventure travel.","\42 세인트헬레나는 남대서양에 외따로 떨어진 섬으로 영국 해외 영토입니다. 1815년부터 1821년 사망할 때까지 나폴레옹 보나파르트가 유배되었던 곳으로 유명합니다. 인구는 적으며 험준한 지형, 유적지, 독특한 동식물로 알려져 있습니다. 생태 관광과 모험 여행지로도 인기가 있습니다.",mt
REGIONTEXT|2201|0,Australia,호주,mt
REGIONTEXT|2201|1,"\42 Australia is a country and continent located in the southern hemisphere. It is the world's sixth-largest country by total area and has a population of around 25 million people. The country is known for its diverse wildlife, vast landscapes, and beautiful beaches. Its major cities include Sydney, Melbourne, Brisbane, Perth, and Adelaide.","\42 호주는 남반구에 있는 국가이자 대륙입니다. 전체 면적 기준으로 세계에서 여섯 번째로 큰 나라이며 인구는 약 2,500만 명입니다. 다양한 야생동물, 광활한 풍경, 아름다운 해변으로 알려져 있습니다. 주요 도시로는 시드니, 멜버른, 브리즈번, 퍼스, 애들레이드가 있습니다.",mt
REGIONTEXT|2202|0,New Zealand,뉴질랜드,mt
REGIONTEXT|2202|1,"\42 New Zealand is a country located in the southwestern Pacific Ocean. It is composed of two main islands, the North Island and the South Island, as well as many smaller islands. The country is known for its stunning landscapes, diverse wildlife, and outdoor recreational activities.","\42 뉴질랜드는 남서태평양에 있는 나라입니다. 북섬과 남섬 두 개의 주요 섬과 다수의 작은 섬으로 이루어져 있습니다. 놀라운 풍경, 다양한 야생동물, 야외 레저 활동으로 알려져 있습니다.",mt
REGIONTEXT|2203|0,Fiji,피지,mt
REGIONTEXT|2203|1,"\42 Fiji is a South Pacific island country known for its stunning beaches, coral reefs, and clear waters ideal for diving and snorkeling. Fiji has a diverse culture with a mix of indigenous Fijian, Indo-Fijian, and other communities. Tourism and agriculture are the main drivers of the economy, with sugar cane being the main crop.","\42 피지는 남태평양의 섬나라로, 멋진 해변과 산호초, 다이빙과 스노클링에 알맞은 맑은 바다로 알려져 있습니다. 토착 피지인, 인도계 피지인 등 여러 공동체가 어우러진 다채로운 문화를 지니고 있습니다. 관광과 농업이 경제를 이끄는 주요 동력이며 사탕수수가 대표 작물입니다.",mt
REGIONTEXT|2204|0,Polynesia,폴리네시아,mt
REGIONTEXT|2204|1,"\42 French Polynesia is a group of islands located in the South Pacific Ocean, halfway between California and Australia. It is an overseas territory of France with its own government and president, but its citizens are also French citizens. The islands are known for their natural beauty, including beaches, coral reefs, and mountains.","\42 프랑스령 폴리네시아는 캘리포니아와 호주의 중간쯤인 남태평양에 있는 섬 무리입니다. 프랑스의 해외 영토로 자체 정부와 대통령을 두고 있으며, 주민은 프랑스 시민권도 가지고 있습니다. 해변, 산호초, 산 등 자연의 아름다움으로 알려져 있습니다.",mt
REGIONTEXT|2205|0,Guam,괌,mt
REGIONTEXT|2205|1,"\42 Guam is an organized, unincorporated territory of the United States located in the western Pacific Ocean. The island has a diverse population and is known for its beautiful beaches, historic sites, and outdoor recreation opportunities.","\42 괌은 서태평양에 있는 미국의 조직적 비편입 영토입니다. 다양한 주민이 살고 있으며 아름다운 해변, 유적지, 야외 레저 활동으로 알려져 있습니다.",mt
REGIONTEXT|2206|0,New Caledonia,뉴칼레도니아,mt
REGIONTEXT|2206|1,"\42 New Caledonia is a French overseas territory located in the southwest Pacific Ocean. It consists of the main island of Grande Terre, the Loyalty Islands, and several smaller islands. The culture of the indigenous Kanak people is an important aspect of New Caledonian society.","\42 뉴칼레도니아는 남서태평양에 있는 프랑스의 해외 영토입니다. 본섬인 그랑드테르, 로열티 제도, 여러 작은 섬으로 이루어져 있습니다. 토착 카낙인의 문화는 뉴칼레도니아 사회의 중요한 부분입니다.",mt
REGIONTEXT|2207|0,Solomon Islands,솔로몬 제도,mt
REGIONTEXT|2207|1,"\42 The Solomon Islands are a country located in the Pacific Ocean, east of Papua New Guinea. With over 900 islands, it is known for its beautiful beaches, coral reefs, and rainforests. The country is home to a rich and diverse culture, with over 70 indigenous languages spoken.","\42 솔로몬 제도는 파푸아뉴기니 동쪽 태평양에 있는 나라입니다. 900개가 넘는 섬으로 이루어져 있으며 아름다운 해변, 산호초, 열대우림으로 알려져 있습니다. 70개가 넘는 토착 언어가 쓰이는 풍부하고 다양한 문화를 지니고 있습니다.",mt
REGIONTEXT|2208|0,Vanuatu,바누아투,mt
REGIONTEXT|2208|1,"\42 Vanuatu is a South Pacific nation made up of more than 80 islands known for its rugged landscapes, coral reefs, and sandy beaches. The country is known for its unique Melanesian culture and offers a range of activities including diving, hiking, and cultural experiences.","\42 바누아투는 80개가 넘는 섬으로 이루어진 남태평양 국가로, 험준한 지형과 산호초, 모래 해변으로 알려져 있습니다. 독특한 멜라네시아 문화로 유명하며 다이빙, 하이킹, 문화 체험 등 다양한 활동을 즐길 수 있습니다.",mt
REGIONTEXT|2209|0,Hawaii,하와이,mt
REGIONTEXT|2209|1,"\42 Hawaii is a US state located in the Pacific Ocean. It is known for its beautiful beaches, warm weather, and unique culture, including hula dancing and lei making. Hawaii is also home to several active volcanoes, including Kilauea, which has erupted several times in recent years.","\42 하와이는 태평양에 있는 미국의 주입니다. 아름다운 해변, 따뜻한 날씨, 훌라 춤과 레이 만들기 같은 독특한 문화로 알려져 있습니다. 또한 최근 몇 년간 여러 차례 분화한 킬라우에아를 비롯해 활화산이 여럿 있습니다.",mt
REGIONTEXT|221|0,Canary Islands,카나리아 제도,mt
REGIONTEXT|221|1,"\42 The Canary Islands are a Spanish archipelago located off the coast of northwestern Africa. The islands are known for their warm subtropical climate, black and white sand beaches, and unique landscapes shaped by volcanic activity. They are a popular tourist destination, particularly for Europeans seeking sun, sea, and outdoor activities like hiking, surfing, and diving. The islands also have a rich cultural heritage that blends Spanish, African, and indigenous Guanche influences.","\42 카나리아 제도는 아프리카 북서부 연안에 있는 스페인령 군도입니다. 따뜻한 아열대 기후, 검은 모래와 흰 모래 해변, 화산 활동이 빚어낸 독특한 지형으로 알려져 있습니다. 특히 햇볕과 바다, 하이킹, 서핑, 다이빙 같은 야외 활동을 찾는 유럽인에게 인기 있는 관광지입니다. 스페인, 아프리카, 토착 관체족의 영향이 어우러진 풍부한 문화유산도 지니고 있습니다.",mt
REGIONTEXT|2210|0,Chatham Islands,채텀 제도,mt
REGIONTEXT|2210|1,"\42 The Chatham Islands are a group of islands, part of New Zealand's territory, known for their remote and pristine natural beauty. Located in the southwestern Pacific Ocean, these islands are characterized by rugged coastlines, unique flora and fauna, and a rich Maori and European heritage. The largest island, Chatham Island, is the main settlement, while other smaller islands offer opportunities for wildlife viewing and outdoor adventures. The Chatham Islands are an ideal destination for those seeking tranquility and a connection with nature, far from the hustle and bustle of urban life.","\42 채텀 제도는 뉴질랜드 영토에 속한 섬 무리로, 외지고 때 묻지 않은 자연의 아름다움으로 알려져 있습니다. 남서태평양에 있으며 험준한 해안선, 독특한 동식물, 풍부한 마오리와 유럽의 유산이 특징입니다. 가장 큰 섬인 채텀 섬에 주요 정착지가 있고, 그 밖의 작은 섬에서는 야생동물 관찰과 야외 모험을 즐길 수 있습니다. 채텀 제도는 도시의 번잡함에서 벗어나 고요함과 자연과의 교감을 찾는 이들에게 이상적인 여행지입니다.",mt
REGIONTEXT|2211|0,Palau,팔라우,mt
REGIONTEXT|2211|1,"\42 Palau is an island country located in the western Pacific Ocean. It is known for its crystal-clear waters, diverse marine life, and beautiful coral reefs, making it a popular destination for diving and snorkeling. Palau is also home to several historic sites, including ancient villages and traditional meeting houses.","\42 팔라우는 서태평양에 있는 섬나라입니다. 맑은 바다, 다양한 해양 생물, 아름다운 산호초로 알려져 있어 다이빙과 스노클링 명소로 인기가 높습니다. 고대 마을과 전통 집회소 등 여러 유적지도 있습니다.",mt
REGIONTEXT|2212|0,Fed. States of Micronesia,미크로네시아 연방,mt
REGIONTEXT|2212|1,"\42 The Federated States of Micronesia is a country located in the western Pacific Ocean. It consists of four main island groups and over 600 small islands, and has a total population of about 105,000. The economy is largely based on subsistence agriculture and fishing, and the country relies heavily on foreign aid.",\42 미크로네시아 연방은 서태평양에 있는 나라입니다. 4개의 주요 섬 무리와 600개가 넘는 작은 섬으로 이루어져 있으며 총인구는 약 10만 5천 명입니다. 경제는 대체로 자급 농업과 어업에 기반하며 외국 원조에 크게 의존합니다.,mt
REGIONTEXT|2213|0,Northern Mariana,북마리아나 제도,mt
REGIONTEXT|2213|1,"\42 The Northern Mariana Islands is a U.S. commonwealth located in the western Pacific Ocean. It consists of 14 islands, with the capital and largest island being Saipan. Tourism is the main industry, and visitors come to enjoy the beautiful beaches, crystal-clear waters, and historical sites.","\42 북마리아나 제도는 서태평양에 있는 미국의 자치령입니다. 14개의 섬으로 이루어져 있으며 수도이자 가장 큰 섬은 사이판입니다. 관광이 주력 산업이며, 방문객들은 아름다운 해변, 맑은 바다, 역사 유적을 즐기러 찾아옵니다.",mt
REGIONTEXT|2214|0,SW Australia,호주 남서부,mt
REGIONTEXT|2214|1,"\42 Southwest Australia is a region in Western Australia that is known for its natural beauty and biodiversity. It is home to many national parks, including the famous Margaret River wine region. Visitors can enjoy hiking, surfing, wildlife watching, and exploring the unique flora and fauna of the area.","\42 호주 남서부는 서호주에 속한 지역으로 자연의 아름다움과 생물 다양성으로 알려져 있습니다. 유명한 마거릿 리버 와인 산지를 비롯해 많은 국립공원이 있습니다. 방문객은 하이킹, 서핑, 야생동물 관찰을 즐기고 이 지역의 독특한 동식물을 탐방할 수 있습니다.",mt
REGIONTEXT|2215|0,Queensland,퀸즐랜드,mt
REGIONTEXT|2215|1,"\42 Queensland is a state in northeastern Australia known for its sunny beaches and tropical climate. It is the second largest state in the country and is home to the Great Barrier Reef, one of the world's largest coral reef systems, as well as several national parks and rainforests.","\42 퀸즐랜드는 호주 북동부에 있는 주로, 햇살 좋은 해변과 열대 기후로 알려져 있습니다. 호주에서 두 번째로 큰 주이며 세계 최대급 산호초 지대인 그레이트배리어리프와 여러 국립공원, 열대우림이 있습니다.",mt
REGIONTEXT|2216|0,New South Wales,뉴사우스웨일스,mt
REGIONTEXT|2216|1,"\42 New South Wales is a state located on the east coast of Australia, known for its stunning beaches, vibrant cities, and diverse landscapes. Its capital city is Sydney, which is home to iconic landmarks such as the Sydney Opera House and the Harbour Bridge. Other popular destinations in the state include the Blue Mountains, Byron Bay, and the Hunter Valley wine region.","\42 뉴사우스웨일스는 호주 동해안에 있는 주로, 멋진 해변과 활기찬 도시, 다채로운 풍경으로 알려져 있습니다. 주도는 시드니이며 시드니 오페라 하우스와 하버 브리지 같은 상징적 명소가 있습니다. 블루 마운틴, 바이런 베이, 헌터 밸리 와인 산지도 이 주의 인기 여행지입니다.",mt
REGIONTEXT|2217|0,Victoria,빅토리아,mt
REGIONTEXT|2217|1,"\42 Victoria is a state in southeastern Australia. Its capital and largest city is Melbourne. Victoria is known for its diverse landscapes, including the Great Ocean Road, the Grampians National Park, and the Yarra Valley wine region. It is also home to a range of museums, galleries, and cultural institutions.","\42 빅토리아는 호주 남동부에 있는 주입니다. 주도이자 최대 도시는 멜버른입니다. 빅토리아는 그레이트오션로드, 그램피언스 국립공원, 야라 밸리 와인 산지 등 다채로운 풍경으로 알려져 있습니다. 여러 박물관, 미술관, 문화 기관도 있습니다.",mt
REGIONTEXT|2218|0,Tasmania,태즈메이니아,mt
REGIONTEXT|2218|1,"\42 Tasmania is an island state of Australia, located south of the mainland. It has a cool climate, beautiful natural scenery, and is known for its wildlife, including the Tasmanian devil. Its capital city is Hobart, and it has a population of around 540,000.",\42 태즈메이니아는 호주 본토 남쪽에 있는 섬 주입니다. 서늘한 기후와 아름다운 자연 경관을 지니고 있으며 태즈메이니아데빌을 비롯한 야생동물로 알려져 있습니다. 주도는 호바트이고 인구는 약 54만 명입니다.,mt
REGIONTEXT|222|0,Madeira,마데이라,mt
REGIONTEXT|222|1,"\42 Madeira is a Portuguese archipelago located in the Atlantic Ocean, about 400 km north of the Canary Islands. The islands are known for their natural beauty, mild climate, and Madeira wine. Madeira is also a popular tourist destination, offering attractions such as hiking trails, scenic drives, and historic landmarks. The capital city, Funchal, is a charming coastal town with colorful buildings, narrow streets, and a lively waterfront.","\42 마데이라는 카나리아 제도에서 북쪽으로 약 400km 떨어진 대서양에 있는 포르투갈령 군도입니다. 자연의 아름다움과 온화한 기후, 마데이라 와인으로 알려져 있습니다. 하이킹 코스, 경치 좋은 드라이브 길, 역사 명소 등을 갖춘 인기 관광지이기도 합니다. 수도 푼샬은 알록달록한 건물과 좁은 골목, 활기찬 해안가가 있는 매력적인 항구 도시입니다.",mt
REGIONTEXT|223|0,Ascension,어센션,mt
REGIONTEXT|223|1,"\42 Ascension Island is a volcanic island located in the South Atlantic Ocean. It is a British Overseas Territory and is known for its unique flora and fauna, including green sea turtles and seabirds. The island has a small population, primarily consisting of military personnel and scientists. The economy is largely dependent on support services for the military and tourism. The island also has a small airstrip for international flights.",\42 어센션 섬은 남대서양에 있는 화산섬입니다. 영국 해외 영토이며 푸른바다거북과 바닷새 등 독특한 동식물로 알려져 있습니다. 주민은 적으며 주로 군 인력과 과학자로 이루어져 있습니다. 경제는 군 지원 서비스와 관광에 크게 의존합니다. 국제선이 오가는 작은 활주로도 있습니다.,mt
REGIONTEXT|224|0,Sao Tome & Principe,상투메 프린시페,mt
REGIONTEXT|224|1,"\42 Sao Tome and Principe is a small island nation located in the Gulf of Guinea, off the western coast of Africa. Its economy is largely based on agriculture, with cocoa as the main export crop. The country is known for its beautiful beaches, tropical rainforests, and diverse wildlife, including sea turtles and humpback whales. Its capital city is Sao Tome.","\42 상투메 프린시페는 아프리카 서해안 앞 기니 만에 있는 작은 섬나라입니다. 경제는 대체로 농업에 기반하며 카카오가 주요 수출 작물입니다. 아름다운 해변과 열대우림, 바다거북과 혹등고래를 비롯한 다양한 야생동물로 알려져 있습니다. 수도는 상투메입니다.",mt
REGIONTEXT|2297|0,Australia,호주,mt
REGIONTEXT|2297|1,"\42 Australia is a politically stable and geographically isolated country located in the southern hemisphere. As a democratic nation, it maintains strong alliances with Western powers, particularly the United States. Its strategic position in the Indo-Pacific region grants Australia a vital role in regional affairs. It faces challenges related to maritime security, trade disputes, and competing territorial claims. Australia actively engages in regional cooperation through organizations like ASEAN and works towards enhancing partnerships with key players such as China, Japan, and India. Additionally, it focuses on addressing environmental concerns, including climate change and natural resource management, while promoting its economic interests through international trade agreements.","\42 호주는 정치적으로 안정되고 지리적으로 고립된 남반구의 나라입니다. 민주주의 국가로서 서방 강대국, 특히 미국과 긴밀한 동맹을 유지하고 있습니다. 인도·태평양 지역의 전략적 위치 덕분에 지역 정세에서 중요한 역할을 맡고 있습니다. 해양 안보, 무역 분쟁, 영유권 경합과 관련한 과제를 안고 있습니다. 호주는 ASEAN 같은 기구를 통해 지역 협력에 적극 나서며, 중국, 일본, 인도 등 핵심 국가와의 협력 강화를 추진합니다. 또한 기후 변화와 천연자원 관리를 비롯한 환경 문제 해결에 힘쓰는 한편, 국제 무역 협정을 통해 경제적 이익을 증진하고 있습니다.",mt
REGIONTEXT|2301|0,Argentina,아르헨티나,mt
REGIONTEXT|2301|1,"\42 Argentina is a country in South America known for its diverse landscapes including the Andes mountains, Patagonian glaciers, and Pampas grasslands. It is the eighth-largest country in the world and home to over 44 million people. Buenos Aires, the capital and largest city, is famous for its European-style architecture, tango dancing, and delicious cuisine.","\42 아르헨티나는 안데스 산맥, 파타고니아 빙하, 팜파스 초원 등 다채로운 풍경으로 알려진 남아메리카의 나라입니다. 세계에서 여덟 번째로 큰 나라이며 인구는 4,400만 명이 넘습니다. 수도이자 최대 도시인 부에노스아이레스는 유럽풍 건축, 탱고, 맛있는 음식으로 유명합니다.",mt
REGIONTEXT|2302|0,Bolivia,볼리비아,mt
REGIONTEXT|2302|1,"\42 Bolivia is a landlocked country in South America, known for its diverse landscapes that range from the Andes Mountains to the Amazon rainforest. It has a rich cultural heritage, with indigenous peoples accounting for a significant portion of its population. Bolivia's economy is largely based on agriculture and mining, and it is one of the world's top producers of silver.","\42 볼리비아는 남아메리카의 내륙국으로, 안데스 산맥에서 아마존 열대우림까지 이어지는 다채로운 풍경으로 알려져 있습니다. 풍부한 문화유산을 지니고 있으며 원주민이 인구의 상당 부분을 차지합니다. 볼리비아의 경제는 대체로 농업과 광업에 기반하며 세계 유수의 은 생산국 중 하나입니다.",mt
REGIONTEXT|2303|0,Brazil,브라질,mt
REGIONTEXT|2303|1,"\42 Brazil is the largest country in South America and the fifth largest country in the world. It has a diverse population, rich culture, and is known for its natural beauty, including the Amazon rainforest, beautiful beaches, and the iconic Christ the Redeemer statue in Rio de Janeiro.","\42 브라질은 남아메리카에서 가장 큰 나라이자 세계에서 다섯 번째로 큰 나라입니다. 다양한 인구와 풍부한 문화를 지니고 있으며 아마존 열대우림, 아름다운 해변, 리우데자네이루의 상징적인 예수상 등 자연의 아름다움으로 알려져 있습니다.",mt
REGIONTEXT|2304|0,Chile,칠레,mt
REGIONTEXT|2304|1,"\42 Chile is a long and narrow country located in South America. It is known for its diverse geography, including the Andes mountains, the Atacama Desert, and numerous lakes and glaciers. Santiago is the capital and largest city.","\42 칠레는 남아메리카에 있는 길고 좁은 나라입니다. 안데스 산맥, 아타카마 사막, 수많은 호수와 빙하 등 다양한 지형으로 알려져 있습니다. 산티아고는 수도이자 최대 도시입니다.",mt
REGIONTEXT|2305|0,Colombia,콜롬비아,mt
REGIONTEXT|2305|1,"\42 Colombia is a country located in South America known for its diverse landscape, including the Andes mountains, tropical rainforests, and Caribbean coastline. Its cultural heritage is a blend of indigenous, Spanish, and African influences, reflected in its cuisine, music, and arts. Colombia is also a major producer of coffee and emeralds.","\42 콜롬비아는 안데스 산맥, 열대우림, 카리브 해안 등 다채로운 풍경으로 알려진 남아메리카의 나라입니다. 원주민, 스페인, 아프리카의 영향이 어우러진 문화유산은 음식, 음악, 예술에 반영되어 있습니다. 콜롬비아는 커피와 에메랄드의 주요 생산국이기도 합니다.",mt
REGIONTEXT|2306|0,Ecuador,에콰도르,mt
REGIONTEXT|2306|1,"\42 Ecuador is a country located in South America, bordered by Colombia to the north, Peru to the east and south, and the Pacific Ocean to the west. The country is known for its diverse wildlife, including the Galapagos Islands, as well as its rich culture and history.","\42 에콰도르는 남아메리카에 있는 나라로, 북쪽으로 콜롬비아, 동쪽과 남쪽으로 페루, 서쪽으로 태평양과 맞닿아 있습니다. 갈라파고스 제도를 비롯한 다양한 야생동물과 풍부한 문화, 역사로 알려져 있습니다.",mt
REGIONTEXT|2307|0,Guiana,기아나,mt
REGIONTEXT|2307|1,"\42 Guiana, also known as Guyana, is a small country on the northeastern coast of South America. It is bordered by Venezuela, Suriname, Brazil, and the Atlantic Ocean. The country has a diverse population, with people of South Asian, African, European, and Indigenous descent. The official language is English, and the currency is the Guyanese dollar. The economy is based on agriculture, mining, and forestry.","\42 기아나는 가이아나라고도 하며 남아메리카 북동부 해안에 있는 작은 나라입니다. 베네수엘라, 수리남, 브라질, 대서양과 맞닿아 있습니다. 남아시아계, 아프리카계, 유럽계, 원주민 후손 등 다양한 사람들이 살고 있습니다. 공용어는 영어이고 통화는 가이아나 달러입니다. 경제는 농업, 광업, 임업에 기반합니다.",mt
REGIONTEXT|2308|0,Guyana,가이아나,mt
REGIONTEXT|2308|1,"\42 Guyana is a country located on the northern coast of South America. It has a diverse population, including indigenous peoples and descendants of African, Indian, and European immigrants. Guyana is known for its unique blend of cultures, lush rainforests, and vast mineral resources.","\42 가이아나는 남아메리카 북부 해안에 있는 나라입니다. 원주민과 아프리카, 인도, 유럽 이민자의 후손 등 다양한 사람들이 살고 있습니다. 가이아나는 독특하게 어우러진 문화, 울창한 열대우림, 방대한 광물 자원으로 알려져 있습니다.",mt
REGIONTEXT|2309|0,Paraguay,파라과이,mt
REGIONTEXT|2309|1,"\42 Paraguay is a landlocked country located in South America, known for its Guarani culture, Jesuit Missions, and Chaco region. It is one of the least densely populated countries on the continent, and its economy is primarily based on agriculture.","\42 파라과이는 남아메리카의 내륙국으로, 과라니 문화, 예수회 선교 유적, 그란차코 지역으로 알려져 있습니다. 남아메리카 대륙에서 인구 밀도가 가장 낮은 나라 중 하나이며 경제는 주로 농업에 기반합니다.",mt
REGIONTEXT|2310|0,Peru,페루,mt
REGIONTEXT|2310|1,"\42 Peru is a country located in western South America, known for its ancient Incan ruins, Amazon rainforest, Andes mountains, and coastal desert. Lima is the capital and largest city, and the country is home to a diverse population of Indigenous, European, African, and Asian descent.","\42 페루는 남아메리카 서부에 있는 나라로, 고대 잉카 유적, 아마존 열대우림, 안데스 산맥, 해안 사막으로 알려져 있습니다. 리마는 수도이자 최대 도시이며, 원주민, 유럽계, 아프리카계, 아시아계 후손이 어우러져 살고 있습니다.",mt
REGIONTEXT|2311|0,Suriname,수리남,mt
REGIONTEXT|2311|1,"\42 Suriname is a small country on the northeastern coast of South America. It has a diverse population of various ethnic and cultural backgrounds. The economy is based on mining, agriculture, and forestry.","\42 수리남은 남아메리카 북동부 해안에 있는 작은 나라입니다. 다양한 민족과 문화적 배경을 지닌 사람들이 살고 있습니다. 경제는 광업, 농업, 임업에 기반합니다.",mt
REGIONTEXT|2312|0,Uruguay,우루과이,mt
REGIONTEXT|2312|1,"\42 Uruguay is a small country located in the southeastern region of South America. It is known for its beautiful beaches, colonial cities, and its progressive social policies, such as legalizing marijuana and same-sex marriage.","\42 우루과이는 남아메리카 남동부에 있는 작은 나라입니다. 아름다운 해변, 식민지 시대 도시, 마리화나와 동성 결혼 합법화 같은 진보적 사회 정책으로 알려져 있습니다.",mt
REGIONTEXT|2313|0,Venezuela,베네수엘라,mt
REGIONTEXT|2313|1,"\42 Venezuela is a country in South America known for its oil reserves, diverse culture, and natural beauty. It has a rich history, with indigenous cultures predating the arrival of Spanish colonizers in the 16th century.","\42 베네수엘라는 석유 매장량, 다채로운 문화, 자연의 아름다움으로 알려진 남아메리카의 나라입니다. 16세기 스페인 식민 통치자가 도착하기 전부터 원주민 문화가 이어져 온 풍부한 역사를 지니고 있습니다.",mt
REGIONTEXT|2315|0,South Georgia,사우스조지아,mt
REGIONTEXT|2315|1,"\42 South Georgia is a remote island in the southern Atlantic Ocean, known for its rugged beauty and abundant wildlife, including penguins, seals, and albatrosses. It has a rich history of exploration and whaling.","\42 사우스조지아는 남대서양에 외따로 떨어진 섬으로, 험준한 아름다움과 펭귄, 물범, 알바트로스를 비롯한 풍부한 야생동물로 알려져 있습니다. 탐험과 포경의 역사가 깊습니다.",mt
REGIONTEXT|2316|0,Bouvet Island,부베 섬,mt
REGIONTEXT|2316|1,"\42 Bouvet Island is a remote volcanic island in the southern Atlantic Ocean, located south-southwest of South Africa. It is uninhabited and covered in ice, making it one of the most isolated islands in the world. The island is a Norwegian dependency, and its only inhabitants are occasional scientific and research teams.",\42 부베 섬은 남아프리카공화국 남남서쪽의 남대서양에 외따로 떨어진 화산섬입니다. 무인도이며 얼음으로 덮여 있어 세계에서 가장 고립된 섬 중 하나입니다. 노르웨이 속령이며 간혹 찾아오는 과학 연구팀 외에는 거주자가 없습니다.,mt
REGIONTEXT|2398|0,Falkland Ilslands,포클랜드 제도,mt
REGIONTEXT|2398|1,"\42 Falkland Islands, also known as the Malvinas, are a British overseas territory located in the South Atlantic Ocean. The islands have a total land area of around 12,000 square kilometers and a population of approximately 3,400 people. The sovereignty of the Falklands is disputed by Argentina.","\42 포클랜드 제도는 말비나스 제도라고도 하며 남대서양에 있는 영국 해외 영토입니다. 총 육지 면적은 약 12,000제곱킬로미터이고 인구는 약 3,400명입니다. 포클랜드의 영유권은 아르헨티나가 주장하며 분쟁 중입니다.",mt
REGIONTEXT|2401|0,Ontario,온타리오,mt
REGIONTEXT|2401|1,"\42 Ontario is a province located in east-central Canada. It is the most populous province in the country and is home to the national capital of Ottawa and the largest city of Toronto. The province's economy is diverse and includes industries such as manufacturing, finance, and technology.","\42 온타리오는 캐나다 중동부에 있는 주입니다. 캐나다에서 인구가 가장 많은 주이며 수도 오타와와 최대 도시 토론토가 있습니다. 이 주의 경제는 다양하여 제조업, 금융, 기술 등의 산업이 있습니다.",mt
REGIONTEXT|2402|0,Québec,퀘벡,mt
REGIONTEXT|2402|1,"\42 Québec is a province in eastern Canada and is the largest province in the country. It is known for its unique culture, including its French language, architecture, and cuisine. Québec is also home to beautiful natural scenery, including the Laurentian Mountains and the Saint Lawrence River.","\42 퀘벡은 캐나다 동부에 있는 주로, 캐나다에서 가장 큰 주입니다. 프랑스어, 건축, 음식 등 독특한 문화로 알려져 있습니다. 퀘벡에는 로렌시아 산맥과 세인트로렌스 강 같은 아름다운 자연 경관도 있습니다.",mt
REGIONTEXT|2403|0,Manitoba,매니토바,mt
REGIONTEXT|2403|1,"\42 Manitoba is one of the Prairie provinces in Canada, located in the center of the country. It is known for its natural beauty, with over 100,000 lakes and extensive boreal forest. Winnipeg, the provincial capital, is the largest city in Manitoba and serves as a cultural and economic hub for the region.",\42 매니토바는 캐나다 중앙에 있는 대초원 지방의 주 가운데 하나입니다. 10만 개가 넘는 호수와 광대한 북방림 등 자연의 아름다움으로 알려져 있습니다. 주도 위니펙은 매니토바 최대 도시로 이 지역의 문화와 경제 중심지 역할을 합니다.,mt
REGIONTEXT|2404|0,Alberta,앨버타,mt
REGIONTEXT|2404|1,"\42 Alberta is a province located in western Canada. It is known for its scenic landscapes, including the Canadian Rockies, forests, prairies, and badlands. It is also home to major cities like Edmonton and Calgary, as well as popular tourist destinations such as Banff National Park and Jasper National Park.","\42 앨버타는 캐나다 서부에 있는 주입니다. 캐나디안 로키, 숲, 대초원, 악지 등 경치 좋은 풍경으로 알려져 있습니다. 에드먼턴과 캘거리 같은 주요 도시와 밴프 국립공원, 재스퍼 국립공원 같은 인기 관광지도 있습니다.",mt
REGIONTEXT|2405|0,Saskatchewan,서스캐처원,mt
REGIONTEXT|2405|1,"\42 Saskatchewan is a prairie province located in western Canada, bordered by Alberta to the west and Manitoba to the east. The province is known for its vast expanses of open prairie, as well as its numerous lakes and forests. The capital city is Regina, and the largest city is Saskatoon.","\42 서스캐처원은 캐나다 서부에 있는 대초원 지방의 주로, 서쪽으로 앨버타, 동쪽으로 매니토바와 맞닿아 있습니다. 광활한 대초원과 수많은 호수, 숲으로 알려져 있습니다. 주도는 리자이나이고 최대 도시는 새스커툰입니다.",mt
REGIONTEXT|2406|0,NW Territories,노스웨스트 준주,mt
REGIONTEXT|2406|1,"\42 The Northwest Territories is a Canadian territory located in northern Canada. It is the third-largest in area, but the most populous of the three territories. It is known for its vast wilderness, Arctic landscapes, and outdoor recreational opportunities.","\42 노스웨스트 준주는 캐나다 북부에 있는 준주입니다. 면적은 세 준주 중 세 번째로 크지만 인구는 가장 많습니다. 광활한 대자연, 북극 풍경, 야외 레저 활동으로 알려져 있습니다.",mt
REGIONTEXT|2407|0,Nunavut,누나부트,mt
REGIONTEXT|2407|1,"\42 Nunavut is the newest and largest territory in Canada. It was created in 1999 and is located in the northern part of the country. The territory has a population of around 40,000 people, most of whom are Inuit. Nunavut is known for its vast and pristine wilderness, rich culture, and unique way of life.","\42 누나부트는 캐나다에서 가장 새롭고 가장 큰 준주입니다. 1999년에 만들어졌으며 캐나다 북부에 있습니다. 인구는 약 4만 명이고 대부분이 이누이트입니다. 누나부트는 광활하고 때 묻지 않은 대자연, 풍부한 문화, 독특한 생활 방식으로 알려져 있습니다.",mt
REGIONTEXT|2408|0,British Columbia,브리티시컬럼비아,mt
REGIONTEXT|2408|1,"\42 British Columbia is a province located on the west coast of Canada. It has a diverse geography, including coastal areas, mountains, forests, and arid regions. The largest city is Vancouver, which is a major international seaport and a cultural and economic hub. Other important cities include Victoria, the capital, and Kelowna.","\42 브리티시컬럼비아는 캐나다 서해안에 있는 주입니다. 해안 지대, 산, 숲, 건조 지대 등 다채로운 지형을 갖추고 있습니다. 최대 도시는 밴쿠버로 주요 국제 항구이자 문화와 경제의 중심지입니다. 주도 빅토리아와 켈로나도 중요한 도시입니다.",mt
REGIONTEXT|2409|0,Yukon Territory,유콘 준주,mt
REGIONTEXT|2409|1,"\42 Yukon is a territory in northwest Canada, known for its vast wilderness, pristine lakes, and snowy peaks. Its natural beauty attracts visitors for outdoor activities such as hiking, fishing, canoeing, and skiing. The Yukon is home to many Indigenous communities, and has a rich cultural heritage.","\42 유콘은 캐나다 북서부에 있는 준주로, 광활한 대자연과 깨끗한 호수, 눈 덮인 봉우리로 알려져 있습니다. 빼어난 자연을 찾아 하이킹, 낚시, 카누, 스키 같은 야외 활동을 즐기러 방문객이 모입니다. 유콘에는 많은 원주민 공동체가 있으며 풍부한 문화유산을 지니고 있습니다.",mt
REGIONTEXT|2410|0,Nfld & Labrador,뉴펀들랜드 래브라도,mt
REGIONTEXT|2410|1,"\42 Newfoundland and Labrador is a Canadian province located on the east coast of the country. It is known for its rugged coastline, fishing villages, and historic sites such as L'Anse aux Meadows, where Viking explorers settled around 1000 AD. The province is also home to Gros Morne National Park, which features towering cliffs, fjords, and a unique geology that has earned it UNESCO World Heritage status.","\42 뉴펀들랜드 래브라도는 캐나다 동해안에 있는 주입니다. 험준한 해안선, 어촌 마을, 그리고 서기 1000년경 바이킹 탐험가들이 정착한 랑스오메도즈 같은 유적지로 알려져 있습니다. 또한 우뚝 솟은 절벽과 피오르, 독특한 지질로 유네스코 세계유산에 오른 그로스모른 국립공원이 있습니다.",mt
REGIONTEXT|2411|0,Nova Scotia,노바스코샤,mt
REGIONTEXT|2411|1,"\42 Nova Scotia is one of Canada's maritime provinces, located on the east coast. The province is known for its scenic coastline, including the famous Cabot Trail, as well as its seafood industry and historic sites related to its colonial and maritime past.","\42 노바스코샤는 캐나다 동해안에 있는 해안 지방의 주 가운데 하나입니다. 유명한 캐벗 트레일을 비롯한 경치 좋은 해안선, 수산업, 식민지 시대와 해양 역사와 관련된 유적지로 알려져 있습니다.",mt
REGIONTEXT|2412|0,New Brunswick,뉴브런즈윅,mt
REGIONTEXT|2412|1,"\42 New Brunswick is a province located in eastern Canada. It is known for its natural beauty, including the Bay of Fundy, which has the highest tides in the world. The province is bilingual, with both English and French being official languages.",\42 뉴브런즈윅은 캐나다 동부에 있는 주입니다. 세계에서 조수 간만의 차가 가장 큰 펀디 만 등 자연의 아름다움으로 알려져 있습니다. 이 주는 영어와 프랑스어가 모두 공용어인 이중 언어 지역입니다.,mt
REGIONTEXT|2413|0,PEI,프린스에드워드섬,mt
REGIONTEXT|2413|1,"\42 PEI stands for Prince Edward Island, which is a province located in eastern Canada. It is Canada's smallest province and is known for its picturesque red-sand beaches, lighthouses, and seafood. The province is also the birthplace of Canada's confederation and is home to the famous novel Anne of Green Gables.","\42 PEI는 프린스에드워드아일랜드의 약칭으로, 캐나다 동부에 있는 주입니다. 캐나다에서 가장 작은 주이며 그림 같은 붉은 모래 해변, 등대, 해산물로 알려져 있습니다. 캐나다 연방이 태동한 곳이기도 하며 유명 소설 빨강 머리 앤의 배경입니다.",mt
REGIONTEXT|2414|0,St Pierre & Miq.,생피에르 미클롱,mt
REGIONTEXT|2414|1,"\42 St. Pierre and Miquelon is a self-governing territorial overseas collectivity of France, located off the coast of Newfoundland in Canada. The islands have a population of around 6,000 and are known for their French culture, architecture, and cuisine.","\42 생피에르 미클롱은 캐나다 뉴펀들랜드 앞바다에 있는 프랑스의 자치 해외 공동체입니다. 섬의 인구는 약 6,000명이며 프랑스 문화, 건축, 음식으로 알려져 있습니다.",mt
REGIONTEXT|2415|0,Alaska,알래스카,mt
REGIONTEXT|2415|1,"\42 Alaska is the largest state in the United States, located in the northwest corner of North America. It has a diverse landscape, including glaciers, mountains, forests, and tundras. The state is home to several indigenous cultures, including the Inupiaq, Yupik, and Athabaskan peoples. It is also known for its abundant wildlife, including grizzly bears, moose, and salmon.","\42 알래스카는 북아메리카 북서쪽 끝에 있는 미국에서 가장 큰 주입니다. 빙하, 산, 숲, 툰드라 등 다채로운 지형을 갖추고 있습니다. 이 주에는 이누피아크족, 유피크족, 아사바스카족 등 여러 원주민 문화가 살아 있습니다. 또한 회색곰, 말코손바닥사슴, 연어를 비롯한 풍부한 야생동물로도 알려져 있습니다.",mt
REGIONTEXT|2499|0,Canada,캐나다,mt
REGIONTEXT|2499|1,"\42 Canada is a country located in the northern part of North America. It is the second-largest country in the world by land area and has a diverse landscape, including mountains, forests, lakes, and rivers. The country is known for its multiculturalism, with a population made up of people from many different ethnic and cultural backgrounds. It is also known for its natural beauty, including the Rocky Mountains, Niagara Falls, and the Northern Lights.","\42 캐나다는 북아메리카 북부에 있는 나라입니다. 육지 면적 기준으로 세계에서 두 번째로 큰 나라이며 산, 숲, 호수, 강 등 다채로운 지형을 갖추고 있습니다. 다양한 민족과 문화적 배경을 지닌 사람들로 이루어진 다문화 사회로 알려져 있습니다. 로키 산맥, 나이아가라 폭포, 오로라 등 자연의 아름다움으로도 유명합니다.",mt
REGIONTEXT|2501|0,Bahamas,바하마,mt
REGIONTEXT|2501|1,"\42 The Bahamas is an island country located in the Atlantic Ocean, southeast of Florida in the United States. It consists of more than 700 islands and is known for its beautiful beaches, turquoise waters, and abundant marine life. Tourism is the country's primary industry, with visitors drawn to its warm climate, clear waters, and vibrant culture.","\42 바하마는 미국 플로리다 남동쪽 대서양에 있는 섬나라입니다. 700개가 넘는 섬으로 이루어져 있으며 아름다운 해변, 옥빛 바다, 풍부한 해양 생물로 알려져 있습니다. 관광이 이 나라의 주력 산업이며, 따뜻한 기후와 맑은 바다, 활기찬 문화에 이끌려 방문객이 찾아옵니다.",mt
REGIONTEXT|2502|0,Bermuda,버뮤다,mt
REGIONTEXT|2502|1,"\42 Bermuda is a British Overseas Territory located in the Atlantic Ocean, approximately 650 miles east of North Carolina in the United States. It is a group of islands known for its pink sand beaches, crystal-clear waters, and colorful houses. The country has a rich history, including its role in the development of transatlantic communication and as a center for naval operations during both World Wars.","\42 버뮤다는 미국 노스캐롤라이나에서 동쪽으로 약 650마일 떨어진 대서양에 있는 영국 해외 영토입니다. 분홍빛 모래 해변, 맑은 바다, 알록달록한 집들로 알려진 섬 무리입니다. 대서양 횡단 통신 발전에 기여했고 두 차례 세계 대전 동안 해군 작전의 거점이었던 풍부한 역사를 지니고 있습니다.",mt
REGIONTEXT|2503|0,Dominican Republic,도미니카 공화국,mt
REGIONTEXT|2503|1,"\42 The Dominican Republic is a Caribbean country located on the eastern side of the island of Hispaniola, which it shares with Haiti. It is known for its stunning beaches, lush rainforests, and vibrant culture. The country is also home to the highest peak in the Caribbean, Pico Duarte. The Dominican Republic is a popular tourist destination and is famous for its music, dance, and cuisine.","\42 도미니카 공화국은 히스파니올라 섬 동쪽에 있는 카리브 국가로, 섬의 서쪽은 아이티와 나누어 쓰고 있습니다. 멋진 해변, 울창한 열대우림, 활기찬 문화로 알려져 있습니다. 카리브 해에서 가장 높은 봉우리인 두아르테 봉도 이 나라에 있습니다. 도미니카 공화국은 인기 관광지이며 음악, 춤, 음식으로 유명합니다.",mt
REGIONTEXT|2504|0,Haiti,아이티,mt
REGIONTEXT|2504|1,"\42 Haiti is a Caribbean country located on the western side of the island of Hispaniola, which it shares with the Dominican Republic. It is known for its vibrant culture, beautiful landscapes, and troubled history. Haiti is the first independent nation of Latin America and the Caribbean and is famous for its art, music, and literature. The country is still facing significant challenges, including poverty and political instability.","\42 아이티는 히스파니올라 섬 서쪽에 있는 카리브 국가로, 섬의 동쪽은 도미니카 공화국과 나누어 쓰고 있습니다. 활기찬 문화, 아름다운 풍경, 굴곡진 역사로 알려져 있습니다. 아이티는 라틴아메리카와 카리브 지역에서 최초로 독립한 나라이며 미술, 음악, 문학으로 유명합니다. 이 나라는 빈곤과 정치적 불안정을 비롯한 심각한 과제에 여전히 직면해 있습니다.",mt
REGIONTEXT|2505|0,Jamaica,자메이카,mt
REGIONTEXT|2505|1,"\42 Jamaica is an island country in the Caribbean Sea, known for its stunning beaches, vibrant culture, and reggae music. The country is home to the Blue Mountains, where the famous Blue Mountain coffee is grown, as well as many other natural wonders, such as Dunn's River Falls and the Luminous Lagoon. Jamaica is also famous for its delicious cuisine, including jerk chicken and patties.","\42 자메이카는 카리브 해에 있는 섬나라로, 멋진 해변, 활기찬 문화, 레게 음악으로 알려져 있습니다. 유명한 블루마운틴 커피가 재배되는 블루 산맥을 비롯해 던스 리버 폭포, 루미너스 라군 같은 많은 자연 경관이 있습니다. 자메이카는 저크 치킨과 패티 같은 맛있는 음식으로도 유명합니다.",mt
REGIONTEXT|2507|0,Puerto Rico,푸에르토리코,mt
REGIONTEXT|2507|1,"\42 Puerto Rico is a Caribbean island territory of the United States, located east of the Dominican Republic and west of the Virgin Islands. The island is known for its beautiful beaches, rich history, and vibrant culture. San Juan, the capital city, is home to many historic landmarks, such as the Castillo San Felipe del Morro and the Cathedral of San Juan Bautista. Puerto Rico is also famous for its delicious cuisine, including dishes like mofongo and arroz con gandules.","\42 푸에르토리코는 도미니카 공화국 동쪽, 버진아일랜드 서쪽에 있는 미국령 카리브 섬입니다. 아름다운 해변, 풍부한 역사, 활기찬 문화로 알려져 있습니다. 수도 산후안에는 엘모로 요새와 산후안 바우티스타 대성당 같은 역사적 명소가 많습니다. 푸에르토리코는 몬포콩고, 아로스 콘 간둘레스 같은 맛있는 요리로도 유명합니다.",mt
REGIONTEXT|2508|0,Virgin Islands,버진아일랜드,mt
REGIONTEXT|2508|1,"\42 The US Virgin Islands is a group of islands in the Caribbean Sea that are a territory of the United States. The islands are known for their stunning beaches, crystal-clear waters, and lush tropical forests. St. Thomas is the most popular island, famous for its duty-free shopping and Charlotte Amalie, the capital city. St. John is a nature lover's paradise, with two-thirds of the island designated as a national park. St. Croix offers a mix of history and culture, with beautiful colonial architecture and a unique blend of Danish and Caribbean influences.","\42 미국령 버진아일랜드는 카리브 해에 있는 섬 무리로 미국의 영토입니다. 멋진 해변, 맑은 바다, 울창한 열대림으로 알려져 있습니다. 세인트토머스는 가장 인기 있는 섬으로 면세 쇼핑과 수도 샬럿아말리에로 유명합니다. 세인트존은 자연 애호가의 낙원으로 섬의 3분의 2가 국립공원으로 지정되어 있습니다. 세인트크로이는 아름다운 식민지 시대 건축과 덴마크와 카리브의 영향이 독특하게 어우러진 역사와 문화를 즐길 수 있습니다.",mt
REGIONTEXT|2509|0,Turks and Caicos,터크스 케이커스,mt
REGIONTEXT|2509|1,"\42 The Turks and Caicos Islands is a British Overseas Territory located in the Caribbean Sea. The islands are known for their stunning white-sand beaches, crystal-clear waters, and vibrant coral reefs. Providenciales, also known as Provo, is the most populated island and a popular tourist destination, offering a wide range of resorts, restaurants, and water sports activities. Grand Turk is the capital island and a historic port town with charming colonial architecture.","\42 터크스 케이커스 제도는 카리브 해에 있는 영국 해외 영토입니다. 멋진 흰 모래 해변, 맑은 바다, 활기찬 산호초로 알려져 있습니다. 프로비던시알레스는 프로보라고도 하며 인구가 가장 많은 섬이자 인기 관광지로, 다양한 리조트, 식당, 해양 스포츠 활동을 갖추고 있습니다. 그랜드터크는 수도가 있는 섬으로 매력적인 식민지 시대 건축물이 남아 있는 역사적인 항구 도시입니다.",mt
REGIONTEXT|2510|0,Cayman Islands,케이맨 제도,mt
REGIONTEXT|2510|1,"\42 The Cayman Islands is a British Overseas Territory located in the western Caribbean Sea. The islands are a popular offshore financial center and a renowned diving destination, with crystal-clear waters, diverse marine life, and coral reefs. Grand Cayman is the largest and most populous island, home to the capital city of George Town, Seven Mile Beach, and many upscale resorts and restaurants. Cayman Brac and Little Cayman are smaller islands that offer a quieter and more laid-back atmosphere, with excellent diving and snorkeling opportunities.","\42 케이맨 제도는 카리브 해 서부에 있는 영국 해외 영토입니다. 인기 있는 역외 금융 중심지이자 맑은 바다, 다양한 해양 생물, 산호초로 유명한 다이빙 명소입니다. 그랜드케이맨은 가장 크고 인구가 많은 섬으로 수도 조지타운, 세븐마일 비치, 고급 리조트와 식당이 많습니다. 케이맨브랙과 리틀케이맨은 더 작은 섬으로 훨씬 조용하고 느긋한 분위기이며 다이빙과 스노클링 환경이 뛰어납니다.",mt
REGIONTEXT|2511|0,Antigua,앤티가,mt
REGIONTEXT|2511|1,"\42 Antigua is an island country located in the Eastern Caribbean. It is known for its stunning beaches, crystal-clear waters, and colorful coral reefs, making it a popular destination for snorkeling and scuba diving. Antigua's capital, St. John's, is home to the historic Nelson's Dockyard, a UNESCO World Heritage Site, and many vibrant restaurants and shops. The island also hosts an annual sailing week, attracting sailors and spectators from around the world.","\42 앤티가는 동카리브에 있는 섬나라입니다. 멋진 해변, 맑은 바다, 알록달록한 산호초로 알려져 있어 스노클링과 스쿠버 다이빙 명소로 인기가 높습니다. 앤티가의 수도 세인트존스에는 유네스코 세계유산인 역사적인 넬슨 조선소와 활기찬 식당과 상점이 많습니다. 섬에서는 해마다 요트 대회 주간이 열려 전 세계의 선원과 관중이 모여듭니다.",mt
REGIONTEXT|2512|0,Aruba,아루바,mt
REGIONTEXT|2512|1,"\42 Aruba is a small island nation located in the southern Caribbean Sea, just off the coast of Venezuela. It is known for its beautiful beaches, clear blue waters, and year-round warm weather. Aruba is a popular tourist destination, offering a variety of activities including water sports, hiking, and exploring its colorful capital city, Oranjestad.","\42 아루바는 베네수엘라 해안 바로 앞 카리브 해 남부에 있는 작은 섬나라입니다. 아름다운 해변, 맑고 푸른 바다, 연중 따뜻한 날씨로 알려져 있습니다. 아루바는 인기 관광지로 해양 스포츠, 하이킹, 화려한 수도 오라녜스타트 둘러보기 등 다양한 활동을 즐길 수 있습니다.",mt
REGIONTEXT|2513|0,Barbados,바베이도스,mt
REGIONTEXT|2513|1,"\42 Barbados is an island nation located in the eastern Caribbean Sea. It is known for its stunning beaches, crystal-clear waters, and vibrant culture, including its music, dance, and food. Bridgetown, the capital of Barbados, is a UNESCO World Heritage Site and home to many historical buildings, including St. Michael's Cathedral. Barbados is also famous for its rum production and hosts a popular annual Crop Over Festival.","\42 바베이도스는 카리브 해 동부에 있는 섬나라입니다. 멋진 해변, 맑은 바다, 음악과 춤과 음식을 아우르는 활기찬 문화로 알려져 있습니다. 바베이도스의 수도 브리지타운은 유네스코 세계유산이며 세인트마이클 대성당을 비롯한 많은 역사적 건물이 있습니다. 바베이도스는 럼 생산으로도 유명하며 인기 있는 연례 크롭 오버 축제를 개최합니다.",mt
REGIONTEXT|2514|0,Dominica,도미니카 연방,mt
REGIONTEXT|2514|1,"\42 Dominica is a small island nation located in the eastern Caribbean Sea. It is known for its lush rainforests, hot springs, and diverse wildlife, including several rare bird species. Dominica is also home to the world's second-largest boiling lake and offers visitors a variety of outdoor activities such as hiking, snorkeling, and diving. Its capital, Roseau, is a vibrant city with colorful architecture and a bustling market.","\42 도미니카 연방은 카리브 해 동부에 있는 작은 섬나라입니다. 울창한 열대우림, 온천, 희귀 조류 여러 종을 포함한 다양한 야생동물로 알려져 있습니다. 또한 세계에서 두 번째로 큰 끓는 호수가 있으며 하이킹, 스노클링, 다이빙 같은 다양한 야외 활동을 즐길 수 있습니다. 수도 로조는 화려한 건축물과 북적이는 시장이 있는 활기찬 도시입니다.",mt
REGIONTEXT|2515|0,Grenada,그레나다,mt
REGIONTEXT|2515|1,"\42 Grenada is a small island nation located in the southern Caribbean Sea. Known as the 'Spice Island', Grenada is famous for its production of nutmeg, cloves, and cinnamon. The island is also home to beautiful beaches, crystal clear waters, and a variety of outdoor activities such as hiking, diving, and sailing. Its capital, St. George's, is a picturesque city with a colorful harbor and historic forts.","\42 그레나다는 카리브 해 남부에 있는 작은 섬나라입니다. 향신료의 섬으로 알려져 있으며 육두구, 정향, 계피 생산으로 유명합니다. 섬에는 아름다운 해변, 맑은 바다가 있고 하이킹, 다이빙, 항해 같은 다양한 야외 활동을 즐길 수 있습니다. 수도 세인트조지스는 알록달록한 항구와 역사적인 요새가 있는 그림 같은 도시입니다.",mt
REGIONTEXT|2516|0,Guadeloupe,과들루프,mt
REGIONTEXT|2516|1,"\42 Guadeloupe is a Caribbean island located in the Lesser Antilles, which is an overseas region of France. The island is known for its beautiful beaches, lush rainforests, and excellent cuisine that blends French and Caribbean flavors. The capital city, Pointe-à-Pitre, is a bustling port town with a vibrant market, while the smaller town of Deshaies is famous for its botanical gardens and stunning views.","\42 과들루프는 소앤틸리스 제도에 있는 카리브 섬으로 프랑스의 해외 지역입니다. 아름다운 해변, 울창한 열대우림, 프랑스와 카리브의 풍미가 어우러진 훌륭한 요리로 알려져 있습니다. 수도 푸앵타피트르는 활기찬 시장이 있는 북적이는 항구 도시이고, 더 작은 마을 데세는 식물원과 멋진 전망으로 유명합니다.",mt
REGIONTEXT|2517|0,Martinique,마르티니크,mt
REGIONTEXT|2517|1,"\42 Martinique is a French island located in the eastern Caribbean Sea. It is known for its beautiful beaches, tropical rainforests, and volcanic peaks. The island is home to many historic sites, such as Fort-de-France, the capital city, and Saint-Pierre, which was destroyed by a volcanic eruption in 1902. The local cuisine is a fusion of French and Creole flavors, and the island is famous for its rum.","\42 마르티니크는 카리브 해 동부에 있는 프랑스령 섬입니다. 아름다운 해변, 열대우림, 화산 봉우리로 알려져 있습니다. 섬에는 수도 포르드프랑스와 1902년 화산 폭발로 파괴된 생피에르 등 많은 역사 유적이 있습니다. 현지 요리는 프랑스와 크레올의 풍미가 융합되어 있으며 섬은 럼으로 유명합니다.",mt
REGIONTEXT|2518|0,Antilles,앤틸리스,mt
REGIONTEXT|2518|1,"\42 The Netherlands Antilles was a constituent country of the Kingdom of the Netherlands. It consisted of several islands in the Caribbean, including Curacao, Bonaire, Saba, Sint Eustatius, and Sint Maarten. In 2010, the Netherlands Antilles was dissolved, and its islands were divided into two new constituent countries: Curacao and Sint Maarten, and three special municipalities of the Netherlands: Bonaire, Saba, and Sint Eustatius.","\42 네덜란드령 안틸레스는 네덜란드 왕국의 구성국이었습니다. 퀴라소, 보네르, 사바, 신트외스타티위스, 신트마르턴 등 카리브 해의 여러 섬으로 이루어져 있었습니다. 2010년에 네덜란드령 안틸레스가 해체되어, 섬들은 퀴라소와 신트마르턴이라는 두 개의 새 구성국과 보네르, 사바, 신트외스타티위스라는 네덜란드의 세 특별 자치체로 나뉘었습니다.",mt
REGIONTEXT|2519|0,St Kitts & Nevis,세인트키츠 네비스,mt
REGIONTEXT|2519|1,"\42 St. Kitts and Nevis is a two-island nation located in the Caribbean Sea. It gained independence from the United Kingdom in 1983 and is a member of the Commonwealth. The country's economy is based on tourism, agriculture, and light manufacturing. Its capital is Basseterre, and its population is approximately 53,000.","\42 세인트키츠 네비스는 카리브 해에 있는 두 섬으로 이루어진 나라입니다. 1983년에 영국에서 독립했으며 영연방 회원국입니다. 경제는 관광, 농업, 경공업에 기반합니다. 수도는 바스테르이며 인구는 약 5만 3천 명입니다.",mt
REGIONTEXT|2520|0,Saint Lucia,세인트루시아,mt
REGIONTEXT|2520|1,"\42 Saint Lucia is a sovereign island country located in the eastern Caribbean Sea. It gained independence from the United Kingdom in 1979 and is a member of the Commonwealth. The country's economy is based on tourism, agriculture, and light manufacturing. Its capital is Castries, and its population is approximately 184,000.","\42 세인트루시아는 카리브 해 동부에 있는 주권 섬나라입니다. 1979년에 영국에서 독립했으며 영연방 회원국입니다. 경제는 관광, 농업, 경공업에 기반합니다. 수도는 캐스트리스이며 인구는 약 18만 4천 명입니다.",mt
REGIONTEXT|2521|0,Grenadines,그레나딘,mt
REGIONTEXT|2521|1,"\42 The Grenadines is a chain of islands located in the Caribbean Sea, southeast of Saint Vincent. It is part of the country of Saint Vincent and the Grenadines and is known for its beautiful beaches, crystal-clear waters, and excellent sailing opportunities. The Grenadines consist of approximately 32 islands and cays, with Bequia, Mustique, Canouan, Mayreau, Tobago Cays, and Union Island being the most well-known.","\42 그레나딘은 세인트빈센트 남동쪽 카리브 해에 있는 섬 무리입니다. 세인트빈센트 그레나딘 국가의 일부이며 아름다운 해변, 맑은 바다, 뛰어난 항해 환경으로 알려져 있습니다. 그레나딘은 약 32개의 섬과 암초로 이루어져 있으며 베키아, 머스티크, 카누안, 마유로, 토바고 케이스, 유니언 섬이 가장 잘 알려져 있습니다.",mt
REGIONTEXT|2522|0,Trinidad,트리니다드,mt
REGIONTEXT|2522|1,"\42 Trinidad is an island country located in the Caribbean Sea, just off the northeastern coast of Venezuela. It is known for its diverse culture, including its Carnival celebrations, steelpan music, and cuisine influenced by African, Indian, and European traditions.","\42 트리니다드는 베네수엘라 북동부 해안 바로 앞 카리브 해에 있는 섬나라입니다. 카니발 축제, 스틸팬 음악, 아프리카와 인도와 유럽의 전통이 스며든 음식 등 다채로운 문화로 알려져 있습니다.",mt
REGIONTEXT|2523|0,Anguilla,앵귈라,mt
REGIONTEXT|2523|1,"\42 Anguilla is a British overseas territory located in the eastern Caribbean Sea. It is a small island known for its beautiful beaches and crystal-clear waters, making it a popular destination for tourists. The island's economy relies heavily on tourism and offshore banking.",\42 앵귈라는 카리브 해 동부에 있는 영국 해외 영토입니다. 아름다운 해변과 맑은 바다로 알려진 작은 섬으로 인기 관광지입니다. 섬의 경제는 관광과 역외 금융에 크게 의존합니다.,mt
REGIONTEXT|2524|0,Guantanamo,관타나모,mt
REGIONTEXT|2524|1,"\42 Guantanamo is a city located in southeastern Cuba, known for its U.S. naval base and detention camp. The base was established in 1903 as part of a lease agreement between the U.S. and Cuba, and has been controversial due to its use as a detention center for terrorism suspects.","\42 관타나모는 쿠바 남동부에 있는 도시로, 미국 해군 기지와 수용소로 알려져 있습니다. 이 기지는 1903년 미국과 쿠바 간의 임대 계약에 따라 설치되었으며, 테러 용의자 수용 시설로 쓰이면서 논란이 되어 왔습니다.",mt
REGIONTEXT|2601|0,Mexico,멕시코,mt
REGIONTEXT|2601|1,"\42 Mexico is a country located in North America, bordered by the United States to the north and Belize and Guatemala to the south. It is known for its rich history, diverse culture, beautiful beaches, and delicious cuisine, including tacos, enchiladas, and guacamole. Mexico is also home to many famous landmarks, such as Chichen Itza, the Mayan ruins, and the beaches of Cancun.","\42 멕시코는 북아메리카에 있는 나라로, 북쪽으로 미국, 남쪽으로 벨리즈와 과테말라와 국경을 맞대고 있습니다. 풍부한 역사, 다채로운 문화, 아름다운 해변, 타코, 엔칠라다, 과카몰레 같은 맛있는 음식으로 알려져 있습니다. 멕시코에는 치첸이트사, 마야 유적, 칸쿤 해변 같은 유명한 명소도 많습니다.",mt
REGIONTEXT|2602|0,El Salvador,엘살바도르,mt
REGIONTEXT|2602|1,"\42 El Salvador is a small country located in Central America, bordered by Guatemala and Honduras. It has a population of about 6.5 million people and its capital is San Salvador. The country is known for its beautiful beaches, natural parks, and vibrant culture. However, it also faces significant social and economic challenges, including poverty, inequality, and violence.","\42 엘살바도르는 중앙아메리카에 있는 작은 나라로, 과테말라, 온두라스와 국경을 맞대고 있습니다. 인구는 약 650만 명이며 수도는 산살바도르입니다. 아름다운 해변, 자연공원, 활기찬 문화로 알려져 있습니다. 그러나 빈곤, 불평등, 폭력을 비롯한 심각한 사회적, 경제적 과제에도 직면해 있습니다.",mt
REGIONTEXT|2603|0,Guatemala,과테말라,mt
REGIONTEXT|2603|1,"\42 Guatemala is a country located in Central America, bordered by Mexico to the north and Belize, Honduras, and El Salvador to the east. It is known for its rich culture, Mayan heritage, and beautiful landscapes, including volcanoes, lakes, and ancient ruins. However, the country also faces challenges related to poverty, inequality, and political instability.","\42 과테말라는 중앙아메리카에 있는 나라로, 북쪽으로 멕시코, 동쪽으로 벨리즈, 온두라스, 엘살바도르와 국경을 맞대고 있습니다. 풍부한 문화, 마야 유산, 화산, 호수, 고대 유적 등 아름다운 풍경으로 알려져 있습니다. 그러나 빈곤, 불평등, 정치적 불안정과 관련한 과제도 안고 있습니다.",mt
REGIONTEXT|2604|0,Honduras,온두라스,mt
REGIONTEXT|2604|1,"\42 Honduras is a country located in Central America, bordered by Guatemala, El Salvador, and Nicaragua. It is known for its diverse culture, beautiful beaches, and stunning natural scenery, including national parks and ancient ruins. However, Honduras also faces challenges related to poverty, inequality, and crime.","\42 온두라스는 중앙아메리카에 있는 나라로, 과테말라, 엘살바도르, 니카라과와 국경을 맞대고 있습니다. 다채로운 문화, 아름다운 해변, 국립공원과 고대 유적을 비롯한 멋진 자연 경관으로 알려져 있습니다. 그러나 온두라스 역시 빈곤, 불평등, 범죄와 관련한 과제를 안고 있습니다.",mt
REGIONTEXT|2605|0,Nicaragua,니카라과,mt
REGIONTEXT|2605|1,"\42 Nicaragua is a country located in Central America, bordered by Honduras to the north and Costa Rica to the south. It is known for its beautiful landscapes, including lakes, volcanoes, and rainforests, as well as its rich culture and history. Nicaragua has faced political instability and economic challenges in recent years, but it remains a fascinating and beautiful destination for travelers.","\42 니카라과는 중앙아메리카에 있는 나라로, 북쪽으로 온두라스, 남쪽으로 코스타리카와 국경을 맞대고 있습니다. 호수, 화산, 열대우림 등 아름다운 풍경과 풍부한 문화와 역사로 알려져 있습니다. 니카라과는 최근 몇 년간 정치적 불안정과 경제적 어려움을 겪었지만 여전히 여행자에게 매력적이고 아름다운 여행지입니다.",mt
REGIONTEXT|2606|0,Panama,파나마,mt
REGIONTEXT|2606|1,"\42 Panama is a country located in Central America, bordered by Costa Rica to the north and Colombia to the south. It is known for its famous canal that connects the Atlantic and Pacific Oceans, as well as its diverse culture and natural beauty. Panama is home to stunning beaches, lush rainforests, and historic landmarks, such as the Panama Viejo and Casco Viejo. It is also a popular destination for ecotourism and adventure sports.","\42 파나마는 중앙아메리카에 있는 나라로, 북쪽으로 코스타리카, 남쪽으로 콜롬비아와 국경을 맞대고 있습니다. 대서양과 태평양을 잇는 유명한 운하와 다채로운 문화, 자연의 아름다움으로 알려져 있습니다. 파나마에는 멋진 해변, 울창한 열대우림, 파나마 비에호와 카스코 비에호 같은 역사적 명소가 있습니다. 생태 관광과 모험 스포츠로도 인기 있는 여행지입니다.",mt
REGIONTEXT|2607|0,Costa Rica,코스타리카,mt
REGIONTEXT|2607|1,"\42 Costa Rica is a country located in Central America, bordered by Nicaragua to the north and Panama to the south. It is known for its biodiversity, stunning landscapes, and commitment to environmental conservation. Costa Rica has numerous national parks and protected areas, including the Monteverde Cloud Forest Reserve and the Corcovado National Park. It is also a popular destination for ecotourism, adventure sports, and beach vacations.","\42 코스타리카는 중앙아메리카에 있는 나라로, 북쪽으로 니카라과, 남쪽으로 파나마와 국경을 맞대고 있습니다. 생물 다양성, 멋진 풍경, 환경 보전에 대한 노력으로 알려져 있습니다. 코스타리카에는 몬테베르데 운무림 보호구역과 코르코바도 국립공원을 비롯한 수많은 국립공원과 보호 구역이 있습니다. 생태 관광, 모험 스포츠, 해변 휴양지로도 인기가 높습니다.",mt
REGIONTEXT|2608|0,Belize,벨리즈,mt
REGIONTEXT|2608|1,"\42 Belize is a country located on the northeastern coast of Central America, bordered by Mexico to the north and Guatemala to the west and south. It is known for its rich cultural heritage, stunning coral reefs, and diverse wildlife. Belize has numerous archaeological sites, including the ancient Maya city of Caracol and the Altun Ha ruins. The country also boasts the world-renowned Belize Barrier Reef Reserve System, which is a popular destination for scuba diving and snorkeling.","\42 벨리즈는 중앙아메리카 북동부 해안에 있는 나라로, 북쪽으로 멕시코, 서쪽과 남쪽으로 과테말라와 국경을 맞대고 있습니다. 풍부한 문화유산, 멋진 산호초, 다양한 야생동물로 알려져 있습니다. 벨리즈에는 고대 마야 도시 카라콜과 알툰하 유적을 비롯한 수많은 고고학 유적지가 있습니다. 또한 스쿠버 다이빙과 스노클링 명소로 인기 있는 세계적으로 유명한 벨리즈 보초 보호구역 시스템이 있습니다.",mt
REGIONTEXT|2609|0,Canal Zone,운하 지대,mt
REGIONTEXT|2609|1,"\42 The Canal Zone was a 553-square-mile area in Panama that was controlled by the United States from 1903 until 1979. The area was created to manage and maintain the Panama Canal, a critical waterway connecting the Atlantic and Pacific Oceans. The Canal Zone was home to thousands of U.S. military and civilian personnel and their families, and had its own government, schools, and infrastructure. The area was returned to Panama in 1979 under the terms of the Torrijos-Carter Treaties.","\42 운하 지대는 1903년부터 1979년까지 미국이 관할했던 파나마 내 553제곱마일 면적의 지역이었습니다. 이 지역은 대서양과 태평양을 잇는 중요한 수로인 파나마 운하를 운영하고 유지하기 위해 만들어졌습니다. 운하 지대에는 수천 명의 미국 군인과 민간인 및 그 가족이 살았으며 자체 정부, 학교, 기반 시설을 갖추고 있었습니다. 이 지역은 1979년 토리호스-카터 조약에 따라 파나마에 반환되었습니다.",mt
REGIONTEXT|2700|0,North East US,미국 북동부,mt
REGIONTEXT|2700|1,"\42 The Northeastern United States, also referred to as the Northeast, is a region of the country that includes the six New England states (Maine, Vermont, New Hampshire, Massachusetts, Rhode Island, and Connecticut), as well as New York, New Jersey, and Pennsylvania. This region is known for its historic sites, cultural diversity, and scenic landscapes, including the Appalachian Mountains, the Atlantic coastline, and the Great Lakes. Major cities in the Northeast include Boston, New York City, Philadelphia, and Washington D.C.","\42 미국 북동부는 노스이스트라고도 하며, 뉴잉글랜드의 여섯 개 주(메인, 버몬트, 뉴햄프셔, 매사추세츠, 로드아일랜드, 코네티컷)와 뉴욕, 뉴저지, 펜실베이니아를 포함하는 지역입니다. 이 지역은 역사 유적, 문화적 다양성, 애팔래치아 산맥과 대서양 해안선, 오대호 등 경치 좋은 풍경으로 알려져 있습니다. 북동부의 주요 도시로는 보스턴, 뉴욕, 필라델피아, 워싱턴 D.C.가 있습니다.",mt
REGIONTEXT|2701|0,Maine,메인,mt
REGIONTEXT|2701|1,"\42 Maine is the northernmost state in New England and is known for its rugged coastline, lobster fishing industry, and abundant forests. The state is also home to Acadia National Park, which offers stunning natural beauty and outdoor recreation opportunities. Portland is the largest city in Maine and is known for its historic architecture, culinary scene, and arts and cultural offerings.","\42 메인은 뉴잉글랜드에서 가장 북쪽에 있는 주로, 험준한 해안선, 바닷가재 어업, 풍부한 숲으로 알려져 있습니다. 이 주에는 빼어난 자연의 아름다움과 야외 레저를 즐길 수 있는 아카디아 국립공원도 있습니다. 포틀랜드는 메인 최대 도시이며 역사적인 건축, 음식 문화, 예술과 문화 활동으로 알려져 있습니다.",mt
REGIONTEXT|2702|0,Massachusetts,매사추세츠,mt
REGIONTEXT|2702|1,"\42 Massachusetts is a state in the New England region of the United States, known for its rich history, scenic coastline, and thriving economy. The state is home to Boston, the capital and largest city, which played a crucial role in the American Revolution and is now a major center of education, healthcare, and technology. Other notable destinations in Massachusetts include Cape Cod, Martha's Vineyard, and the Berkshire Mountains.","\42 매사추세츠는 미국 뉴잉글랜드 지역에 있는 주로, 풍부한 역사, 경치 좋은 해안선, 번영하는 경제로 알려져 있습니다. 주도이자 최대 도시인 보스턴은 미국 독립 혁명에서 중요한 역할을 했으며 지금은 교육, 의료, 기술의 주요 중심지입니다. 매사추세츠의 다른 명소로는 케이프코드, 마서스비니어드, 버크셔 산맥이 있습니다.",mt
REGIONTEXT|2703|0,New Hampshire,뉴햄프셔,mt
REGIONTEXT|2703|1,"\42 New Hampshire is a state in the New England region of the United States, known for its scenic beauty, outdoor recreation opportunities, and historic sites. The state is home to the White Mountains, which offer hiking, skiing, and other outdoor activities, as well as Lake Winnipesaukee, a popular summer destination. The capital of New Hampshire is Concord, and other notable cities include Manchester and Portsmouth.","\42 뉴햄프셔는 미국 뉴잉글랜드 지역에 있는 주로, 경치의 아름다움, 야외 레저 활동, 유적지로 알려져 있습니다. 이 주에는 하이킹과 스키 등 야외 활동을 즐길 수 있는 화이트 산맥과 인기 여름 휴양지인 위니페소키 호수가 있습니다. 뉴햄프셔의 주도는 콩코드이며 맨체스터와 포츠머스도 주요 도시입니다.",mt
REGIONTEXT|2704|0,New York,뉴욕,mt
REGIONTEXT|2704|1,"\42 New York is a state in the northeastern region of the United States, known for its bustling cities, iconic landmarks, and diverse culture. The state is home to the largest city in the country, New York City, which is a global center of finance, entertainment, and fashion. Other notable destinations in New York include the Niagara Falls, the Adirondack Mountains, and the Finger Lakes wine region.","\42 뉴욕은 미국 북동부에 있는 주로, 북적이는 도시, 상징적인 명소, 다채로운 문화로 알려져 있습니다. 이 주에는 금융, 엔터테인먼트, 패션의 세계적 중심지이자 미국 최대 도시인 뉴욕 시가 있습니다. 뉴욕의 다른 명소로는 나이아가라 폭포, 애디론댁 산맥, 핑거 레이크스 와인 산지가 있습니다.",mt
REGIONTEXT|2705|0,Pennsylvania,펜실베이니아,mt
REGIONTEXT|2705|1,"\42 Pennsylvania is a state in the northeastern region of the United States, known for its history, culture, and natural beauty. The state played a key role in the American Revolution and is home to many historic sites, including Independence Hall in Philadelphia. Pennsylvania is also known for its Amish communities, rolling hills, and the Pocono Mountains. The state's largest city is Philadelphia, and other notable cities include Pittsburgh and Harrisburg.","\42 펜실베이니아는 미국 북동부에 있는 주로, 역사, 문화, 자연의 아름다움으로 알려져 있습니다. 이 주는 미국 독립 혁명에서 핵심적인 역할을 했으며 필라델피아의 독립 기념관을 비롯한 많은 역사 유적이 있습니다. 펜실베이니아는 아미시 공동체, 완만한 구릉, 포코노 산맥으로도 알려져 있습니다. 이 주의 최대 도시는 필라델피아이며 피츠버그와 해리스버그도 주요 도시입니다.",mt
REGIONTEXT|2706|0,Vermont,버몬트,mt
REGIONTEXT|2706|1,"\42 Vermont is a state located in the northeastern region of the United States known for its natural beauty and outdoor recreation opportunities. The state is famous for its picturesque countryside, covered bridges, and maple syrup production. Vermont is also known for its progressive politics and environmental initiatives, such as being the first state to legalize same-sex marriage. The state's largest city is Burlington, and other notable cities include Montpelier and Brattleboro.","\42 버몬트는 미국 북동부에 있는 주로, 자연의 아름다움과 야외 레저 활동으로 알려져 있습니다. 그림 같은 전원 풍경, 지붕 덮인 다리, 메이플 시럽 생산으로 유명합니다. 버몬트는 동성 결혼을 처음 합법화한 주라는 점에서 보듯이 진보적인 정치와 환경 정책으로도 알려져 있습니다. 이 주의 최대 도시는 벌링턴이며 몬트필리어와 브래틀보로도 주요 도시입니다.",mt
REGIONTEXT|2707|0,Michigan,미시간,mt
REGIONTEXT|2707|1,"\42 Michigan is a state located in the Great Lakes region of the United States, known for its natural beauty, diverse economy, and automotive industry. The state is divided into two peninsulas, with the Upper Peninsula known for its rugged wilderness areas and the Lower Peninsula known for its metropolitan areas and sandy beaches. Michigan is also home to several major universities, including the University of Michigan and Michigan State University.","\42 미시간은 미국 오대호 지역에 있는 주로, 자연의 아름다움, 다양한 경제, 자동차 산업으로 알려져 있습니다. 이 주는 두 개의 반도로 나뉘며, 어퍼 반도는 험준한 원시 자연으로, 로어 반도는 대도시 지역과 모래 해변으로 알려져 있습니다. 미시간에는 미시간 대학교와 미시간 주립대학교를 비롯한 여러 주요 대학도 있습니다.",mt
REGIONTEXT|2708|0,Indiana,인디애나,mt
REGIONTEXT|2708|1,"\42 Indiana is a state located in the Midwest region of the United States, known for its diverse economy, historic sites, and college basketball. The state is home to several universities, including Indiana University and Purdue University. Indiana is also known for its love of motorsports, with the Indianapolis 500 being held annually in the capital city of Indianapolis.","\42 인디애나는 미국 중서부 지역에 있는 주로, 다양한 경제, 역사 유적, 대학 농구로 알려져 있습니다. 이 주에는 인디애나 대학교와 퍼듀 대학교를 비롯한 여러 대학이 있습니다. 인디애나는 모터스포츠 사랑으로도 알려져 있으며 주도 인디애나폴리스에서 해마다 인디애나폴리스 500이 열립니다.",mt
REGIONTEXT|2709|0,Ohio,오하이오,mt
REGIONTEXT|2709|1,"\42 Ohio is a state located in the Great Lakes region of the United States, known for its contributions to American history, including the birthplace of several U.S. presidents and the Wright brothers. The state is also home to several major cities, including Cleveland and Cincinnati, and is a hub for manufacturing and agriculture.","\42 오하이오는 미국 오대호 지역에 있는 주로, 여러 미국 대통령과 라이트 형제의 출생지 등 미국 역사에 기여한 것으로 알려져 있습니다. 이 주에는 클리블랜드와 신시내티를 비롯한 여러 주요 도시가 있으며 제조업과 농업의 중심지입니다.",mt
REGIONTEXT|2710|0,Illinois,일리노이,mt
REGIONTEXT|2710|1,"\42 Illinois is a state located in the Midwestern region of the United States, known for its major cities, including Chicago, its contributions to American history, and its vast agricultural industry. The state is also home to several universities, including the University of Illinois and Northwestern University, and is a hub for transportation and manufacturing.","\42 일리노이는 미국 중서부 지역에 있는 주로, 시카고를 비롯한 주요 도시, 미국 역사에 대한 기여, 방대한 농업으로 알려져 있습니다. 이 주에는 일리노이 대학교와 노스웨스턴 대학교를 비롯한 여러 대학이 있으며 교통과 제조업의 중심지입니다.",mt
REGIONTEXT|2711|0,Iowa,아이오와,mt
REGIONTEXT|2711|1,"\42 Iowa is a state located in the Midwestern region of the United States, known for its vast fields of corn and soybeans, as well as its contributions to American politics with the Iowa caucuses being the first major event in the U.S. presidential election cycle. The state is also home to several universities, including Iowa State University and the University of Iowa.","\42 아이오와는 미국 중서부 지역에 있는 주로, 광활한 옥수수와 콩 재배지로 알려져 있으며, 아이오와 코커스가 미국 대통령 선거 과정의 첫 주요 행사라는 점에서 미국 정치에도 기여하고 있습니다. 이 주에는 아이오와 주립대학교와 아이오와 대학교를 비롯한 여러 대학도 있습니다.",mt
REGIONTEXT|2712|0,Missouri,미주리,mt
REGIONTEXT|2712|1,"\42 Missouri is a state located in the Midwestern region of the United States, known for its gateway arch in St. Louis, its contributions to American history with the famous Lewis and Clark expedition, and its diverse landscape that includes the Ozark Mountains and the Missouri River. The state is also home to several universities, including the University of Missouri and Washington University in St. Louis.","\42 미주리는 미국 중서부에 있는 주로, 세인트루이스의 게이트웨이 아치, 유명한 루이스 클라크 탐험 등 미국 역사에 기여한 점, 오자크 산맥과 미주리 강을 아우르는 다채로운 지형으로 알려져 있습니다. 미주리 대학교와 세인트루이스 워싱턴 대학교를 비롯한 여러 대학도 이곳에 있습니다.",mt
REGIONTEXT|2713|0,Minnesota,미네소타,mt
REGIONTEXT|2713|1,"\42 Minnesota is a state located in the northern region of the United States, known for its lakes, forests, and natural beauty. The state's largest city, Minneapolis, is famous for its vibrant arts and culture scene, while St. Paul is the state capital. Minnesota is also home to the famous Mall of America, the largest mall in the United States, as well as several prestigious universities, including the University of Minnesota.","\42 미네소타는 미국 북부에 있는 주로, 호수와 숲, 자연경관으로 유명합니다. 이 주에서 가장 큰 도시인 미니애폴리스는 활기찬 예술·문화 분야로 이름나 있고, 세인트폴은 주도입니다. 미네소타에는 미국에서 가장 큰 쇼핑몰인 유명한 몰 오브 아메리카와 미네소타 대학교를 비롯한 명문 대학도 있습니다.",mt
REGIONTEXT|2714|0,Wisconsin,위스콘신,mt
REGIONTEXT|2714|1,"\42 Wisconsin is a state located in the Midwest region of the United States, known for its cheese, dairy farms, and beautiful landscapes. Its largest city, Milwaukee, is famous for its brewing history and iconic Harley-Davidson motorcycle company. The state capital is Madison, which is home to the University of Wisconsin-Madison, one of the largest universities in the United States. Wisconsin is also home to several beautiful state parks and forests, such as the Apostle Islands National Lakeshore and the Chequamegon-Nicolet National Forest.","\42 위스콘신은 미국 중서부에 있는 주로, 치즈와 낙농장, 아름다운 풍경으로 알려져 있습니다. 가장 큰 도시인 밀워키는 양조 역사와 상징적인 할리 데이비슨 오토바이 회사로 유명합니다. 주도는 매디슨으로, 미국 최대 규모의 대학 중 하나인 위스콘신 대학교 매디슨 캠퍼스가 있습니다. 위스콘신에는 아포슬 제도 국립 호숫가와 체쿼메곤 니콜렛 국유림 같은 아름다운 주립 공원과 숲도 여럿 있습니다.",mt
REGIONTEXT|2715|0,Connecticut,코네티컷,mt
REGIONTEXT|2715|1,"\42 Connecticut is a small state located in the northeastern region of the United States. It is known for its beautiful shoreline, historic towns, and picturesque countryside. The state capital is Hartford, which is home to many historic landmarks and museums, including the Mark Twain House and Museum. Connecticut is also known for its prestigious universities, such as Yale University and the University of Connecticut. Popular tourist destinations include Mystic Seaport, the Gillette Castle State Park, and the Foxwoods Resort Casino.","\42 코네티컷은 미국 북동부에 있는 작은 주입니다. 아름다운 해안선과 유서 깊은 마을, 그림 같은 전원 풍경으로 알려져 있습니다. 주도는 하트퍼드로, 마크 트웨인 하우스 박물관을 비롯한 많은 역사 유적과 박물관이 있습니다. 코네티컷은 예일 대학교, 코네티컷 대학교 같은 명문 대학으로도 유명합니다. 대표적인 관광지로는 미스틱 시포트, 질레트 캐슬 주립 공원, 폭스우즈 리조트 카지노가 있습니다.",mt
REGIONTEXT|2716|0,Rhode Island,로드아일랜드,mt
REGIONTEXT|2716|1,"\42 Rhode Island is the smallest state in the United States, located in the northeastern region of the country. It is known for its beautiful coastline, historic architecture, and rich colonial history. The state capital is Providence, which is home to Brown University and the Rhode Island School of Design. Rhode Island is also famous for its delicious seafood, including clam chowder and lobster rolls. Popular tourist destinations include Newport, with its famous mansions and yachting culture, and Block Island, known for its stunning beaches and nature trails.","\42 로드아일랜드는 미국에서 가장 작은 주로, 미국 북동부에 있습니다. 아름다운 해안선과 유서 깊은 건축물, 풍부한 식민지 시대 역사로 알려져 있습니다. 주도는 프로비던스로, 브라운 대학교와 로드아일랜드 디자인 학교가 있습니다. 로드아일랜드는 클램 차우더와 랍스터 롤 같은 맛있는 해산물 요리로도 유명합니다. 대표적인 관광지로는 유명한 저택과 요트 문화를 자랑하는 뉴포트, 멋진 해변과 자연 산책로로 알려진 블록 아일랜드가 있습니다.",mt
REGIONTEXT|2717|0,Delaware,델라웨어,mt
REGIONTEXT|2717|1,"\42 Delaware is a small state located on the east coast of the United States. It is known for being the first state to ratify the U.S. Constitution, earning it the nickname 'The First State.' Delaware is also famous for its tax-free shopping, beautiful beaches, and DuPont family legacy. The state capital is Dover, but the largest city is Wilmington, which is home to many businesses and financial institutions. Popular tourist destinations include Rehoboth Beach, with its boardwalk and amusement parks, and the Brandywine Valley, which features stunning gardens and museums.","\42 델라웨어는 미국 동해안에 있는 작은 주입니다. 미국 헌법을 가장 먼저 비준한 주로 알려져 있어 '첫 번째 주'라는 별칭을 얻었습니다. 델라웨어는 면세 쇼핑, 아름다운 해변, 듀폰 가문의 유산으로도 유명합니다. 주도는 도버이지만 가장 큰 도시는 윌밍턴으로, 많은 기업과 금융 기관이 자리하고 있습니다. 대표적인 관광지로는 해안 산책로와 놀이공원이 있는 리호보스 비치, 멋진 정원과 박물관이 있는 브랜디와인 밸리가 있습니다.",mt
REGIONTEXT|2718|0,DC,워싱턴 D.C.,mt
REGIONTEXT|2718|1,"\42 DC stands for the District of Columbia, the capital of the United States. It is home to famous landmarks like the White House, the Lincoln Memorial, and the National Mall. It has a rich history and vibrant cultural scene, with a diverse population and many museums and galleries.","\42 DC는 미국의 수도인 컬럼비아 특별구를 뜻합니다. 백악관, 링컨 기념관, 내셔널 몰 같은 유명한 명소가 있습니다. 풍부한 역사와 활기찬 문화를 지니고 있으며, 다양한 인구 구성과 수많은 박물관·미술관이 있습니다.",mt
REGIONTEXT|2719|0,Maryland,메릴랜드,mt
REGIONTEXT|2719|1,"\42 Maryland is a state located in the eastern region of the United States. It is known for its scenic beauty, including the Chesapeake Bay and the Appalachian Mountains. The state has a diverse economy, with industries ranging from biotechnology and healthcare to manufacturing and tourism.",\42 메릴랜드는 미국 동부에 있는 주입니다. 체서피크 만과 애팔래치아 산맥을 비롯한 빼어난 경치로 알려져 있습니다. 이 주는 생명공학과 보건 의료에서 제조업과 관광에 이르기까지 다양한 산업으로 이루어진 다각적인 경제를 갖추고 있습니다.,mt
REGIONTEXT|2720|0,New Jersey,뉴저지,mt
REGIONTEXT|2720|1,"\42 New Jersey is a state located in the northeastern region of the United States. It is known for its beaches and boardwalks, as well as its diverse cultural and historical attractions, including the Liberty Bell and Ellis Island. The state has a strong economy, with industries ranging from pharmaceuticals and healthcare to finance and tourism.","\42 뉴저지는 미국 북동부에 있는 주입니다. 해변과 보드워크, 그리고 자유의 종과 엘리스 섬을 비롯한 다양한 문화·역사 명소로 알려져 있습니다. 이 주는 제약과 보건 의료에서 금융과 관광에 이르기까지 다양한 산업이 어우러진 탄탄한 경제를 갖추고 있습니다.",mt
REGIONTEXT|2727|0,Cuba,쿠바,mt
REGIONTEXT|2727|1,"\42 Cuba is an island nation located in the Caribbean Sea. It is known for its vibrant culture, including its music, dance, and art, as well as its beautiful beaches and historic architecture. The country has a unique political and economic system, with a socialist government and state-controlled economy.","\42 쿠바는 카리브 해에 있는 섬나라입니다. 음악, 춤, 미술을 아우르는 활기찬 문화와 아름다운 해변, 유서 깊은 건축물로 알려져 있습니다. 이 나라는 사회주의 정부와 국가가 통제하는 경제를 갖춘 독특한 정치·경제 체제를 지니고 있습니다.",mt
REGIONTEXT|2796|0,Connecticut,코네티컷,mt
REGIONTEXT|2796|1,"\42 Connecticut is a small state located in the northeastern region of the United States. It is known for its beautiful shoreline, historic towns, and picturesque countryside. The state capital is Hartford, which is home to many historic landmarks and museums, including the Mark Twain House and Museum. Connecticut is also known for its prestigious universities, such as Yale University and the University of Connecticut. Popular tourist destinations include Mystic Seaport, the Gillette Castle State Park, and the Foxwoods Resort Casino.","\42 코네티컷은 미국 북동부에 있는 작은 주입니다. 아름다운 해안선과 유서 깊은 마을, 그림 같은 전원 풍경으로 알려져 있습니다. 주도는 하트퍼드로, 마크 트웨인 하우스 박물관을 비롯한 많은 역사 유적과 박물관이 있습니다. 코네티컷은 예일 대학교, 코네티컷 대학교 같은 명문 대학으로도 유명합니다. 대표적인 관광지로는 미스틱 시포트, 질레트 캐슬 주립 공원, 폭스우즈 리조트 카지노가 있습니다.",mt
REGIONTEXT|2797|0,New England,뉴잉글랜드,mt
REGIONTEXT|2797|1,"\42 New England is a region located in the northeastern part of the United States, comprising six states: Connecticut, Maine, Massachusetts, New Hampshire, Rhode Island, and Vermont. It is known for its rich history, scenic beauty, and cultural attractions, including colonial-era landmarks, picturesque small towns, and world-renowned universities.","\42 뉴잉글랜드는 미국 북동부에 있는 지역으로, 코네티컷, 메인, 매사추세츠, 뉴햄프셔, 로드아일랜드, 버몬트의 여섯 개 주로 이루어져 있습니다. 식민지 시대 유적, 그림 같은 작은 마을, 세계적으로 이름난 대학 등 풍부한 역사와 빼어난 경치, 문화 명소로 알려져 있습니다.",mt
REGIONTEXT|2798|0,Jersey,저지,mt
REGIONTEXT|2798|1,"\42 Jersey is a British Crown Dependency located in the English Channel. It is the largest of the Channel Islands and is known for its beautiful beaches, cliffside walks, and historical landmarks, including Mont Orgueil Castle and the Jersey War Tunnels. The island has its own government, legal system, and currency, but it is under the protection of the British Crown.","\42 저지는 영국 해협에 있는 영국 왕실령입니다. 채널 제도 가운데 가장 큰 섬이며, 아름다운 해변과 절벽 산책로, 몽 오르게이 성과 저지 전쟁 터널 같은 역사 유적으로 알려져 있습니다. 이 섬은 자체 정부와 법 체계, 통화를 갖고 있지만 영국 왕실의 보호 아래 있습니다.",mt
REGIONTEXT|2800|0,South East US,미국 남동부,mt
REGIONTEXT|2800|1,"\42 The Southeast region of the United States is comprised of 12 states, including Alabama, Arkansas, Florida, Georgia, Kentucky, Louisiana, Mississippi, North Carolina, South Carolina, Tennessee, Virginia, and West Virginia. It is known for its warm climate, beautiful beaches, rich history, and cultural diversity. The region is also a hub for agriculture, manufacturing, and technology industries.","\42 미국 남동부는 앨라배마, 아칸소, 플로리다, 조지아, 켄터키, 루이지애나, 미시시피, 노스캐롤라이나, 사우스캐롤라이나, 테네시, 버지니아, 웨스트버지니아의 12개 주로 이루어져 있습니다. 따뜻한 기후와 아름다운 해변, 풍부한 역사, 문화적 다양성으로 알려져 있습니다. 이 지역은 농업, 제조업, 기술 산업의 중심지이기도 합니다.",mt
REGIONTEXT|2801|0,Florida,플로리다,mt
REGIONTEXT|2801|1,"\42 Florida is a state located in the southeastern region of the United States. It is known for its warm climate, beautiful beaches, theme parks, and diverse wildlife. Some of the most popular tourist destinations in Florida include Miami, Orlando, Key West, and the Everglades National Park. The state is also home to many retirees and has a thriving economy based on industries such as tourism, agriculture, and aerospace.","\42 플로리다는 미국 남동부에 있는 주입니다. 따뜻한 기후와 아름다운 해변, 테마파크, 다양한 야생동물로 알려져 있습니다. 플로리다의 대표적인 관광지로는 마이애미, 올랜도, 키웨스트, 에버글레이즈 국립공원이 있습니다. 이 주에는 은퇴자도 많이 살며, 관광, 농업, 항공우주 같은 산업을 바탕으로 한 번창하는 경제를 갖추고 있습니다.",mt
REGIONTEXT|2802|0,Georgia,조지아주,mt
REGIONTEXT|2802|1,"\42 Georgia is a state located in the southeastern region of the United States. It is known for its rich history, beautiful landscapes, and delicious Southern cuisine. The state's capital and largest city is Atlanta, which is a major hub for business, culture, and entertainment. Other popular attractions in Georgia include the historic city of Savannah, the beaches of Tybee Island, and the Blue Ridge Mountains.","\42 조지아주는 미국 남동부에 있는 주입니다. 풍부한 역사와 아름다운 경치, 맛있는 남부 요리로 알려져 있습니다. 주도이자 가장 큰 도시인 애틀랜타는 사업, 문화, 오락의 중심지입니다. 조지아의 다른 대표적인 명소로는 역사 도시 서배나, 타이비 섬의 해변, 블루리지 산맥이 있습니다.",mt
REGIONTEXT|2803|0,Alabama,앨라배마,mt
REGIONTEXT|2803|1,"\42 Alabama is a state located in the southeastern region of the United States. It is known for its Civil Rights history, southern hospitality, and diverse landscapes. The state's capital is Montgomery, but its largest city is Birmingham, which is a major industrial and cultural center. Other popular attractions in Alabama include Gulf Coast beaches, the U.S. Space and Rocket Center in Huntsville, and the Civil Rights Memorial in Montgomery.","\42 앨라배마는 미국 남동부에 있는 주입니다. 민권운동의 역사와 남부 특유의 환대, 다채로운 지형으로 알려져 있습니다. 주도는 몽고메리이지만 가장 큰 도시는 버밍엄으로, 주요 산업·문화 중심지입니다. 앨라배마의 다른 대표적인 명소로는 걸프 해안 해변, 헌츠빌의 미국 우주 로켓 센터, 몽고메리의 민권 기념관이 있습니다.",mt
REGIONTEXT|2804|0,Tennessee,테네시,mt
REGIONTEXT|2804|1,"\42 Tennessee is a state located in the southeastern region of the United States. It is known for its beautiful natural scenery, rich music heritage, and delicious Southern cuisine. The state's capital is Nashville, which is famous for its country music industry and vibrant nightlife. Other popular attractions in Tennessee include the Great Smoky Mountains National Park, the historic city of Memphis, and the iconic Graceland mansion.","\42 테네시는 미국 남동부에 있는 주입니다. 아름다운 자연 경관과 풍부한 음악 유산, 맛있는 남부 요리로 알려져 있습니다. 주도는 내슈빌로, 컨트리 음악 산업과 활기찬 밤 문화로 유명합니다. 테네시의 다른 대표적인 명소로는 그레이트스모키 산맥 국립공원, 역사 도시 멤피스, 상징적인 그레이스랜드 저택이 있습니다.",mt
REGIONTEXT|2805|0,North Carolina,노스캐롤라이나,mt
REGIONTEXT|2805|1,"\42 North Carolina is a state located in the southeastern region of the United States. It is known for its beautiful beaches, scenic mountains, and charming southern towns. The state's capital is Raleigh, but its largest city is Charlotte, which is a major financial center. Other popular attractions in North Carolina include the historic city of Asheville, the Wright Brothers National Memorial in Kitty Hawk, and the Blue Ridge Parkway.","\42 노스캐롤라이나는 미국 남동부에 있는 주입니다. 아름다운 해변과 빼어난 산세, 정감 있는 남부 마을로 알려져 있습니다. 주도는 롤리이지만 가장 큰 도시는 주요 금융 중심지인 샬럿입니다. 노스캐롤라이나의 다른 대표적인 명소로는 역사 도시 애슈빌, 키티호크의 라이트 형제 국립 기념관, 블루리지 파크웨이가 있습니다.",mt
REGIONTEXT|2806|0,South Carolina,사우스캐롤라이나,mt
REGIONTEXT|2806|1,"\42 South Carolina is a state located in the southeastern region of the United States. It is known for its historic landmarks, beautiful beaches, and rich cultural heritage. The state's capital is Columbia, but its largest city is Charleston, which is a popular tourist destination known for its well-preserved historic district. Other popular attractions in South Carolina include Myrtle Beach, Hilton Head Island, and the Fort Sumter National Monument.","\42 사우스캐롤라이나는 미국 남동부에 있는 주입니다. 역사 유적과 아름다운 해변, 풍부한 문화유산으로 알려져 있습니다. 주도는 콜럼비아이지만 가장 큰 도시는 찰스턴으로, 잘 보존된 역사 지구로 유명한 인기 관광지입니다. 사우스캐롤라이나의 다른 대표적인 명소로는 머틀 비치, 힐턴 헤드 아일랜드, 포트 섬터 국립 기념지가 있습니다.",mt
REGIONTEXT|2807|0,Kentucky,켄터키,mt
REGIONTEXT|2807|1,"\42 Kentucky is a state located in the eastern region of the United States. It is known for its beautiful horse farms, bourbon distilleries, and bluegrass music. The state's capital is Frankfort, but its largest city is Louisville, which is home to the famous Kentucky Derby horse race. Other popular attractions in Kentucky include Mammoth Cave National Park, the Muhammad Ali Center, and the historic town of Bardstown.","\42 켄터키는 미국 동부에 있는 주입니다. 아름다운 말 목장과 버번 증류소, 블루그래스 음악으로 알려져 있습니다. 주도는 프랭크퍼트이지만 가장 큰 도시는 루이빌로, 유명한 켄터키 더비 경마 대회가 열립니다. 켄터키의 다른 대표적인 명소로는 매머드 동굴 국립공원, 무하마드 알리 센터, 역사 마을 바즈타운이 있습니다.",mt
REGIONTEXT|2808|0,West Virginia,웨스트버지니아,mt
REGIONTEXT|2808|1,"\42 West Virginia is a state located in the Appalachian region of the eastern United States. It is known for its beautiful mountains, scenic trails, and outdoor recreation opportunities such as skiing, hiking, and whitewater rafting. The state's capital is Charleston, but its largest city is Huntington. Other popular attractions in West Virginia include the New River Gorge, Snowshoe Mountain Resort, and Harpers Ferry National Historical Park.","\42 웨스트버지니아는 미국 동부 애팔래치아 지역에 있는 주입니다. 아름다운 산과 경치 좋은 산책로, 스키, 하이킹, 급류 래프팅 같은 야외 활동 기회로 알려져 있습니다. 주도는 찰스턴이지만 가장 큰 도시는 헌팅턴입니다. 웨스트버지니아의 다른 대표적인 명소로는 뉴리버 협곡, 스노슈 마운틴 리조트, 하퍼스 페리 국립 역사 공원이 있습니다.",mt
REGIONTEXT|2809|0,Virginia,버지니아,mt
REGIONTEXT|2809|1,"\42 Virginia is a state located in the southeastern region of the United States. It is known for its rich history, beautiful beaches, and bustling cities such as Richmond and Virginia Beach. The state's capital is Richmond, and other popular attractions in Virginia include Colonial Williamsburg, Shenandoah National Park, and Monticello, the historic home of Thomas Jefferson.","\42 버지니아는 미국 남동부에 있는 주입니다. 풍부한 역사와 아름다운 해변, 리치먼드와 버지니아 비치 같은 번화한 도시로 알려져 있습니다. 주도는 리치먼드이며, 버지니아의 다른 대표적인 명소로는 콜로니얼 윌리엄즈버그, 셰넌도어 국립공원, 토머스 제퍼슨의 역사적인 저택 몬티첼로가 있습니다.",mt
REGIONTEXT|2810|0,Arkansas,아칸소,mt
REGIONTEXT|2810|1,"\42 Arkansas is a state located in the southern region of the United States. It is known for its natural beauty, with attractions such as Hot Springs National Park, Ozark National Forest, and the Buffalo National River. The state's capital is Little Rock, and other popular cities in Arkansas include Fayetteville and Fort Smith.","\42 아칸소는 미국 남부에 있는 주입니다. 핫스프링스 국립공원, 오자크 국유림, 버펄로 국립강 같은 명소와 함께 자연의 아름다움으로 알려져 있습니다. 주도는 리틀록이며, 아칸소의 다른 주요 도시로는 페이엇빌과 포트스미스가 있습니다.",mt
REGIONTEXT|2811|0,Louisiana,루이지애나,mt
REGIONTEXT|2811|1,"\42 Louisiana is a state located in the southern region of the United States. It is known for its unique culture, food, music, and history. The city of New Orleans is a major tourist destination, famous for its Mardi Gras celebration and jazz music scene. Other popular attractions in Louisiana include plantations, swamps, and bayous. The state's capital is Baton Rouge.","\42 루이지애나는 미국 남부에 있는 주입니다. 독특한 문화와 음식, 음악, 역사로 알려져 있습니다. 뉴올리언스는 마디 그라 축제와 재즈 음악으로 유명한 주요 관광지입니다. 루이지애나의 다른 대표적인 명소로는 대농장, 늪지, 바이유가 있습니다. 주도는 배턴루지입니다.",mt
REGIONTEXT|2812|0,Mississippi,미시시피,mt
REGIONTEXT|2812|1,"\42 Mississippi is a state located in the southern region of the United States. It is known for its rich history, music, and literature. The state is also famous for its hospitality, with the nickname 'The Hospitality State'. Popular attractions in Mississippi include the Gulf Coast, the Natchez Trace Parkway, and the Mississippi River. The state's capital is Jackson.","\42 미시시피는 미국 남부에 있는 주입니다. 풍부한 역사와 음악, 문학으로 알려져 있습니다. 이 주는 환대로도 유명해서 '환대의 주'라는 별칭이 있습니다. 미시시피의 대표적인 명소로는 걸프 해안, 나체즈 트레이스 파크웨이, 미시시피 강이 있습니다. 주도는 잭슨입니다.",mt
REGIONTEXT|2900|0,Mississippi,미시시피,mt
REGIONTEXT|2900|1,"\42 Mississippi is a state located in the southern region of the United States. It is known for its rich history, music, and literature. The state is also famous for its hospitality, with the nickname 'The Hospitality State'. Popular attractions in Mississippi include the Gulf Coast, the Natchez Trace Parkway, and the Mississippi River. The state's capital is Jackson.","\42 미시시피는 미국 남부에 있는 주입니다. 풍부한 역사와 음악, 문학으로 알려져 있습니다. 이 주는 환대로도 유명해서 '환대의 주'라는 별칭이 있습니다. 미시시피의 대표적인 명소로는 걸프 해안, 나체즈 트레이스 파크웨이, 미시시피 강이 있습니다. 주도는 잭슨입니다.",mt
REGIONTEXT|2900#2|0,West US,미국 서부,mt
REGIONTEXT|2900#2|1,"\42 The western region of the United States, commonly referred to as the West, is a diverse area that encompasses several states. The region includes California, Arizona, Colorado, Utah, Nevada, Idaho, Montana, Wyoming, New Mexico, Oregon, Washington, and Alaska. The West is known for its stunning natural beauty, including the Rocky Mountains, Grand Canyon, Yosemite National Park, and Pacific coastline. It is also a hub for the entertainment industry, technology, and outdoor recreation.","\42 흔히 서부라고 부르는 미국 서부 지역은 여러 주를 아우르는 다채로운 지역입니다. 이 지역에는 캘리포니아, 애리조나, 콜로라도, 유타, 네바다, 아이다호, 몬태나, 와이오밍, 뉴멕시코, 오리건, 워싱턴, 알래스카가 포함됩니다. 서부는 로키 산맥, 그랜드 캐니언, 요세미티 국립공원, 태평양 해안선 등 빼어난 자연의 아름다움으로 알려져 있습니다. 또한 엔터테인먼트 산업, 기술, 야외 여가 활동의 중심지이기도 합니다.",mt
REGIONTEXT|2901|0,West Texas,서부 텍사스,mt
REGIONTEXT|2901|1,"\42 Texas is the second-largest state in the United States and is located in the southern region. It is known for its unique culture, including Tex-Mex cuisine, country music, and rodeos. Texas also has a strong economy, with major industries including energy, technology, and agriculture.","\42 텍사스는 미국에서 두 번째로 큰 주로, 남부에 있습니다. 텍스멕스 요리, 컨트리 음악, 로데오를 비롯한 독특한 문화로 알려져 있습니다. 텍사스는 에너지, 기술, 농업 등 주요 산업을 바탕으로 한 탄탄한 경제도 갖추고 있습니다.",mt
REGIONTEXT|2902|0,Houston,휴스턴,mt
REGIONTEXT|2902|1,"\42 Texas is the second-largest state in the United States and is located in the southern region. It is known for its unique culture, including Tex-Mex cuisine, country music, and rodeos. Texas also has a strong economy, with major industries including energy, technology, and agriculture.","\42 텍사스는 미국에서 두 번째로 큰 주로, 남부에 있습니다. 텍스멕스 요리, 컨트리 음악, 로데오를 비롯한 독특한 문화로 알려져 있습니다. 텍사스는 에너지, 기술, 농업 등 주요 산업을 바탕으로 한 탄탄한 경제도 갖추고 있습니다.",mt
REGIONTEXT|2903|0,Dallas,댈러스,mt
REGIONTEXT|2903|1,"\42 Texas is the second-largest state in the United States and is located in the southern region. It is known for its unique culture, including Tex-Mex cuisine, country music, and rodeos. Texas also has a strong economy, with major industries including energy, technology, and agriculture.","\42 텍사스는 미국에서 두 번째로 큰 주로, 남부에 있습니다. 텍스멕스 요리, 컨트리 음악, 로데오를 비롯한 독특한 문화로 알려져 있습니다. 텍사스는 에너지, 기술, 농업 등 주요 산업을 바탕으로 한 탄탄한 경제도 갖추고 있습니다.",mt
REGIONTEXT|2904|0,Oklahoma,오클라호마,mt
REGIONTEXT|2904|1,"\42 Oklahoma is a state located in the southern region of the United States. Its capital and largest city is Oklahoma City. Known as the 'Sooner State,' Oklahoma is home to a diverse landscape that includes prairies, forests, and mountains. The state has a rich Native American history and is home to many tribal nations. Oklahoma is also known for its oil industry, agriculture, and a vibrant music scene that includes country, jazz, and blues.","\42 오클라호마는 미국 남부에 있는 주입니다. 주도이자 가장 큰 도시는 오클라호마시티입니다. '수너 주'로 알려진 오클라호마는 대초원, 숲, 산을 아우르는 다채로운 지형을 갖고 있습니다. 이 주는 풍부한 아메리카 원주민 역사를 지니고 있으며 많은 부족 국가가 자리하고 있습니다. 오클라호마는 석유 산업, 농업, 그리고 컨트리, 재즈, 블루스를 아우르는 활기찬 음악계로도 유명합니다.",mt
REGIONTEXT|2905|0,New Mexico,뉴멕시코,mt
REGIONTEXT|2905|1,"\42 New Mexico is a state located in the southwestern region of the United States. Its capital is Santa Fe, while its largest city is Albuquerque. Known as the 'Land of Enchantment,' New Mexico is a state with a rich cultural heritage that includes Native American, Spanish, and Mexican influences. The state is known for its stunning natural beauty, with attractions such as Carlsbad Caverns, White Sands National Monument, and the Sandia Mountains. New Mexico is also famous for its arts and crafts, including pottery, weaving, and jewelry-making.","\42 뉴멕시코는 미국 남서부에 있는 주입니다. 주도는 샌타페이이고 가장 큰 도시는 앨버커키입니다. '매혹의 땅'으로 알려진 뉴멕시코는 아메리카 원주민, 스페인, 멕시코의 영향이 어우러진 풍부한 문화유산을 지닌 주입니다. 칼즈배드 동굴, 화이트샌즈 국립 기념지, 샌디아 산맥 같은 명소와 함께 빼어난 자연의 아름다움으로 알려져 있습니다. 뉴멕시코는 도자기, 직물, 보석 공예를 비롯한 공예품으로도 유명합니다.",mt
REGIONTEXT|2906|0,Arizona,애리조나,mt
REGIONTEXT|2906|1,"\42 Arizona is a state located in the southwestern region of the United States. Its capital is Phoenix, and its largest city is also Phoenix. The state is known for its hot, arid climate and stunning natural landscapes, including the Grand Canyon, Sedona's red rock formations, and the Petrified Forest. Arizona is also home to several Native American tribes, including the Navajo and Hopi, and has a rich history of Old West cowboys and gunfighters.","\42 애리조나는 미국 남서부에 있는 주입니다. 주도는 피닉스이며, 가장 큰 도시도 피닉스입니다. 이 주는 덥고 건조한 기후와, 그랜드 캐니언, 세도나의 붉은 암석 지형, 석화림 같은 빼어난 자연 경관으로 알려져 있습니다. 애리조나에는 나바호족과 호피족을 비롯한 여러 아메리카 원주민 부족이 살고 있으며, 옛 서부 카우보이와 총잡이의 풍부한 역사도 지니고 있습니다.",mt
REGIONTEXT|2907|0,Washington,워싱턴,mt
REGIONTEXT|2907|1,"\42 Washington is a state located in the Pacific Northwest region of the United States. Its capital is Olympia, and its largest city is Seattle. The state is known for its lush green forests, rainy weather, and beautiful natural landscapes such as Mount Rainier and Olympic National Park. Washington is also home to major tech companies such as Microsoft and Amazon, as well as the world-famous Starbucks coffee chain.","\42 워싱턴주는 미국 태평양 연안 북서부에 있는 주입니다. 주도는 올림피아이고 가장 큰 도시는 시애틀입니다. 이 주는 울창한 푸른 숲, 비 오는 날씨, 레이니어 산과 올림픽 국립공원 같은 아름다운 자연 경관으로 알려져 있습니다. 워싱턴주에는 마이크로소프트와 아마존 같은 대형 기술 기업과 세계적으로 유명한 커피 체인 스타벅스도 있습니다.",mt
REGIONTEXT|2908|0,Idaho,아이다호,mt
REGIONTEXT|2908|1,"\42 Idaho is a state located in the northwestern region of the United States. Its capital and largest city is Boise. The state is known for its vast wilderness areas, mountains, and outdoor recreational opportunities such as hiking, skiing, and fishing. Idaho is also a major producer of potatoes, and its scenic beauty and relatively low population make it a popular destination for tourists seeking adventure and natural beauty.","\42 아이다호는 미국 북서부에 있는 주입니다. 주도이자 가장 큰 도시는 보이시입니다. 이 주는 광대한 자연 보호 지역과 산, 하이킹, 스키, 낚시 같은 야외 여가 활동으로 알려져 있습니다. 아이다호는 감자의 주요 생산지이기도 하며, 빼어난 경치와 비교적 적은 인구 덕분에 모험과 자연의 아름다움을 찾는 관광객에게 인기 있는 여행지입니다.",mt
REGIONTEXT|2909|0,Montana,몬태나,mt
REGIONTEXT|2909|1,"\42 Montana is a state located in the western region of the United States. Its capital city is Helena and its largest city is Billings. Montana is known for its rugged mountains, wide-open spaces, and abundant wildlife, making it a popular destination for outdoor enthusiasts. The state is also home to Glacier National Park, Yellowstone National Park, and several other scenic attractions.","\42 몬태나는 미국 서부에 있는 주입니다. 주도는 헬레나이고 가장 큰 도시는 빌링스입니다. 몬태나는 험준한 산과 탁 트인 공간, 풍부한 야생동물로 알려져 있어 야외 활동 애호가에게 인기 있는 여행지입니다. 이 주에는 글레이셔 국립공원, 옐로스톤 국립공원 등 여러 경승지도 있습니다.",mt
REGIONTEXT|2910|0,North Dakota,노스다코타,mt
REGIONTEXT|2910|1,"\42 North Dakota is a state located in the Midwestern region of the United States. It is known for its expansive prairies, scenic Badlands, and rich Native American heritage. The state is a major producer of wheat, soybeans, and other agricultural products, and it also has a growing energy sector.","\42 노스다코타는 미국 중서부에 있는 주입니다. 드넓은 대초원과 경치 좋은 배드랜즈, 풍부한 아메리카 원주민 유산으로 알려져 있습니다. 이 주는 밀, 대두 등 농산물의 주요 생산지이며 에너지 부문도 성장하고 있습니다.",mt
REGIONTEXT|2911|0,South Dakota,사우스다코타,mt
REGIONTEXT|2911|1,"\42 South Dakota is a state located in the Midwestern region of the United States. It is home to Mount Rushmore National Memorial, which features the faces of four U.S. presidents carved into a granite mountain. The state is also known for its scenic Badlands, expansive prairies, and numerous state parks.","\42 사우스다코타는 미국 중서부에 있는 주입니다. 화강암 산에 미국 대통령 네 명의 얼굴을 새긴 러시모어 산 국립 기념지가 있습니다. 이 주는 경치 좋은 배드랜즈와 드넓은 대초원, 수많은 주립 공원으로도 알려져 있습니다.",mt
REGIONTEXT|2912|0,Oregon,오리건,mt
REGIONTEXT|2912|1,"\42 Oregon is a state located in the Pacific Northwest region of the United States. It is known for its diverse landscape, including mountains, forests, beaches, and high deserts. The state is home to numerous national parks, including Crater Lake National Park, and is also a major producer of timber, seafood, and wine.","\42 오리건은 미국 태평양 연안 북서부에 있는 주입니다. 산, 숲, 해변, 고지 사막을 아우르는 다채로운 지형으로 알려져 있습니다. 이 주에는 크레이터 레이크 국립공원을 비롯한 수많은 국립공원이 있으며, 목재, 해산물, 와인의 주요 생산지이기도 합니다.",mt
REGIONTEXT|2913|0,Wyoming,와이오밍,mt
REGIONTEXT|2913|1,"\42 Wyoming is a state located in the western region of the United States. It is known for its stunning natural beauty, including Yellowstone National Park and Grand Teton National Park, both of which offer opportunities for hiking, camping, and wildlife watching. The state is also a major producer of coal, natural gas, and oil.","\42 와이오밍은 미국 서부에 있는 주입니다. 옐로스톤 국립공원과 그랜드 티턴 국립공원을 비롯한 빼어난 자연의 아름다움으로 알려져 있으며, 두 곳 모두 하이킹, 캠핑, 야생동물 관찰을 즐길 수 있습니다. 이 주는 석탄, 천연가스, 석유의 주요 생산지이기도 합니다.",mt
REGIONTEXT|2914|0,Nebraska,네브래스카,mt
REGIONTEXT|2914|1,"\42 Nebraska is a state located in the Midwestern region of the United States. It is known for its vast prairies, cornfields, and historic trails, including the Oregon Trail and the Pony Express. The state is also home to numerous museums, including the Strategic Air Command and Aerospace Museum, and is a major producer of beef and corn.","\42 네브래스카는 미국 중서부에 있는 주입니다. 광활한 대초원과 옥수수밭, 오리건 트레일과 포니 익스프레스를 비롯한 역사적인 길로 알려져 있습니다. 이 주에는 전략공군사령부 항공우주 박물관을 비롯한 수많은 박물관이 있으며, 쇠고기와 옥수수의 주요 생산지입니다.",mt
REGIONTEXT|2915|0,Nevada,네바다,mt
REGIONTEXT|2915|1,"\42 Nevada is a state located in the western region of the United States. It is known for its entertainment industry, including Las Vegas, which is famous for its casinos, shows, and nightlife. The state is also home to numerous natural attractions, such as Lake Tahoe, the Hoover Dam, and the Valley of Fire State Park.","\42 네바다는 미국 서부에 있는 주입니다. 카지노와 쇼, 밤 문화로 유명한 라스베이거스를 비롯한 엔터테인먼트 산업으로 알려져 있습니다. 이 주에는 타호 호수, 후버 댐, 밸리 오브 파이어 주립공원 같은 수많은 자연 명소도 있습니다.",mt
REGIONTEXT|2916|0,Utah,유타,mt
REGIONTEXT|2916|1,"\42 Utah is a state located in the western region of the United States. It is known for its stunning natural beauty, including five national parks: Zion, Bryce Canyon, Capitol Reef, Canyonlands, and Arches. The state is also home to numerous ski resorts, the Great Salt Lake, and the Mormon Tabernacle Choir.","\42 유타는 미국 서부에 있는 주입니다. 자이언, 브라이스 캐니언, 캐피톨 리프, 캐니언랜즈, 아치스의 다섯 국립공원을 비롯한 빼어난 자연의 아름다움으로 알려져 있습니다. 이 주에는 수많은 스키 리조트와 그레이트솔트 호, 모르몬 타버내클 합창단도 있습니다.",mt
REGIONTEXT|2917|0,Colorado,콜로라도,mt
REGIONTEXT|2917|1,"\42 Colorado is a state located in the western region of the United States. It is known for its stunning natural beauty, including the Rocky Mountains, numerous national forests, and outdoor recreation opportunities like skiing, hiking, and rafting. The state is also home to vibrant cities like Denver and Colorado Springs.","\42 콜로라도는 미국 서부에 있는 주입니다. 로키 산맥과 수많은 국유림, 스키, 하이킹, 래프팅 같은 야외 여가 활동 기회를 비롯한 빼어난 자연의 아름다움으로 알려져 있습니다. 이 주에는 덴버와 콜로라도스프링스 같은 활기찬 도시도 있습니다.",mt
REGIONTEXT|2918|0,Kansas,캔자스,mt
REGIONTEXT|2918|1,"\42 Kansas is a state located in the Midwestern region of the United States. It is known for its vast wheat fields and prairies, earning it the nickname the 'Sunflower State.' The state is also home to several historic sites, including the Brown v. Board of Education National Historic Site and the Tallgrass Prairie National Preserve.",\42 캔자스는 미국 중서부에 있는 주입니다. 드넓은 밀밭과 대초원으로 알려져 있어 '해바라기 주'라는 별칭을 얻었습니다. 이 주에는 브라운 대 교육위원회 국립 사적지와 톨그래스 프레리 국립 보호구를 비롯한 여러 역사 유적도 있습니다.,mt
REGIONTEXT|2919|0,North California,북캘리포니아,mt
REGIONTEXT|2919|1,"\42 California is the most populous state in the United States, with a population of over 39 million people. It has a diverse economy, with major industries including technology, entertainment, agriculture, and tourism. California is also known for its progressive politics and environmental policies.","\42 캘리포니아는 인구가 3900만 명이 넘는, 미국에서 인구가 가장 많은 주입니다. 기술, 엔터테인먼트, 농업, 관광 등 주요 산업을 갖춘 다각적인 경제를 지니고 있습니다. 캘리포니아는 진보적인 정치와 환경 정책으로도 알려져 있습니다.",mt
REGIONTEXT|2920|0,South California,남캘리포니아,mt
REGIONTEXT|2920|1,"\42 California is the most populous state in the United States, with a population of over 39 million people. It has a diverse economy, with major industries including technology, entertainment, agriculture, and tourism. California is also known for its progressive politics and environmental policies.","\42 캘리포니아는 인구가 3900만 명이 넘는, 미국에서 인구가 가장 많은 주입니다. 기술, 엔터테인먼트, 농업, 관광 등 주요 산업을 갖춘 다각적인 경제를 지니고 있습니다. 캘리포니아는 진보적인 정치와 환경 정책으로도 알려져 있습니다.",mt
REGIONTEXT|2989|0,United States,미국,mt
REGIONTEXT|2989|1,"\42 The United States is a federal republic consisting of 50 states, a federal district, and several territories. It is the third-largest country by population and land area. The country has a diverse geography and climate, ranging from the tropical beaches of Hawaii to the frozen tundra of Alaska. The US is known for its cultural diversity, political influence, and economic power.","\42 미국은 50개 주와 연방 특별구, 여러 영토로 이루어진 연방 공화국입니다. 인구와 국토 면적 모두 세계 3위입니다. 이 나라는 하와이의 열대 해변에서 알래스카의 얼어붙은 툰드라에 이르기까지 다양한 지리와 기후를 갖추고 있습니다. 미국은 문화적 다양성과 정치적 영향력, 경제력으로 알려져 있습니다.",mt
REGIONTEXT|2997|0,Texas,텍사스,mt
REGIONTEXT|2997|1,"\42 Texas, the second-largest state in the US, holds geopolitical significance with its diverse economy, including energy resources and agriculture. Its conservative political leanings, border with Mexico, military presence, and population size make it influential in national politics, while its economic strength positions it as a key player in the global energy market.","\42 미국에서 두 번째로 큰 주인 텍사스는 에너지 자원과 농업을 아우르는 다각적인 경제로 지정학적 중요성을 지닙니다. 보수적인 정치 성향, 멕시코와 맞닿은 국경, 군사 시설, 인구 규모 덕분에 국가 정치에 큰 영향력을 행사하며, 경제력으로 세계 에너지 시장의 핵심 주체로 자리매김하고 있습니다.",mt
REGIONTEXT|2998|0,California,캘리포니아,mt
REGIONTEXT|2998|1,"\42 California, the most populous state in the US, holds geopolitical importance with its diverse economy, technological innovation, and cultural influence. Its coastal location on the Pacific Ocean facilitates global trade and connects it to Asia. California's progressive politics, focus on renewable energy, and strong entertainment industry contribute to its global influence. Its size, economic power, and cultural output make it a significant player in both national and international arenas.","\42 미국에서 인구가 가장 많은 주인 캘리포니아는 다각적인 경제와 기술 혁신, 문화적 영향력으로 지정학적 중요성을 지닙니다. 태평양에 면한 해안 위치는 세계 무역을 촉진하고 아시아와 연결해 줍니다. 캘리포니아의 진보적인 정치, 재생 에너지에 대한 집중, 탄탄한 엔터테인먼트 산업은 세계적인 영향력의 바탕이 됩니다. 규모와 경제력, 문화 콘텐츠 덕분에 국내외 무대 모두에서 중요한 주체입니다.",mt
REGIONTEXT|2999|0,United States,미국,mt
REGIONTEXT|2999|1,"\42 The United States is a federal republic consisting of 50 states, a federal district, and several territories. It is the third-largest country by population and land area. The country has a diverse geography and climate, ranging from the tropical beaches of Hawaii to the frozen tundra of Alaska. The US is known for its cultural diversity, political influence, and economic power.","\42 미국은 50개 주와 연방 특별구, 여러 영토로 이루어진 연방 공화국입니다. 인구와 국토 면적 모두 세계 3위입니다. 이 나라는 하와이의 열대 해변에서 알래스카의 얼어붙은 툰드라에 이르기까지 다양한 지리와 기후를 갖추고 있습니다. 미국은 문화적 다양성과 정치적 영향력, 경제력으로 알려져 있습니다.",mt
REGIONTEXT|301|0,Kenya,케냐,mt
REGIONTEXT|301|1,"\42 Kenya is a country located in East Africa, known for its diverse wildlife, stunning landscapes, and vibrant culture. The country has a population of around 50 million people, with Nairobi as its capital. Kenya is home to some of Africa's most iconic wildlife reserves, including the Maasai Mara and Amboseli National Park.","\42 케냐는 동아프리카에 있는 나라로, 다양한 야생동물과 빼어난 경치, 활기찬 문화로 알려져 있습니다. 인구는 약 5000만 명이며 수도는 나이로비입니다. 케냐에는 마사이마라와 암보셀리 국립공원 등 아프리카를 대표하는 야생동물 보호구역이 있습니다.",mt
REGIONTEXT|302|0,Eritrea,에리트레아,mt
REGIONTEXT|302|1,"\42 Eritrea is a country in East Africa bordered by Sudan, Ethiopia, Djibouti, and the Red Sea. It gained independence from Ethiopia in 1993 after a long struggle. Eritrea's economy is mostly based on agriculture and mining. The country has a diverse ethnic and linguistic background, with Tigrinya and Arabic being the official languages.","\42 에리트레아는 동아프리카에 있는 나라로, 수단, 에티오피아, 지부티, 홍해와 접해 있습니다. 오랜 투쟁 끝에 1993년 에티오피아로부터 독립했습니다. 에리트레아의 경제는 주로 농업과 광업에 기반합니다. 이 나라는 민족과 언어 구성이 다양하며, 티그리냐어와 아랍어가 공용어입니다.",mt
REGIONTEXT|303|0,Ethiopia,에티오피아,mt
REGIONTEXT|303|1,"\42 Ethiopia is a country located in the Horn of Africa, with a population of over 110 million people. It has a diverse landscape, including the Simien Mountains, the Blue Nile Falls, and the Danakil Depression. Ethiopia is home to over 80 ethnic groups and is the origin of the coffee plant.","\42 에티오피아는 아프리카의 뿔 지역에 있는 나라로, 인구가 1억 1000만 명이 넘습니다. 시미엔 산맥, 청나일 폭포, 다나킬 저지대 등 다채로운 지형을 갖고 있습니다. 에티오피아에는 80개가 넘는 민족이 살고 있으며, 커피나무의 원산지입니다.",mt
REGIONTEXT|304|0,Somalia,소말리아,mt
REGIONTEXT|304|1,"\42 Somalia is a country located in the Horn of Africa, bordered by Ethiopia, Kenya, and the Indian Ocean. It has a rich history and culture, but has also faced significant challenges such as conflict, poverty, and insecurity. The country has been experiencing a civil war since 1991, resulting in displacement, humanitarian crises, and limited access to basic services.","\42 소말리아는 아프리카의 뿔 지역에 있는 나라로, 에티오피아, 케냐, 인도양과 접해 있습니다. 풍부한 역사와 문화를 지녔지만 분쟁, 빈곤, 치안 불안 같은 심각한 어려움도 겪어 왔습니다. 이 나라는 1991년부터 내전을 겪고 있으며, 그 결과 피란민 발생, 인도적 위기, 기본 서비스 접근 제한이 이어지고 있습니다.",mt
REGIONTEXT|305|0,Rwanda,르완다,mt
REGIONTEXT|305|1,"\42 Rwanda is a small country located in East Africa known for its stunning scenery and diverse wildlife, including the endangered mountain gorilla. The country has made significant progress in recent years, particularly in areas such as healthcare and education, and has become a popular destination for tourists interested in cultural and natural experiences.","\42 르완다는 동아프리카에 있는 작은 나라로, 빼어난 경치와 멸종 위기에 처한 마운틴고릴라를 비롯한 다양한 야생동물로 알려져 있습니다. 이 나라는 최근 몇 년간 특히 보건과 교육 분야에서 상당한 진전을 이루었으며, 문화와 자연 체험에 관심 있는 관광객에게 인기 있는 여행지가 되었습니다.",mt
REGIONTEXT|306|0,Djibouti,지부티,mt
REGIONTEXT|306|1,"\42 Djibouti is a small country located in the Horn of Africa. It is a mix of diverse cultures and languages, with Arabic, French, and Somali being the most commonly spoken. Djibouti has a strategic location at the entrance to the Red Sea, making it an important transit hub. Its economy is largely dependent on its port and foreign military bases.","\42 지부티는 아프리카의 뿔 지역에 있는 작은 나라입니다. 다양한 문화와 언어가 어우러져 있으며, 아랍어, 프랑스어, 소말리어가 가장 많이 쓰입니다. 지부티는 홍해 입구라는 전략적 위치 덕분에 중요한 통행 요충지입니다. 경제는 항구와 외국 군사 기지에 크게 의존합니다.",mt
REGIONTEXT|307|0,Burundi,부룬디,mt
REGIONTEXT|307|1,"\42 Burundi is a landlocked country in East Africa. It is known for its beautiful landscape, which includes mountains, forests, and lakes. The country has faced political instability and ethnic conflict in the past but has made progress in recent years. The official languages are Kirundi and French.","\42 부룬디는 동아프리카에 있는 내륙국입니다. 산, 숲, 호수가 어우러진 아름다운 풍경으로 알려져 있습니다. 이 나라는 과거에 정치적 불안정과 민족 갈등을 겪었지만 최근 몇 년간 진전을 이루었습니다. 공용어는 키룬디어와 프랑스어입니다.",mt
REGIONTEXT|308|0,Sudan,수단,mt
REGIONTEXT|308|1,"\42 Sudan is a country located in North Africa. It is the third-largest country in Africa and has a diverse ethnic and cultural makeup. Sudan is known for its ancient civilizations, including the pyramids of Meroe, and its recent history of conflict, including the Darfur crisis. The official language is Arabic, and Islam is the dominant religion.","\42 수단은 북아프리카에 있는 나라입니다. 아프리카에서 세 번째로 큰 나라이며 민족과 문화 구성이 다양합니다. 수단은 메로에 피라미드를 비롯한 고대 문명과, 다르푸르 사태를 포함한 최근의 분쟁 역사로 알려져 있습니다. 공용어는 아랍어이며 이슬람교가 주된 종교입니다.",mt
REGIONTEXT|309|0,Uganda,우간다,mt
REGIONTEXT|309|1,"\42 Uganda is a landlocked country in East Africa known for its diverse wildlife and stunning natural beauty. Its capital and largest city is Kampala. The official languages are English and Swahili. Uganda is home to the famous Bwindi Impenetrable National Park, a UNESCO World Heritage Site and one of the last remaining habitats of the mountain gorilla.","\42 우간다는 동아프리카에 있는 내륙국으로, 다양한 야생동물과 빼어난 자연의 아름다움으로 알려져 있습니다. 수도이자 가장 큰 도시는 캄팔라입니다. 공용어는 영어와 스와힐리어입니다. 우간다에는 유네스코 세계유산이자 마운틴고릴라의 마지막 서식지 가운데 하나인 유명한 브윈디 천연 국립공원이 있습니다.",mt
REGIONTEXT|310|0,Tanzania,탄자니아,mt
REGIONTEXT|310|1,"\42 Tanzania is a country in East Africa known for its stunning natural beauty, including the Serengeti National Park and Mount Kilimanjaro. It has a diverse population of over 100 ethnic groups and a rich cultural heritage. The economy is driven by agriculture, mining, and tourism. The official languages are Swahili and English.","\42 탄자니아는 동아프리카에 있는 나라로, 세렝게티 국립공원과 킬리만자로 산을 비롯한 빼어난 자연의 아름다움으로 알려져 있습니다. 100개가 넘는 민족으로 이루어진 다양한 인구와 풍부한 문화유산을 지니고 있습니다. 경제는 농업, 광업, 관광이 이끕니다. 공용어는 스와힐리어와 영어입니다.",mt
REGIONTEXT|3101|0,England,잉글랜드,mt
REGIONTEXT|3101|1,"\42 England is a country located in the southern part of the island of Great Britain. It is the largest country in the United Kingdom and has a rich history, with many important landmarks such as Stonehenge and Buckingham Palace. It is also known for its iconic cities such as London and Manchester.","\42 잉글랜드는 그레이트브리튼 섬 남부에 있는 나라입니다. 영국을 이루는 나라 가운데 가장 크며, 스톤헨지와 버킹엄 궁전 같은 중요한 명소가 많은 풍부한 역사를 지니고 있습니다. 런던과 맨체스터 같은 상징적인 도시로도 알려져 있습니다.",mt
REGIONTEXT|311|0,Somaliland,소말릴란드,mt
REGIONTEXT|311|1,"\42 Somaliland is a self-declared state located in the Horn of Africa, internationally recognized as part of Somalia. It has its own government, military, and currency, and has maintained relative stability compared to the rest of Somalia. However, it is not recognized as a sovereign state by the international community.","\42 소말릴란드는 아프리카의 뿔 지역에 있는, 독립을 자처하는 국가로 국제적으로는 소말리아의 일부로 인정됩니다. 자체 정부와 군대, 통화를 갖고 있으며 소말리아의 나머지 지역에 비해 비교적 안정을 유지해 왔습니다. 그러나 국제 사회는 이 나라를 주권 국가로 인정하지 않습니다.",mt
REGIONTEXT|313|0,South Sudan,남수단,mt
REGIONTEXT|313|1,"\42 South Sudan is a country located in East-Central Africa. It gained independence from Sudan in 2011. South Sudan is known for its diverse cultures, vast wilderness, and wildlife. The country has experienced years of conflict and violence, with ongoing efforts towards peace and stability.","\42 남수단은 동중부 아프리카에 있는 나라입니다. 2011년 수단으로부터 독립했습니다. 남수단은 다양한 문화와 광활한 자연, 야생동물로 알려져 있습니다. 이 나라는 수년간 분쟁과 폭력을 겪었으며, 평화와 안정을 위한 노력이 계속되고 있습니다.",mt
REGIONTEXT|314|0,Rapid Support Forces,신속지원군,mt
REGIONTEXT|314|1,"\42 The Rapid Support Forces (RSF) in Sudan played a significant role in the country's geopolitical landscape. Originally established as a paramilitary force to combat insurgents, the RSF gained prominence under the rule of ousted President Omar al-Bashir. It became a powerful and controversial entity involved in various conflicts, including the Darfur crisis. Led by General Mohamed Hamdan Dagal, also known as Hemedti, the RSF's actions raised concerns over human rights abuses and its role in suppressing protests.",\42 수단의 신속지원군(RSF)은 이 나라의 지정학적 지형에서 중대한 역할을 해 왔습니다. 본래 반군에 맞서는 준군사 조직으로 창설된 RSF는 축출된 오마르 알바시르 대통령 집권기에 두각을 나타냈습니다. 이 조직은 다르푸르 사태를 비롯한 여러 분쟁에 연루된 강력하고 논란 많은 세력이 되었습니다. 헤메티로도 알려진 모하메드 함단 다갈레 장군이 이끄는 RSF의 행동은 인권 침해와 시위 탄압에서의 역할에 대한 우려를 낳았습니다.,mt
REGIONTEXT|3390|0,England,잉글랜드,mt
REGIONTEXT|3390|1,"\42 England, a constituent country of the United Kingdom, holds geopolitical importance with its historical, cultural, and economic influence. It encompasses a diverse landscape and has a thriving economy, particularly in finance, technology, and creative industries. With London as its capital, England is a global financial center and a hub for international trade. Its colonial history and membership in international organizations such as the Commonwealth further contribute to its geopolitical significance.","\42 영국을 구성하는 나라인 잉글랜드는 역사적, 문화적, 경제적 영향력으로 지정학적 중요성을 지닙니다. 다채로운 지형을 아우르며 특히 금융, 기술, 창조 산업 분야에서 번창하는 경제를 갖추고 있습니다. 수도 런던은 세계적인 금융 중심지이자 국제 무역의 거점입니다. 식민지 역사와 영연방 같은 국제기구 가입은 지정학적 중요성을 한층 더해 줍니다.",mt
REGIONTEXT|401|0,South Africa,남아프리카공화국,mt
REGIONTEXT|401|1,"\42 South Africa is a country located on the southernmost tip of the African continent. It is known for its diverse culture, stunning landscapes, and abundant wildlife, including the 'Big Five' animals. The country has a rich history, including the legacy of apartheid and the leadership of Nelson Mandela. South Africa is also a major producer of gold, diamonds, and other minerals.","\42 남아프리카공화국은 아프리카 대륙 최남단에 있는 나라입니다. 다양한 문화와 빼어난 경치, '빅 파이브' 동물을 비롯한 풍부한 야생동물로 알려져 있습니다. 이 나라는 아파르트헤이트의 유산과 넬슨 만델라의 지도력을 포함한 풍부한 역사를 지니고 있습니다. 남아프리카공화국은 금, 다이아몬드 등 광물의 주요 생산국이기도 합니다.",mt
REGIONTEXT|402|0,Lesotho,레소토,mt
REGIONTEXT|402|1,"\42 Lesotho is a small landlocked country in Southern Africa. It is known for its beautiful mountainous landscapes and traditional Basotho culture. Its economy is largely based on agriculture and textiles. Lesotho is also one of the few African countries with a largely homogenous population, with the Basotho people comprising over 99% of its population.","\42 레소토는 남부 아프리카에 있는 작은 내륙국입니다. 아름다운 산악 지형과 전통 바소토 문화로 알려져 있습니다. 경제는 주로 농업과 섬유 산업에 기반합니다. 레소토는 바소토족이 인구의 99% 이상을 차지하는, 인구 구성이 대체로 단일한 몇 안 되는 아프리카 국가 중 하나이기도 합니다.",mt
REGIONTEXT|403|0,Namibia,나미비아,mt
REGIONTEXT|403|1,"\42 Namibia is a country in southern Africa known for its vast deserts, rugged coastline, and diverse wildlife. Its capital city is Windhoek. Namibia is home to the world's largest population of cheetahs and is a popular destination for ecotourism. It gained independence from South Africa in 1990 and has since become a stable, democratic country with a growing economy.","\42 나미비아는 남부 아프리카에 있는 나라로, 광활한 사막과 험준한 해안선, 다양한 야생동물로 알려져 있습니다. 수도는 빈트후크입니다. 나미비아에는 세계에서 가장 많은 치타가 살고 있으며 생태 관광의 인기 여행지입니다. 1990년 남아프리카공화국으로부터 독립했으며, 이후 경제가 성장하는 안정적인 민주주의 국가가 되었습니다.",mt
REGIONTEXT|404|0,Madagascar,마다가스카르,mt
REGIONTEXT|404|1,"\42 Madagascar is a large island nation off the southeast coast of Africa. It is known for its unique wildlife, including lemurs, and its diverse landscapes, from rainforests and beaches to deserts and mountains. The Malagasy people have a rich culture, with a blend of African, Asian, and European influences. Its official languages are Malagasy and French.","\42 마다가스카르는 아프리카 남동쪽 해안 앞바다에 있는 큰 섬나라입니다. 여우원숭이를 비롯한 독특한 야생동물과, 열대우림과 해변에서 사막과 산에 이르는 다채로운 지형으로 알려져 있습니다. 말라가시 사람들은 아프리카, 아시아, 유럽의 영향이 어우러진 풍부한 문화를 지니고 있습니다. 공용어는 말라가시어와 프랑스어입니다.",mt
REGIONTEXT|405|0,Botswana,보츠와나,mt
REGIONTEXT|405|1,"\42 Botswana is a landlocked country in Southern Africa known for its wildlife, conservation efforts, and diamond industry. The economy is one of the fastest growing in the world and the country is considered politically stable. Botswana has a diverse population, with the Tswana people being the largest ethnic group. Its capital city is Gaborone.","\42 보츠와나는 남부 아프리카에 있는 내륙국으로, 야생동물과 자연 보전 노력, 다이아몬드 산업으로 알려져 있습니다. 경제는 세계에서 가장 빠르게 성장하는 축에 속하며 정치적으로 안정된 나라로 평가받습니다. 보츠와나는 인구 구성이 다양하며 츠와나족이 가장 큰 민족 집단입니다. 수도는 가보로네입니다.",mt
REGIONTEXT|406|0,Mozambique,모잠비크,mt
REGIONTEXT|406|1,"\42 Mozambique is a country in southeastern Africa bordered by Tanzania, Malawi, Zambia, Zimbabwe, South Africa, Swaziland, and the Indian Ocean. It is known for its stunning coastline, diverse wildlife, and vibrant culture. Mozambique gained independence from Portugal in 1975, and has since overcome a long civil war to become one of the fastest growing economies in Africa. Its economy is largely driven by agriculture, mining, and tourism. In recent years, the country has been hit by natural disasters such as cyclones and droughts, posing challenges to its development.","\42 모잠비크는 아프리카 남동부에 있는 나라로, 탄자니아, 말라위, 잠비아, 짐바브웨, 남아프리카공화국, 스와질란드, 인도양과 접해 있습니다. 빼어난 해안선과 다양한 야생동물, 활기찬 문화로 알려져 있습니다. 모잠비크는 1975년 포르투갈로부터 독립했으며, 이후 오랜 내전을 극복하고 아프리카에서 가장 빠르게 성장하는 경제 중 하나가 되었습니다. 경제는 주로 농업, 광업, 관광이 이끕니다. 최근에는 사이클론과 가뭄 같은 자연재해를 입어 발전에 어려움을 겪고 있습니다.",mt
REGIONTEXT|407|0,Malawi,말라위,mt
REGIONTEXT|407|1,"\42 Malawi is a landlocked country in southeastern Africa, known as the 'Warm Heart of Africa' for its friendly people. It is home to Lake Malawi, the third largest lake in Africa, and several national parks and reserves. Malawi is one of the world's least developed countries, but has made progress in recent years in areas such as health and education.","\42 말라위는 아프리카 남동부에 있는 내륙국으로, 친절한 사람들 덕분에 '아프리카의 따뜻한 심장'으로 불립니다. 아프리카에서 세 번째로 큰 호수인 말라위 호와 여러 국립공원 및 보호구역이 있습니다. 말라위는 세계에서 가장 발전이 더딘 나라 중 하나이지만 최근 몇 년간 보건과 교육 등의 분야에서 진전을 이루었습니다.",mt
REGIONTEXT|408|0,Eswatini,에스와티니,mt
REGIONTEXT|408|1,"\42 Eswatini is a small, landlocked country located in southern Africa. It is known for its stunning landscapes, wildlife reserves, and traditional Swazi culture. The country is ruled by an absolute monarchy, and has a developing economy based on agriculture and mining. In 2018, the country changed its name to Eswatini, which means 'land of the Swazis' in the Swazi language.","\42 에스와티니는 남부 아프리카에 있는 작은 내륙국입니다. 빼어난 경치와 야생동물 보호구역, 전통 스와지 문화로 알려져 있습니다. 이 나라는 절대 군주제로 통치되며, 농업과 광업에 기반한 개발 중인 경제를 갖고 있습니다. 2018년 국명을 에스와티니로 바꾸었으며, 이는 스와지어로 '스와지족의 땅'을 뜻합니다.",mt
REGIONTEXT|409|0,Zimbabwe,짐바브웨,mt
REGIONTEXT|409|1,"\42 Zimbabwe is a landlocked country in southern Africa, known for its natural beauty, wildlife, and ancient ruins. The country has a troubled political history, marked by economic instability and human rights abuses under former President Robert Mugabe. However, recent political developments have brought some hope for positive change. The country's tourism industry is a major contributor to its economy, thanks to attractions like Victoria Falls and the Great Zimbabwe ruins.","\42 짐바브웨는 남부 아프리카에 있는 내륙국으로, 자연의 아름다움과 야생동물, 고대 유적으로 알려져 있습니다. 이 나라는 로버트 무가베 전 대통령 치하의 경제 불안과 인권 침해로 얼룩진 어려운 정치 역사를 지니고 있습니다. 그러나 최근의 정치 변화는 긍정적인 변화에 대한 희망을 가져왔습니다. 빅토리아 폭포와 그레이트 짐바브웨 유적 같은 명소 덕분에 관광 산업이 경제에 크게 기여합니다.",mt
REGIONTEXT|410|0,Angola,앙골라,mt
REGIONTEXT|410|1,"\42 Angola is a country in southwestern Africa known for its rich culture and natural resources, including oil, diamonds, and wildlife. It has a diverse population of over 30 million people and is home to numerous ethnic groups and languages. The country has a turbulent history, including a long civil war that lasted from 1975 to 2002. Today, Angola is a rapidly developing country with a growing economy and vibrant cultural scene.","\42 앙골라는 아프리카 남서부에 있는 나라로, 풍부한 문화와 석유, 다이아몬드, 야생동물을 비롯한 천연자원으로 알려져 있습니다. 3000만 명이 넘는 다양한 인구와 수많은 민족 및 언어가 있습니다. 이 나라는 1975년부터 2002년까지 이어진 긴 내전을 포함한 격동의 역사를 지니고 있습니다. 오늘날 앙골라는 경제가 성장하고 문화가 활기찬, 빠르게 발전하는 나라입니다.",mt
REGIONTEXT|411|0,Zambia,잠비아,mt
REGIONTEXT|411|1,"\42 Zambia is a landlocked country in Southern Africa. It is known for its wildlife, such as lions, leopards, and elephants, and its natural wonders like Victoria Falls. The economy is largely dependent on copper mining, but agriculture and tourism are also important. Zambia has a diverse culture with over 70 ethnic groups, and English is the official language.","\42 잠비아는 남부 아프리카에 있는 내륙국입니다. 사자, 표범, 코끼리 같은 야생동물과 빅토리아 폭포 같은 자연의 경이로 알려져 있습니다. 경제는 구리 광업에 크게 의존하지만 농업과 관광도 중요합니다. 잠비아는 70개가 넘는 민족이 어우러진 다채로운 문화를 지니고 있으며, 공용어는 영어입니다.",mt
REGIONTEXT|412|0,Congo Dem Rep,콩고민주공화국,mt
REGIONTEXT|412|1,"\42 The Democratic Republic of Congo, located in central Africa, is the second-largest country on the continent. It is rich in natural resources, including copper, cobalt, diamonds, and oil, but has faced years of conflict and instability, including a recent Ebola outbreak. Its official language is French, and it is also home to hundreds of ethnic groups speaking over 200 languages.","\42 중앙아프리카에 있는 콩고민주공화국은 아프리카 대륙에서 두 번째로 큰 나라입니다. 구리, 코발트, 다이아몬드, 석유를 비롯한 천연자원이 풍부하지만, 최근의 에볼라 확산을 포함해 수년간 분쟁과 불안정을 겪어 왔습니다. 공용어는 프랑스어이며, 수백 개의 민족이 200개가 넘는 언어를 사용합니다.",mt
REGIONTEXT|413|0,Congo,콩고,mt
REGIONTEXT|413|1,"\42 Congo, officially the Democratic Republic of the Congo, is a country in Central Africa. It is the second-largest country in Africa and is home to diverse wildlife and natural resources. The country has a turbulent history, marked by political instability, conflict, and human rights abuses.","\42 콩고, 정식 명칭 콩고민주공화국은 중앙아프리카에 있는 나라입니다. 아프리카에서 두 번째로 큰 나라이며 다양한 야생동물과 천연자원을 지니고 있습니다. 이 나라는 정치적 불안정, 분쟁, 인권 침해로 얼룩진 격동의 역사를 지니고 있습니다.",mt
REGIONTEXT|414|0,Gabon,가봉,mt
REGIONTEXT|414|1,"\42 Gabon is a country located in West-Central Africa, bordered by Equatorial Guinea, Cameroon, and the Republic of the Congo. It is known for its biodiversity and tropical rainforests, as well as being a major oil producer. The country has a diverse cultural heritage and is home to many indigenous groups.","\42 가봉은 서중부 아프리카에 있는 나라로, 적도기니, 카메룬, 콩고 공화국과 접해 있습니다. 생물 다양성과 열대우림으로 알려져 있으며 주요 산유국이기도 합니다. 이 나라는 다채로운 문화유산을 지니고 있으며 많은 토착 집단이 살고 있습니다.",mt
REGIONTEXT|415|0,Equat Guinea,적도기니,mt
REGIONTEXT|415|1,"\42 Equatorial Guinea is a country located in Central Africa, bordered by Cameroon to the north and Gabon to the south and east. The country is known for its oil and gas reserves, and has a small but growing tourism industry. Equatorial Guinea has a diverse population, with many different languages spoken.","\42 적도기니는 중앙아프리카에 있는 나라로, 북쪽으로 카메룬, 남쪽과 동쪽으로 가봉과 접해 있습니다. 석유와 가스 매장량으로 알려져 있으며, 규모는 작지만 성장하는 관광 산업을 갖고 있습니다. 적도기니는 인구 구성이 다양하며 여러 언어가 쓰입니다.",mt
REGIONTEXT|416|0,Comoros,코모로,mt
REGIONTEXT|416|1,"\42 Comoros is a small island nation located off the coast of East Africa in the Indian Ocean. It is known for its pristine beaches, coral reefs, and unique wildlife. The country has a diverse population and a mix of cultures, with a strong influence from East Africa, Madagascar, and France.","\42 코모로는 인도양에서 동아프리카 해안 앞바다에 있는 작은 섬나라입니다. 때묻지 않은 해변과 산호초, 독특한 야생동물로 알려져 있습니다. 이 나라는 다양한 인구와 여러 문화가 섞여 있으며, 동아프리카와 마다가스카르, 프랑스의 영향이 강합니다.",mt
REGIONTEXT|417|0,Mauritius,모리셔스,mt
REGIONTEXT|417|1,"\42 Mauritius is a small island nation located in the Indian Ocean, east of Madagascar. It is known for its beautiful beaches, vibrant coral reefs, and unique wildlife, including the famous dodo bird. The country has a diverse population and a rich history of colonization and immigration, including influences from India, Africa, and Europe.","\42 모리셔스는 인도양에서 마다가스카르 동쪽에 있는 작은 섬나라입니다. 아름다운 해변과 생동하는 산호초, 유명한 도도새를 비롯한 독특한 야생동물로 알려져 있습니다. 이 나라는 다양한 인구와, 인도, 아프리카, 유럽의 영향을 포함한 식민 지배와 이민의 풍부한 역사를 지니고 있습니다.",mt
REGIONTEXT|418|0,Mayotte,마요트,mt
REGIONTEXT|418|1,"\42 Mayotte is a small island located in the Indian Ocean, between Madagascar and the coast of East Africa. It is an overseas department and region of France, with French as its official language. The island is known for its beautiful beaches, lagoons, and coral reefs, as well as its unique blend of French and local cultures.","\42 마요트는 인도양에서 마다가스카르와 동아프리카 해안 사이에 있는 작은 섬입니다. 프랑스의 해외 도(道)이자 지방이며, 프랑스어가 공용어입니다. 이 섬은 아름다운 해변과 석호, 산호초, 그리고 프랑스 문화와 현지 문화의 독특한 조화로 알려져 있습니다.",mt
REGIONTEXT|419|0,Reunion,레위니옹,mt
REGIONTEXT|419|1,"\42 Reunion is a French overseas department and region located in the Indian Ocean, east of Madagascar. The island is known for its stunning natural beauty, including volcanoes, waterfalls, and lush forests. It is also home to a diverse population and a rich cultural heritage, blending French, African, Indian, and Chinese influences.","\42 레위니옹은 인도양에서 마다가스카르 동쪽에 있는 프랑스의 해외 도(道)이자 지방입니다. 이 섬은 화산, 폭포, 울창한 숲을 비롯한 빼어난 자연의 아름다움으로 알려져 있습니다. 또한 다양한 인구와, 프랑스, 아프리카, 인도, 중국의 영향이 어우러진 풍부한 문화유산을 지니고 있습니다.",mt
REGIONTEXT|420|0,Seychelles,세이셸,mt
REGIONTEXT|420|1,"\42 Seychelles is an archipelago of 115 islands located in the Indian Ocean, northeast of Madagascar. It is known for its stunning beaches, clear turquoise waters, and lush tropical vegetation. The islands are also home to unique flora and fauna, including giant tortoises and a variety of bird species.","\42 세이셸은 인도양에서 마다가스카르 북동쪽에 있는 115개 섬으로 이루어진 군도입니다. 빼어난 해변과 맑고 푸른 바다, 울창한 열대 식생으로 알려져 있습니다. 이 섬들에는 거대 거북과 다양한 조류를 비롯한 독특한 동식물도 서식합니다.",mt
REGIONTEXT|421|0,Kerguelen Isles,케르겔렌 제도,mt
REGIONTEXT|421|1,"\42 The Kerguelen Islands, also known as the Desolation Islands, are a group of islands located in the southern Indian Ocean, about halfway between Australia and Antarctica. The islands are of volcanic origin and are home to a variety of wildlife, including elephant seals, king penguins, and albatrosses.","\42 케르겔렌 제도는 '황량한 섬'이라고도 불리며, 호주와 남극 대륙의 중간쯤인 남인도양에 있는 섬들입니다. 이 섬들은 화산 기원이며 코끼리물범, 임금펭귄, 알바트로스를 비롯한 다양한 야생동물이 서식합니다.",mt
REGIONTEXT|422|0,Heard Island,허드 섬,mt
REGIONTEXT|422|1,"\42 Heard Island is a remote, uninhabited volcanic island located in the southern Indian Ocean, approximately 4,000 kilometers southwest of Perth, Australia. It is home to several active volcanoes and is covered in ice and glaciers. The island is a protected nature reserve and is designated as a UNESCO World Heritage Site.","\42 허드 섬은 호주 퍼스에서 남서쪽으로 약 4000킬로미터 떨어진 남인도양에 있는, 사람이 살지 않는 외딴 화산섬입니다. 여러 활화산이 있으며 얼음과 빙하로 덮여 있습니다. 이 섬은 보호받는 자연 보호구역이며 유네스코 세계유산으로 지정되어 있습니다.",mt
REGIONTEXT|501|0,Israel,이스라엘,mt
REGIONTEXT|501|1,"\42 Israel is a country in the Middle East, located on the eastern shores of the Mediterranean Sea. It has a diverse population, with Jewish Israelis forming the majority. Israel is known for its rich history, cultural heritage, and religious significance, and is also a hub for technological innovation and entrepreneurship.","\42 이스라엘은 지중해 동쪽 해안에 있는 중동의 나라입니다. 인구 구성이 다양하며 유대계 이스라엘인이 다수를 이룹니다. 이스라엘은 풍부한 역사와 문화유산, 종교적 의미로 알려져 있으며 기술 혁신과 창업의 중심지이기도 합니다.",mt
REGIONTEXT|502|0,Ghazzah,가자,mt
REGIONTEXT|502|1,"\42 Palestine is a geographical region in the Middle East, located between the Mediterranean Sea and the Jordan River. It has a diverse population, with Palestinians forming the majority. The region has a long and complex history, and is also known for its religious significance, particularly for Jews, Christians, and Muslims.","\42 팔레스타인은 지중해와 요르단 강 사이에 있는 중동의 지리적 지역입니다. 인구 구성이 다양하며 팔레스타인인이 다수를 이룹니다. 이 지역은 길고 복잡한 역사를 지니고 있으며, 특히 유대교도, 기독교도, 이슬람교도에게 종교적 의미가 깊은 곳으로도 알려져 있습니다.",mt
REGIONTEXT|503|0,Jordan,요르단,mt
REGIONTEXT|503|1,"\42 Jordan is a country in the Middle East, bordered by Syria to the north, Iraq to the northeast, Saudi Arabia to the east and south, and Israel and Palestine to the west. Jordan has a rich cultural heritage, with historical sites such as Petra, and is known for its hospitality, cuisine, and natural wonders like the Dead Sea.","\42 요르단은 중동에 있는 나라로, 북쪽으로 시리아, 북동쪽으로 이라크, 동쪽과 남쪽으로 사우디아라비아, 서쪽으로 이스라엘 및 팔레스타인과 접해 있습니다. 요르단은 페트라 같은 유적지를 포함한 풍부한 문화유산을 지니고 있으며, 환대와 음식, 사해 같은 자연의 경이로 알려져 있습니다.",mt
REGIONTEXT|504|0,West Bank,서안 지구,mt
REGIONTEXT|504|1,"\42 Palestine is a geographical region in the Middle East, located between the Mediterranean Sea and the Jordan River. It has a diverse population, with Palestinians forming the majority. The region has a long and complex history, and is also known for its religious significance, particularly for Jews, Christians, and Muslims.","\42 팔레스타인은 지중해와 요르단 강 사이에 있는 중동의 지리적 지역입니다. 인구 구성이 다양하며 팔레스타인인이 다수를 이룹니다. 이 지역은 길고 복잡한 역사를 지니고 있으며, 특히 유대교도, 기독교도, 이슬람교도에게 종교적 의미가 깊은 곳으로도 알려져 있습니다.",mt
REGIONTEXT|599|0,Palestine,팔레스타인,mt
REGIONTEXT|599|1,"\42 Palestine is a geographical region in the Middle East, located between the Mediterranean Sea and the Jordan River. It has a diverse population, with Palestinians forming the majority. The region has a long and complex history, and is also known for its religious significance, particularly for Jews, Christians, and Muslims.","\42 팔레스타인은 지중해와 요르단 강 사이에 있는 중동의 지리적 지역입니다. 인구 구성이 다양하며 팔레스타인인이 다수를 이룹니다. 이 지역은 길고 복잡한 역사를 지니고 있으며, 특히 유대교도, 기독교도, 이슬람교도에게 종교적 의미가 깊은 곳으로도 알려져 있습니다.",mt
REGIONTEXT|601|0,Iran,이란,mt
REGIONTEXT|601|1,"\42 Iran is a country in Western Asia, bordered by Iraq to the west, Türkiye to the northwest, Armenia to the north, Azerbaijan to the northeast, Turkmenistan to the east, Afghanistan to the southeast, and Pakistan to the south. Iran has a rich cultural heritage and is known for its history, art, and architecture, as well as its natural beauty and resources.","\42 이란은 서아시아에 있는 나라로, 서쪽으로 이라크, 북서쪽으로 튀르키예, 북쪽으로 아르메니아, 북동쪽으로 아제르바이잔, 동쪽으로 투르크메니스탄, 남동쪽으로 아프가니스탄, 남쪽으로 파키스탄과 접해 있습니다. 이란은 풍부한 문화유산을 지니고 있으며 역사, 예술, 건축은 물론 자연의 아름다움과 자원으로도 알려져 있습니다.",mt
REGIONTEXT|602|0,Iraq,이라크,mt
REGIONTEXT|602|1,"\42 Iraq is a country in Western Asia, bordered by Türkiye to the north, Iran to the east, Kuwait to the southeast, Saudi Arabia to the south, Jordan to the southwest, and Syria to the west. Iraq has a long and rich history, with ancient sites such as Babylon and the Mesopotamian civilization, and is also known for its oil reserves.","\42 이라크는 서아시아에 있는 나라로, 북쪽으로 튀르키예, 동쪽으로 이란, 남동쪽으로 쿠웨이트, 남쪽으로 사우디아라비아, 남서쪽으로 요르단, 서쪽으로 시리아와 접해 있습니다. 이라크는 바빌론과 메소포타미아 문명 같은 고대 유적을 지닌 길고 풍부한 역사를 갖고 있으며, 석유 매장량으로도 알려져 있습니다.",mt
REGIONTEXT|603|0,Kuwait,쿠웨이트,mt
REGIONTEXT|603|1,"\42 Kuwait is a small country in Western Asia, located at the northeastern tip of the Arabian Peninsula. It is bordered by Iraq to the north and west, Saudi Arabia to the south and east, and the Persian Gulf to the north, east, and south. Kuwait has a high-income economy and is known for its oil reserves, which have made it one of the richest countries in the world.","\42 쿠웨이트는 서아시아에 있는 작은 나라로, 아라비아 반도 북동쪽 끝에 있습니다. 북쪽과 서쪽으로 이라크, 남쪽과 동쪽으로 사우디아라비아와 접해 있고, 북쪽, 동쪽, 남쪽으로 페르시아 만에 면해 있습니다. 쿠웨이트는 고소득 경제를 갖추고 있으며, 세계에서 가장 부유한 나라 중 하나로 만들어 준 석유 매장량으로 알려져 있습니다.",mt
REGIONTEXT|604|0,Oman,오만,mt
REGIONTEXT|604|1,"\42 Oman is a country located in Western Asia, occupying the southeastern coast of the Arabian Peninsula. It is bordered by the United Arab Emirates to the northwest, Saudi Arabia to the west, and Yemen to the southwest. Oman has a diverse geography, including mountains, deserts, and beaches, and is known for its traditional architecture and rich history.","\42 오만은 서아시아에 있는 나라로, 아라비아 반도 남동쪽 해안을 차지하고 있습니다. 북서쪽으로 아랍에미리트, 서쪽으로 사우디아라비아, 남서쪽으로 예멘과 접해 있습니다. 오만은 산, 사막, 해변을 아우르는 다채로운 지리를 갖고 있으며 전통 건축과 풍부한 역사로 알려져 있습니다.",mt
REGIONTEXT|605|0,Qatar,카타르,mt
REGIONTEXT|605|1,"\42 Qatar is a small country located in Western Asia, occupying a peninsula in the Persian Gulf. It is bordered by Saudi Arabia to the south, and the Persian Gulf surrounds it on the remaining sides. Qatar has a high-income economy and is known for its oil and natural gas reserves, as well as its modern architecture and world-class sporting events.","\42 카타르는 서아시아에 있는 작은 나라로, 페르시아 만으로 튀어나온 반도를 차지하고 있습니다. 남쪽으로 사우디아라비아와 접해 있고, 나머지 방향은 페르시아 만이 둘러싸고 있습니다. 카타르는 고소득 경제를 갖추고 있으며 석유와 천연가스 매장량, 현대적인 건축, 세계적 수준의 스포츠 행사로 알려져 있습니다.",mt
REGIONTEXT|606|0,Saudi Arabia,사우디아라비아,mt
REGIONTEXT|606|1,"\42 Saudi Arabia is a country located in Western Asia, occupying most of the Arabian Peninsula. It is the largest country in the Middle East and is bordered by Jordan, Iraq, Kuwait, Qatar, Bahrain, the United Arab Emirates, Oman, and Yemen. Saudi Arabia is known for its oil reserves and Islamic holy sites, such as Mecca and Medina.","\42 사우디아라비아는 서아시아에 있는 나라로, 아라비아 반도 대부분을 차지하고 있습니다. 중동에서 가장 큰 나라이며 요르단, 이라크, 쿠웨이트, 카타르, 바레인, 아랍에미리트, 오만, 예멘과 접해 있습니다. 사우디아라비아는 석유 매장량과 메카, 메디나 같은 이슬람 성지로 알려져 있습니다.",mt
REGIONTEXT|607|0,Mainland Syria,시리아 본토,mt
REGIONTEXT|607|1,"\42 Mainland Syria, centered around its capital Dimashq, is the historical and cultural heart of the nation. This region features a diverse landscape, from the coastal plains to the mountains and the vast deserts. Home to ancient cities like Aleppo and Homs, Mainland Syria holds a wealth of archaeological treasures and landmarks. The ongoing conflict has profoundly impacted this area, but it remains a focal point for the country's political, economic, and cultural life.","\42 수도 디마슈크를 중심으로 한 시리아 본토는 이 나라의 역사적, 문화적 중심지입니다. 이 지역은 해안 평야에서 산지, 광활한 사막에 이르는 다채로운 지형을 갖고 있습니다. 알레포와 홈스 같은 고대 도시가 있는 시리아 본토에는 풍부한 고고학적 보물과 유적이 있습니다. 계속되는 분쟁은 이 지역에 깊은 영향을 미쳤지만, 여전히 이 나라의 정치, 경제, 문화 생활의 중심지입니다.",mt
REGIONTEXT|608|0,Lebanon,레바논,mt
REGIONTEXT|608|1,"\42 Lebanon is a country located in the Eastern Mediterranean, bordered by Syria to the north and east, and Israel to the south. Lebanon has a rich cultural and historical heritage, including ancient Phoenician ruins, Roman temples, and Islamic landmarks. It is known for its cuisine, nightlife, and scenic beauty, including the snowy peaks of Mount Lebanon.","\42 레바논은 동지중해에 있는 나라로, 북쪽과 동쪽으로 시리아, 남쪽으로 이스라엘과 접해 있습니다. 레바논은 고대 페니키아 유적, 로마 신전, 이슬람 유적을 포함한 풍부한 문화·역사 유산을 지니고 있습니다. 음식, 밤 문화, 레바논 산의 눈 덮인 봉우리를 비롯한 경치로 알려져 있습니다.",mt
REGIONTEXT|609|0,Türkiye,튀르키예,mt
REGIONTEXT|609|1,"\42 Türkiye is a transcontinental country located in both Europe and Asia, bordered by Greece and Bulgaria to the northwest, Georgia, Armenia, and Azerbaijan to the east, Iran to the southeast, and Iraq and Syria to the south. It has a rich cultural and historical heritage, including Byzantine and Ottoman empires, and is known for its cuisine, natural wonders, and ancient ruins.","\42 튀르키예는 유럽과 아시아에 걸쳐 있는 대륙 횡단 국가로, 북서쪽으로 그리스와 불가리아, 동쪽으로 조지아, 아르메니아, 아제르바이잔, 남동쪽으로 이란, 남쪽으로 이라크와 시리아와 접해 있습니다. 비잔티움 제국과 오스만 제국을 포함한 풍부한 문화·역사 유산을 지니고 있으며, 음식, 자연의 경이, 고대 유적으로 알려져 있습니다.",mt
REGIONTEXT|610|0,United Arab Emirates,아랍에미리트,mt
REGIONTEXT|610|1,"\42 The United Arab Emirates (UAE) is a country located in the southeast of the Arabian Peninsula, bordered by Oman to the east and Saudi Arabia to the south and west. It is a federation of seven emirates, with Abu Dhabi serving as the capital. The UAE is known for its modern architecture, luxury shopping, and lavish lifestyle. It is also home to some of the world's largest and most luxurious malls, as well as famous landmarks like the Burj Khalifa, the world's tallest building.","\42 아랍에미리트(UAE)는 아라비아 반도 남동부에 있는 나라로, 동쪽으로 오만, 남쪽과 서쪽으로 사우디아라비아와 접해 있습니다. 일곱 개 에미리트로 이루어진 연방이며 아부다비가 수도입니다. UAE는 현대적인 건축, 고급 쇼핑, 호화로운 생활로 알려져 있습니다. 세계 최대 규모이자 가장 화려한 쇼핑몰 가운데 일부와 세계에서 가장 높은 건물인 부르즈 할리파 같은 유명한 명소도 있습니다.",mt
REGIONTEXT|611|0,Northern Yemen,북예멘,mt
REGIONTEXT|611|1,"\42 Northern Yemen is a region marked by its rugged terrain and diverse landscapes, including mountainous areas and valleys. It encompasses the northern part of the country and plays a significant role in the dynamics of the Yemeni civil conflict. Cities such as Sana'a, the capital, and Taiz are situated in this region. Northern Yemen has historical and cultural significance, with a rich heritage shaped by its position as a center of trade and civilization throughout the centuries. The ongoing conflict, involving factions like the Houthi rebels, has added complexity to the region's geopolitical landscape.","\42 북예멘은 험준한 지형과 산지, 계곡을 아우르는 다채로운 풍경이 특징인 지역입니다. 이 나라의 북부를 이루며 예멘 내전의 흐름에서 중요한 역할을 합니다. 수도 사나와 타이즈 같은 도시가 이 지역에 있습니다. 북예멘은 수 세기에 걸쳐 무역과 문명의 중심지였던 입지가 빚어낸 풍부한 유산을 지닌 역사·문화적 의의가 큰 곳입니다. 후티 반군 같은 세력이 얽힌 계속되는 분쟁은 이 지역의 지정학적 지형을 더욱 복잡하게 만들었습니다.",mt
REGIONTEXT|613|0,Bahrain,바레인,mt
REGIONTEXT|613|1,"\42 Bahrain is a small island country in the Persian Gulf, situated between Saudi Arabia and Qatar. It has a diverse population and a long history, with evidence of human settlement dating back to ancient times. Today, Bahrain is known for its booming economy, modern infrastructure, and vibrant culture. It is a popular tourist destination, offering visitors a mix of historical landmarks, beautiful beaches, and exciting nightlife.","\42 바레인은 페르시아 만에서 사우디아라비아와 카타르 사이에 있는 작은 섬나라입니다. 다양한 인구와 긴 역사를 지니고 있으며, 고대부터 사람이 정착한 흔적이 남아 있습니다. 오늘날 바레인은 호황을 누리는 경제와 현대적인 인프라, 활기찬 문화로 알려져 있습니다. 역사 유적, 아름다운 해변, 흥미진진한 밤 문화를 두루 즐길 수 있는 인기 관광지입니다.",mt
REGIONTEXT|616|0,Straits,해협,mt
REGIONTEXT|616|1,"\42 Straits refer to narrow passages of water that connect two larger bodies of water, typically between two land masses. They are important for maritime transportation, and many of them are strategic locations for international trade and military operations. Some of the most well-known straits include the Strait of Gibraltar, the Bosphorus Strait, and the Strait of Malacca.","\42 해협은 보통 두 육지 사이에서 더 큰 두 바다를 잇는 좁은 물길을 가리킵니다. 해상 수송에 중요하며, 상당수가 국제 무역과 군사 작전의 전략적 요충지입니다. 가장 잘 알려진 해협으로는 지브롤터 해협, 보스포루스 해협, 말라카 해협이 있습니다.",mt
REGIONTEXT|617|0,Islamic State,이슬람 국가,mt
REGIONTEXT|617|1,"\42 The Islamic State, also known as ISIS or ISIL, is a militant extremist group that emerged in Iraq and Syria in the early 2010s. Their goal is to establish a caliphate, a state governed by Islamic law, across the Middle East and beyond. They have carried out numerous terrorist attacks, including beheadings, bombings, and mass shootings, targeting civilians and military personnel alike.","\42 이슬람 국가는 ISIS 또는 ISIL로도 알려진, 2010년대 초 이라크와 시리아에서 등장한 극단주의 무장 조직입니다. 이들의 목표는 중동을 비롯한 지역 전반에 이슬람 율법으로 통치되는 국가인 칼리파국을 세우는 것입니다. 이들은 민간인과 군인을 가리지 않고 참수, 폭탄 테러, 총기 난사를 비롯한 수많은 테러 공격을 저질렀습니다.",mt
REGIONTEXT|618|0,Rojava,로자바,mt
REGIONTEXT|618|1,"\42 Rojava, also known as the Autonomous Administration of North and East Syria, faces a complex geopolitical situation. The region is home to diverse ethnic and religious groups and has gained attention for its democratic, self-governing system. However, it has also been affected by the Syrian civil war and faced threats from Türkiye, which views Kurdish-led forces in the area as linked to separatist groups. The situation remains sensitive, with implications for regional stability and humanitarian concerns. ","\42 북동시리아 자치행정이라고도 불리는 로자바는 복잡한 지정학적 상황에 놓여 있습니다. 이 지역에는 다양한 민족과 종교 집단이 살고 있으며, 민주적인 자치 체제로 주목받았습니다. 그러나 시리아 내전의 영향을 받았고, 이 지역의 쿠르드 주도 세력을 분리주의 단체와 연계된 것으로 보는 튀르키예의 위협에도 직면했습니다. 상황은 여전히 민감하며 지역 안정과 인도적 우려에 영향을 미칩니다. ",mt
REGIONTEXT|619|0,Southern Yemen,남예멘,mt
REGIONTEXT|619|1,"\42 Southern Yemen is experiencing a complex geopolitical situation. It has witnessed armed conflicts, including the Southern Transitional Council's (STC) push for separatism amid the ongoing Yemeni Civil War. The region's strategic location near key shipping lanes and its vast energy reserves have drawn interest from various regional and international actors. These dynamics have resulted in political instability, humanitarian crises, and regional tensions with implications for Yemen's overall stability. ","\42 남예멘은 복잡한 지정학적 상황을 겪고 있습니다. 계속되는 예멘 내전 속에서 남부과도위원회(STC)의 분리 독립 추진을 비롯한 무력 충돌이 벌어졌습니다. 주요 해상 항로와 가까운 전략적 위치와 막대한 에너지 매장량은 여러 지역·국제 세력의 관심을 끌었습니다. 이런 역학은 정치적 불안정, 인도적 위기, 지역 긴장을 낳았으며 예멘 전체의 안정에도 영향을 미칩니다. ",mt
REGIONTEXT|620|0,Houthi,후티,mt
REGIONTEXT|620|1,"\42 The Houthis, also known as Ansar Allah, are a significant player in the Yemeni Civil War. They control northern Yemen, including the capital Sanaa, and have engaged in clashes with the internationally recognized government forces supported by a Saudi-led coalition. The Houthi movement has received backing from Iran, leading to regional tensions and humanitarian challenges. Their actions have shaped Yemen's geopolitical landscape and influenced regional dynamics in the Arabian Peninsula.","\42 안사르 알라로도 알려진 후티는 예멘 내전의 중요한 당사자입니다. 수도 사나를 포함한 북예멘을 장악하고 있으며, 사우디 주도 연합군의 지원을 받는 국제적으로 인정된 정부군과 충돌해 왔습니다. 후티 운동은 이란의 지원을 받아 지역 긴장과 인도적 문제를 불러왔습니다. 이들의 행동은 예멘의 지정학적 지형을 빚어냈고 아라비아 반도의 지역 역학에 영향을 미쳤습니다.",mt
REGIONTEXT|694|0,Syria,시리아,mt
REGIONTEXT|694|1,"\42 Syria is a country located in Western Asia, bordered by Lebanon to the west, Türkiye to the north, Iraq to the east, Jordan to the south, and Israel to the southwest. Syria has a rich history, including ancient civilizations and a significant role in early Christianity. The country has faced political unrest and violence in recent years due to the ongoing Syrian Civil War.","\42 시리아는 서아시아에 있는 나라로, 서쪽으로 레바논, 북쪽으로 튀르키예, 동쪽으로 이라크, 남쪽으로 요르단, 남서쪽으로 이스라엘과 접해 있습니다. 시리아는 고대 문명과 초기 기독교에서의 중요한 역할을 포함한 풍부한 역사를 지니고 있습니다. 이 나라는 계속되는 시리아 내전으로 최근 몇 년간 정치적 불안과 폭력을 겪었습니다.",mt
REGIONTEXT|696|0,Yemen,예멘,mt
REGIONTEXT|696|1,"\42 Yemen is a country located in the southern part of the Arabian Peninsula, bordered by Saudi Arabia to the north, Oman to the east, the Arabian Sea and Gulf of Aden to the south, and the Red Sea to the west. Yemen is known for its ancient cities and rich cultural heritage, including the old city of Sana'a, which is a UNESCO World Heritage Site. However, the country has faced ongoing conflict and humanitarian crises in recent years, including a civil war that has resulted in widespread violence and displacement.","\42 예멘은 아라비아 반도 남부에 있는 나라로, 북쪽으로 사우디아라비아, 동쪽으로 오만, 남쪽으로 아라비아 해와 아덴 만, 서쪽으로 홍해와 접해 있습니다. 예멘은 유네스코 세계유산인 사나 구시가지를 비롯한 고대 도시와 풍부한 문화유산으로 알려져 있습니다. 그러나 이 나라는 최근 몇 년간 광범위한 폭력과 피란을 낳은 내전을 포함해 계속되는 분쟁과 인도적 위기를 겪고 있습니다.",mt
REGIONTEXT|699|0,Türkiye,튀르키예,mt
REGIONTEXT|699|1,"\42 Türkiye is a transcontinental country located in both Europe and Asia, bordered by Greece and Bulgaria to the northwest, Georgia, Armenia, and Azerbaijan to the east, Iran to the southeast, and Iraq and Syria to the south. It has a rich cultural and historical heritage, including Byzantine and Ottoman empires, and is known for its cuisine, natural wonders, and ancient ruins.","\42 튀르키예는 유럽과 아시아에 걸쳐 있는 대륙 횡단 국가로, 북서쪽으로 그리스와 불가리아, 동쪽으로 조지아, 아르메니아, 아제르바이잔, 남동쪽으로 이란, 남쪽으로 이라크와 시리아와 접해 있습니다. 비잔티움 제국과 오스만 제국을 포함한 풍부한 문화·역사 유산을 지니고 있으며, 음식, 자연의 경이, 고대 유적으로 알려져 있습니다.",mt
REGIONTEXT|701|0,Armenia,아르메니아,mt
REGIONTEXT|701|1,"\42 Armenia is a country in the South Caucasus region of Eurasia. It is located in Western Asia and Eastern Europe, bordered by Georgia to the north, Azerbaijan to the east, Türkiye to the west, and Iran to the south. Its capital and largest city is Yerevan. Armenia has a rich cultural heritage and is known for its ancient Christian monasteries, beautiful mountain landscapes, and traditional cuisine.","\42 아르메니아는 유라시아 남캅카스 지역에 있는 나라입니다. 서아시아와 동유럽에 걸쳐 있으며, 북쪽으로 조지아, 동쪽으로 아제르바이잔, 서쪽으로 튀르키예, 남쪽으로 이란과 접해 있습니다. 수도이자 가장 큰 도시는 예레반입니다. 아르메니아는 풍부한 문화유산을 지니고 있으며 고대 기독교 수도원, 아름다운 산악 경관, 전통 음식으로 알려져 있습니다.",mt
REGIONTEXT|702|0,Azerbaijan,아제르바이잔,mt
REGIONTEXT|702|1,"\42 Azerbaijan is a country located in the South Caucasus region of Eurasia. It is bordered by Russia to the north, Georgia to the northwest, Armenia to the west, Iran to the south, and the Caspian Sea to the east. Its capital is Baku, and the country has a rich cultural heritage, including the ancient city of Sheki, medieval Islamic architecture, and the unique art of carpet weaving.","\42 아제르바이잔은 유라시아 남캅카스 지역에 있는 나라입니다. 북쪽으로 러시아, 북서쪽으로 조지아, 서쪽으로 아르메니아, 남쪽으로 이란, 동쪽으로 카스피 해와 접해 있습니다. 수도는 바쿠이며, 고대 도시 셰키와 중세 이슬람 건축, 독특한 카펫 직조 예술을 포함한 풍부한 문화유산을 지니고 있습니다.",mt
REGIONTEXT|703|0,Georgia Republic,조지아,mt
REGIONTEXT|703|1,"\42 Georgia is a country located at the intersection of Eastern Europe and Western Asia. It is bordered by Russia to the north and northeast, Azerbaijan to the east, Armenia to the south, and Türkiye to the southwest. Its capital and largest city is Tbilisi, and the country has a rich history and culture, including medieval churches and monasteries, the ancient cave city of Uplistsikhe, and the traditional polyphonic singing.","\42 조지아는 동유럽과 서아시아가 만나는 곳에 있는 나라입니다. 북쪽과 북동쪽으로 러시아, 동쪽으로 아제르바이잔, 남쪽으로 아르메니아, 남서쪽으로 튀르키예와 접해 있습니다. 수도이자 가장 큰 도시는 트빌리시이며, 중세 교회와 수도원, 고대 동굴 도시 우플리스치혜, 전통 다성 합창을 포함한 풍부한 역사와 문화를 지니고 있습니다.",mt
REGIONTEXT|704|0,Kazakhstan,카자흐스탄,mt
REGIONTEXT|704|1,"\42 Kazakhstan is the world's largest landlocked country, located in Central Asia and Eastern Europe. It shares borders with Russia, China, Kyrgyzstan, Uzbekistan, and Turkmenistan, as well as the Caspian Sea to the west. Its capital is Nur-Sultan (formerly Astana), and the country has a diverse population and culture, with a mix of ethnic Kazakhs, Russians, and other minorities.","\42 카자흐스탄은 중앙아시아와 동유럽에 걸쳐 있는, 세계에서 가장 큰 내륙국입니다. 러시아, 중국, 키르기스스탄, 우즈베키스탄, 투르크메니스탄과 국경을 맞대고 있으며 서쪽으로 카스피 해와 접해 있습니다. 수도는 누르술탄(옛 아스타나)이며, 카자흐족, 러시아인, 기타 소수 민족이 어우러진 다양한 인구와 문화를 지니고 있습니다.",mt
REGIONTEXT|705|0,Kyrgyzstan,키르기스스탄,mt
REGIONTEXT|705|1,"\42 Kyrgyzstan is a small, landlocked country located in Central Asia. It borders Kazakhstan to the north, Uzbekistan to the west, Tajikistan to the southwest, and China to the east. Its capital is Bishkek, and the country has a mountainous terrain and a diverse population, with a mix of ethnic Kyrgyz, Uzbeks, Russians, and other minorities.","\42 키르기스스탄은 중앙아시아에 있는 작은 내륙국입니다. 북쪽으로 카자흐스탄, 서쪽으로 우즈베키스탄, 남서쪽으로 타지키스탄, 동쪽으로 중국과 접해 있습니다. 수도는 비슈케크이며, 산악 지형과 키르기스족, 우즈베크족, 러시아인, 기타 소수 민족이 어우러진 다양한 인구를 지니고 있습니다.",mt
REGIONTEXT|706|0,Tajikistan,타지키스탄,mt
REGIONTEXT|706|1,"\42 Tajikistan is a landlocked country located in Central Asia, bordered by Afghanistan to the south, Uzbekistan to the west, Kyrgyzstan to the north, and China to the east. Its capital is Dushanbe, and the country has a mountainous terrain and a rich cultural history, with a mix of Tajik, Uzbek, and other ethnic groups.","\42 타지키스탄은 중앙아시아에 있는 내륙국으로, 남쪽으로 아프가니스탄, 서쪽으로 우즈베키스탄, 북쪽으로 키르기스스탄, 동쪽으로 중국과 접해 있습니다. 수도는 두샨베이며, 산악 지형과 타지크족, 우즈베크족 등 여러 민족이 어우러진 풍부한 문화사를 지니고 있습니다.",mt
REGIONTEXT|707|0,Turkmenistan,투르크메니스탄,mt
REGIONTEXT|707|1,"\42 Turkmenistan is a country located in Central Asia, bordered by Kazakhstan to the north, Uzbekistan to the east and north, Afghanistan to the southeast, Iran to the south, and the Caspian Sea to the west. Its capital is Ashgabat, and the country has a desert landscape, as well as a rich cultural history and diverse ethnic groups.","\42 투르크메니스탄은 중앙아시아에 있는 나라로, 북쪽으로 카자흐스탄, 동쪽과 북쪽으로 우즈베키스탄, 남동쪽으로 아프가니스탄, 남쪽으로 이란, 서쪽으로 카스피 해와 접해 있습니다. 수도는 아슈하바트이며, 사막 지형과 함께 풍부한 문화사와 다양한 민족 집단을 지니고 있습니다.",mt
REGIONTEXT|708|0,Uzbekistan,우즈베키스탄,mt
REGIONTEXT|708|1,"\42 Uzbekistan is a landlocked country located in Central Asia, bordered by Kazakhstan to the north, Kyrgyzstan to the northeast, Tajikistan to the southeast, Afghanistan to the south, and Turkmenistan to the southwest. Its capital is Tashkent, and the country has a rich cultural heritage, with historic cities along the Silk Road, diverse ethnic groups, and a varied landscape ranging from deserts to mountains.","\42 우즈베키스탄은 중앙아시아에 있는 내륙국으로, 북쪽으로 카자흐스탄, 북동쪽으로 키르기스스탄, 남동쪽으로 타지키스탄, 남쪽으로 아프가니스탄, 남서쪽으로 투르크메니스탄과 접해 있습니다. 수도는 타슈켄트이며, 실크로드를 따라 이어진 역사 도시와 다양한 민족 집단, 사막에서 산악에 이르는 다채로운 지형을 갖춘 풍부한 문화유산을 지니고 있습니다.",mt
REGIONTEXT|799|0,Georgia Republic,조지아,mt
REGIONTEXT|799|1,"\42 Georgia is a country located at the intersection of Eastern Europe and Western Asia, bordered by Russia to the north, Türkiye and Armenia to the south, Azerbaijan to the east, and the Black Sea to the west. Its capital and largest city is Tbilisi, and the country has a rich cultural heritage, with ancient churches and monasteries, diverse ethnic groups, and stunning mountainous landscapes.","\42 조지아는 동유럽과 서아시아가 만나는 곳에 있는 나라로, 북쪽으로 러시아, 남쪽으로 튀르키예와 아르메니아, 동쪽으로 아제르바이잔, 서쪽으로 흑해와 접해 있습니다. 수도이자 가장 큰 도시는 트빌리시이며, 고대 교회와 수도원, 다양한 민족 집단, 빼어난 산악 경관을 갖춘 풍부한 문화유산을 지니고 있습니다.",mt
REGIONTEXT|801|0,St Petersburg,상트페테르부르크,mt
REGIONTEXT|801|1,"\42 St. Petersburg is a city in northwestern Russia, located on the Neva River at the head of the Gulf of Finland on the Baltic Sea. It was the imperial capital of Russia for over two hundred years, and today is known for its stunning architecture, world-class museums, and cultural heritage. Some of the most famous attractions include the Hermitage Museum, St. Isaac's Cathedral, and the Peterhof Palace.","\42 상트페테르부르크는 러시아 북서부에 있는 도시로, 발트 해 핀란드 만 어귀의 네바 강변에 있습니다. 200년이 넘도록 러시아의 제국 수도였으며, 오늘날에는 빼어난 건축물과 세계적 수준의 박물관, 문화유산으로 알려져 있습니다. 가장 유명한 명소로는 예르미타시 박물관, 성 이삭 대성당, 페테르고프 궁전이 있습니다.",mt
REGIONTEXT|802|0,Moscow,모스크바,mt
REGIONTEXT|802|1,"\42 Moscow is the capital city of Russia and its most populous city, with over 12 million residents. It is located on the Moskva River in western Russia and is known for its rich history, stunning architecture, and cultural heritage. Some of the most famous attractions include the Kremlin, Red Square, St. Basil's Cathedral, and the Bolshoi Theater.","\42 모스크바는 러시아의 수도이자 인구가 가장 많은 도시로, 주민이 1200만 명이 넘습니다. 러시아 서부 모스크바 강변에 있으며 풍부한 역사와 빼어난 건축물, 문화유산으로 알려져 있습니다. 가장 유명한 명소로는 크렘린, 붉은 광장, 성 바실리 대성당, 볼쇼이 극장이 있습니다.",mt
REGIONTEXT|803|0,Western Urals,서우랄,mt
REGIONTEXT|803|1,"\42 The Western Urals is a region in Russia that spans across the Ural Mountains and includes parts of the Perm Krai and the Chelyabinsk Oblast. It is known for its vast wilderness, stunning natural beauty, and rich cultural heritage. The Western Urals is also home to numerous national parks, nature reserves, and hiking trails.","\42 서우랄은 우랄 산맥에 걸쳐 있으며 페름 변경주와 첼랴빈스크 주 일부를 포함하는 러시아의 지역입니다. 광활한 원시 자연과 빼어난 자연의 아름다움, 풍부한 문화유산으로 알려져 있습니다. 서우랄에는 수많은 국립공원, 자연 보호구역, 하이킹 코스도 있습니다.",mt
REGIONTEXT|804|0,Volgograd,볼고그라드,mt
REGIONTEXT|804|1,"\42 Volgograd is a city in southern Russia located on the banks of the Volga River. It is known for its historical significance, having been the site of the Battle of Stalingrad during World War II. Today, the city boasts a number of museums, monuments, and memorials that commemorate the battle, including the famous Mamayev Kurgan memorial complex.","\42 볼고그라드는 러시아 남부 볼가 강변에 있는 도시입니다. 제2차 세계 대전 중 스탈린그라드 전투가 벌어진 곳이라는 역사적 의의로 알려져 있습니다. 오늘날 이 도시에는 유명한 마마예프 쿠르간 기념 단지를 비롯해 전투를 기리는 박물관, 기념물, 추모 시설이 여럿 있습니다.",mt
REGIONTEXT|805|0,North Caucasus,북캅카스,mt
REGIONTEXT|805|1,"\42 The North Caucasus is a region in southern Russia that includes the republics of Chechnya, Dagestan, Ingushetia, Kabardino-Balkaria, Karachay-Cherkessia, North Ossetia-Alania, and the Stavropol Krai. It is known for its beautiful mountain landscapes and diverse cultures. The region has experienced political instability and violence in recent years due to separatist movements and Islamic extremism.","\42 북캅카스는 러시아 남부의 지역으로, 체첸, 다게스탄, 인구셰티야, 카바르디노발카리야, 카라차이체르케스, 북오세티야알라니야 공화국과 스타브로폴 변경주를 포함합니다. 아름다운 산악 경관과 다양한 문화로 알려져 있습니다. 이 지역은 분리주의 운동과 이슬람 극단주의로 인해 최근 몇 년간 정치적 불안정과 폭력을 겪었습니다.",mt
REGIONTEXT|806|0,Eastern Siberia,동시베리아,mt
REGIONTEXT|806|1,"\42 Eastern Siberia is a vast region of Russia that includes the Siberian portion of the country east of the Yenisei River. It is known for its extreme cold temperatures, vast forests, and large deposits of natural resources such as oil, gas, and minerals. The region is home to many indigenous communities, including the Yakuts and Evenks, who have preserved their traditional way of life.","\42 동시베리아는 예니세이 강 동쪽의 시베리아 지역을 포함하는 러시아의 광대한 지역입니다. 극심한 추위와 광활한 숲, 석유, 가스, 광물 같은 막대한 천연자원 매장지로 알려져 있습니다. 이 지역에는 야쿠트족과 에벤키족을 비롯해 전통적인 생활 방식을 지켜 온 많은 토착 공동체가 살고 있습니다.",mt
REGIONTEXT|807|0,Central Siberia,중앙시베리아,mt
REGIONTEXT|807|1,"\42 Central Siberia is a region of Russia that includes the Siberian portion of the country between the Yenisei River and the Lena River. It is characterized by vast expanses of forest and tundra, as well as a harsh climate with long, cold winters and short, hot summers. The region is home to many indigenous communities, including the Evenks and the Yakuts, who have adapted to the challenging environment over centuries.","\42 중앙시베리아는 예니세이 강과 레나 강 사이의 시베리아 지역을 포함하는 러시아의 지역입니다. 광활한 숲과 툰드라, 길고 추운 겨울과 짧고 더운 여름의 혹독한 기후가 특징입니다. 이 지역에는 에벤키족과 야쿠트족을 비롯해 수 세기 동안 도전적인 환경에 적응해 온 많은 토착 공동체가 살고 있습니다.",mt
REGIONTEXT|808|0,Western Siberia,서시베리아,mt
REGIONTEXT|808|1,"\42 Western Siberia is a vast region of Russia that includes the western part of Siberia, between the Ural Mountains and the Yenisei River. It is known for its vast oil and gas reserves, which have made it an important economic region for Russia. The climate is characterized by long, cold winters and short, cool summers. The region is home to a variety of wildlife, including reindeer, wolves, and brown bears.","\42 서시베리아는 우랄 산맥과 예니세이 강 사이의 시베리아 서부를 포함하는 러시아의 광대한 지역입니다. 막대한 석유와 가스 매장량으로 알려져 있으며, 이 때문에 러시아의 중요한 경제 지역이 되었습니다. 기후는 길고 추운 겨울과 짧고 서늘한 여름이 특징입니다. 이 지역에는 순록, 늑대, 불곰을 비롯한 다양한 야생동물이 서식합니다.",mt
REGIONTEXT|809|0,South Ossetia,남오세티야,mt
REGIONTEXT|809|1,"\42 South Ossetia is a disputed region in the South Caucasus, which declared independence from Georgia in the 1990s. It is recognized as an independent state by a few countries, including Russia and Nicaragua, but is not recognized by the majority of the international community.","\42 남오세티야는 남캅카스의 분쟁 지역으로, 1990년대에 조지아로부터 독립을 선언했습니다. 러시아와 니카라과를 비롯한 몇몇 나라가 독립 국가로 인정하지만 국제 사회 대다수는 인정하지 않습니다.",mt
REGIONTEXT|810|0,Abkhazia,압하지야,mt
REGIONTEXT|810|1,"\42 Abkhazia is a disputed region in the South Caucasus, which declared independence from Georgia in the 1990s. It is recognized as an independent state by a few countries, including Russia, Nicaragua, and Syria, but is not recognized by the majority of the international community.","\42 압하지야는 남캅카스의 분쟁 지역으로, 1990년대에 조지아로부터 독립을 선언했습니다. 러시아, 니카라과, 시리아를 비롯한 몇몇 나라가 독립 국가로 인정하지만 국제 사회 대다수는 인정하지 않습니다.",mt
REGIONTEXT|812|0,Crimea,크림반도,mt
REGIONTEXT|812|1,"\42 Crimea is a peninsula located on the northern coast of the Black Sea. It was part of Ukraine until 2014, when Russia annexed it following a controversial referendum. The annexation is not recognized by the majority of the international community and is considered a violation of international law.",\42 크림반도는 흑해 북쪽 해안에 있는 반도입니다. 2014년 러시아가 논란 많은 주민투표를 거쳐 병합하기 전까지는 우크라이나의 일부였습니다. 이 병합은 국제 사회 대다수가 인정하지 않으며 국제법 위반으로 간주됩니다.,mt
REGIONTEXT|889|0,Russia,러시아,mt
REGIONTEXT|889|1,"\42 Russia is the world's largest country, covering more than one-eighth of the Earth's inhabited land area. It spans 11 time zones and has a population of over 144 million people. Russia is a federal semi-presidential republic, with its capital in Moscow. It is known for its rich history, diverse culture, and contributions to science and the arts.","\42 러시아는 지구 거주 가능 육지 면적의 8분의 1이 넘는 면적을 차지하는 세계에서 가장 큰 나라입니다. 11개 시간대에 걸쳐 있으며 인구는 1억 4400만 명이 넘습니다. 러시아는 연방제 반대통령제 공화국이며 수도는 모스크바입니다. 풍부한 역사와 다채로운 문화, 과학과 예술에 대한 기여로 알려져 있습니다.",mt
REGIONTEXT|901|0,New Delhi,뉴델리,mt
REGIONTEXT|901|1,"\42 New Delhi is the capital city of India, located in the northern part of the country. It was designed by British architects and inaugurated as the new capital in 1931. New Delhi is home to several government buildings, including the Indian parliament, and is a major center for commerce, industry, and tourism.","\42 뉴델리는 인도 북부에 있는 인도의 수도입니다. 영국인 건축가들이 설계했으며 1931년 새 수도로 공식 출범했습니다. 뉴델리에는 인도 의회를 비롯한 여러 정부 청사가 있으며, 상업, 산업, 관광의 주요 중심지입니다.",mt
REGIONTEXT|902|0,Andhra Pradesh,안드라프라데시,mt
REGIONTEXT|902|1,"\42 Andhra Pradesh is a state located in the southeastern part of India, bordered by Telangana, Tamil Nadu, Karnataka, and Odisha. It is the seventh-largest state in India by area and the tenth most populous. Andhra Pradesh is known for its beautiful beaches, ancient temples, rich cultural heritage, and spicy cuisine.","\42 안드라프라데시는 인도 남동부에 있는 주로, 텔랑가나, 타밀나두, 카르나타카, 오디샤와 접해 있습니다. 면적으로는 인도에서 일곱 번째로 큰 주이고 인구로는 열 번째입니다. 안드라프라데시는 아름다운 해변, 고대 사원, 풍부한 문화유산, 매운 음식으로 알려져 있습니다.",mt
REGIONTEXT|903|0,Rajasthan,라자스탄,mt
REGIONTEXT|903|1,"\42 Rajasthan is a state in northern India known for its ancient forts, palaces and temples. The capital city of Rajasthan is Jaipur, also known as the 'Pink City.' Rajasthan is also famous for its rich culture and traditions, colorful festivals, and delicious cuisine.","\42 라자스탄은 인도 북부에 있는 주로, 고대 요새와 궁전, 사원으로 알려져 있습니다. 주도는 '분홍 도시'로도 불리는 자이푸르입니다. 라자스탄은 풍부한 문화와 전통, 화려한 축제, 맛있는 음식으로도 유명합니다.",mt
REGIONTEXT|904|0,Punjab,펀자브,mt
REGIONTEXT|904|1,"\42 Punjab is a state in northern India that is known for its rich cultural heritage, history, and agricultural prosperity. The state is famous for its vibrant and colorful festivals, such as Baisakhi, Lohri, and Diwali. The cuisine of Punjab is also very popular and includes dishes like butter chicken, sarson ka saag, and makki ki roti.","\42 펀자브는 인도 북부에 있는 주로, 풍부한 문화유산과 역사, 농업의 번영으로 알려져 있습니다. 이 주는 바이사키, 로리, 디왈리 같은 활기차고 화려한 축제로 유명합니다. 펀자브의 음식도 매우 인기가 있으며 버터 치킨, 사르손 카 사그, 마키 키 로티 같은 요리가 있습니다.",mt
REGIONTEXT|905|0,Kashmir,카슈미르,mt
REGIONTEXT|905|1,"\42 Kashmir is a region located in the northern part of the Indian subcontinent, currently administered by three countries: India, Pakistan, and China. The region is known for its natural beauty, including snow-capped mountains, valleys, and lakes. The region has been the subject of territorial disputes between India and Pakistan, leading to ongoing conflict.","\42 카슈미르는 인도 아대륙 북부에 있는 지역으로, 현재 인도, 파키스탄, 중국 세 나라가 나누어 관할하고 있습니다. 만년설을 인 산, 계곡, 호수를 비롯한 자연의 아름다움으로 알려져 있습니다. 이 지역은 인도와 파키스탄 사이의 영토 분쟁 대상이 되어 왔으며, 그로 인한 분쟁이 계속되고 있습니다.",mt
REGIONTEXT|906|0,West India,서인도,mt
REGIONTEXT|906|1,"\42 West India, also known as Western India, is a region located in the western part of India, including the states of Gujarat, Maharashtra, Goa, and the union territory of Dadra and Nagar Haveli and Daman and Diu. It is known for its diverse culture, cuisine, historical sites, and tourist destinations such as the beaches of Goa and hill stations of Maharashtra.","\42 서인도는 서부 인도라고도 하며, 구자라트 주, 마하라슈트라 주, 고아 주와 연방 직할지인 다드라 나가르하벨리 다만 디우를 포함하는 인도 서부 지역입니다. 다채로운 문화와 음식, 역사 유적, 그리고 고아의 해변과 마하라슈트라의 고원 휴양지 같은 관광지로 알려져 있습니다.",mt
REGIONTEXT|907|0,Nepal,네팔,mt
REGIONTEXT|907|1,"\42 Nepal is a landlocked country located in South Asia. It is known for its diverse landscapes, including the Himalayas, fertile plains, and subtropical forests. Nepal is also home to numerous UNESCO World Heritage Sites, such as the famous temples of Kathmandu, and is a popular destination for trekking and mountaineering.","\42 네팔은 남아시아에 있는 내륙국입니다. 히말라야, 비옥한 평야, 아열대 숲을 아우르는 다채로운 지형으로 알려져 있습니다. 네팔에는 카트만두의 유명한 사원들을 비롯한 수많은 유네스코 세계유산이 있으며, 트레킹과 등산의 인기 여행지입니다.",mt
REGIONTEXT|908|0,Bhutan,부탄,mt
REGIONTEXT|908|1,"\42 Bhutan is a small landlocked country located in South Asia, bordered by China to the north and India to the south. It is known for its Gross National Happiness philosophy, which emphasizes spiritual and mental well-being over material wealth. Its landscape is characterized by the Himalayas, lush forests, and glacial rivers.","\42 부탄은 남아시아에 있는 작은 내륙국으로, 북쪽으로 중국, 남쪽으로 인도와 접해 있습니다. 물질적 부보다 정신적·심리적 안녕을 강조하는 국민총행복 철학으로 알려져 있습니다. 풍경은 히말라야, 울창한 숲, 빙하가 녹아 흐르는 강이 특징입니다.",mt
REGIONTEXT|909|0,Sri Lanka,스리랑카,mt
REGIONTEXT|909|1,"\42 Sri Lanka is an island country in South Asia, located in the Indian Ocean. It is known for its beautiful beaches, tea plantations, wildlife and ancient Buddhist ruins such as the Sigiriya rock fortress. The country has a diverse culture and a turbulent history of ethnic conflict, which ended with a long civil war in 2009.","\42 스리랑카는 인도양에 있는 남아시아의 섬나라입니다. 아름다운 해변, 차 농장, 야생동물, 시기리야 암벽 요새 같은 고대 불교 유적으로 알려져 있습니다. 이 나라는 다채로운 문화와 민족 갈등의 격동의 역사를 지니고 있으며, 그 갈등은 2009년 긴 내전으로 막을 내렸습니다.",mt
REGIONTEXT|910|0,Pakistan,파키스탄,mt
REGIONTEXT|910|1,\42 Pakistan is a country located in South Asia. It is the fifth most populous country in the world and has a diverse culture with a rich history. Pakistan has a mixed economy and is known for its agriculture and textile industries. The official languages are Urdu and English.,\42 파키스탄은 남아시아에 있는 나라입니다. 세계에서 다섯 번째로 인구가 많은 나라이며 풍부한 역사를 지닌 다채로운 문화를 갖고 있습니다. 파키스탄은 혼합 경제 체제이며 농업과 섬유 산업으로 알려져 있습니다. 공용어는 우르두어와 영어입니다.,mt
REGIONTEXT|911|0,Afghanistan,아프가니스탄,mt
REGIONTEXT|911|1,"\42 Afghanistan is a landlocked country in South Asia and Central Asia. It has a population of around 38 million people and is bordered by Pakistan, Iran, Turkmenistan, Uzbekistan, Tajikistan, and China. Afghanistan has a complex history of conflicts and has been engaged in war for several decades, including the ongoing conflict with the Taliban.","\42 아프가니스탄은 남아시아와 중앙아시아에 걸쳐 있는 내륙국입니다. 인구는 약 3800만 명이며 파키스탄, 이란, 투르크메니스탄, 우즈베키스탄, 타지키스탄, 중국과 접해 있습니다. 아프가니스탄은 복잡한 분쟁의 역사를 지니고 있으며, 탈레반과의 계속되는 분쟁을 포함해 수십 년간 전쟁을 겪어 왔습니다.",mt
REGIONTEXT|912|0,Bangladesh,방글라데시,mt
REGIONTEXT|912|1,"\42 Bangladesh is a country located in South Asia, bordered by India to the north, east, and west, and Myanmar to the southeast. With a population of over 160 million, it is the eighth-most populous country in the world. The official language is Bengali, and the capital and largest city is Dhaka.","\42 방글라데시는 남아시아에 있는 나라로, 북쪽, 동쪽, 서쪽으로 인도, 남동쪽으로 미얀마와 접해 있습니다. 인구가 1억 6000만 명이 넘어 세계에서 여덟 번째로 인구가 많은 나라입니다. 공용어는 벵골어이며 수도이자 가장 큰 도시는 다카입니다.",mt
REGIONTEXT|913|0,Chagos,차고스,mt
REGIONTEXT|913|1,\42 The Chagos Archipelago is a group of islands in the Indian Ocean and is home to the Chagossian people. The islands were depopulated in the 1960s and 1970s by the British government to make way for a joint US-UK military base on the island of Diego Garcia. The Chagossians have been fighting for the right to return to their homeland ever since.,"\42 차고스 제도는 인도양에 있는 섬들로, 차고스 사람들의 고향입니다. 1960년대와 1970년대에 영국 정부가 디에고 가르시아 섬에 미국과 영국의 공동 군사 기지를 건설하려고 섬 주민을 모두 이주시켰습니다. 이후 차고스 사람들은 고향으로 돌아갈 권리를 되찾기 위해 계속 싸우고 있습니다.",mt
REGIONTEXT|917|0,Maldives,몰디브,mt
REGIONTEXT|917|1,"\42 Maldives is a South Asian island country situated in the Indian Ocean. It is known for its beautiful beaches, clear waters, and abundant marine life, making it a popular destination for tourists. The country is made up of over 1,000 coral islands, and its economy is heavily reliant on tourism and fishing.","\42 몰디브는 인도양에 있는 남아시아의 섬나라입니다. 아름다운 해변과 맑은 바다, 풍부한 해양 생물로 알려져 있어 관광객에게 인기 있는 여행지입니다. 이 나라는 1000개가 넘는 산호섬으로 이루어져 있으며 경제는 관광과 어업에 크게 의존합니다.",mt
REGIONTEXT|989|0,India,인도,mt
REGIONTEXT|989|1,"\42 India is a South Asian country known for its diverse culture, history, and geography. It has a population of over 1.3 billion people and is the seventh-largest country in the world. India is home to a rich history of ancient civilizations, religions, and cultures, and is known for its contributions to science, mathematics, and literature.","\42 인도는 다채로운 문화와 역사, 지리로 알려진 남아시아의 나라입니다. 인구는 13억 명이 넘고 세계에서 일곱 번째로 큰 나라입니다. 인도에는 고대 문명과 종교, 문화의 풍부한 역사가 깃들어 있으며, 과학, 수학, 문학에 대한 기여로 알려져 있습니다.",mt
REGIONTEXT|998|0,India,인도,mt
REGIONTEXT|998|1,"\42 India is a South Asian country known for its diverse culture, history, and geography. It has a population of over 1.3 billion people and is the seventh-largest country in the world. India is home to a rich history of ancient civilizations, religions, and cultures, and is known for its contributions to science, mathematics, and literature.","\42 인도는 다채로운 문화와 역사, 지리로 알려진 남아시아의 나라입니다. 인구는 13억 명이 넘고 세계에서 일곱 번째로 큰 나라입니다. 인도에는 고대 문명과 종교, 문화의 풍부한 역사가 깃들어 있으며, 과학, 수학, 문학에 대한 기여로 알려져 있습니다.",mt
REGIONTEXT|999|0,India,인도,mt
REGIONTEXT|999|1,"\42 India is a South Asian country known for its diverse culture, history, and geography. It has a population of over 1.3 billion people and is the seventh-largest country in the world. India is home to a rich history of ancient civilizations, religions, and cultures, and is known for its contributions to science, mathematics, and literature.","\42 인도는 다채로운 문화와 역사, 지리로 알려진 남아시아의 나라입니다. 인구는 13억 명이 넘고 세계에서 일곱 번째로 큰 나라입니다. 인도에는 고대 문명과 종교, 문화의 풍부한 역사가 깃들어 있으며, 과학, 수학, 문학에 대한 기여로 알려져 있습니다.",mt
