key,en,ko,status
TTRTEXT|1|0,Efficient Fusion Power,고효율 핵융합 발전,mt
TTRTEXT|1|1,"Perfecting methods of confining deuterium and tritium, making it possible to create more power than what is required to achieve the reaction.  Fusion Power is a new form of electricity generation that is more environmentally friendly and less potentially hazardous than traditional nuclear power.","중수소와 삼중수소를 가두는 방법을 완성하여, 반응을 일으키는 데 필요한 양보다 더 많은 전력을 만들어 낼 수 있게 됩니다. 핵융합 발전은 새로운 형태의 전력 생산 방식으로, 기존 원자력 발전보다 환경 친화적이고 위험성도 낮습니다.",mt
TTRTEXT|10|0,Composites Plants,복합소재 공장,mt
TTRTEXT|10|1,Technologies to produce ore-equivalent products and alloys to replace natural metal ores.,천연 금속 광석을 대체할 광석 대용품과 합금을 생산하는 기술입니다.,mt
TTRTEXT|100|0,Bioaugmentation Devices,생체 증강 장치,mt
TTRTEXT|100|1,"Where some neural prosthetics can be used to recover lost senses, it is also possible to greatly enhance existing senses.  For example, these augmentation devices can allow people to see or hear at great distances.","신경 보철물로 잃어버린 감각을 회복시킬 수도 있지만, 기존 감각을 크게 강화하는 것도 가능합니다. 예를 들어 이 증강 장치로 아주 먼 거리의 사물을 보거나 소리를 들을 수 있습니다.",mt
TTRTEXT|1000|0,Commercial Refrigeration,상업용 냉장,mt
TTRTEXT|1000|1,"Development of synthetic refrigerants based mostly on a chlorofluorocarbon (CFC) chemical, led to safer refrigerators for home and consumer use.","주로 클로로플루오로카본(CFC) 계열 화학물질에 기반한 합성 냉매가 개발되어, 가정과 소비자용으로 더 안전한 냉장고가 나왔습니다.",mt
TTRTEXT|1001|0,Wind Electric Generators,풍력 발전기,mt
TTRTEXT|1002|0,Electronic Image Broadcasting,전자식 영상 방송,mt
TTRTEXT|1002|1,"Development of Cathode Ray Tubes to scan, transmit and reproduce images paving the way for the development of Television.",음극선관으로 영상을 주사하고 전송하고 재현하게 되어 텔레비전 개발의 길이 열렸습니다.,mt
TTRTEXT|1003|0,Urban Transportation Infrastructure,도시 교통 기반시설,mt
TTRTEXT|1003|1,"----- Parking Meters, Bus Stations, Signal Lights, etc.","----- 주차 요금기, 버스 정류장, 신호등 등",mt
TTRTEXT|1004|0,Modern Musical Instruments,현대 악기,mt
TTRTEXT|1004|1,Development of converting a vibration into an electrical impulse as in an electric guitar.,전기 기타처럼 진동을 전기 신호로 바꾸는 기술이 개발됩니다.,mt
TTRTEXT|1005|0,Fluorescent Lighting,형광등,mt
TTRTEXT|1005|1,Uses advances in chemistry and metallurgy to provide a better source of artificial light.,화학과 금속공학의 발전을 이용하여 더 나은 인공 조명을 제공합니다.,mt
TTRTEXT|1006|0,Modern Electromechanics,현대 전기기계,mt
TTRTEXT|1006|1,"Combination of electrical and mechanical processes and procedures drawn from electrical engineering and mechanical engineering.  The term is usually understood to refer to devices such as relays, which allow a voltage or current to control other, isolated voltages and currents by mechanically switching sets of contacts.","전기공학과 기계공학에서 가져온 전기적 공정과 기계적 공정을 결합한 기술입니다. 보통 계전기 같은 장치를 가리키며, 접점 묶음을 기계적으로 개폐하여 전압이나 전류로 서로 분리된 다른 전압과 전류를 제어할 수 있게 해 줍니다.",mt
TTRTEXT|1007|0,Mechanical Farming Equipment,기계식 농기구,mt
TTRTEXT|1008|0,Parking Meter Technology,주차 요금기 기술,mt
TTRTEXT|1009|0,Consumer Fabrics,소비자용 섬유,mt
TTRTEXT|1009|1,----- split into a clothing tech?,----- 의류 기술로 분리할까?,mt
TTRTEXT|101|0,Biocomputing Implants,생체 컴퓨팅 이식물,mt
TTRTEXT|101|1,"The ability to 'jack into' any machine set to interact with an augmented human allows for even more efficient computing, but often has side effects on the recipient.  ","증강 인간과 상호작용하도록 설정된 모든 기계에 '접속'할 수 있게 되어 컴퓨팅이 한층 효율적으로 이루어지지만, 이식받은 사람에게 부작용이 생기는 경우가 많습니다.",mt
TTRTEXT|1010|0,Commercial Food Processing,상업용 식품 가공,mt
TTRTEXT|1010|1,"With the advent of commercial refrigeration and other technologies, companies were able to produce food products that would have longer shelf life.  With improved preservation, companies developed methods of mass producing products for wider distribution.  Popular examples of this are frozen juice concentrates, freeze dried instant soups and pre-packaged TV Dinners.","상업용 냉장과 기타 기술이 등장하면서 기업들은 유통기한이 더 긴 식품을 생산할 수 있게 되었습니다. 보존 기술이 개선되자 기업들은 더 넓은 지역에 유통할 제품을 대량 생산하는 방법을 개발했습니다. 냉동 주스 농축액, 동결 건조 인스턴트 수프, 포장된 TV 디너가 대표적인 예입니다.",mt
TTRTEXT|1011|0,Aerosol Devices,에어로졸 제품,mt
TTRTEXT|1012|0,Modern Highways,현대식 고속도로,mt
TTRTEXT|1012|1,Improvements Transportation of Supply and Units along Road and Rail corridors.,도로와 철도 회랑을 따른 보급품과 유닛 수송이 개선됩니다.,mt
TTRTEXT|1013|0,Fluoridated Water Supply,불소화 상수도,mt
TTRTEXT|1013|1,The controlled addition of fluoride to a public water supply to reduce tooth decay. ,충치를 줄이기 위해 상수도에 불소를 일정량 첨가하는 기술입니다.,mt
TTRTEXT|1014|0,Modern Photography,현대 사진술,mt
TTRTEXT|1015|0,Charge Cards,신용 카드,mt
TTRTEXT|1016|0,Color Photography,컬러 사진술,mt
TTRTEXT|1017|0,Commercial Foods II,상업용 식품 II,mt
TTRTEXT|1018|0,Quality Control Principles,품질 관리 원칙,mt
TTRTEXT|1019|0,Modern Construction Materials,현대 건설 자재,mt
TTRTEXT|102|0,Exoskeleton Technology,외골격 기술,mt
TTRTEXT|102|1,"Using the basics of cyborg engineering, it is possible to create exoskeletons that can be worn or removed with no trauma to the patient.  This will allow for a new generation of foot soldiers.",사이보그 공학의 기초를 활용하면 환자에게 외상을 주지 않고 착용하고 벗을 수 있는 외골격을 만들 수 있습니다. 이를 통해 새로운 세대의 보병이 탄생합니다.,mt
TTRTEXT|1020|0,Battery Powered Watch,건전지식 손목시계,mt
TTRTEXT|1021|0,Liquid Paper,수정액,mt
TTRTEXT|1022|0,Common Market,공동 시장,mt
TTRTEXT|1023|0,Commercial Copier Machines,상업용 복사기,mt
TTRTEXT|1024|0,Household Improvements,가정용품 개선,mt
TTRTEXT|1024|1,----- don't like this title.  Commercial Innovation perhaps?  Description will be key,----- 이 제목은 마음에 들지 않음. 상업적 혁신 정도가 어떨까? 설명이 중요함,mt
TTRTEXT|1025|0,Modern Electric Typewriters,현대 전동 타자기,mt
TTRTEXT|1026|0,Environmental Recognition,환경 인식,mt
TTRTEXT|1026|1,Realization of the negative effects that industrial development and modern lifestyles were having on the environment.,산업 발전과 현대적 생활 방식이 환경에 미치는 부정적 영향을 깨닫게 됩니다.,mt
TTRTEXT|1027|0,Commercial Foods III,상업용 식품 III,mt
TTRTEXT|1028|0,Consumer Video Recorders,소비자용 비디오 녹화기,mt
TTRTEXT|1029|0,High Definition Televisions,고화질 텔레비전,mt
TTRTEXT|103|0,Advanced Recycled Materials,첨단 재활용 소재,mt
TTRTEXT|103|1,"To help reduce the environmental effects of energy production with non-renewable resources, materials are now being made by recycling waste products.","재생 불가능한 자원을 이용한 에너지 생산이 환경에 미치는 영향을 줄이기 위해, 이제는 폐기물을 재활용하여 소재를 만듭니다.",mt
TTRTEXT|1030|0,National Direct Dialing,국내 직통 전화,mt
TTRTEXT|1031|0,Commercial Video Gaming,상업용 비디오 게임,mt
TTRTEXT|1031|1,The concept of leisure activities on computer systems has begun to be a reality with the hopes of one day providing quality geopolitical strategy games to the masses.,"컴퓨터로 즐기는 여가 활동이 현실이 되기 시작했으며, 언젠가 대중에게 수준 높은 지정학 전략 게임을 제공하리라는 기대가 커지고 있습니다.",mt
TTRTEXT|1032|0,Bar Code Readers,바코드 판독기,mt
TTRTEXT|1033|0,Electrochromic Devices,전기변색 소자,mt
TTRTEXT|1033|1,"----- (review) Primarily used to turn glass from transparent to opaque by way of an electrical charge, but other applications also exist.",----- (검토) 주로 전하를 가해 유리를 투명에서 불투명으로 바꾸는 데 쓰이지만 다른 용도도 있음.,mt
TTRTEXT|1034|0,Economic Revitalization,경제 재건,mt
TTRTEXT|1034|1,Analysis and implementation of economic reforms to adapt to changes in social and political environments.,사회와 정치 환경의 변화에 적응하기 위해 경제 개혁을 분석하고 시행합니다.,mt
TTRTEXT|1035|0,Pocket Calculators,휴대용 계산기,mt
TTRTEXT|1036|0,Commercial Foods IV,상업용 식품 IV,mt
TTRTEXT|1037|0,Digital Banking,디지털 금융,mt
TTRTEXT|1038|0,Modern Digital Devices,현대 디지털 기기,mt
TTRTEXT|1038|1,Bi product of advances in microprocessors and integrated circuits.  Evolution of production technologies leads to greatly reduced manufacturing costs. Miniaturization also allows greater innovation with new products.,"마이크로프로세서와 집적회로 발전의 부산물입니다. 생산 기술이 발전하여 제조 비용이 크게 줄었으며, 소형화 덕분에 새로운 제품을 더 활발히 혁신할 수 있습니다.",mt
TTRTEXT|1039|0,Digital Movie Production,디지털 영화 제작,mt
TTRTEXT|1039|1,Refers to the use of digital technology to distribute and project motion pictures by a process of encoding and decoding high-quality images and sound.,고화질 영상과 음향을 부호화하고 복호화하여 영화를 디지털 기술로 배급하고 상영하는 것을 말합니다.,mt
TTRTEXT|104|0,Advanced Building Materials,첨단 건축 자재,mt
TTRTEXT|104|1,Advances in construction have led researchers to try and produce better and more environmentally friendly materials.,건설 분야의 발전으로 연구자들이 더 우수하고 환경 친화적인 소재를 개발하려 하고 있습니다.,mt
TTRTEXT|1040|0,Digital Video Broadcasting,디지털 영상 방송,mt
TTRTEXT|1040|1,Development of a suite of internationally accepted open standards for digital television.  These standards define the physical layer and data link layer of the distribution system.,디지털 텔레비전을 위한 국제적으로 인정받는 개방형 표준 모음을 개발합니다. 이 표준은 배포 시스템의 물리 계층과 데이터 링크 계층을 규정합니다.,mt
TTRTEXT|1041|0,Consumer GPS,소비자용 GPS,mt
TTRTEXT|1041|1,Personal device that receives satellite signals for the purpose of determining the device's current location on Earth.  Commercialization of GPS's remove the exclusivity on military use of this technology.,위성 신호를 수신하여 지구상의 현재 위치를 알아내는 개인용 기기입니다. GPS가 상용화되면서 이 기술에 대한 군의 독점이 사라집니다.,mt
TTRTEXT|1042|0,Carbon Fiber,탄소 섬유,mt
TTRTEXT|1048|0,Microcontrollers,마이크로컨트롤러,mt
TTRTEXT|1048|1,"Small computer on a single integrated circuit containing a processor core, memory, and programmable input/output peripherals.","프로세서 코어, 메모리, 프로그래밍 가능한 입출력 주변장치를 하나의 집적회로에 담은 소형 컴퓨터입니다.",mt
TTRTEXT|1049|0,Flash Microcontrollers,플래시 마이크로컨트롤러,mt
TTRTEXT|105|0,Biologically Based Textiles,생물 기반 섬유,mt
TTRTEXT|105|1,"These methods of producing clothing and fabrics require much less energy, thus reducing the environmental impact of these factories as well.","이 방식으로 의류와 직물을 생산하면 에너지가 훨씬 적게 들어, 공장이 환경에 미치는 영향도 줄어듭니다.",mt
TTRTEXT|1050|0,Early Programming Languages,초기 프로그래밍 언어,mt
TTRTEXT|1050|1,Development of artificial languages that machines could understand and use to perform specific computations.,기계가 이해하고 특정 계산을 수행하는 데 쓸 수 있는 인공 언어를 개발합니다.,mt
TTRTEXT|1051|0,Early Computing,초기 컴퓨팅,mt
TTRTEXT|1051|1,The application of Boolean algebra to two-valued electrical switching circuits providing the foundation of digital circuit design.,불 대수를 2값 전기 스위칭 회로에 적용하여 디지털 회로 설계의 토대를 마련합니다.,mt
TTRTEXT|1052|0,Early Computing II,초기 컴퓨팅 II,mt
TTRTEXT|1053|0,Transistor-Based Computers,트랜지스터식 컴퓨터,mt
TTRTEXT|1053|1,The replacement of vacuum tubes with transistors provided the development needed to reduce the size of computers while at the same time improving the computational power of the machines.,진공관을 트랜지스터로 대체하여 컴퓨터의 크기를 줄이는 동시에 연산 능력도 높일 수 있게 되었습니다.,mt
TTRTEXT|1054|0,Early Conventional Computers,초기 범용 컴퓨터,mt
TTRTEXT|1054|1,Development of both the hardware (Integrated Circuit Technology and Microprocessors) and the programming languages to allow more practical applications of computers.,하드웨어(집적회로 기술과 마이크로프로세서)와 프로그래밍 언어를 함께 개발하여 컴퓨터를 더 실용적으로 활용할 수 있게 합니다.,mt
TTRTEXT|1055|0,Commercial Computers,상업용 컴퓨터,mt
TTRTEXT|1055|1,Evolutionary stage wherein computers reached the first stages of affordability.  Developments in semiconductors and advanced programming languages make usage of computers more practical for everyday functions.,컴퓨터가 처음으로 구입 가능한 가격대에 도달한 진화 단계입니다. 반도체와 고급 프로그래밍 언어가 발전하여 일상 업무에 컴퓨터를 쓰는 것이 더 실용적이 됩니다.,mt
TTRTEXT|1056|0,Parallel Computing Concepts,병렬 컴퓨팅 개념,mt
TTRTEXT|1056|1,"A form of computation in which many calculations are carried out simultaneously, operating on the principle that large problems can often be divided into smaller ones, which are then solved concurrently ('in parallel').","많은 계산을 동시에 수행하는 연산 방식으로, 큰 문제를 작은 문제로 나누어 동시에 ('병렬로') 해결할 수 있다는 원리에 따라 작동합니다.",mt
TTRTEXT|1057|0,RAM Computer Memory,RAM 컴퓨터 메모리,mt
TTRTEXT|1057|1,----- year is a guess,----- 연도는 추정치,mt
TTRTEXT|1058|0,Personal Computers,개인용 컴퓨터,mt
TTRTEXT|1058|1,"With miniaturization and reduced costs came the development of general-purpose computers whose size, capabilities, and original sales price make it useful for individuals, and which is intended to be operated directly by an end-user with no intervening computer operator.","소형화와 비용 절감으로 범용 컴퓨터가 개발되었습니다. 크기와 성능, 최초 판매 가격이 개인이 쓰기에 알맞으며, 별도의 컴퓨터 운용자 없이 최종 사용자가 직접 조작하도록 만들어졌습니다.",mt
TTRTEXT|1059|0,Graphic User Interfaces,그래픽 사용자 인터페이스,mt
TTRTEXT|1059|1,"Developed by Xerox and popularized with the introduction of the Apple Macintosh, this development replaced typed computer commands with a more friendly visual command structure.  Dramatically increased the popularity and acceptance of personal computers.","제록스가 개발하고 애플 매킨토시의 등장으로 대중화된 기술로, 문자로 입력하는 컴퓨터 명령을 더 친숙한 시각적 명령 체계로 대체했습니다. 개인용 컴퓨터의 인기와 보급을 크게 높였습니다.",mt
TTRTEXT|106|0,Advanced Synthetic Fuels,첨단 합성 연료,mt
TTRTEXT|106|1,Technologies and processes to increase output from Synthetic Fuel Plants.,합성 연료 공장의 생산량을 늘리는 기술과 공정입니다.,mt
TTRTEXT|1060|0,Conventional Parallel Computing,범용 병렬 컴퓨팅,mt
TTRTEXT|1060|1,The development of computers having multiple processing elements inside a single machine.,한 기계 안에 여러 개의 처리 장치를 갖춘 컴퓨터를 개발합니다.,mt
TTRTEXT|1061|0,Naval Gyroscopes,해군용 자이로스코프,mt
TTRTEXT|1062|0,Analog Fire Control,아날로그 사격 통제,mt
TTRTEXT|1062|1,"Development of Rangekeepers - analog computers able to target guns while considering multiple factors, such as the movement of both a target and the firing platform.  Most sophisticated Rangekeepers generally are used on naval ships and have to also consider the ship's roll, pitch, and yaw due to wave action.","표적과 발사 플랫폼의 움직임 같은 여러 요소를 고려하여 포를 조준하는 아날로그 컴퓨터인 사격 계산기를 개발합니다. 가장 정교한 사격 계산기는 대개 군함에 쓰이며, 파도로 인한 함선의 롤링, 피칭, 요잉도 함께 고려해야 합니다.",mt
TTRTEXT|1063|0,Ferrite Core Computer Memory,페라이트 코어 컴퓨터 메모리,mt
TTRTEXT|1064|0,Computer Defense Network Designs,컴퓨터 방어 네트워크 설계,mt
TTRTEXT|1065|0,Post-Secondary Investment,고등 교육 투자,mt
TTRTEXT|1065|1,Increased emphasis by society on advanced education and training past the secondary school level.  Stresses collaborative research and development.,중등 교육 이후의 고등 교육과 훈련을 사회가 더욱 중시합니다. 협력 연구개발을 강조합니다.,mt
TTRTEXT|1066|0,Mechanical Fuel Injection,기계식 연료 분사,mt
TTRTEXT|1067|0,Electronic Fuel Injection,전자식 연료 분사,mt
TTRTEXT|1068|0,Digital Fuel Injection,디지털 연료 분사,mt
TTRTEXT|107|0,Advanced Composites,첨단 복합소재,mt
TTRTEXT|107|1,Technologies and processes for increased output from Composites Plants as well as the development of new composites allowing for further manufacturing progress.,"복합소재 공장의 생산량을 늘리는 기술과 공정이며, 제조 발전을 이끌 새로운 복합소재도 개발합니다.",mt
TTRTEXT|1070|0,Double Hull Submarines,이중 선체 잠수함,mt
TTRTEXT|1071|0,Submarine Mass Production,잠수함 대량 생산,mt
TTRTEXT|1071|1,"Development of tooling, manufacturing capability, and engineering knowledge to facilitate the manufacturing of Submarines.","잠수함 제조를 원활하게 하는 공구, 제조 능력, 공학 지식을 개발합니다.",mt
TTRTEXT|1072|0,Large Diesel Submarine Propulsion,대형 디젤 잠수함 추진,mt
TTRTEXT|1073|0,Electro-Acoustic Fathometer,전기음향식 측심기,mt
TTRTEXT|1074|0,Improved Sub Construction,개량 잠수함 건조,mt
TTRTEXT|1074|1,"Advancements in Diesel Engines, Hull Design, and numerous other engineering innovations to allow more advanced Submarines to be produced.","디젤 엔진과 선체 설계의 발전, 그리고 다양한 공학적 혁신으로 더 진보한 잠수함을 생산할 수 있게 됩니다.",mt
TTRTEXT|1075|0,Bathysphere Diving Vehicles,구형 잠수구,mt
TTRTEXT|1076|0,Submarines: Amphibious Transport (SSA),잠수함: 상륙 수송 (SSA),mt
TTRTEXT|1077|0,Submarines: Transport (Cargo or Fuel),잠수함: 수송 (화물 또는 연료),mt
TTRTEXT|1078|0,Burst Encoded Communication,고속 부호화 통신,mt
TTRTEXT|1078|1,----- (review) First used in Submarines to counter the High Frequency Direction Finding systems.,----- (검토) 고주파 방향 탐지 시스템에 대응하기 위해 잠수함에 처음 사용됨.,mt
TTRTEXT|1079|0,Improved Sub Batteries,개량 잠수함 배터리,mt
TTRTEXT|108|0,Augmented Reality,증강 현실,mt
TTRTEXT|108|1,"Although first seen as simply adding lines of data to documentaries or highlighting a hockey puck on screen, true Augmented Reality allows construction workers to review plans on site or scientists to listen to previous test results while conducting  new experiments simply by asking for the records.  The overall effect is a much more productive society.  Mass data can be easily placed at the user's fingertips.","처음에는 다큐멘터리에 데이터 줄을 덧붙이거나 화면 속 하키 퍽을 강조하는 정도였지만, 진정한 증강 현실은 건설 노동자가 현장에서 설계도를 검토하거나 과학자가 새 실험을 하면서 기록을 요청하기만 해도 이전 시험 결과를 들을 수 있게 해 줍니다. 전체적으로 사회가 훨씬 생산적이 됩니다. 방대한 데이터를 사용자 손끝에 쉽게 가져다 놓을 수 있습니다.",mt
TTRTEXT|1080|0,Submarines: Guided Missile (Surfaced) (SSG),잠수함: 유도 미사일 (부상 발사) (SSG),mt
TTRTEXT|1081|0,Submarines: Radar Picket Concepts,잠수함: 레이더 피켓 개념,mt
TTRTEXT|1082|0,Submarines: Guided Missiles (SSG) - Gen 2,잠수함: 유도 미사일 (SSG) - 2세대,mt
TTRTEXT|1083|0,Deep Ocean Submersibles,심해 잠수정,mt
TTRTEXT|1084|0,Submarines: Liquid Metal Engines,잠수함: 액체 금속 엔진,mt
TTRTEXT|1085|0,Submarines: Titanium Alloy Hull Design,잠수함: 티타늄 합금 선체 설계,mt
TTRTEXT|109|0,Enhanced Navigation,향상된 항법,mt
TTRTEXT|109|1,"With uses in both land and sea, new Heads Up Displays can be designed to make use of Augmented Reality technologies.  This makes both air and naval travel safer.","육상과 해상 모두에 쓸 수 있도록, 증강 현실 기술을 활용한 새로운 헤드업 디스플레이를 설계할 수 있습니다. 항공과 해상 이동이 모두 더 안전해집니다.",mt
TTRTEXT|1090|0,Triplane Construction,삼엽기 제작,mt
TTRTEXT|1091|0,Monoplane Construction,단엽기 제작,mt
TTRTEXT|1091|1,First-generation of single wing aircraft replacing the biplane and triplane designs of fixed-wing aircraft and moving the design process forward for future generation designs.,"복엽기와 삼엽기 설계를 대체하는 1세대 단일 날개 항공기로, 차세대 설계의 설계 과정을 앞당깁니다.",mt
TTRTEXT|1092|0,Monocoque Construction,모노코크 구조,mt
TTRTEXT|1092|1,----- Also called Unibody,----- 유니바디라고도 함,mt
TTRTEXT|1093|0,Aircraft Aluminum Alloys,항공기용 알루미늄 합금,mt
TTRTEXT|1094|0,Air Cooled Radial Engines,공랭식 성형 엔진,mt
TTRTEXT|1094|1,Advances in air cooling techniques allowing more powerful radial engines to be incorporated into aircraft designs.,공랭 기술이 발전하여 더 강력한 성형 엔진을 항공기 설계에 쓸 수 있게 됩니다.,mt
TTRTEXT|1095|0,Carrier Design Improvements,항공모함 설계 개선,mt
TTRTEXT|1095|1,"Aircraft Carrier Designs and Engineering, including concepts such as landing decks, arrestor hooks, and other Carrier elements.","착륙 갑판, 착함 후크 등 항공모함의 구성 요소를 포함한 항공모함의 설계와 공학입니다.",mt
TTRTEXT|1096|0,Dive Bombing Techniques,급강하 폭격 기법,mt
TTRTEXT|1096|1,"A dive bomber dives at a steep angle, normally between 45 and 60 degrees or even up to a near vertical dive. This puts great strains on both the pilot and aircraft. It demands an aircraft of strong construction, with some means to slow its dive.","급강하 폭격기는 보통 45도에서 60도, 때로는 거의 수직에 가까운 가파른 각도로 강하합니다. 이는 조종사와 기체 모두에 큰 부담을 주므로, 튼튼한 구조와 강하 속도를 줄일 장치를 갖춘 기체가 필요합니다.",mt
TTRTEXT|1097|0,Aircraft Design - Control Pitch Props,항공기 설계 - 가변 피치 프로펠러,mt
TTRTEXT|1097|1,"----- (missile req may seem strange, but need to know how to launch and range before controlling)","----- (미사일 선행 조건이 이상해 보일 수 있으나, 제어하기 전에 발사법과 사거리를 알아야 함)",mt
TTRTEXT|1098|0,Improved Aircraft Alloys,개량 항공기 합금,mt
TTRTEXT|1098|1,New duralumin alloy allows for structurally strengthened aircraft & new designs.,새로운 두랄루민 합금으로 구조가 강화된 항공기와 새로운 설계가 가능해집니다.,mt
TTRTEXT|1099|0,Improved Wing Designs,개량 날개 설계,mt
TTRTEXT|1099|1,Advancements in the integration of new structural materials and design concepts for strengthened fixed wing aircraft.,새로운 구조 재료와 설계 개념을 통합하여 고정익 항공기를 강화하는 기술의 발전입니다.,mt
TTRTEXT|11|0,Synthetic Fuel Plant,합성 연료 공장,mt
TTRTEXT|11|1,Method of producing petroleum-equivalent products to replace natural fossil fuels.,천연 화석 연료를 대체할 석유 대용품을 생산하는 방법입니다.,mt
TTRTEXT|110|0,Modern Anti Sub Warfare,현대 대잠전,mt
TTRTEXT|110|1,"Tactics, principles and technologies to hunt modern submarines.","현대 잠수함을 추적하는 전술, 원칙, 기술입니다.",mt
TTRTEXT|1100|0,Common Monoplane Designs,일반 단엽기 설계,mt
TTRTEXT|1101|0,Early Turbojet Theories,초기 터보제트 이론,mt
TTRTEXT|1101|1,Early development of the theories and designs needed for aircraft Jet Engines.,항공기 제트 엔진에 필요한 이론과 설계를 초기 단계에서 개발합니다.,mt
TTRTEXT|1102|0,Aircraft Design - Hydromatic Propeller,항공기 설계 - 유압식 프로펠러,mt
TTRTEXT|1103|0,Metal Alloy Airframes,금속 합금 기체,mt
TTRTEXT|1103|1,"Use of Duralumin in the manufacturing of Airframes, improving the strength of the frame while decreasing the overall weight.  Opens the door to many new aircraft designs.",기체 제작에 두랄루민을 사용하여 골격의 강도를 높이면서 전체 무게를 줄입니다. 많은 새로운 항공기 설계의 문을 엽니다.,mt
TTRTEXT|1104|0,Carrier Aircraft - Gen II (Monoplanes),함재기 - 2세대 (단엽기),mt
TTRTEXT|1105|0,Improved Gun Turrets,개량 포탑,mt
TTRTEXT|1105|1,"Incorporation of new technologies into gun turrets mechanisms, allowing significant movement improvements.",새로운 기술을 포탑 기구에 적용하여 움직임을 크게 개선합니다.,mt
TTRTEXT|1106|0,Avionics Technologies Improvements,항공전자 기술 개선,mt
TTRTEXT|1106|1,"The practical marriage between modern electronics and the aviation industry, comprising the electronic systems for use on aircraft, satellites, and spacecraft.  Incorporates communications, navigation, and the display and management of multiple systems at once.","현대 전자 기술과 항공 산업의 실질적인 결합으로, 항공기와 위성, 우주선에 쓰이는 전자 시스템을 아우릅니다. 통신, 항법, 그리고 여러 시스템의 동시 표시와 관리를 포함합니다.",mt
TTRTEXT|1107|0,Aircraft Turbine Engine Design,항공기 터빈 엔진 설계,mt
TTRTEXT|1107|1,Practical applications in the design and development of military and commercial aircraft turbines,군용 및 민간 항공기 터빈의 설계와 개발에 대한 실용적 응용입니다.,mt
TTRTEXT|1108|0,Aircraft Design: Tandem Engine Configuration,항공기 설계: 직렬 엔진 배치,mt
TTRTEXT|1109|0,Aircraft Engines - Supercharged Engines,항공기 엔진 - 과급 엔진,mt
TTRTEXT|111|0,Digital Roads,디지털 도로,mt
TTRTEXT|111|1,----- (Add prereq) Using wireless digital services to interact with vehicles on the roads allows for better control of traffic and provides data to drivers.,----- (선행 기술 추가) 무선 디지털 서비스로 도로 위 차량과 상호작용하면 교통을 더 잘 통제하고 운전자에게 데이터를 제공할 수 있습니다.,mt
TTRTEXT|1110|0,Aircraft Composite Engines,항공기 복합소재 엔진,mt
TTRTEXT|1111|0,Air-to-Air Missile Concepts,공대공 미사일 개념,mt
TTRTEXT|1111|1,Theoretical work into the design and function of a missile capable of being launched from an airplane for the purpose of destroying another aircraft.,항공기에서 발사하여 다른 항공기를 파괴할 수 있는 미사일의 설계와 기능에 대한 이론적 연구입니다.,mt
TTRTEXT|1112|0,Aircraft Turboprop Engines,항공기 터보프롭 엔진,mt
TTRTEXT|1113|0,Variable Discharge Turbine,가변 배기 터빈,mt
TTRTEXT|1114|0,Air-to-Air Missile Technologies,공대공 미사일 기술,mt
TTRTEXT|1115|0,Long-Range AA missiles,장거리 공대공 미사일,mt
TTRTEXT|112|0,High Speed Rail Infrastructure,고속철도 기반시설,mt
TTRTEXT|112|1,"Before these new technologies can be put into place, existing rail systems require a complete overhaul to match newer technological standards.",이 새로운 기술들을 도입하려면 먼저 기존 철도 시스템을 더 새로운 기술 표준에 맞게 전면 개편해야 합니다.,mt
TTRTEXT|1120|0,Jet Engine Theories,제트 엔진 이론,mt
TTRTEXT|1120|1,"Exploration of the centrifugal engine, discharging a fast-moving jet of air that generates thrust in accordance with Newton's laws of motion.",원심식 엔진을 연구합니다. 빠르게 움직이는 공기 분사류를 뿜어 뉴턴의 운동 법칙에 따라 추력을 만들어 냅니다.,mt
TTRTEXT|1121|0,Supersonic Theories,초음속 이론,mt
TTRTEXT|1122|0,Reaction Jet Engines,반동 제트 엔진,mt
TTRTEXT|1122|1,"In a reaction engine, expanding gasses push hard against the front of the engine. The turbojet sucks in air and compresses or squeezes it. The gasses flow through the turbine and make it spin. These gasses then bounce back and shoot out of the rear of the exhaust, pushing the plane forward.","반동 엔진에서는 팽창하는 가스가 엔진 앞쪽을 강하게 밉니다. 터보제트는 공기를 빨아들여 압축하고, 가스가 터빈을 통과하며 터빈을 돌립니다. 이 가스가 배기구 뒤쪽으로 분출되며 항공기를 앞으로 밀어냅니다.",mt
TTRTEXT|1123|0,Nuclear Aircraft Engines,원자력 항공기 엔진,mt
TTRTEXT|1124|0,Aerothermal Heat Solutions,공력 가열 해결책,mt
TTRTEXT|1124|1,----- (expand) Aircraft moving at extreme speeds (above Mach 2.5) create some unique challenges.,----- (보충) 극초음속(마하 2.5 이상)으로 이동하는 항공기는 독특한 과제를 만들어 냄.,mt
TTRTEXT|1125|0,Advanced Aircraft Engines,첨단 항공기 엔진,mt
TTRTEXT|1125|1,"Advanced design and engineering for jet fighter aircraft engines, to increase thrust, reliability and performance.","추력, 신뢰성, 성능을 높이기 위한 제트 전투기 엔진의 첨단 설계와 공학입니다.",mt
TTRTEXT|1126|0,Thrust-Vector Turbines Engines,추력 편향 터빈 엔진,mt
TTRTEXT|113|0,Modern High-Speed Trains,현대 고속열차,mt
TTRTEXT|113|1,"First seen in Europe, these trains travel at extremely high velocities and provide passengers with alternatives to air traffic.",유럽에서 처음 등장한 이 열차는 매우 빠른 속도로 달리며 승객에게 항공 교통의 대안을 제공합니다.,mt
TTRTEXT|1130|0,Twin Rotor Helicopters,쌍회전익 헬리콥터,mt
TTRTEXT|1131|0,Rotorcraft Autorotation Principles,회전익기 자동회전 원리,mt
TTRTEXT|1132|0,Helicopter Design Applications,헬리콥터 설계 응용,mt
TTRTEXT|1132|1,Theoretical designs for the practical applications of helicopters.  Identifies aerodynamic and structural issues that need to be addressed.,헬리콥터를 실용화하기 위한 이론적 설계입니다. 해결해야 할 공기역학적 문제와 구조적 문제를 파악합니다.,mt
TTRTEXT|1133|0,Modern Helicopter Technology,현대 헬리콥터 기술,mt
TTRTEXT|1134|0,Anti-Aircraft Directors,대공 사격 지휘 장치,mt
TTRTEXT|1135|0,Anti-Aircraft Directors II,대공 사격 지휘 장치 II,mt
TTRTEXT|1136|0,Military Paratrooper Techniques,군 공수 강하 기법,mt
TTRTEXT|1137|0,Commercial Air Travel,상업 항공 여행,mt
TTRTEXT|1139|0,Commercial Diesel Engine,상업용 디젤 엔진,mt
TTRTEXT|1139|1,"Mass produced modified Internal Combustion Engine that uses the heat of compression to ignite fuel rather than a spark.  Better efficiency makes them a better choice when more power is needed as with locomotives, trucks, and ships.","불꽃 대신 압축열로 연료에 점화하도록 개량한, 대량 생산되는 내연기관입니다. 효율이 더 좋아 기관차, 트럭, 선박처럼 더 큰 동력이 필요한 곳에 알맞습니다.",mt
TTRTEXT|114|0,Maglev Rail Infrastructure,자기부상 철도 기반시설,mt
TTRTEXT|114|1,Upgrading Rail systems to use new technologies such as Electromagnetic Lift.,전자기 부상 같은 새로운 기술을 쓰도록 철도 시스템을 개량합니다.,mt
TTRTEXT|1140|0,Economical Commercial Aircraft,경제적인 상업용 항공기,mt
TTRTEXT|1141|0,Conventional Automobiles,재래식 자동차,mt
TTRTEXT|1141|1,Incorporation of mass-production techniques to automobile manufacturing standardizes overall design and technology.,자동차 제조에 대량 생산 기법을 도입하여 전반적인 설계와 기술이 표준화됩니다.,mt
TTRTEXT|1142|0,Long-Range Commercial Aircraft,장거리 상업용 항공기,mt
TTRTEXT|1143|0,Hydrogen Peroxide Turbines,과산화수소 터빈,mt
TTRTEXT|1144|0,Supersonic Airframe Research,초음속 기체 연구,mt
TTRTEXT|1145|0,Aerocars,에어로카,mt
TTRTEXT|1146|0,Jet Commercial Aircraft,제트 상업용 항공기,mt
TTRTEXT|1147|0,Modern Automobiles,현대 자동차,mt
TTRTEXT|1148|0,Ejection Seat Technology,사출 좌석 기술,mt
TTRTEXT|1149|0,Cargo Transport Containers,화물 수송 컨테이너,mt
TTRTEXT|115|0,Electromagnetic Lift Trains,전자기 부상 열차,mt
TTRTEXT|115|1,"Using magnetic levitation it is possible to achieve frictionless motion for these trains, granting even greater speeds of rail transit.","자기 부상을 이용하면 이 열차들이 마찰 없이 움직일 수 있어, 철도 수송 속도가 한층 더 빨라집니다.",mt
TTRTEXT|1150|0,Hover and Ground Effect Machines,호버 및 지면 효과 장치,mt
TTRTEXT|1151|0,Commercial Naval Reactors,상업용 선박 원자로,mt
TTRTEXT|1152|0,Surface Effect Ship (SES) Hulls,표면 효과선 (SES) 선체,mt
TTRTEXT|1153|0,High Speed Trains,고속열차,mt
TTRTEXT|1154|0,Commercial Supersonic Flight,상업용 초음속 비행,mt
TTRTEXT|1155|0,High Capacity Commercial Airlines,대용량 상업 항공,mt
TTRTEXT|1156|0,Solar Powered Aircraft,태양광 항공기,mt
TTRTEXT|1157|0,Hybrid Vehicle Technology,하이브리드 차량 기술,mt
TTRTEXT|1158|0,Biofuels Technologies (Military Vehicles),바이오 연료 기술 (군용 차량),mt
TTRTEXT|1159|0,Electric Vehicles & Recharging Station,전기 차량 및 충전소,mt
TTRTEXT|1159|1,"----- needs prereqs, eff% and description","----- 선행 기술, 효율 %, 설명이 필요함",mt
TTRTEXT|116|0,Nano-Upgraded Mag-Lev Rails,나노 개량 자기부상 철도,mt
TTRTEXT|116|1,Using Nanotechnology to engineer better magnets for Magnetic Levitation train systems.,나노기술로 자기부상 열차 시스템에 쓸 더 우수한 자석을 설계합니다.,mt
TTRTEXT|1160|0,Nickel-Cadmium Batteries,니켈-카드뮴 배터리,mt
TTRTEXT|1160|1,Ability to create more advanced rechargeable batteries.,더 진보한 충전식 배터리를 만들 수 있습니다.,mt
TTRTEXT|1161|0,Wireless Transmission Stations,무선 송전소,mt
TTRTEXT|1162|0,Low Temperature Technologies,저온 기술,mt
TTRTEXT|1163|0,Understanding Piezoelectricity,압전 현상의 이해,mt
TTRTEXT|1163|1,"----- (update) While electric fields in crystals were recognized in the 1700s, it was not till much later that the applications where understood.","----- (수정) 결정 속의 전기장은 1700년대부터 알려졌지만, 그 응용 방법이 이해된 것은 훨씬 뒤의 일임.",mt
TTRTEXT|1164|0,Industrialization,산업화,mt
TTRTEXT|1164|1,"Although seen in other forms through previous centuries, it was not until the 20th century that machines, men and assembly lines were combined for such effective results.  Mass Production systems are the cornerstone of modern manufacturing and industrial production.","이전 세기에도 다른 형태로 나타났지만, 기계와 인력과 조립 라인이 이처럼 효과적으로 결합된 것은 20세기에 들어서였습니다. 대량 생산 체계는 현대 제조업과 산업 생산의 초석입니다.",mt
TTRTEXT|1165|0,Atomic Fundamentals,원자 기초,mt
TTRTEXT|1165|1,First stage in the practical applications of splitting the atom. (upped from 45 days),원자를 쪼개는 기술을 실용화하는 첫 단계입니다. (45일에서 상향),mt
TTRTEXT|1166|0,Quantum Physics,양자 물리학,mt
TTRTEXT|1166|1,Understanding the dual particle-like and wave-like behavior and interaction of matter and energy.,물질과 에너지가 입자 같은 성질과 파동 같은 성질을 함께 보이는 이중적 행동과 상호작용을 이해합니다.,mt
TTRTEXT|1167|0,Radio Guidance Systems,무선 유도 시스템,mt
TTRTEXT|1167|1,The development of guidance systems that can be remotely controlled by radio signals.  A key technology in the advancement of missiles that can be remotely directed to their targets.,무선 신호로 원격 조종할 수 있는 유도 시스템을 개발합니다. 표적까지 원격으로 유도할 수 있는 미사일 발전의 핵심 기술입니다.,mt
TTRTEXT|1168|0,Magnetic Tapes,자기 테이프,mt
TTRTEXT|1168|1,Ability to store data onto a magnetized strip of plastic which becomes a form of non-volatile memory,자화된 플라스틱 띠에 데이터를 저장하여 비휘발성 메모리의 한 형태로 쓸 수 있습니다.,mt
TTRTEXT|1169|0,Industrial Use Microscopes,산업용 현미경,mt
TTRTEXT|1169|1,---Use Modern Microscopes@33?,---현대 현미경 @33 사용?,mt
TTRTEXT|117|0,Digital Social Services,디지털 사회 서비스,mt
TTRTEXT|117|1,"Improves citizen access to social and governmental services, reducing costs and improving quality of life.",시민이 사회 서비스와 행정 서비스를 이용하기 쉬워져 비용은 줄고 삶의 질은 높아집니다.,mt
TTRTEXT|1170|0,Synthetic Rubber,합성 고무,mt
TTRTEXT|1170|1,Development of a wide range of synthetic or semi-synthetic organic solids used in the manufacture of industrial products. Plastics are typically polymers of high molecular mass and may contain other substances to improve performance and/or reduce production costs.,"산업 제품 제조에 쓰이는 다양한 합성 또는 반합성 유기 고체를 개발합니다. 플라스틱은 대개 분자량이 큰 고분자이며, 성능을 높이거나 생산비를 줄이기 위해 다른 물질이 들어가기도 합니다.",mt
TTRTEXT|1171|0,FM Radio,FM 라디오,mt
TTRTEXT|1171|1,Development of Frequency Modulation to convey information over a carrier wave by varying its frequency  (instead of its amplitude as in AM Radio).,(AM 라디오처럼 진폭이 아니라) 주파수를 바꾸어 반송파에 정보를 실어 보내는 주파수 변조 방식을 개발합니다.,mt
TTRTEXT|1172|0,Modern Microscopes,현대 현미경,mt
TTRTEXT|1172|1,"Significant alternative to light microscopy, using electrons rather than light to generate the image.  Use of electrons instead of light allows a much higher resolution.","빛 대신 전자를 사용해 상을 만드는, 광학 현미경에 대한 중요한 대안입니다. 빛 대신 전자를 쓰므로 훨씬 높은 해상도를 얻을 수 있습니다.",mt
TTRTEXT|1173|0,Radio Astronomy,전파 천문학,mt
TTRTEXT|1174|0,Early Color Photography,초기 컬러 사진술,mt
TTRTEXT|1174|1,"Development of the first commercially successful color process, the Lumière Autochrome.",상업적으로 처음 성공한 컬러 사진 공정인 뤼미에르 오토크롬을 개발합니다.,mt
TTRTEXT|1175|0,Ion Exchange Resin,이온 교환 수지,mt
TTRTEXT|1176|0,Radio Telescopes,전파 망원경,mt
TTRTEXT|1177|0,Reflecting Telescope,반사 망원경,mt
TTRTEXT|1178|0,SCUBA gear,스쿠버 장비,mt
TTRTEXT|1179|0,Advanced Veterinary Medicine,첨단 수의학,mt
TTRTEXT|118|0,Advanced Stirling Engines,첨단 스털링 엔진,mt
TTRTEXT|118|1,The Stirling engine promises the best efficiency of any non-electric engine.  Addressing acceleration issues and manufacturing cost will allow for full commercial uses.,스털링 엔진은 전기식이 아닌 엔진 중 가장 뛰어난 효율을 약속합니다. 가속 문제와 제조 비용을 해결하면 본격적인 상업적 활용이 가능해집니다.,mt
TTRTEXT|1180|0,Chromatography,크로마토그래피,mt
TTRTEXT|1181|0,Non-reflective Glass Films,반사 방지 유리 필름,mt
TTRTEXT|1182|0,Underground Coal Gasification,지하 석탄 가스화,mt
TTRTEXT|1182|1,"UCG is an in-situ gasification process carried out in non-mined coal seams using injection of oxidants, and bringing the product gas to surface through production wells drilled from the surface.  Resultant gas can be used as a chemical feedstock or as fuel for power generation.","UCG는 채굴하지 않은 탄층에서 산화제를 주입해 현지에서 가스화하고, 지표에서 뚫은 생산정으로 생성 가스를 지상에 끌어올리는 공정입니다. 생성된 가스는 화학 원료나 발전용 연료로 쓸 수 있습니다.",mt
TTRTEXT|1183|0,Synthetic Pesticides,합성 살충제,mt
TTRTEXT|1183|1,"----- and herbicides?  '40, '45, '55","----- 제초제도 포함? 40년, 45년, 55년",mt
TTRTEXT|1184|0,Radar,레이더,mt
TTRTEXT|1184|1,"Development of an object-detection system which uses radio waves to determine the range, altitude, and direction of targets.  Transmits pulses of radio waves which bounce off any object in their path and displays the bounce.","전파를 이용해 표적의 거리, 고도, 방향을 알아내는 물체 탐지 시스템을 개발합니다. 전파 펄스를 발사하면 경로상의 물체에 부딪혀 반사되며, 그 반사를 화면에 표시합니다.",mt
TTRTEXT|1185|0,HF/DF Communications Tracking,HF/DF 통신 추적,mt
TTRTEXT|1185|1,----- (review) A critical step in seeking out enemy submarines...,----- (검토) 적 잠수함을 찾아내는 핵심 단계...,mt
TTRTEXT|1186|0,Long-Range Radio Navigation ,장거리 무선 항법,mt
TTRTEXT|1186|1,----- LORAN,----- LORAN,mt
TTRTEXT|1187|0,Continuous Casting,연속 주조,mt
TTRTEXT|1187|1,----- rename 'improved fabrication materials'?,----- '개량 제조 소재'로 이름을 바꿀까?,mt
TTRTEXT|1188|0,Transforming Principles of DNA,DNA 형질 전환 원리,mt
TTRTEXT|1188|1,One of the first experiments suggesting that bacteria are capable of transferring genetic information through a process known as transformation. These findings were followed by research that isolated DNA as the material that communicated this genetic information.,세균이 형질 전환이라는 과정을 통해 유전 정보를 전달할 수 있음을 시사한 최초의 실험 중 하나입니다. 이어진 연구에서 이 유전 정보를 전달하는 물질이 DNA임이 밝혀졌습니다.,mt
TTRTEXT|1189|0,Height-Finding Radars,고도 측정 레이더,mt
TTRTEXT|119|0,Advanced Stirling Generators,첨단 스털링 발전기,mt
TTRTEXT|119|1,With the efficiency of the Advanced Stirling Engine it is possible to create personal home generators to allow citizens to control some of their own power generation.,"첨단 스털링 엔진의 효율 덕분에 가정용 개인 발전기를 만들 수 있어, 시민이 자기 전력 생산의 일부를 직접 통제할 수 있습니다.",mt
TTRTEXT|1190|0,Modern Dive Equipment,현대 잠수 장비,mt
TTRTEXT|1191|0,Synchrotron Particle Accelerators,싱크로트론 입자 가속기,mt
TTRTEXT|1191|1,Particular type of cyclic particle accelerator in which the magnetic field (to turn the particles so they circulate) and the electric field (to accelerate the particles) are carefully synchronized with the traveling particle beam.,입자를 돌리는 자기장과 입자를 가속하는 전기장을 이동하는 입자 빔과 정밀하게 동기화하는 특수한 유형의 원형 입자 가속기입니다.,mt
TTRTEXT|1192|0,Bathyscaphe,배티스카프,mt
TTRTEXT|1193|0,Improved Media Broadcasting,개선된 매체 방송,mt
TTRTEXT|1193|1,----- Television and Movie,----- 텔레비전과 영화,mt
TTRTEXT|1194|0,Modern Electronics,현대 전자공학,mt
TTRTEXT|1194|1,Commercial Development of transistors to replace vacuum tubes.  These semiconductor devices are used to amplify and switch electronic signals and they paved the way for smaller and cheaper electronics.,"진공관을 대체하는 트랜지스터를 상업적으로 개발합니다. 이 반도체 소자는 전자 신호를 증폭하고 전환하는 데 쓰이며, 더 작고 저렴한 전자제품의 길을 열었습니다.",mt
TTRTEXT|1195|0,Automated Assembly Lines,자동 조립 라인,mt
TTRTEXT|1195|1,First implementations of modern assembly lines that replaced workers with basic machinery for simple and repetitive tasks .,단순 반복 작업에서 노동자를 기초적인 기계로 대체한 현대식 조립 라인의 첫 도입입니다.,mt
TTRTEXT|1196|0,Hale Telescope Astronomy,헤일 망원경 천문학,mt
TTRTEXT|1197|0,Solar Power Theories,태양광 발전 이론,mt
TTRTEXT|1198|0,LORAN Generation II,LORAN 2세대,mt
TTRTEXT|1199|0,Improved Immunology,면역학 개선,mt
TTRTEXT|12|0,Orbital Launch Pad,궤도 발사대,mt
TTRTEXT|12|1,"Orbital Launch Technologies and facilities, allowing the production and launch of satellites and related space developments.",위성과 관련 우주 개발 장비를 생산하고 발사할 수 있게 해 주는 궤도 발사 기술과 시설입니다.,mt
TTRTEXT|120|0,Bi-directional Power Gen,양방향 전력 생산,mt
TTRTEXT|120|1,"By allowing users to generate their own power in excess of their needs, the population becomes much more involved in the generation of energy.  ","사용자가 필요한 양을 넘는 전력을 직접 생산할 수 있게 되어, 국민이 에너지 생산에 훨씬 더 많이 참여하게 됩니다.",mt
TTRTEXT|1200|0,Instant Adhesives,순간접착제,mt
TTRTEXT|1201|0,Modern Embryology,현대 발생학,mt
TTRTEXT|1202|0,Conventional Wind Turbines,재래식 풍력 터빈,mt
TTRTEXT|1203|0,Tranquilizers,신경안정제,mt
TTRTEXT|1204|0,Understanding DNA,DNA의 이해,mt
TTRTEXT|1204|1,First models of the Double Helix structure of Deoxyribonucleic acid (DNA).  Illustrates how the genetic instructions of living organism are contained in the host.,디옥시리보핵산(DNA)의 이중 나선 구조를 처음으로 모형화합니다. 생물의 유전 정보가 숙주 안에 어떻게 담겨 있는지 보여 줍니다.,mt
TTRTEXT|1205|0,Commercial Color Television,상업용 컬러 텔레비전,mt
TTRTEXT|1206|0,Maser Systems,메이저 시스템,mt
TTRTEXT|1206|1,"Device that produces coherent electromagnetic waves through amplification by stimulated emission of radiation.  Essentially, these are strengthened microwaves.",복사선의 유도 방출에 의한 증폭으로 결맞는 전자기파를 만들어 내는 장치입니다. 본질적으로 강화된 마이크로파입니다.,mt
TTRTEXT|1207|0,Microwave Oven Technology,전자레인지 기술,mt
TTRTEXT|1208|0,Nuclear Reactor - Commercial Technology,원자로 - 상업 기술,mt
TTRTEXT|1209|0,Silicon Solar Cells,실리콘 태양전지,mt
TTRTEXT|121|0,NBC Safety Kit ,NBC 안전 키트,mt
TTRTEXT|121|1,"Nuclear, Biological, and Chemical protection kits - including Vehicle Air Filtration, Anti Radiation Suits, and Decontamination Scrubbers.","핵·생물·화학 방호 키트로, 차량 공기 여과 장치, 방사선 방호복, 제독 세정기를 포함합니다.",mt
TTRTEXT|1210|0,Silicon Transistors,실리콘 트랜지스터,mt
TTRTEXT|1210|1,"Evolution of the Transistor, allowing it to work at higher temperatures and therefore be able to support more electrons and carry more information.",트랜지스터가 진화하여 더 높은 온도에서도 작동하므로 더 많은 전자를 지원하고 더 많은 정보를 전달할 수 있습니다.,mt
TTRTEXT|1211|0,Fiber Optics,광섬유,mt
TTRTEXT|1211|1,"The theory of using a thin, flexible, transparent fiber to act as a waveguide, or 'light pipe', to transmit information between the two ends of the fiber.  This would allow transmission over longer distances and at higher data rates than other forms of communication.","가늘고 유연하며 투명한 섬유를 도파관, 즉 '광 파이프'로 삼아 섬유 양 끝 사이로 정보를 전달한다는 이론입니다. 다른 통신 방식보다 더 먼 거리를 더 높은 데이터 속도로 전송할 수 있습니다.",mt
TTRTEXT|1212|0,Field Ion Microscope,전계 이온 현미경,mt
TTRTEXT|1212|1,An analytical technique used in materials science. The field ion microscope is a type of microscope that can be used to image the arrangement of atoms at the surface of a sharp metal tip. It was the first technique by which individual atoms could be spatially resolved.,"재료과학에서 쓰는 분석 기법입니다. 전계 이온 현미경은 뾰족한 금속 끝 표면의 원자 배열을 영상으로 볼 수 있는 현미경으로, 개별 원자를 공간적으로 구분해 낸 최초의 기법이었습니다.",mt
TTRTEXT|1213|0,Synthetic Diamonds,합성 다이아몬드,mt
TTRTEXT|1213|1,----- Industrial Uses,----- 산업적 용도,mt
TTRTEXT|1214|0,Velcro,벨크로,mt
TTRTEXT|1215|0,X-Ray Microscopes,X선 현미경,mt
TTRTEXT|1215|1,An X-ray microscope uses electromagnetic radiation in the soft X-ray band to produce images of very small objects.,X선 현미경은 연X선 대역의 전자기 복사를 이용하여 아주 작은 물체의 영상을 만듭니다.,mt
TTRTEXT|1216|0,Fusion Power Theories,핵융합 발전 이론,mt
TTRTEXT|1217|0,Improved Video Equipment,개량 영상 장비,mt
TTRTEXT|1219|0,Radar Bounce-Back Technology (ATC),레이더 반사 기술 (항공 교통 관제),mt
TTRTEXT|122|0,NBC Safety Kit II,NBC 안전 키트 II,mt
TTRTEXT|122|1,"Nuclear, Biological, and Chemical protection kits - including Vehicle Air Filtration, Anti Radiation Suits, and Decontamination Scrubbers.","핵·생물·화학 방호 키트로, 차량 공기 여과 장치, 방사선 방호복, 제독 세정기를 포함합니다.",mt
TTRTEXT|1220|0,Artificial Intelligence Theories,인공지능 이론,mt
TTRTEXT|1221|0,Early Neural Networks,초기 신경망,mt
TTRTEXT|1222|0,Improved Nuclear Fuels,개량 핵연료,mt
TTRTEXT|1222|1,----- year may be wrong,----- 연도가 틀렸을 수 있음,mt
TTRTEXT|1223|0,Laser Systems,레이저 시스템,mt
TTRTEXT|1223|1,Development of devices that emit light (electromagnetic radiation) through a process of optical amplification based on the stimulated emission of photons.,광자의 유도 방출에 기반한 광학적 증폭 과정을 통해 빛(전자기 복사)을 내는 장치를 개발합니다.,mt
TTRTEXT|1225|0,Integrated Circuits,집적회로,mt
TTRTEXT|1225|1,"Electronic circuits manufactured by diffusion of trace elements into the surface of a thin substrate of semiconductor material.  Revolutionized modern electronics by providing a smaller, less expensive, and infinitely more powerful alternative to basic transistors.",얇은 반도체 기판 표면에 미량 원소를 확산시켜 제조하는 전자 회로입니다. 기초적인 트랜지스터보다 작고 저렴하며 훨씬 강력한 대안을 제공하여 현대 전자공학에 혁명을 일으켰습니다.,mt
TTRTEXT|1226|0,Proton Accelerator,양성자 가속기,mt
TTRTEXT|1227|0,Stereo Recordings,스테레오 녹음,mt
TTRTEXT|1228|0,Fuel Cell,연료 전지,mt
TTRTEXT|1229|0,High Temperature Hydraulics,고온 유압 장치,mt
TTRTEXT|123|0,NBC Safety Kit III,NBC 안전 키트 III,mt
TTRTEXT|123|1,"Nuclear, Biological, and Chemical protection kits - including Vehicle Air Filtration, Anti Radiation Suits, and Decontamination Scrubbers.","핵·생물·화학 방호 키트로, 차량 공기 여과 장치, 방사선 방호복, 제독 세정기를 포함합니다.",mt
TTRTEXT|1230|0,The Physics of Miniaturization,소형화의 물리학,mt
TTRTEXT|1231|0,CT Scan Imaging,CT 스캔 영상,mt
TTRTEXT|1231|1,A computed tomography (CT) scan is a non-invasive imaging method that uses computer processed x-rays to create cross-sectional pictures of the body.,컴퓨터 단층촬영(CT)은 컴퓨터로 처리한 X선으로 신체의 단면 영상을 만드는 비침습 영상 기법입니다.,mt
TTRTEXT|1232|0,Halogen Lamps,할로겐 램프,mt
TTRTEXT|1233|0,Titanium Fabrication,티타늄 가공,mt
TTRTEXT|1234|0,Advanced Burst Communications,첨단 고속 부호화 통신,mt
TTRTEXT|1235|0,Commercial Magnetic Media,상업용 자기 매체,mt
TTRTEXT|1236|0,Improved Refining,정제 기술 개선,mt
TTRTEXT|1237|0,Magnetometers,자기계,mt
TTRTEXT|1237|1,"Scientific instrument used to measure the strength or direction of a magnetic field.  Common uses include the metal detectors at airports, and those used to detect buried objects.  More advanced uses include geophysical surveys to determine mineralization.",자기장의 세기나 방향을 측정하는 과학 기기입니다. 공항의 금속 탐지기와 매설물 탐지에 흔히 쓰입니다. 더 고급 용도로는 광물화 정도를 알아내는 지구물리 탐사가 있습니다.,mt
TTRTEXT|1238|0,Robotic Assembly Lines,로봇 조립 라인,mt
TTRTEXT|1238|1,"Incorporation of automatically controlled mechanical systems to significantly improve the manufacturing process.  Typical applications of robots include welding, painting, assembly, pick and place, product inspection, and testing; all accomplished with high endurance, speed, and precision.","자동 제어되는 기계 시스템을 도입하여 제조 공정을 크게 개선합니다. 로봇은 보통 용접, 도장, 조립, 집어 옮기기, 제품 검사, 시험에 쓰이며, 모두 높은 지구력과 속도와 정밀도로 수행합니다.",mt
TTRTEXT|1239|0,Thin-Film Transistors,박막 트랜지스터,mt
TTRTEXT|124|0,NBC Safety Procedures,NBC 안전 절차,mt
TTRTEXT|124|1,"Procedures and technologies to help protect soldiers and the general population from the effect of Nuclear, Biological, or Chemical attacks.",핵·생물·화학 공격의 영향으로부터 병사와 일반 국민을 보호하는 절차와 기술입니다.,mt
TTRTEXT|1240|0,Friction Welding Techniques,마찰 용접 기법,mt
TTRTEXT|1241|0,Fuzzy Logic Theories,퍼지 논리 이론,mt
TTRTEXT|1241|1,----- Many applications from ABS to Air Conditioners to Elevators,"----- ABS에서 에어컨, 엘리베이터까지 응용 분야가 많음",mt
TTRTEXT|1242|0,Applied Programming,응용 프로그래밍,mt
TTRTEXT|1242|1,"Development of computer languages that allows for more than basic computations.  Essentially the dawn of modern computer applications such as word processing, databases, and even computer games.","기본적인 계산을 넘어서는 일이 가능한 컴퓨터 언어를 개발합니다. 사실상 문서 작성, 데이터베이스, 컴퓨터 게임 같은 현대 컴퓨터 응용의 시작입니다.",mt
TTRTEXT|1243|0,Fiber Optic Data Transmission,광섬유 데이터 전송,mt
TTRTEXT|1243|1,The commercial development based on the science of Fiber Optics - a method of transmitting information from one place to another by sending pulses of light through an optical fiber.,"광섬유 과학에 기반한 상업적 개발로, 광섬유를 통해 빛의 펄스를 보내 한 곳에서 다른 곳으로 정보를 전달하는 방식입니다.",mt
TTRTEXT|1244|0,Atomic Clock,원자시계,mt
TTRTEXT|1245|0,Industrial Lasers,산업용 레이저,mt
TTRTEXT|1245|1,Practical application of Lasers for modern industry.  Uses range from precision measuring and cutting to barcode readers and high-definition printing.,레이저를 현대 산업에 실용적으로 적용합니다. 정밀 측정과 절단부터 바코드 판독기와 고해상도 인쇄까지 용도가 다양합니다.,mt
TTRTEXT|1246|0,Light-Emitting Diode (LED),발광 다이오드 (LED),mt
TTRTEXT|1247|0,Metal Oxide Semiconductors,금속 산화물 반도체,mt
TTRTEXT|1247|1,"A metal insulator semiconductor structure in which the insulating layer is an oxide of the substrate material; for a silicon substrate, the insulating layer is silicon dioxide (SiO2).  Development of this technology is a significant step in the miniaturization and cost effectiveness of modern electronics.",절연층이 기판 재료의 산화물인 금속-절연체-반도체 구조입니다. 실리콘 기판이라면 절연층은 이산화규소(SiO2)입니다. 이 기술의 발전은 현대 전자제품의 소형화와 비용 효율을 높이는 중요한 진전입니다.,mt
TTRTEXT|1248|0,Microprocessors,마이크로프로세서,mt
TTRTEXT|1248|1,"A microprocessor incorporates most or all of the functions of a computer's central processing unit (CPU) on a single integrated circuit (IC, or microchip).  Key development in reducing the cost of computer technologies and increasing a computer's power.","마이크로프로세서는 컴퓨터 중앙 처리 장치(CPU)의 기능 대부분 또는 전부를 하나의 집적회로(IC, 마이크로칩)에 담은 것입니다. 컴퓨터 기술의 비용을 낮추고 성능을 높인 핵심 발전입니다.",mt
TTRTEXT|1249|0,Active Matrix LCD,액티브 매트릭스 LCD,mt
TTRTEXT|125|0,NBC Preparedness,NBC 대비,mt
TTRTEXT|125|1,"Detailed Preparations to help protect the population from the effects of Nuclear, Biological, or Chemical attacks.  These would include research on counteracting pharmaceuticals, filtration, detection, and civil emergency planning.","핵·생물·화학 공격의 영향으로부터 국민을 보호하기 위한 세부적인 준비입니다. 대응 의약품, 여과, 탐지, 민방위 비상 계획에 관한 연구가 포함됩니다.",mt
TTRTEXT|1250|0,Commercial Digital Media,상업용 디지털 매체,mt
TTRTEXT|1251|0,Conductive Polymers,전도성 고분자,mt
TTRTEXT|1252|0,Quantum Chromodynamics,양자 색역학,mt
TTRTEXT|1252|1,QCD is a quantum field theory of a special kind called a non-abelian gauge theory. It is an important part of the Standard Model of particle physics.,QCD는 비가환 게이지 이론이라는 특수한 종류의 양자장론입니다. 입자물리학 표준 모형의 중요한 일부입니다.,mt
TTRTEXT|1253|0,Recombinant DNA,재조합 DNA,mt
TTRTEXT|1253|1,A form of artificial DNA that is created by combining two or more sequences that would not normally occur together through the process of gene splicing.,"유전자 접합 과정으로, 보통은 함께 나타나지 않는 둘 이상의 서열을 결합하여 만든 인공 DNA의 한 형태입니다.",mt
TTRTEXT|1254|0,Large Scale Integration,대규모 집적,mt
TTRTEXT|1255|0,Moderm Mass Spectromatry,현대 질량 분석법,mt
TTRTEXT|1256|0,Charge-coupled Device,전하 결합 소자,mt
TTRTEXT|1257|0,Networking Protocols,네트워크 프로토콜,mt
TTRTEXT|1257|1,The standardization that allows one computer to connect and share information with another computer.,한 컴퓨터가 다른 컴퓨터와 연결하여 정보를 주고받을 수 있게 하는 표준화입니다.,mt
TTRTEXT|1258|0,Magnetic Video Media,자기 영상 매체,mt
TTRTEXT|1259|0,Modern Solar Power Generation,현대 태양광 발전,mt
TTRTEXT|126|0,NBC Preparedness II,NBC 대비 II,mt
TTRTEXT|126|1,"Further upgrades in Nuclear, Biological, and Chemical attack preparations and defenses.",핵·생물·화학 공격에 대한 대비와 방어를 한층 더 개선합니다.,mt
TTRTEXT|1260|0,Focused Ion Beam,집속 이온 빔,mt
TTRTEXT|1260|1,"Technology used particularly in the semiconductor and materials science fields as a micro-machining tool, to modify or machine materials at the micro- and nanoscale.","특히 반도체와 재료과학 분야에서 미세 가공 도구로 쓰이는 기술로, 마이크로 및 나노 규모에서 재료를 변형하거나 가공합니다.",mt
TTRTEXT|1261|0,MOSFET,MOSFET,mt
TTRTEXT|1262|0,Compact Digital Media,소형 디지털 매체,mt
TTRTEXT|1263|0,Early Cloning,초기 복제 기술,mt
TTRTEXT|1264|0,Modern Programming,현대 프로그래밍,mt
TTRTEXT|1264|1,Next stage in the development of computer languages and advanced programming techniques.  Takes advantage of improved capabilities of computer hardware for advanced and complicated applications.,컴퓨터 언어와 고급 프로그래밍 기법의 다음 발전 단계입니다. 향상된 컴퓨터 하드웨어 성능을 활용하여 고도하고 복잡한 응용을 구현합니다.,mt
TTRTEXT|1265|0,Scanning Tunnel Microscope (STM),주사 터널링 현미경 (STM),mt
TTRTEXT|1265|1,"Instrument for imaging surfaces at the atomic level.  With this resolution, individual atoms within materials are routinely imaged and manipulated. The STM can be used not only in ultra high vacuum but also in air, water, and various other liquid or gas ambients, and at temperatures ranging from near zero kelvin to a few hundred degrees Celsius.","원자 수준에서 표면을 영상화하는 장비입니다. 이 해상도라면 재료 속 개별 원자를 일상적으로 관찰하고 조작할 수 있습니다. STM은 초고진공뿐 아니라 공기, 물, 그 밖의 여러 액체나 기체 환경과, 절대 영도에 가까운 온도부터 섭씨 수백 도까지의 온도에서도 쓸 수 있습니다.",mt
TTRTEXT|1266|0,Functional Voice Recognition,실용적 음성 인식,mt
TTRTEXT|1266|1,"--- While attempts have been made since the first audio inputs where supported, the quality of the voice recognition is now sufficient for applications such as controlling wheelchairs and other mechanical operations.","--- 최초의 음성 입력이 지원된 이래 시도가 있었지만, 이제 음성 인식의 품질이 휠체어 제어 같은 기계 조작 응용에 충분한 수준에 이름.",mt
TTRTEXT|1267|0,DNA Duplication,DNA 복제,mt
TTRTEXT|1267|1,----- Polymerase Chain Reaction...,----- 중합효소 연쇄 반응...,mt
TTRTEXT|1268|0,Understanding Nuclear Winters,핵겨울의 이해,mt
TTRTEXT|1269|0,Stereolithography Principles,광조형 원리,mt
TTRTEXT|127|0,Amphibious Assault Designs,상륙 강습 설계,mt
TTRTEXT|127|1,"Designs, technologies and tactics for Amphibious assaults and landings.","상륙 강습과 상륙 작전을 위한 설계, 기술, 전술입니다.",mt
TTRTEXT|1270|0,Automated Gene Sequencing,자동 유전자 서열 분석,mt
TTRTEXT|1271|0,Basic Electronics,기초 전자공학,mt
TTRTEXT|1271|1,"Understanding and Research on Basic Electronics concepts, opening up new avenues of knowledge and development.",기초 전자공학 개념을 이해하고 연구하여 새로운 지식과 개발의 길을 엽니다.,mt
TTRTEXT|128|0,Tilt Engine Pods,틸트 엔진 포드,mt
TTRTEXT|128|1,"A new design of aircraft that can take-off and land similar to a helicopter, yet change in-flight to a more efficient forward-propeller configuration.  Would allow larger cargo capacities and higher flight speeds than traditional rotor craft.",헬리콥터처럼 이착륙하면서도 비행 중에 더 효율적인 전방 프로펠러 형태로 바뀌는 새로운 항공기 설계입니다. 기존 회전익기보다 화물 적재량이 크고 비행 속도도 빠릅니다.,mt
TTRTEXT|129|0,Government Literacy Programs,정부 문해 프로그램,mt
TTRTEXT|129|1,Improves literacy and education among adult citizens.,성인 국민의 문해율과 교육 수준을 높입니다.,mt
TTRTEXT|13|0,V-LAP Artillery,V-LAP 포병,mt
TTRTEXT|13|1,"Velocity-Enhanced Long-Range Artillery Projectile (V-LAP),  Provides Ballistic Artillery units with a longer-range ammunition option; will be used automatically when targets are not in the range of standard munitions.  Longer-range munitions have a higher goods cost and a longer reload time.","속도 강화 장거리 포병 투사체(V-LAP)입니다. 탄도 포병 유닛에 사거리가 더 긴 탄약 선택지를 제공하며, 표적이 일반 탄약의 사거리 밖에 있을 때 자동으로 사용됩니다. 사거리가 긴 탄약은 물자 비용이 더 높고 재장전 시간도 더 깁니다.",mt
TTRTEXT|130|0,Prismatic Uranium Blocks,프리즈매틱 우라늄 블록,mt
TTRTEXT|130|1,New Method of using Uranium in Nuclear Generators makes them much safer.  Opens up other avenues for future nuclear research.,원자력 발전기에 우라늄을 쓰는 새로운 방식으로 훨씬 더 안전해집니다. 향후 원자력 연구의 다른 길도 열어 줍니다.,mt
TTRTEXT|1300|0,Early Machine Guns,초기 기관총,mt
TTRTEXT|1301|0,Range Projection Instruments,사거리 산출 장비,mt
TTRTEXT|1302|0,Rocket Weapons,로켓 무기,mt
TTRTEXT|1303|0,Convoy Protection Concepts,호송 보호 개념,mt
TTRTEXT|1304|0,Heavy Naval Gun Turrets,대형 함포 포탑,mt
TTRTEXT|1305|0,Medium Naval Gun Turrets,중형 함포 포탑,mt
TTRTEXT|1306|0,Remote Naval Gun Laying,원격 함포 조준,mt
TTRTEXT|1307|0,Stereoscopic Rangefinders,입체 거리 측정기,mt
TTRTEXT|1307|1,----- Rename?  Combine?,----- 이름 변경? 통합?,mt
TTRTEXT|1308|0,High-Angle Naval Guns,고각 함포,mt
TTRTEXT|1309|0,Liquid Fueled Rockets,액체 연료 로켓,mt
TTRTEXT|1309|1,A number of factors make liquid propellants more effective than solids.  Developing the fuel systems to support them will lead to improved military technologies.,여러 요인 때문에 액체 추진제가 고체보다 효과적입니다. 이를 뒷받침할 연료 시스템을 개발하면 군사 기술이 발전합니다.,mt
TTRTEXT|131|0,VHTR Nuclear Reactors,VHTR 원자로,mt
TTRTEXT|131|1,Very High Temperature Reactor.  Generates both Electricity and Hydrogen Fuel from Nuclear Reactor generators.,초고온 원자로입니다. 원자력 발전기로 전력과 수소 연료를 모두 생산합니다.,mt
TTRTEXT|1310|0,Semi-Automatic Rifles,반자동 소총,mt
TTRTEXT|1310|1,Automatic ejection of a spent shell casing and insertion of a new shell into the chamber when a trigger is pulled.  Eliminates the need for manual cycling of a weapon after each shot and increases the number of rounds per minute the operator can fire.,방아쇠를 당기면 사용한 탄피를 자동으로 배출하고 새 탄을 약실에 장전합니다. 한 발을 쏜 뒤마다 손으로 장전 동작을 할 필요가 없어져 사수가 분당 쏠 수 있는 발수가 늘어납니다.,mt
TTRTEXT|1311|0,Lightweight Naval Gun Construction,경량 함포 제작,mt
TTRTEXT|1311|1,Adoption of new metallurgic techniques into the manufacturing of naval guns. ,새로운 금속공학 기법을 함포 제조에 도입합니다.,mt
TTRTEXT|1312|0,Light Machine Guns,경기관총,mt
TTRTEXT|1312|1,Smaller caliber automatic weapons designed to be employed by an individual soldier as an infantry support weapon.,병사 개인이 보병 지원 무기로 쓰도록 설계된 소구경 자동 화기입니다.,mt
TTRTEXT|1313|0,Automatic Rifles,자동 소총,mt
TTRTEXT|1313|1,"A magazine-fed rifle that uses either its recoil or a portion of the gas propelling the projectile to remove the spent cartridge case, cock the rifle, load a new cartridge and fire again repeatedly, as long as the trigger is held down or until the magazine is exhausted.","탄창 급탄식 소총으로, 반동이나 탄을 추진하는 가스의 일부를 이용해 사용한 탄피를 배출하고 공이치기를 젖히고 새 탄을 장전한 뒤 다시 발사하며, 방아쇠를 당기고 있거나 탄창이 빌 때까지 이를 반복합니다.",mt
TTRTEXT|1314|0,Auxiliary Detonating Fuzes (ADF),보조 기폭 신관 (ADF),mt
TTRTEXT|1315|0,Improved Depth Charges,개량 폭뢰,mt
TTRTEXT|1316|0,Magnetic Detection Systems,자기 탐지 시스템,mt
TTRTEXT|1316|1,Military forces are experimenting with magnetometers to detect minute variations in the Earth's magnetic field. These can be caused by large objects in the ocean. There is potential here to create new ways to detect enemy submarines.,군에서 지구 자기장의 미세한 변화를 감지하기 위해 자기계를 시험하고 있습니다. 이 변화는 바닷속의 큰 물체 때문에 생길 수 있습니다. 적 잠수함을 탐지하는 새로운 방법을 만들 가능성이 있습니다.,mt
TTRTEXT|1317|0,Night Fighter Operational Concepts,야간 전투기 운용 개념,mt
TTRTEXT|1318|0,High Altitude Pressurization,고고도 여압,mt
TTRTEXT|1318|1,"Required to provide a safe environment for aircraft passengers and crew at altitudes above 12,500 feet.  Protects them against Hypoxia, Altitude Sickness, Decompression Sickness, and Barotrauma.   ","고도 12,500피트 이상에서 항공기 승객과 승무원에게 안전한 환경을 제공하는 데 필요합니다. 저산소증, 고산병, 감압병, 기압 외상으로부터 보호합니다.",mt
TTRTEXT|1319|0,Launchable Anti Sub Weapons,발사식 대잠 무기,mt
TTRTEXT|1319|1,"-----(review) With the succes of depth charges, work is being done to develop anti submarine weapons which can be fired at range.","-----(검토) 폭뢰가 성공을 거두면서, 원거리에서 발사할 수 있는 대잠 무기를 개발하고 있음.",mt
TTRTEXT|132|0,Advanced Diagnostics,첨단 진단,mt
TTRTEXT|132|1,"Research on many diagnostic technologies, including advanced X-Ray imaging, upgraded Magnetic Resonance imaging, and new computer-assisted procedures.","첨단 X선 영상, 개량된 자기공명영상, 새로운 컴퓨터 보조 시술 등 여러 진단 기술을 연구합니다.",mt
TTRTEXT|1320|0,Military Chemical Agents,군용 화학 작용제,mt
TTRTEXT|1321|0,Sonobuoys,소노부이,mt
TTRTEXT|1322|0,Underway Refueling at-Sea,해상 항해 중 급유,mt
TTRTEXT|1323|0,Variable-Time (VT) Fuzes,가변 시간 (VT) 신관,mt
TTRTEXT|1325|0,Intermediate Torpedo Designs,중간 단계 어뢰 설계,mt
TTRTEXT|1325|1,Development of torpedoes that could incorporate more sophisticated guidance systems and employ drive mechanisms with better range and maneuverability.,"더 정교한 유도 시스템을 갖추고, 사거리와 기동성이 더 나은 구동 장치를 쓰는 어뢰를 개발합니다.",mt
TTRTEXT|1326|0,Aircraft Design: Tailless/Pusher Design,항공기 설계: 무미익/추진식 설계,mt
TTRTEXT|1326|1,----- rename and use as generic era tech for aircraft,----- 이름을 바꿔 항공기용 일반 시대 기술로 사용,mt
TTRTEXT|1327|0,Atomic Weapons Test- Ground Detonation,원자 무기 시험 - 지상 폭발,mt
TTRTEXT|1328|0,Autogyro Technology Applications (Basic),오토자이로 기술 응용 (기초),mt
TTRTEXT|1329|0,Convoy Protection Concepts II,호송 보호 개념 II,mt
TTRTEXT|133|0,Military Production Level VI,군수 생산 수준 VI,mt
TTRTEXT|133|1,"Adapt latest technologies, materials, and manufacturing techniques for military use.  Allows access to military designs in many classes and across all branches. ","최신 기술, 소재, 제조 기법을 군사용으로 적용합니다. 여러 종류와 모든 병과에 걸친 군용 설계를 사용할 수 있게 됩니다.",mt
TTRTEXT|1330|0,Enhanced Surface Detection Radar,향상된 수상 탐지 레이더,mt
TTRTEXT|1330|1,Next stage in the development of Radio Detection and Ranging to provide more accurate measuring of a target's location based on the further development of existing technologies.,"기존 기술을 한층 발전시켜 표적의 위치를 더 정확하게 측정하는, 전파 탐지 및 거리 측정 기술의 다음 단계입니다.",mt
TTRTEXT|1331|0,Munitions: Shaped Charge Ammo (HEAT),탄약: 성형 작약탄 (HEAT),mt
TTRTEXT|1332|0,Naval Automatic Guns,해군 자동포,mt
TTRTEXT|1333|0,Radar Countermeasure Theories,레이더 대응 이론,mt
TTRTEXT|1334|0,Aircraft Design: Flying Wing Technologies,항공기 설계: 전익기 기술,mt
TTRTEXT|1335|0,Aircraft Design: Heavy Aircraft Designs,항공기 설계: 대형 항공기 설계,mt
TTRTEXT|1336|0,Aircraft Design: Turbine-Powered Designs,항공기 설계: 터빈 동력 설계,mt
TTRTEXT|1337|0,Anti-Kamikaze/Drone AA Upgrade,대 가미카제/무인기 대공 개량,mt
TTRTEXT|1338|0,Assault Rifles,돌격 소총,mt
TTRTEXT|1339|0,Early Guidance Systems,초기 유도 시스템,mt
TTRTEXT|1339|1,"Navigation system consisting of a simple gyroscope, an airspeed sensor, and an altimeter. The guidance instructions were target altitude, target velocity, cruise time, and engine cut off time.","단순한 자이로스코프, 대기속도 센서, 고도계로 이루어진 항법 시스템입니다. 유도 지시는 목표 고도, 목표 속도, 순항 시간, 엔진 정지 시간이었습니다.",mt
TTRTEXT|134|0,Military Body Armor II,군용 방탄복 II,mt
TTRTEXT|134|1,Improved Personnel Body Armor and Soft-target protection.,개선된 개인 방탄복과 연성 표적 방호입니다.,mt
TTRTEXT|1340|0,Gun Mounted AA Radars,포 탑재 대공 레이더,mt
TTRTEXT|1341|0,Land-Based Aircraft Design - Gen 4,지상 기지 항공기 설계 - 4세대,mt
TTRTEXT|1342|0,Long-Range Radar Picket Concepts,장거리 레이더 피켓 개념,mt
TTRTEXT|1343|0,Remote Controlled Gun Turrets,원격 조종 포탑,mt
TTRTEXT|1345|0,Tear-Drop Depth Charges,물방울형 폭뢰,mt
TTRTEXT|1346|0,Carrier Aircraft - Gen III (Early Jets),함재기 - 3세대 (초기 제트기),mt
TTRTEXT|1347|0,Radar Controlled Gun Turrets,레이더 제어 포탑,mt
TTRTEXT|1348|0,Squid ASW Launcher,스퀴드 대잠 발사기,mt
TTRTEXT|1349|0,Airborne Early-Warning (AEW) Concepts,공중 조기경보 (AEW) 개념,mt
TTRTEXT|135|0,Military Body Armor III,군용 방탄복 III,mt
TTRTEXT|135|1,Improved Personnel Body Armor and Soft-target protection.,개선된 개인 방탄복과 연성 표적 방호입니다.,mt
TTRTEXT|1350|0,Aircraft Design: Rotary Bomb Bays,항공기 설계: 회전식 폭탄창,mt
TTRTEXT|1351|0,Aerospace Fabrication,항공우주 제조,mt
TTRTEXT|1351|1,"The development of state-of-the-art fabrication facilities.  These are needed for the production of systems capable of functioning at high speeds, under heavy stress, and in zero gravity.","최첨단 제조 시설을 개발합니다. 고속, 고응력, 무중력 환경에서 작동할 수 있는 시스템을 생산하는 데 필요합니다.",mt
TTRTEXT|1352|0,Anti-Aircraft Directors III,대공 사격 지휘 장치 III,mt
TTRTEXT|1353|0,Carrier Aircraft Design - Gen IV (Subsonic),함재기 설계 - 4세대 (아음속),mt
TTRTEXT|1354|0,Land-Based Aircraft Design - Gen 5 (Transonic),지상 기지 항공기 설계 - 5세대 (천음속),mt
TTRTEXT|1355|0,Assisted Tracking ASW Launcher,추적 보조 대잠 발사기,mt
TTRTEXT|1355|1,----- (need name change) Russian RBU-6000 system,----- (이름 변경 필요) 러시아 RBU-6000 시스템,mt
TTRTEXT|1356|0,Ahead Thrown ASW Rocket Launchers,전방 투척 대잠 로켓 발사기,mt
TTRTEXT|1357|0,Sub Passive Sonar Array (PUFFS),잠수함 수동 소나 배열 (PUFFS),mt
TTRTEXT|1358|0,Airship Towed Ranging (ATERE),비행선 예인 거리 측정 (ATERE),mt
TTRTEXT|1359|0,Carrier Aircraft - Gen IV (Subsonic),함재기 - 4세대 (아음속),mt
TTRTEXT|136|0,Advanced UAV Technology,첨단 무인기 기술,mt
TTRTEXT|136|1,Unmanned Aerial Vehicle Technology - reusable reconnaissance and attack aircraft.,"무인 항공기 기술로, 재사용 가능한 정찰기와 공격기입니다.",mt
TTRTEXT|1360|0,Ground Controlled Early Warning,지상 관제 조기경보,mt
TTRTEXT|1361|0,Jet Fighters II,제트 전투기 II,mt
TTRTEXT|1361|1,"----- '50-'60, see wiki","----- 50~60년대, 위키 참조",mt
TTRTEXT|1362|0,Aircraft Design: Variable Sweep Wings,항공기 설계: 가변 후퇴익,mt
TTRTEXT|1363|0,Aircraft Design: Supersonic Flight Design,항공기 설계: 초음속 비행 설계,mt
TTRTEXT|1364|0,Hydrogen Bomb Detonation Test,수소폭탄 폭발 시험,mt
TTRTEXT|1364|1,----- (include?),----- (포함할까?),mt
TTRTEXT|1365|0,Land-Based Aircraft Design - Gen 6 (Supersonics),지상 기지 항공기 설계 - 6세대 (초음속),mt
TTRTEXT|1366|0,Naval SAM Technologies,해군 지대공 미사일 기술,mt
TTRTEXT|1367|0,Nuclear Warhead - Cannon Shell (AFAP (Mk.9),핵탄두 - 포탄 (AFAP (Mk.9),mt
TTRTEXT|1368|0,Carrier Aircraft Design - Gen V (Supersonic),함재기 설계 - 5세대 (초음속),mt
TTRTEXT|1369|0,Advanced Convoy/TG Protection (HUK),첨단 호송/기동부대 보호 (HUK),mt
TTRTEXT|137|0,Modern Cruise Guidance,현대 순항 유도,mt
TTRTEXT|137|1,Guidance technologies and designs for use with Cruise Missiles.,순항 미사일에 쓰이는 유도 기술과 설계입니다.,mt
TTRTEXT|1370|0,Atomic Warheads - SAM (B12),원자 탄두 - 지대공 미사일 (B12),mt
TTRTEXT|1371|0,Conventional Machine Guns,재래식 기관총,mt
TTRTEXT|1372|0,Long-Range Surface-to-Surface (SSM),장거리 지대지 미사일 (SSM),mt
TTRTEXT|1374|0,SSM Ship Technologies,SSM 함정 기술,mt
TTRTEXT|1375|0,Carrier Aircraft - Gen V (Supersonic),함재기 - 5세대 (초음속),mt
TTRTEXT|1376|0,Electronic Data Systems (EDS)/NTDS,전자 데이터 시스템 (EDS)/NTDS,mt
TTRTEXT|1377|0,Nuclear Shell - Shipboard - 406-mm (Mk.23),핵포탄 - 함정 탑재 - 406mm (Mk.23),mt
TTRTEXT|1378|0,Rocket Assisted Torpedo Launchers (RAT),로켓 보조 어뢰 발사기 (RAT),mt
TTRTEXT|1379|0,Airborne Fire Control Systems,항공기 사격 통제 시스템,mt
TTRTEXT|138|0,Modern Cruise Propulsion,현대 순항 추진,mt
TTRTEXT|138|1,Propulsion technologies and designs for use with Cruise Missiles.,순항 미사일에 쓰이는 추진 기술과 설계입니다.,mt
TTRTEXT|1380|0,Nuclear Shell - Shipboard - 12 - 15in,핵포탄 - 함정 탑재 - 12~15인치,mt
TTRTEXT|1381|0,Advanced Sea-Laucnhed Missile (SLBM),첨단 해상 발사 미사일 (SLBM),mt
TTRTEXT|1382|0,Third Generation Jet Fighters,3세대 제트 전투기,mt
TTRTEXT|1382|1,"----- '60-'70, see wiki","----- 60~70년대, 위키 참조",mt
TTRTEXT|1383|0,Atomic Warhead - ASW Torpedo (ASTOR/W34),원자 탄두 - 대잠 어뢰 (ASTOR/W34),mt
TTRTEXT|1384|0,Atomic Warhead (Improved) - SAM(W30/W45),원자 탄두 (개량) - 지대공 미사일 (W30/W45),mt
TTRTEXT|1385|0,Capsule and Downard Ejection Seats,캡슐식 및 하향 사출 좌석,mt
TTRTEXT|1386|0,Omni-Directional Sonobuoys,전방향 소노부이,mt
TTRTEXT|1387|0,Large Smoothbore Weapons,대형 활강포,mt
TTRTEXT|1388|0,Modern Spherical Sonar,현대 구형 소나,mt
TTRTEXT|1389|0,Strategic Nuclear Missile Production,전략 핵미사일 생산,mt
TTRTEXT|139|0,Chemical Missile Warheads,화학 미사일 탄두,mt
TTRTEXT|139|1,Chemical Warfare technologies designed for deployment on missiles.,미사일에 실어 쓰도록 설계된 화학전 기술입니다.,mt
TTRTEXT|1390|0,Laminated Armor,복합 장갑,mt
TTRTEXT|1391|0,Vehicles: Gas Turbine Engines,차량: 가스 터빈 엔진,mt
TTRTEXT|1391|1,----- Use 914,----- 914 사용,mt
TTRTEXT|1392|0,Rolled Aluminum Armor,압연 알루미늄 장갑,mt
TTRTEXT|1393|0,Rolled Homogenous Armor,압연 균질 장갑,mt
TTRTEXT|1394|0,Advanced Surface-to-Air Missile Systems,첨단 지대공 미사일 시스템,mt
TTRTEXT|1395|0,Aircraft Turbines: Lift-Jets Design,항공기 터빈: 리프트 제트 설계,mt
TTRTEXT|1396|0,Advanced Air-to-Air Missiles,첨단 공대공 미사일,mt
TTRTEXT|1398|0,Fourth Generation Jet Fighters,4세대 제트 전투기,mt
TTRTEXT|1398|1,"----- '70-'90, see wiki","----- 70~90년대, 위키 참조",mt
TTRTEXT|1399|0,Hypersonic Airframe Research,극초음속 기체 연구,mt
TTRTEXT|14|0,Ultra Large Bore Artillery Rifles,초대구경 포병 소총포,mt
TTRTEXT|14|1,"The technologies related to design and production of artillery barrel bore sizes greater than 205mm, allowing increased ballistic artillery range and firepower.","포신 구경이 205mm를 넘는 포를 설계하고 생산하는 기술로, 탄도 포병의 사거리와 화력을 높여 줍니다.",mt
TTRTEXT|140|0,Nuclear Missile Warheads,핵미사일 탄두,mt
TTRTEXT|140|1,Reducing the size of Nuclear Warheads to allow their use in a variety of missile designs and projects.  This will open up air-launch and naval-launch missile designs.,핵탄두를 소형화하여 다양한 미사일 설계와 사업에 쓸 수 있게 합니다. 공중 발사 및 해상 발사 미사일 설계의 길이 열립니다.,mt
TTRTEXT|1400|0,MIRV Sub Launched Ballistic Missiles,MIRV 잠수함 발사 탄도 미사일,mt
TTRTEXT|1401|0,Land-Based Aircraft Design - Gen 7 (Stealth),지상 기지 항공기 설계 - 7세대 (스텔스),mt
TTRTEXT|1402|0,Towed Array Sonar (TASS),예인 배열 소나 (TASS),mt
TTRTEXT|1402|1,"A system of hydrophones towed behind a submarine or a surface ship on a cable. Trailing the hydrophones behind the vessel, on a cable that can be kilometers long, keeps the array's sensors away from the ship's own noise sources, greatly improving its signal-to-noise ratio, and hence the effectiveness of detecting and tracking faint contacts, such as quiet, low noise-emitting submarine threats, or seismic signals","잠수함이나 수상함 뒤에 케이블로 끌고 다니는 하이드로폰 장치입니다. 수 킬로미터 길이일 수도 있는 케이블에 하이드로폰을 뒤따르게 하면 배 자체의 소음원에서 센서가 멀어져 신호 대 잡음비가 크게 향상되므로, 조용한 저소음 잠수함 위협이나 지진 신호 같은 미약한 접촉을 탐지하고 추적하는 효과가 높아집니다",mt
TTRTEXT|1403|0,Body Armor,방탄복,mt
TTRTEXT|1403|1,----- Call it Synthetic Fibers?  Many applications,----- 합성 섬유라고 부를까? 응용 분야가 많음,mt
TTRTEXT|1404|0,Carrier Aircraft Design - Gen VII (MRF),함재기 설계 - 7세대 (MRF),mt
TTRTEXT|1405|0,Land-Based Aircraft Design - Gen 8 (MRF),지상 기지 항공기 설계 - 8세대 (MRF),mt
TTRTEXT|1406|0,Nuclear Bomb - Earth Penetrator,핵폭탄 - 지하 관통형,mt
TTRTEXT|1407|0,SDI Concepts,SDI 개념,mt
TTRTEXT|1408|0,Carrier Aircraft Design - Gen VI (Stealth),함재기 설계 - 6세대 (스텔스),mt
TTRTEXT|1409|0,Fifth Generation Jet Fighters,5세대 제트 전투기,mt
TTRTEXT|1409|1,----- '90-presnt. See wiki.  Year may be wrong,----- 90년대~현재. 위키 참조. 연도가 틀렸을 수 있음,mt
TTRTEXT|141|0,Anti-Ship Missiles,대함 미사일,mt
TTRTEXT|141|1,Designs and technologies for Anti-Ship Missiles.,대함 미사일의 설계와 기술입니다.,mt
TTRTEXT|1410|0,Carrier Aircraft Design - Gen VIII (Joint Era),함재기 설계 - 8세대 (합동 시대),mt
TTRTEXT|1411|0,Land-Based Aircraft Design - Gen 9 (Joint Era),지상 기지 항공기 설계 - 9세대 (합동 시대),mt
TTRTEXT|1412|0,Hydrogen-Powered Military Vehicles,수소 동력 군용 차량,mt
TTRTEXT|1413|0,Sound Surveillance System (SOSUS),음향 감시 시스템 (SOSUS),mt
TTRTEXT|1415|0,Large Helium Dirigibles,대형 헬륨 비행선,mt
TTRTEXT|1416|0,Nuclear Warhead - Air-Launched(W89-SRAM II),핵탄두 - 공중 발사 (W89-SRAM II),mt
TTRTEXT|1416|1,----- Do we model these?,----- 이것도 구현하나?,mt
TTRTEXT|1417|0,Sixth Generation Jet Fighters,6세대 제트 전투기,mt
TTRTEXT|1417|1,----- '05-present. See wiki.  Year may be wrong,----- 05년~현재. 위키 참조. 연도가 틀렸을 수 있음,mt
TTRTEXT|142|0,Laser Guidance Systems,레이저 유도 시스템,mt
TTRTEXT|142|1,Laser Optic Targeting Receptors - Improves accuracy of missiles and guided projectiles.,"레이저 광학 표적 수신기로, 미사일과 유도 투사체의 정확도를 높입니다.",mt
TTRTEXT|1420|0,Multiple Vaccines,다가 백신,mt
TTRTEXT|1420|1,Development of single vaccinations to target multiple illnesses.,한 번의 접종으로 여러 질병에 대응하는 백신을 개발합니다.,mt
TTRTEXT|1421|0,Antimicrobial Sulfa Drugs,항균 설파제,mt
TTRTEXT|1421|1,Pharmaceutical advancement into synthetic sulfa-based agents designed to target bacterial infections. ,세균 감염을 겨냥하여 설계된 합성 설파제 계열 약물로 의약품이 발전합니다.,mt
TTRTEXT|1422|0,Basic Artificial Organs,기초 인공 장기,mt
TTRTEXT|1423|0,Antibiotics,항생제,mt
TTRTEXT|1423|1,"Any substance produced by a microorganism that is antagonistic to the growth of other microorganisms.  Commonly used to refer to the more specific, Antibacterial, which is a compound or substance that kills or slows down the growth of bacteria.","미생물이 만들어 내는, 다른 미생물의 성장을 저해하는 모든 물질입니다. 흔히 더 구체적으로, 세균을 죽이거나 성장을 늦추는 화합물이나 물질인 항균제를 가리킵니다.",mt
TTRTEXT|1424|0,Hormone Treatments,호르몬 치료,mt
TTRTEXT|1425|0,Dialysis Machine,투석기,mt
TTRTEXT|1426|0,Open Chest Defibrilation,개흉 제세동,mt
TTRTEXT|1427|0,Modern Medical X-Rays,현대 의료용 X선,mt
TTRTEXT|1427|1,Improved technology that allows the development of safe techniques for the use of X-Rays by the medical community.,의료계가 X선을 안전하게 사용하는 기법을 개발할 수 있게 해 주는 기술 개선입니다.,mt
TTRTEXT|1429|0,Blood Pressure Medication,혈압약,mt
TTRTEXT|1430|0,Cardiopulmonary Pumps,심폐 펌프,mt
TTRTEXT|1430|1,----- Also called Heart-Lung Machine,----- 인공 심폐기라고도 함,mt
TTRTEXT|1431|0,Electronic  Hearing Aids,전자식 보청기,mt
TTRTEXT|1432|0,Polio Vaccines,소아마비 백신,mt
TTRTEXT|1432|1,The development of vaccines that create an immune response to poliomyelitis (or polio).  Interruption of person-to-person transmission of the virus by vaccination is critical for polio eradication.,소아마비(폴리오)에 대한 면역 반응을 일으키는 백신을 개발합니다. 백신 접종으로 사람 간 바이러스 전파를 차단하는 것이 소아마비 근절의 핵심입니다.,mt
TTRTEXT|1433|0,Improved Organ Transplants,장기 이식 개선,mt
TTRTEXT|1434|0,Modern Pharmacology,현대 약리학,mt
TTRTEXT|1434|1,"The development of drugs as the center of modern medical practice.   Places emphasis on responsive treatments to illness over preventative care and leads to the adage, 'A pill for every ill'.","약물이 현대 의료의 중심으로 자리 잡습니다. 예방 의료보다 질병에 대응하는 치료를 중시하게 되었고, '병마다 약이 있다'는 격언이 생겼습니다.",mt
TTRTEXT|1435|0,Synthetic Antibiotics,합성 항생제,mt
TTRTEXT|1435|1,Advancement in medicinal chemistry which allows that most antibacterials chemically are semisynthetic modifications of various natural compounds.,"의약 화학이 발전하여, 대부분의 항균제가 화학적으로는 여러 천연 화합물을 변형한 반합성 물질이 되었습니다.",mt
TTRTEXT|1436|0,Birth Control,피임,mt
TTRTEXT|1437|0,Medical Ultrasonography,의료 초음파 검사,mt
TTRTEXT|1437|1,"Uses sound waves to provide diagnostic imaging, used for visualizing subcutaneous body structures including tendons, muscles, joints, vessels and internal organs for possible pathology or lesions.","음파로 진단 영상을 제공하며, 힘줄, 근육, 관절, 혈관, 내부 장기 같은 피하 구조를 영상으로 보아 병리나 병변 여부를 살피는 데 쓰입니다.",mt
TTRTEXT|1439|0,Immunosuppressive Drugs,면역억제제,mt
TTRTEXT|1439|1,"Drugs that inhibit or prevent activity of the immune system. They are used in immunosuppressive therapy to prevent the rejection of transplanted organs and tissues, treat autoimmune diseases or diseases that are most likely of autoimmune origin and treat some other non-autoimmune inflammatory diseases.","면역계의 활동을 억제하거나 막는 약물입니다. 이식된 장기와 조직의 거부 반응을 막고, 자가면역 질환이나 자가면역성으로 보이는 질환, 일부 비자가면역성 염증 질환을 치료하는 면역억제 요법에 쓰입니다.",mt
TTRTEXT|144|0,Multi-Stage Rockets,다단 로켓,mt
TTRTEXT|144|1,Designs and technologies for long-range rockets.  Leads to future development in space science and ballistic missiles.,장거리 로켓의 설계와 기술입니다. 향후 우주과학과 탄도 미사일 개발로 이어집니다.,mt
TTRTEXT|1440|0,Modern Cardiology,현대 심장학,mt
TTRTEXT|1441|0,Surgical Lasers,수술용 레이저,mt
TTRTEXT|1441|1,Practical application of Lasers to act as fine scalpels for cutting or ablating living biological tissue.,레이저를 정밀한 메스처럼 활용하여 살아 있는 생체 조직을 절개하거나 절제하는 실용적 응용입니다.,mt
TTRTEXT|1442|0,CAT Scan,CAT 스캔,mt
TTRTEXT|1442|1,(DT) - DUPLICATE See CT Scan #1231,(DT) - 중복. CT 스캔 #1231 참조,mt
TTRTEXT|1443|0,Coronary Bypass Techniques,관상동맥 우회술,mt
TTRTEXT|1444|0,Fertility Treatments,불임 치료,mt
TTRTEXT|1445|0,Improved Dentistry,치과 치료 개선,mt
TTRTEXT|1446|0,Smallpox Eradication,천연두 근절,mt
TTRTEXT|1447|0,Improved Immunosuppression,면역억제 개선,mt
TTRTEXT|1447|1,Advanced development of drugs to inhibit the reaction of the immune system.  Reduced harmful side-effects than previous generation.,면역계 반응을 억제하는 약물이 한층 발전합니다. 이전 세대보다 해로운 부작용이 줄었습니다.,mt
TTRTEXT|1448|0,Sterile Medical Environments,무균 의료 환경,mt
TTRTEXT|1449|0,Angioplasty,혈관 성형술,mt
TTRTEXT|145|0,Launch Physics,발사 물리학,mt
TTRTEXT|145|1,"Technologies, theories, and production processes required for research into the production of advanced ballistic missiles and multi-stage rockets.  Opens up future developments in aerospace and space sciences.","첨단 탄도 미사일과 다단 로켓 생산 연구에 필요한 기술, 이론, 생산 공정입니다. 향후 항공우주와 우주과학 발전의 길을 엽니다.",mt
TTRTEXT|1450|0,Synthetic Human Insulin,합성 인간 인슐린,mt
TTRTEXT|1450|1,Strain of bacteria synthesized in a laboratory which has been genetically altered with recombinant DNA to produce biosynthetic human insulin.  Cheaper to manufacture for medical use than natural insulin.,재조합 DNA로 유전자를 변형하여 생합성 인간 인슐린을 만들도록 실험실에서 합성한 세균 균주입니다. 천연 인슐린보다 의료용 제조 비용이 낮습니다.,mt
TTRTEXT|1451|0,Artificial Heart,인공 심장,mt
TTRTEXT|1452|0,Inutero Fetal Care,자궁 내 태아 치료,mt
TTRTEXT|1453|0,Digital Video Compression,디지털 영상 압축,mt
TTRTEXT|1453|1,"Ability to reduce the quantity of data needed to represent digital video images, and is a combination of spatial image compression and temporal motion compensation.  Compressed video can effectively reduce the bandwidth required to transmit video via terrestrial broadcast, via cable TV, or via satellite TV services.","디지털 영상을 나타내는 데 필요한 데이터량을 줄이는 기술로, 공간적 영상 압축과 시간적 움직임 보상을 결합한 것입니다. 압축된 영상은 지상파, 케이블 TV, 위성 TV로 영상을 전송하는 데 필요한 대역폭을 효과적으로 줄입니다.",mt
TTRTEXT|1454|0,Digital Broadcasting Infrastructure,디지털 방송 기반시설,mt
TTRTEXT|1454|1,----- (abandoning analog),----- (아날로그 폐지),mt
TTRTEXT|1455|0,Electroconvulsive Therapy (ECT),전기경련 요법 (ECT),mt
TTRTEXT|1456|0,Intelligence Gathering Principles,정보 수집 원칙,mt
TTRTEXT|1456|1,"----- putting agencies 'above the law', makes spies more effective though.",----- 기관을 '법 위에' 두면 첩보원이 더 효과적이 되긴 함.,mt
TTRTEXT|1457|0,Sedition Laws,치안 방해 처벌법,mt
TTRTEXT|1458|0,?? Transatlantic Telephone Cables,?? 대서양 횡단 전화 케이블,mt
TTRTEXT|1459|0,Digital Hearing Aids,디지털 보청기,mt
TTRTEXT|146|0,High Yield Nuclear Warheads,고출력 핵탄두,mt
TTRTEXT|146|1,Upgraded process in weaponization of nuclear weapons that allowed for fusion reactions to be used instead of only fission reactions.,"핵무기 무기화 공정이 개선되어, 핵분열 반응만이 아니라 핵융합 반응도 쓸 수 있게 되었습니다.",mt
TTRTEXT|1460|0,Orbital Launch Systems,궤도 발사 시스템,mt
TTRTEXT|1460|1,Theoretical and practical developments necessary to have objects escape earth's atmosphere and enter into geocentric orbit.,"물체가 지구 대기권을 벗어나 지구 중심 궤도에 진입하는 데 필요한 이론적, 실제적 발전입니다.",mt
TTRTEXT|1462|0,Mission Control Buildings,관제 센터 건물,mt
TTRTEXT|1462|1,Dedicated application of technologies for communications with objects in orbit and in space.,궤도와 우주에 있는 물체와의 통신을 위한 기술을 전담하여 적용합니다.,mt
TTRTEXT|1463|0,Digital Electronic Watch,디지털 전자시계,mt
TTRTEXT|1463|1,CL - The 'really neat' comment is a Hitchhiker's Guide reference.,CL - '정말 멋지다'는 말은 '은하수를 여행하는 히치하이커를 위한 안내서'에서 따온 것.,mt
TTRTEXT|1464|0,The Three Laws of Robotics,로봇 공학의 3원칙,mt
TTRTEXT|1464|1,"CL - no need to include, but could have been tied to much later robotic techs","CL - 포함할 필요는 없지만, 훨씬 뒤의 로봇 기술과 연결할 수는 있음",mt
TTRTEXT|1468|0,Liquid Crystals,액정,mt
TTRTEXT|1468|1,"----- (review) while the properties of liquid crystals have been undestood for decades, practical applications are now being found for these.","----- (검토) 액정의 성질은 수십 년 전부터 알려졌지만, 이제야 실용적 응용처가 발견되고 있음.",mt
TTRTEXT|147|0,Carrier Steam Catapults,항공모함 증기 캐터펄트,mt
TTRTEXT|147|1,"Aircraft Carrier Designs and Engineering, including concepts such as Catapults, arrestor hooks, and other Carrier elements.","캐터펄트, 착함 후크 등 항공모함의 구성 요소를 포함한 항공모함의 설계와 공학입니다.",mt
TTRTEXT|1470|0,Extravehicular Activities,선외 활동,mt
TTRTEXT|1470|1,"Extravehicular activity (EVA) is work done by an astronaut away from the Earth, and outside of a spacecraft. The term most commonly applies to an EVA made outside a craft orbiting Earth (a spacewalk), but also applies to an EVA made on the surface of the Moon (a moonwalk).","선외 활동(EVA)은 우주비행사가 지구를 떠나 우주선 밖에서 하는 작업입니다. 가장 흔히 지구 궤도를 도는 우주선 밖에서 하는 활동(우주 유영)을 가리키지만, 달 표면에서 하는 활동(달 보행)도 포함합니다.",mt
TTRTEXT|1471|0,Manned Space Flight,유인 우주 비행,mt
TTRTEXT|1471|1,Development of secure life support systems that allow for survival in the vacuum of space.,우주의 진공에서 생존할 수 있게 해 주는 안전한 생명 유지 장치를 개발합니다.,mt
TTRTEXT|1472|0,Satellite Broadcasting,위성 방송,mt
TTRTEXT|1472|1,"Technology to uplink information to one satellite which can then retransmit the signal back to earth.  Also allows information to pass from one satellite to another before the downlink, so by creating a relay system of satellites, can allow for information to be transmitted around the globe.","정보를 위성 하나로 올려 보내면 그 위성이 신호를 다시 지구로 송신하는 기술입니다. 하향 전송 전에 정보를 위성에서 위성으로 넘길 수도 있어, 위성 중계망을 만들면 정보를 전 세계로 전송할 수 있습니다.",mt
TTRTEXT|1473|0,Space Probes,우주 탐사선,mt
TTRTEXT|1473|1,A scientific space exploration mission in which a robotic spacecraft leaves the gravity well of Earth and approaches the Moon or enters interplanetary or interstellar space.,무인 우주선이 지구 중력권을 벗어나 달에 접근하거나 행성 간 또는 항성 간 우주로 진입하는 과학적 우주 탐사 임무입니다.,mt
TTRTEXT|1474|0,Orbital Docking,궤도 도킹,mt
TTRTEXT|1474|1,"A space rendezvous between two spacecraft, is an orbital maneuver where the two arrive at the same orbit and approach to a very close distance. True rendezvous requires a precise match of the two craft's orbital velocities, allowing them to remain at a constant distance, known as station keeping. Rendezvous may or may not be followed by docking, a physical linking of the two craft which become one.","우주 랑데부는 두 우주선이 같은 궤도에 도달하여 매우 가까운 거리까지 접근하는 궤도 기동입니다. 진정한 랑데부는 두 우주선의 궤도 속도를 정확히 맞춰 일정한 거리를 유지하는 정지 유지가 가능해야 합니다. 랑데부 뒤에 두 우주선을 물리적으로 연결하여 하나로 만드는 도킹이 이어질 수도, 그렇지 않을 수도 있습니다.",mt
TTRTEXT|1475|0,Orbital Solar Cell Theories,궤도 태양전지 이론,mt
TTRTEXT|1476|0,Man on the Moon,달 위의 인간,mt
TTRTEXT|1476|1,Culmination of all the technologies and techniques to successfully achieve manned lunar landings.,유인 달 착륙을 성공시키기 위한 모든 기술과 기법의 결실입니다.,mt
TTRTEXT|1477|0,Geosynchronous Satellites,정지 궤도 위성,mt
TTRTEXT|1477|1,"Ability to control orbital placement of satellites into orbit so that its orbit repeats regularly over points on the Earth over time. If such a satellite's orbit lies over the equator, the orbit is circular, and if its direction is the same as the earth's then it is called a geostationary satellite.",위성의 궤도가 시간이 지나며 지구상의 같은 지점 위를 규칙적으로 반복하도록 위성을 궤도에 올리는 능력입니다. 이 위성의 궤도가 적도 위에 있어 원형이고 방향이 지구 자전과 같다면 정지 위성이라고 합니다.,mt
TTRTEXT|1478|0,Hydrogen Bomb - LTWGHT Air-Dropped (B15),수소폭탄 - 경량 공중 투하형 (B15),mt
TTRTEXT|1478|1,----- Use Strategic Nuclear Bombs@52,----- 전략 핵폭탄@52 사용,mt
TTRTEXT|1479|0,Hydrogen Bomb - V-Large Air-Dropped (Mk17),수소폭탄 - 초대형 공중 투하형 (Mk17),mt
TTRTEXT|1479|1,----- Use Strategic Nuclear Bombs@52,----- 전략 핵폭탄@52 사용,mt
TTRTEXT|148|0,Naval Nuclear Reactors,해군 원자로,mt
TTRTEXT|148|1,"The requirements for large ships, carriers and submarines makes nuclear power an ideal power source but the cost and time involved can make this a prohibitive technology.  Includes both theoretical designs as well as basic production fundamentals for the manufacture of self-contained Nuclear Reactors.","대형 함정, 항공모함, 잠수함의 요구 조건 때문에 원자력은 이상적인 동력원이지만, 비용과 시간 때문에 엄두를 내기 어려운 기술일 수 있습니다. 독립형 원자로 제조를 위한 이론적 설계와 기초 생산 기술을 모두 포함합니다.",mt
TTRTEXT|1480|0,Nuclear Shell - Shipboard - 152- to 203-mm,핵포탄 - 함정 탑재 - 152~203mm,mt
TTRTEXT|1481|0,Nuclear Warhead - LR Cruise Missile (W27),핵탄두 - 장거리 순항 미사일 (W27),mt
TTRTEXT|1481|1,----- Use Atomic Warheads@ 51,----- 원자 탄두@51 사용,mt
TTRTEXT|1482|0,Nuclear Bomb - Air-Dropped (B28),핵폭탄 - 공중 투하형 (B28),mt
TTRTEXT|1482|1,----- Use Strategic Nuclear Bombs@52,----- 전략 핵폭탄@52 사용,mt
TTRTEXT|1483|0,Nuclear Bomb - Air-Dropped (B-61-4),핵폭탄 - 공중 투하형 (B-61-4),mt
TTRTEXT|1484|0,Nuclear Warhead - Strategic Missile (W49),핵탄두 - 전략 미사일 (W49),mt
TTRTEXT|1484|1,----- Use Atomic Warheads@ 51,----- 원자 탄두@51 사용,mt
TTRTEXT|1485|0,Nuclear Warhead - Strategic Missile (W56/59),핵탄두 - 전략 미사일 (W56/59),mt
TTRTEXT|1485|1,----- Use Strategic Nuclear Missiles@ 62,----- 전략 핵미사일@62 사용,mt
TTRTEXT|1486|0,Nuclear Warhead - Strategic Missile (W62),핵탄두 - 전략 미사일 (W62),mt
TTRTEXT|1486|1,----- Use Strategic Nuclear Missiles@ 62,----- 전략 핵미사일@62 사용,mt
TTRTEXT|1487|0,Nuclear Warhead - Strategic Missile (W85),핵탄두 - 전략 미사일 (W85),mt
TTRTEXT|1487|1,----- Use Strategic Nuclear Missiles@ 62,----- 전략 핵미사일@62 사용,mt
TTRTEXT|1488|0,Nuclear Warhead - Missile Warhead (W39),핵탄두 - 미사일 탄두 (W39),mt
TTRTEXT|1488|1,----- Use Atomic Warheads@ 51 ,----- 원자 탄두@51 사용,mt
TTRTEXT|1489|0,Nuclear Warhead - Strategic Missile (W38),핵탄두 - 전략 미사일 (W38),mt
TTRTEXT|1489|1,----- Use Strategic Nuclear Missiles@ 62,----- 전략 핵미사일@62 사용,mt
TTRTEXT|149|0,Clean Coal Technology,청정 석탄 기술,mt
TTRTEXT|149|1,New technology for Coal Power production.  Allows you to design Clean Coal Power Plants.,석탄 발전을 위한 새로운 기술입니다. 청정 석탄 발전소를 설계할 수 있습니다.,mt
TTRTEXT|1490|0,Nuclear Warhead - Strategic Missile (W53),핵탄두 - 전략 미사일 (W53),mt
TTRTEXT|1490|1,----- Use Strategic Nuclear Missiles@ 62,----- 전략 핵미사일@62 사용,mt
TTRTEXT|1491|0,Nuclear Warhead - Sea Launched (W76),핵탄두 - 해상 발사 (W76),mt
TTRTEXT|1491|1,----- Use Naval Strategic Nuclear Missiles@ 64,----- 해군 전략 핵미사일@64 사용,mt
TTRTEXT|1492|0,Nuclear Warhead - Sea-Launched (W47),핵탄두 - 해상 발사 (W47),mt
TTRTEXT|1492|1,----- Use Naval Strategic Nuclear Missiles@ 60,----- 해군 전략 핵미사일@60 사용,mt
TTRTEXT|1493|0,Nuclear Warhead - Sea Launched (W68),핵탄두 - 해상 발사 (W68),mt
TTRTEXT|1493|1,----- Use Naval Strategic Nuclear Missiles@ 60,----- 해군 전략 핵미사일@60 사용,mt
TTRTEXT|1494|0,Nuclear Warhead - Sea Launched (58),핵탄두 - 해상 발사 (58),mt
TTRTEXT|1494|1,----- Use Naval Strategic Nuclear Missiles@ 60,----- 해군 전략 핵미사일@60 사용,mt
TTRTEXT|1495|0,Nuclear Warhead - Sea Launched Cruise (TLAM),핵탄두 - 해상 발사 순항 미사일 (TLAM),mt
TTRTEXT|1495|1,----- Use Atomic Warheads@ 51,----- 원자 탄두@51 사용,mt
TTRTEXT|1496|0,Steam Catapult Systems,증기 캐터펄트 시스템,mt
TTRTEXT|1496|1,A simple design used to bring aircraft up to speed to be able to launch from carrier decks.,항공모함 갑판에서 발진할 수 있도록 항공기를 가속시키는 단순한 설계입니다.,mt
TTRTEXT|1497|0,Improved Synthetic Diamonds,개량 합성 다이아몬드,mt
TTRTEXT|1497|1,----- applications?,----- 응용 분야?,mt
TTRTEXT|1498|0,Advanced Parking Meters (Credit Card),첨단 주차 요금기 (신용 카드),mt
TTRTEXT|1498|1,----- Bundle into Urban Transp. @32 tech,----- 도시 교통@32 기술에 묶기,mt
TTRTEXT|1499|0,Submarines: Improved Design - Gen 2,잠수함: 개량 설계 - 2세대,mt
TTRTEXT|1499|1,----- Use Improved Sub Technologies@25,----- 개량 잠수함 기술@25 사용,mt
TTRTEXT|15|0,Active Armor Protection ,능동 방호 장갑,mt
TTRTEXT|15|1,"Also known as APS.  An advanced form of reactive armor, intercepting incoming rounds a few meters from the targeted vehicle.  Only effective at stopping some types of impacts and projectiles.","APS라고도 합니다. 반응 장갑의 발전된 형태로, 날아오는 탄을 표적 차량에서 몇 미터 떨어진 곳에서 요격합니다. 일부 종류의 충격과 투사체만 막을 수 있습니다.",mt
TTRTEXT|150|0,Fuel Cell Technology,연료 전지 기술,mt
TTRTEXT|150|1,"Development of Hydrogen Fuel Cell Technology, environmentally friendly and reduces the dependency on fossil fuels.",수소 연료 전지 기술을 개발합니다. 환경 친화적이며 화석 연료 의존도를 줄여 줍니다.,mt
TTRTEXT|1500|0,Defibrillator,제세동기,mt
TTRTEXT|1500|1,----- use 1440 instead,----- 대신 1440 사용,mt
TTRTEXT|1501|0,Epoch - Information Age,시대 - 정보화 시대,mt
TTRTEXT|1502|0,Epoch - Electronic Age,시대 - 전자 시대,mt
TTRTEXT|1503|0,Hydrogen Bomb Aircraft Test,수소폭탄 항공 시험,mt
TTRTEXT|1504|0,Laser-Guided ASM Technologies,레이저 유도 대함 미사일 기술,mt
TTRTEXT|1504|1,----- use 142 instead,----- 대신 142 사용,mt
TTRTEXT|1505|0,Sea-Launched Ballistic Missiles,해상 발사 탄도 미사일,mt
TTRTEXT|1506|0,Long-Range Ballistic Missiles,장거리 탄도 미사일,mt
TTRTEXT|1507|0,Carrier Mirror Deck Landing,항공모함 거울 착함,mt
TTRTEXT|1507|1,----- Use Modern Carriers tech instead,----- 대신 현대 항공모함 기술 사용,mt
TTRTEXT|1508|0,Atomic Bomb Production,원자폭탄 생산,mt
TTRTEXT|1509|0,Atomic Bomb - Air-Dropped - 15 KT (Little Boy),원자폭탄 - 공중 투하형 - 15 KT (리틀 보이),mt
TTRTEXT|1509|1,----- Use Atomic Bomb Production @45,----- 원자폭탄 생산@45 사용,mt
TTRTEXT|151|0,Vehicle Retrofit for Fuel Cells,연료 전지 차량 개조,mt
TTRTEXT|151|1,Process of Upgrading Existing Vehicles to Fuel Cell Engines.  Reduce dependence on Petroleum products.,기존 차량을 연료 전지 엔진으로 개량하는 과정입니다. 석유 제품 의존도를 줄입니다.,mt
TTRTEXT|1510|0,Atomic Bomb (Imp.)- Air-Dropped - 21 KT (Mk.3),원자폭탄 (개량) - 공중 투하형 - 21 KT (Mk.3),mt
TTRTEXT|1510|1,----- Use Atomic Bomb Production @45,----- 원자폭탄 생산@45 사용,mt
TTRTEXT|1511|0,Atomic Warhead - Cruise Missile (Mk.5),원자 탄두 - 순항 미사일 (Mk.5),mt
TTRTEXT|1511|1,----- Use Atomic Missile Warheads@51,----- 원자 미사일 탄두@51 사용,mt
TTRTEXT|1512|0,Atomic Warhead - Cruise Missile,원자 탄두 - 순항 미사일,mt
TTRTEXT|1512|1,----- Use Atomic Missile Warheads@51,----- 원자 미사일 탄두@51 사용,mt
TTRTEXT|1513|0,Atomic Warhead - Naval Cruise Missile (B.10),원자 탄두 - 해군 순항 미사일 (B.10),mt
TTRTEXT|1513|1,----- Use Atomic Missile Warheads@51,----- 원자 미사일 탄두@51 사용,mt
TTRTEXT|1514|0,Hydrogen Bomb - Air-Dropped - 6.5-MT(Mk14),수소폭탄 - 공중 투하형 - 6.5 MT (Mk14),mt
TTRTEXT|1514|1,----- Use Strategic Nuclear Bombs@52,----- 전략 핵폭탄@52 사용,mt
TTRTEXT|1515|0,Tilt-rotor Convertiplane Tech (Basic),틸트로터 전환 항공기 기술 (기초),mt
TTRTEXT|1515|1,----- Merge with Tilt-Rotor Aircraft,----- 틸트로터 항공기와 병합,mt
TTRTEXT|1516|0,Tilt-rotor Technnical Demonstrator,틸트로터 기술 시범기,mt
TTRTEXT|1516|1,----- unify with Tilt Engine Pods @76,----- 틸트 엔진 포드@76와 통합,mt
TTRTEXT|1517|0,Chemical Weapons Bans,화학 무기 금지,mt
TTRTEXT|1518|0,Napalm,네이팜,mt
TTRTEXT|1519|0,Acoustic Torpedo,음향 어뢰,mt
TTRTEXT|1519|1,An acoustic torpedo is a torpedo that aims itself by listening for characteristic sounds of its target or by searching for it using sonar (acoustic homing).,음향 어뢰는 표적 특유의 소리를 듣거나 소나로 표적을 탐색하여(음향 호밍) 스스로 조준하는 어뢰입니다.,mt
TTRTEXT|152|0,Industrial Fuel Cell Refit,산업용 연료 전지 개조,mt
TTRTEXT|152|1,Process of Upgrading Existing Industries to Incorporate Fuel Cell Use.,기존 산업이 연료 전지를 쓰도록 개량하는 과정입니다.,mt
TTRTEXT|1520|0,Snorkel,스노클,mt
TTRTEXT|1520|1,----- Use Submersible Improvements @44,----- 잠수정 개선@44 사용,mt
TTRTEXT|1521|0,Advanced Convoy Protection,첨단 호송 보호,mt
TTRTEXT|1521|1,----- can't really model as a tech,----- 기술로 구현하기는 어려움,mt
TTRTEXT|1522|0,Portable Electrocardiograph,휴대용 심전계,mt
TTRTEXT|1522|1,Development of miniaturized device permitting continuous monitoring of heart or brain activity over extended periods in a non-medical environment.,의료 환경이 아닌 곳에서도 장시간 심장이나 뇌의 활동을 계속 감시할 수 있게 해 주는 소형 장치를 개발합니다.,mt
TTRTEXT|1523|0,Soft Contact Lenses,소프트 콘택트렌즈,mt
TTRTEXT|1524|0,Kidney Stone Treatments,신장 결석 치료,mt
TTRTEXT|1525|0,Industrial Automation,산업 자동화,mt
TTRTEXT|1525|1,"The use of control systems and information technologies to reduce the need for human work in the production of goods and services. In the scope of industrialization, automation is a step beyond mechanization. Whereas mechanization provided human operators with machinery to assist them with the muscular requirements of work, automation greatly decreases the need for human sensory and mental requirements as well.","제품과 서비스 생산에서 사람의 노동을 줄이기 위해 제어 시스템과 정보 기술을 사용하는 것입니다. 산업화 과정에서 자동화는 기계화의 다음 단계입니다. 기계화가 인간 작업자의 근력 소모를 덜어 주는 기계를 제공했다면, 자동화는 감각과 정신적 부담까지 크게 줄여 줍니다.",mt
TTRTEXT|1526|0,Advanced Industrial Production,첨단 산업 생산,mt
TTRTEXT|1526|1,Improved development in Industrial Automation and Robotics.,산업 자동화와 로봇 공학이 개선됩니다.,mt
TTRTEXT|1527|0,Escape Velocity,탈출 속도,mt
TTRTEXT|1527|1,Understanding of the speed at which the kinetic energy plus the gravitational potential energy of an object is zero. It is the speed needed to 'break free' from a gravitational field without further propulsion.,물체의 운동 에너지와 중력 위치 에너지의 합이 0이 되는 속도를 이해합니다. 추가 추진 없이 중력장에서 '벗어나는' 데 필요한 속도입니다.,mt
TTRTEXT|1528|0,Transportation Improvements,교통 개선,mt
TTRTEXT|1528|1,"Paved Roads, improved railways, modern bridges, and other upgrades to transportation infrastructure to facilitate the efficient movement of vehicles, goods and people.","포장도로, 개선된 철도, 현대식 교량 등 교통 기반시설을 개선하여 차량, 물자, 사람의 이동을 효율적으로 만듭니다.",mt
TTRTEXT|1529|0,Armor Designs Level IV,장갑 설계 4단계,mt
TTRTEXT|1529|1,The post-World War II era of land warfare technologies incorporate learning from wartime successes and failures and building upon new discoveries and production methods.,"제2차 세계대전 이후 시대의 지상전 기술로, 전시의 성공과 실패에서 얻은 교훈을 반영하고 새로운 발견과 생산 방식을 토대로 발전합니다.",mt
TTRTEXT|153|0,Vehicular Stirling Refit,차량 스털링 엔진 개조,mt
TTRTEXT|153|1,Process of Upgrading Existing Vehicles to Stirling Engines.,기존 차량을 스털링 엔진으로 개량하는 과정입니다.,mt
TTRTEXT|1530|0,Armor Designs Level III,장갑 설계 3단계,mt
TTRTEXT|1530|1,Upgraded unit designs to take advantage of latest advancements in electronics and production techniques.,전자공학과 생산 기법의 최신 발전을 활용하도록 유닛 설계를 개량합니다.,mt
TTRTEXT|1531|0,Armor Designs Level V,장갑 설계 5단계,mt
TTRTEXT|1531|1,Advancement in military unit designs to take advantage of latest developments in electronics and gun mount stabilization for more accurate weapons control.,전자공학과 포 마운트 안정화의 최신 발전을 활용하여 무기 통제를 더 정확하게 하도록 군 유닛 설계를 발전시킵니다.,mt
TTRTEXT|1532|0,Military Production Level IV,군수 생산 4단계,mt
TTRTEXT|1532|1,"Adapt latest technologies, materials, and manufacturing techniques for military use.  Allows access to military designs in many classes and across all branches. ","최신 기술, 소재, 제조 기법을 군사용으로 적용합니다. 여러 종류와 모든 병과에 걸친 군용 설계를 사용할 수 있게 됩니다.",mt
TTRTEXT|1533|0,Armor Designs Level VII,장갑 설계 7단계,mt
TTRTEXT|1533|1,Latest advancement in military unit designs to utilize improvements in vehicle armor and in electronic fire control for improved weapons efficiency.,차량 장갑과 전자식 사격 통제의 개선을 활용하여 무기 효율을 높이는 군 유닛 설계의 최신 발전입니다.,mt
TTRTEXT|1534|0,Armor Designs Level VIII,장갑 설계 8단계,mt
TTRTEXT|1534|1,Latest advancement in military unit designs to utilize improvements in mass production thus improving the overall quality of units and the efficiency of their manufacturing.,대량 생산의 발전을 활용하여 유닛의 전반적인 품질과 제조 효율을 높이는 군 유닛 설계의 최신 발전입니다.,mt
TTRTEXT|1535|0,Military Production Level III,군수 생산 3단계,mt
TTRTEXT|1535|1,"Adapt latest technologies, materials, and manufacturing techniques for military use.  Allows access to military designs in many classes and across all branches. ","최신 기술, 소재, 제조 기법을 군사용으로 적용합니다. 여러 종류와 모든 병과에 걸친 군용 설계를 사용할 수 있게 됩니다.",mt
TTRTEXT|1536|0,Military Production Level V,군수 생산 5단계,mt
TTRTEXT|1536|1,"Adapt latest technologies, materials, and manufacturing techniques for military use.  Allows access to military designs in many classes and across all branches. ","최신 기술, 소재, 제조 기법을 군사용으로 적용합니다. 여러 종류와 모든 병과에 걸친 군용 설계를 사용할 수 있게 됩니다.",mt
TTRTEXT|1537|0,Armor Designs Level VI,장갑 설계 6단계,mt
TTRTEXT|1537|1,Latest advancement in military unit designs to utilize improvements in production techniques.,생산 기법의 개선을 활용하는 군 유닛 설계의 최신 발전입니다.,mt
TTRTEXT|1538|0,100/150 Grade Aircraft Fuel,100/150 등급 항공유,mt
TTRTEXT|1539|0,Large Bomber Airframes,대형 폭격기 기체,mt
TTRTEXT|1539|1,New engineering techniques and aeronautic studies allowing for the generation of greater lift and therefore improving ranges and payloads.,새로운 공학 기법과 항공 연구로 더 큰 양력을 만들어 내어 항속 거리와 적재량이 개선됩니다.,mt
TTRTEXT|154|0,Industrial Stirling Refit,산업용 스털링 엔진 개조,mt
TTRTEXT|154|1,Process of Upgrading Existing Industries to Incorporate Stirling Engines.,기존 산업이 스털링 엔진을 쓰도록 개량하는 과정입니다.,mt
TTRTEXT|1540|0,Bomber Avionics Improvements,폭격기 항공전자 개선,mt
TTRTEXT|1540|1,----- possible addition,----- 추가 가능성 있음,mt
TTRTEXT|1541|0,Improved Monoplane Airframes,개량 단엽기 기체,mt
TTRTEXT|1541|1,Structural and material improvements to single wing aircraft design achieving greater aerodynamics and allowing better maneuverability.,단일 날개 항공기 설계의 구조와 소재를 개선하여 공기역학이 향상되고 기동성이 좋아집니다.,mt
TTRTEXT|1542|0,Improved Fighter Armament,개량 전투기 무장,mt
TTRTEXT|1542|1,Incorporation of new weapons technology developments into Fighter Aircraft designs.,새로운 무기 기술의 발전을 전투기 설계에 도입합니다.,mt
TTRTEXT|1543|0,Improved Fighter Engines,개량 전투기 엔진,mt
TTRTEXT|1543|1,----- possible addition,----- 추가 가능성 있음,mt
TTRTEXT|1544|0,Fighter Plane Design Improvements,전투기 설계 개선,mt
TTRTEXT|1544|1,"Incorporation of technologies from other fields into the design of Fighter Planes.  Such developments include Gyro Gun-sights, Self Sealing Fuel Tanks, and more.","다른 분야의 기술을 전투기 설계에 도입합니다. 자이로 조준기, 자동 방탄 연료탱크 등이 이에 해당합니다.",mt
TTRTEXT|1545|0,Tank Tech '39,전차 기술 '39,mt
TTRTEXT|1545|1,Next stage in the development of tank designs based on further development of existing technologies.,기존 기술을 한층 발전시킨 전차 설계 개발의 다음 단계입니다.,mt
TTRTEXT|1546|0,Tank Tech '41,전차 기술 '41,mt
TTRTEXT|1546|1,Next stage in the development of tank designs based on further development of existing technologies.,기존 기술을 한층 발전시킨 전차 설계 개발의 다음 단계입니다.,mt
TTRTEXT|1547|0,Tank Tech '43,전차 기술 '43,mt
TTRTEXT|1547|1,Next stage in the development of tank designs based on further development of existing technologies.,기존 기술을 한층 발전시킨 전차 설계 개발의 다음 단계입니다.,mt
TTRTEXT|1548|0,Jet Engine Airframes,제트 엔진 기체,mt
TTRTEXT|1548|1,Aerodynamic and material changes to airframes allowing them to withstand the increased speeds and stresses of Jet Engine Propulsion.,제트 엔진 추진으로 높아진 속도와 응력을 견딜 수 있도록 기체의 공기역학과 소재를 개선합니다.,mt
TTRTEXT|1549|0,Jet Aircraft,제트 항공기,mt
TTRTEXT|1549|1,Successful design and manufacturing of non-combat jet aircraft.,비전투용 제트 항공기의 설계와 제조에 성공합니다.,mt
TTRTEXT|155|0,Clean Coal Industrial Retrofit,청정 석탄 산업 개조,mt
TTRTEXT|155|1,"Process of Upgrading Existing Coal Plants to Clean Coal Technology.  Reduces pollution and improves conditions surrounding Coal Power Plants, however total power output from coal plants is reduced.","기존 석탄 발전소를 청정 석탄 기술로 개량하는 과정입니다. 오염을 줄이고 석탄 발전소 주변 환경을 개선하지만, 석탄 발전소의 총 발전량은 줄어듭니다.",mt
TTRTEXT|1550|0,Naval Detection Improvements,해군 탐지 개선,mt
TTRTEXT|1550|1,"As the digital age is progressing, naval forces are using advances in computer systems to better manage the volume of data related to detection and target acquisition.",디지털 시대가 진전됨에 따라 해군은 컴퓨터 시스템의 발전을 이용해 탐지와 표적 획득에 관련된 방대한 데이터를 더 잘 관리하고 있습니다.,mt
TTRTEXT|1551|0,Tank Design Improvements '34,전차 설계 개선 '34,mt
TTRTEXT|1551|1,Next stage in the development of tank designs based on further development of existing technologies.,기존 기술을 한층 발전시킨 전차 설계 개발의 다음 단계입니다.,mt
TTRTEXT|1552|0,Tank Tech '37,전차 기술 '37,mt
TTRTEXT|1552|1,Next stage in the development of tank designs based on further development of existing technologies.,기존 기술을 한층 발전시킨 전차 설계 개발의 다음 단계입니다.,mt
TTRTEXT|1553|0,Lightweight Aircraft Piston Engines,경량 항공기 피스톤 엔진,mt
TTRTEXT|1553|1,"Integration of new manufacturing techniques and components into Aircraft Engine Designs, further reducing weight while increasing performance.",새로운 제조 기법과 부품을 항공기 엔진 설계에 통합하여 무게를 더 줄이면서 성능을 높입니다.,mt
TTRTEXT|1554|0,Aircraft Tech '36,항공기 기술 '36,mt
TTRTEXT|1554|1,Next stage in the development of aircraft designs based on further development of existing technologies.,기존 기술을 한층 발전시킨 항공기 설계 개발의 다음 단계입니다.,mt
TTRTEXT|1555|0,Aircraft Tech '33,항공기 기술 '33,mt
TTRTEXT|1555|1,Next stage in the development of aircraft designs based on further development of existing technologies.,기존 기술을 한층 발전시킨 항공기 설계 개발의 다음 단계입니다.,mt
TTRTEXT|1556|0,Improved Aircraft Designs,개량 항공기 설계,mt
TTRTEXT|1556|1,Incorporation of precise instrumentation into aircraft designs.  Provides the ability to rely exclusively on instrumentation for navigation.,정밀 계기를 항공기 설계에 도입합니다. 항법을 전적으로 계기에 의존할 수 있게 됩니다.,mt
TTRTEXT|1557|0,Early Synth Fuels,초기 합성 연료,mt
TTRTEXT|1557|1,Technology to create a liquid fuel from a coal or natural gas source rather than a petroleum source.,석유가 아닌 석탄이나 천연가스에서 액체 연료를 만드는 기술입니다.,mt
TTRTEXT|1558|0,Improved Aircraft Performance,항공기 성능 개선,mt
TTRTEXT|1558|1,Next stage in the development of overall aircraft design performance based on the further development of existing technologies.,기존 기술을 한층 발전시킨 항공기 전반의 설계 성능 개발의 다음 단계입니다.,mt
TTRTEXT|1559|0,Bohr's Atom Model,보어의 원자 모형,mt
TTRTEXT|156|0,Refit to Nuclear VHTR,VHTR 원자로 개조,mt
TTRTEXT|156|1,Process of Upgrading Nuclear Reactors to VHTR Technology.,원자로를 VHTR 기술로 개량하는 과정입니다.,mt
TTRTEXT|1560|0,Early Molecular Biology,초기 분자생물학,mt
TTRTEXT|1560|1,Beginnings of understanding of the interactions between the various systems of a cell rather than those of a complete organism.,생물 전체가 아니라 세포 안의 여러 시스템 사이의 상호작용을 이해하기 시작합니다.,mt
TTRTEXT|1561|0,Ultracentrifuge,초원심분리기,mt
TTRTEXT|1562|0,Improved Glass and Optics,유리 및 광학 개선,mt
TTRTEXT|1562|1,Application of improved polymers and manufacturing techniques to the development of new glass and optic standards.,개선된 고분자와 제조 기법을 적용하여 새로운 유리와 광학 표준을 개발합니다.,mt
TTRTEXT|1563|0,Improved Geiger counter,개량 가이거 계수기,mt
TTRTEXT|1564|0,Cloud Chamber,안개 상자,mt
TTRTEXT|1565|0,Bubble Chamber,거품 상자,mt
TTRTEXT|1566|0,Photomultiplier,광전자 증배관,mt
TTRTEXT|1566|1,"Specific type of vacuum tube.  It is an extremely sensitive detector of light in the ultraviolet, visible, and near-infrared ranges of the electromagnetic spectrum. ","진공관의 한 특수한 종류입니다. 전자기 스펙트럼의 자외선, 가시광선, 근적외선 영역의 빛을 매우 민감하게 검출하는 장치입니다.",mt
TTRTEXT|1567|0,Scintillation Counter,섬광 계수기,mt
TTRTEXT|1567|1,An instrument for detecting and measuring ionizing radiation by generating and measuring photons of light in response to incident radiation.,입사하는 방사선에 반응하여 빛 광자를 만들고 측정함으로써 전리 방사선을 검출하고 측정하는 장비입니다.,mt
TTRTEXT|1568|0,Atomic Force Microscope,원자력 현미경,mt
TTRTEXT|1568|1,----- leads to nanotechnology,----- 나노기술로 이어짐,mt
TTRTEXT|1569|0,Motorized Land Forces,기계화 지상군,mt
TTRTEXT|1569|1,Integration of vehicles into Infantry units to greatly increase their strategic mobility.,보병 유닛에 차량을 통합하여 전략적 기동성을 크게 높입니다.,mt
TTRTEXT|157|0,Electro-Magnetic Guns,전자기포,mt
TTRTEXT|157|1,A basic technology to accelerate a projectile using electro-magnetic forces instead of explosive chemical reactions.,폭발성 화학 반응 대신 전자기력으로 투사체를 가속하는 기초 기술입니다.,mt
TTRTEXT|1570|0,Improved Turbine Engines,개량 터빈 엔진,mt
TTRTEXT|1570|1,Next stage in the development of aircraft jet engine designs based on further development of existing technologies.,기존 기술을 한층 발전시킨 항공기 제트 엔진 설계 개발의 다음 단계입니다.,mt
TTRTEXT|1571|0,Immunization Advances,예방접종 발전,mt
TTRTEXT|1571|1,"Pharmaceutical advances in preventive medical care based on latest molecular biology research.  Significant impact on spread of Typhus, TB, and Yellow Fever.","최신 분자생물학 연구를 바탕으로 한 예방 의료의 의약품 발전입니다. 발진티푸스, 결핵, 황열병의 확산에 큰 영향을 줍니다.",mt
TTRTEXT|1572|0,Marine Steam Turbine,선박용 증기 터빈,mt
TTRTEXT|1572|1,Practical implementation of steam turbines into the propulsion system of naval vessels. ,증기 터빈을 함정의 추진 시스템에 실용적으로 도입합니다.,mt
TTRTEXT|1573|0,Improved Marine Propulsion,선박 추진 개선,mt
TTRTEXT|1573|1,Design advances in the manufacturing of both Marine Hulls and Engines to achieve greater performance through the study of hydrodynamics. ,유체역학 연구를 통해 선체와 엔진 제조 설계를 모두 발전시켜 더 높은 성능을 얻습니다.,mt
TTRTEXT|1574|0,Improved Sub Performance,잠수함 성능 개선,mt
TTRTEXT|1574|1,Next stage in the development of overall submarine design performance based on the further development of existing technologies.,기존 기술을 한층 발전시킨 잠수함 전반의 설계 성능 개발의 다음 단계입니다.,mt
TTRTEXT|1575|0,PET Scan,PET 스캔,mt
TTRTEXT|1575|1,"Positron emission tomography is a nuclear medicine, functional imaging technique that produces a three-dimensional image of functional processes in the body.","양전자 방출 단층촬영은 핵의학의 기능 영상 기법으로, 신체 내 기능적 과정의 3차원 영상을 만들어 냅니다.",mt
TTRTEXT|1576|0,Improved Military Logistics,군수 지원 개선,mt
TTRTEXT|1576|1,Improved organizational structure for the improved distribution of supplies and ammunition to military units.  Sets an example that civilian governments can also gain some benefit from.,군 유닛에 보급품과 탄약을 더 잘 배분하기 위해 조직 구조를 개선합니다. 민간 정부도 어느 정도 혜택을 얻을 수 있는 본보기가 됩니다.,mt
TTRTEXT|1577|0,Synthetic Rubber Production,합성 고무 생산,mt
TTRTEXT|1577|1,Development of Synthetic Rubber polymerization discovery into viable commercial production.,합성 고무 중합 발견을 실현 가능한 상업 생산으로 발전시킵니다.,mt
TTRTEXT|1578|0,Electron Microscope,전자 현미경,mt
TTRTEXT|1578|1,A type of microscope that uses an electron beam rather than light to illuminate a specimen and produce a magnified image.  It has greater resolving power than a light microscope and can reveal the structure of smaller objects.,빛 대신 전자 빔으로 시료를 비추어 확대 영상을 만드는 현미경입니다. 광학 현미경보다 분해능이 높아 더 작은 물체의 구조를 드러낼 수 있습니다.,mt
TTRTEXT|1579|0,Polycarbonate,폴리카보네이트,mt
TTRTEXT|1579|1,"----- extremely strong plastic, widely used","----- 매우 강한 플라스틱, 널리 쓰임",mt
TTRTEXT|158|0,Electro-Thermal Chem Guns,전열 화학포,mt
TTRTEXT|158|1,Technologies to provide longer ranges and greater lethality for projectile weapons.  ETC guns combine electro-thermal technologies with chemical designs to produce even higher accelerating pressures.,투사체 무기에 더 긴 사거리와 더 큰 살상력을 주는 기술입니다. ETC 포는 전열 기술과 화학적 설계를 결합하여 더욱 높은 가속 압력을 만들어 냅니다.,mt
TTRTEXT|1580|0,Wireless Computer Networks,무선 컴퓨터 네트워크,mt
TTRTEXT|1581|0,X-Ray Crystallography,X선 결정학,mt
TTRTEXT|1581|1,Uses X-Rays passing through crystals to determine the arrangement of the atoms within.  Key to the further understanding of molecular structures.,결정을 통과하는 X선으로 그 안의 원자 배열을 알아내는 기술입니다. 분자 구조를 더 깊이 이해하는 데 핵심입니다.,mt
TTRTEXT|1582|0,Advances in Isotopes,동위원소 발전,mt
TTRTEXT|1582|1,Ability to vary the number of neutrons in a given element changing that element's mass.,특정 원소의 중성자 수를 바꾸어 그 원소의 질량을 달라지게 하는 능력입니다.,mt
TTRTEXT|1583|0,Nuclear Medicine,핵의학,mt
TTRTEXT|1584|0,Modern Nuclear Medicine,현대 핵의학,mt
TTRTEXT|1584|1,Nuclear medicine is a medical specialty involving the application of radioactive substances in the diagnosis and treatment of disease.,핵의학은 방사성 물질을 질병의 진단과 치료에 응용하는 의학 전문 분야입니다.,mt
TTRTEXT|1585|0,Modern Brachytherapy,현대 근접 방사선 치료,mt
TTRTEXT|1585|1,The use of radioactive isotopes has opened up new possibilities for treating deadly cancers and other illnesses.  Related medical technologies are now allowing us to apply these principles in ways that are safe for both doctors and patients.,방사성 동위원소의 활용으로 치명적인 암과 여러 질병을 치료할 새로운 가능성이 열렸습니다. 관련 의료 기술 덕분에 이제 의사와 환자 모두에게 안전한 방식으로 이 원리를 적용할 수 있습니다.,mt
TTRTEXT|1586|0,New Metals,신금속,mt
TTRTEXT|1586|1,"Based on advances in Chemistry and Particle Physics, a better understanding of the molecular structure of metallic elements leads to advances in metallurgy and the creation of new metals which can be adapted for specific purposes.","화학과 입자물리학의 발전을 바탕으로 금속 원소의 분자 구조를 더 깊이 이해하게 되어, 야금학이 발전하고 특정 용도에 맞춘 새로운 금속을 만들 수 있게 됩니다.",mt
TTRTEXT|1587|0,Advanced Vacuum Tubes,고급 진공관,mt
TTRTEXT|1587|1,Applied manufacturing improvements to both the glass and the metal-ceramic enclosure of the tube to provide better amplification of electrical current.,진공관의 유리와 금속-세라믹 외피 제조를 개선하여 전류를 더 잘 증폭합니다.,mt
TTRTEXT|1588|0,Modern Computers,현대 컴퓨터,mt
TTRTEXT|1588|1,Next stage in the design and manufacturing of computer systems.  Merges increased performance with greater miniaturization for even wider usage.,컴퓨터 시스템 설계와 제조의 다음 단계입니다. 성능 향상과 더 큰 소형화를 결합하여 더욱 폭넓게 쓰일 수 있게 합니다.,mt
TTRTEXT|1589|0,Commercial Multi-Core Processing,상용 멀티코어 처리,mt
TTRTEXT|1589|1,Mass production design of a single computing component with two or more independent Central Processing Units (CPUs).,독립된 중앙처리장치(CPU)를 둘 이상 갖춘 단일 연산 부품을 대량 생산하는 설계입니다.,mt
TTRTEXT|159|0,Advanced Digital HUDs,고급 디지털 HUD,mt
TTRTEXT|159|1,"Technology to facilitate development of next generation, high performance aircraft.",차세대 고성능 항공기 개발을 돕는 기술입니다.,mt
TTRTEXT|1590|0,Anti-Aircraft Gunnery,대공 포술,mt
TTRTEXT|1590|1,Incorporation of analogue targeting devices for both land and shipboard anti-air weapons.,지상 및 함상 대공 무기에 아날로그 조준 장치를 도입합니다.,mt
TTRTEXT|1591|0,Improved Main Guns,개량 주포,mt
TTRTEXT|1591|1,Metallurgic and manufacturing improvements to large-bore weapons adapting them to an improved variety of special purposes such as Anti-Air and Anti-Tank weaponry.,야금 및 제조 기술을 개선하여 대구경 화기를 대공·대전차 무기 등 더 다양한 특수 목적에 맞게 개조합니다.,mt
TTRTEXT|1592|0,Improved AA Guns,개량 대공포,mt
TTRTEXT|1592|1,Development of dual purpose and improved land-based anti-air systems that incorporate the use of Proximity Fuses.,근접 신관을 활용하는 다목적 및 개량형 지상 대공 체계를 개발합니다.,mt
TTRTEXT|1594|0,Integrated Air Defenses,통합 방공망,mt
TTRTEXT|1594|1,"Improved coordination between detection, targeting, and anti-air gun systems.","탐지, 조준, 대공포 체계 사이의 협조를 개선합니다.",mt
TTRTEXT|1595|0,Improved Power Grid I,개량 전력망 I,mt
TTRTEXT|1595|1,Advancement in the transmission efficiency of electrical current through improved infrastructure and technology.,인프라와 기술을 개선하여 전류 송전 효율을 높입니다.,mt
TTRTEXT|1596|0,Modern Military Bridges,현대 군용 교량,mt
TTRTEXT|1596|1,"A type of portable, pre-fabricated, truss bridge that requires no special tools or heavy equipment to construct and is light enough to be carried in trucks and lifted into place by hand yet strong enough to support tanks.","휴대 가능한 조립식 트러스 교량입니다. 건설에 특수 공구나 중장비가 필요 없고, 트럭으로 운반해 사람 손으로 설치할 수 있을 만큼 가벼우면서도 전차를 지탱할 만큼 튼튼합니다.",mt
TTRTEXT|1597|0,Portable AT Rockets,휴대용 대전차 로켓,mt
TTRTEXT|1597|1,Weapon designed to be light enough to be carried and operated by a single infantryman yet have a warhead capable of penetrating tank armor.  Tube design protects the operator from blast effect which is  directed to their rear.,보병 한 명이 들고 운용할 만큼 가벼우면서도 전차 장갑을 관통할 수 있는 탄두를 갖춘 무기입니다. 발사관 설계로 후방으로 배출되는 폭풍으로부터 사수를 보호합니다.,mt
TTRTEXT|1598|0,Anti Tank Rifles,대전차 소총,mt
TTRTEXT|1598|1,"A type of lightweight tube artillery that is designed to allow some of the propellant gasses to escape out the rear of the weapon at the moment of ignition, creating forward thrust that counteracts some of the weapon's recoil. This allows for the elimination of much of the heavy and bulky recoiling mechanisms of a conventional cannon while still enabling the unit to fire a powerful projectile.",점화 순간 추진가스 일부를 무기 후방으로 배출해 전방 추력을 만들어 반동을 일부 상쇄하도록 설계된 경량 관형 화포입니다. 기존 화포의 무겁고 부피 큰 후퇴 기구 대부분을 없애면서도 강력한 탄을 발사할 수 있습니다.,mt
TTRTEXT|1599|0,Large Bore Gun Advancements,대구경 포 개선,mt
TTRTEXT|1599|1,Next stage in the development of Large Bore Guns based on the further development of existing technologies and manufacturing materials.,기존 기술과 제조 소재의 추가 발전을 바탕으로 한 대구경 포 개발의 다음 단계입니다.,mt
TTRTEXT|16|0,Waste Management,폐기물 관리,mt
TTRTEXT|16|1,Waste disposal and water purification technologies.  Reduces pollution and urban waste issues.,폐기물 처리 및 수질 정화 기술입니다. 오염과 도시 폐기물 문제를 줄입니다.,mt
TTRTEXT|160|0,Electro-Magnetic Railgun,전자기 레일건,mt
TTRTEXT|160|1,"An advanced design of projectile weapon that applies the latest discoveries in Electro-Magnetic technology, creating weapons with greater armor penetration and improved rate of fire.","최신 전자기 기술의 성과를 적용한 첨단 발사체 무기 설계로, 장갑 관통력과 발사 속도가 더 뛰어납니다.",mt
TTRTEXT|1600|0,Submarine Design Improvements,잠수함 설계 개선,mt
TTRTEXT|1600|1,Next stage in the development of submarine designs based on further development of existing technologies and modern manufacturing techniques.,기존 기술과 현대 제조 기법의 추가 발전을 바탕으로 한 잠수함 설계의 다음 단계입니다.,mt
TTRTEXT|1601|0,Next Generation Submarine Prototypes,차세대 잠수함 시제품,mt
TTRTEXT|1601|1,Successful working model of an improved submarine design that incorporates current technologies and manufacturing techniques.  Allows work to proceed on a new generation of submarine designs.,현행 기술과 제조 기법을 적용한 개량 잠수함 설계의 작동 모델이 성공했습니다. 새로운 세대의 잠수함 설계 작업을 진행할 수 있게 됩니다.,mt
TTRTEXT|1602|0,Tank Tech '44,전차 기술 '44,mt
TTRTEXT|1602|1,Next stage in the development of tank designs based on further development of existing technologies.,기존 기술의 추가 발전을 바탕으로 한 전차 설계의 다음 단계입니다.,mt
TTRTEXT|1603|0,Tank Tech '42,전차 기술 '42,mt
TTRTEXT|1603|1,Next stage in the development of tank designs based on further development of existing technologies.,기존 기술의 추가 발전을 바탕으로 한 전차 설계의 다음 단계입니다.,mt
TTRTEXT|1604|0,Jet Aircraft Prototype,제트 항공기 시제품,mt
TTRTEXT|1604|1,Operational test vehicle proving the design concepts of this new technology.,이 신기술의 설계 개념을 입증하는 실용 시험기입니다.,mt
TTRTEXT|1605|0,Armor Improvements,장갑 개선,mt
TTRTEXT|1605|1,Next stage in the development of military vehicle armor based on the further development of existing technologies and manufacturing materials.,기존 기술과 제조 소재의 추가 발전을 바탕으로 한 군용 차량 장갑 개발의 다음 단계입니다.,mt
TTRTEXT|1606|0,Jet Engine Improvements,제트 엔진 개선,mt
TTRTEXT|1606|1,Next stage in the development of Jet Engine designs based on the further development of existing technologies.,기존 기술의 추가 발전을 바탕으로 한 제트 엔진 설계의 다음 단계입니다.,mt
TTRTEXT|1607|0,Modern Prop Aircraft Designs,현대 프로펠러 항공기 설계,mt
TTRTEXT|1607|1,"Late-generation propeller designs, representing the last effort to achieve maximum speed & efficiency.",최고 속도와 효율을 달성하려는 마지막 노력을 보여주는 후기 세대 프로펠러 설계입니다.,mt
TTRTEXT|1608|0,Grenade Fusing,수류탄 신관,mt
TTRTEXT|1608|1,Pin-protected spring fusing mechanism for timed detonation.  Provides increased reliability and ease of use.,안전핀으로 보호되는 스프링식 신관으로 지연 기폭을 합니다. 신뢰성과 사용 편의성이 높아집니다.,mt
TTRTEXT|1609|0,AT Shell Improvements,대전차탄 개선,mt
TTRTEXT|1609|1,Next stage in the development of Anti Tank Shells based on further development of existing technologies.,기존 기술의 추가 발전을 바탕으로 한 대전차탄 개발의 다음 단계입니다.,mt
TTRTEXT|161|0,Land Warrior Systems,랜드 워리어 체계,mt
TTRTEXT|161|1,"To provide soldiers with enhanced battlefield awareness.  Incorporates many new technologies into the gear used by the average soldier.  Land Warrior systems combine GPS, NBC Protection, Communication, Friend/Foe Identification, and other features with body armor to produce a far more formidable infantry unit.","병사에게 향상된 전장 상황 인식을 제공합니다. 일반 병사의 장비에 여러 신기술을 통합합니다. 랜드 워리어 체계는 GPS, NBC 방호, 통신, 피아 식별 등의 기능을 방탄복과 결합해 훨씬 강력한 보병 유닛을 만들어 냅니다.",mt
TTRTEXT|1610|0,Improved Warhead Penetration,탄두 관통력 개선,mt
TTRTEXT|1610|1,Next stage in the development of armor penetrating shells for all branches of our military based on further development of existing technologies.,"기존 기술의 추가 발전을 바탕으로 한, 우리 군 전 병과의 철갑탄 개발 다음 단계입니다.",mt
TTRTEXT|1611|0,Warhead AT Effectiveness,탄두 대전차 효과,mt
TTRTEXT|1611|1,"Improved effectiveness of explosive shells to achieve greater penetration of armor plating.  Benefit to Tank, Anti-Tank, and Artillery designs.","폭발탄의 효과를 높여 장갑판을 더 깊이 관통합니다. 전차, 대전차, 포병 설계에 이점이 있습니다.",mt
TTRTEXT|1612|0,Improved Gun Barrel Design,포신 설계 개선,mt
TTRTEXT|1612|1,Application of Manufacturing and Metallurgic developments to the production of better military equipment.,제조 및 야금 분야의 성과를 적용하여 더 나은 군 장비를 생산합니다.,mt
TTRTEXT|1613|0,Artillery Bore Improvements,포병 포강 개선,mt
TTRTEXT|1613|1,"Precision advancements in the manufacturing of artillery gun barrels providing greater accuracy, improved reliability and allowing for faster shell velocity and even greater weight.","포신 제조의 정밀도가 향상되어 명중률과 신뢰성이 높아지고, 포탄의 속도와 중량을 더 늘릴 수 있습니다.",mt
TTRTEXT|1614|0,Large Gun Designs,대형 포 설계,mt
TTRTEXT|1614|1,"Gun System designs, including manufacturing, targeting, and stabilization.","제조, 조준, 안정화를 포함한 포 체계 설계입니다.",mt
TTRTEXT|1615|0,Artillery Improvements '38,포병 개선 '38,mt
TTRTEXT|1615|1,Next stage in the development of artillery designs based on further development of existing technologies.,기존 기술의 추가 발전을 바탕으로 한 포병 설계의 다음 단계입니다.,mt
TTRTEXT|1616|0,Artillery Improvements '41,포병 개선 '41,mt
TTRTEXT|1616|1,Next stage in the development of artillery designs based on further development of existing technologies.,기존 기술의 추가 발전을 바탕으로 한 포병 설계의 다음 단계입니다.,mt
TTRTEXT|1617|0,Multiple Rocket Launchers Prototype,다연장 로켓 시제품,mt
TTRTEXT|1617|1,Successful working model of an unguided Multiple Rocket Launching vehicle.  Allows work to proceed on a new generation of artillery designs.,무유도 다연장 로켓 발사 차량의 작동 모델이 성공했습니다. 새로운 세대의 포병 설계 작업을 진행할 수 있게 됩니다.,mt
TTRTEXT|1618|0,Hydraulic Developments,유압 기술 발전,mt
TTRTEXT|1618|1,"Incorporation of hydraulic controls into aircraft and naval vessels allowing for the generation, control and transmission of power by the use of pressurized liquids.","항공기와 함정에 유압 제어를 도입하여, 가압된 액체로 동력을 생성, 제어, 전달할 수 있게 합니다.",mt
TTRTEXT|1619|0,Advanced Avionics,고급 항전 장비,mt
TTRTEXT|1619|1,"Integration of new  electronics, radar, and navigation systems for improved flight and weapons operations.","새로운 전자 장비, 레이더, 항법 체계를 통합하여 비행과 무기 운용을 개선합니다.",mt
TTRTEXT|162|0,BVR Air Defense Missiles,BVR 방공 미사일,mt
TTRTEXT|162|1,Beyond Visual Range technology for more effective air-to-air missile designs.,더 효과적인 공대공 미사일 설계를 위한 시계 외 교전(Beyond Visual Range) 기술입니다.,mt
TTRTEXT|1620|0,Improved Aircraft Piston Engines,개량 항공기 피스톤 엔진,mt
TTRTEXT|1620|1,Working design proof of a new turbine engine to drive aircraft propellers and enable research into new aircraft designs.,항공기 프로펠러를 구동하는 신형 터빈 엔진의 작동 설계를 입증하여 새로운 항공기 설계 연구를 가능하게 합니다.,mt
TTRTEXT|1621|0,Advanced Aircraft Piston Engines,고급 항공기 피스톤 엔진,mt
TTRTEXT|1621|1,Working design proof of a significantly improved turbine engine to drive aircraft propellers.  This will enable research into new aircraft designs.,"항공기 프로펠러를 구동하는, 크게 개선된 터빈 엔진의 작동 설계를 입증합니다. 새로운 항공기 설계 연구가 가능해집니다.",mt
TTRTEXT|1622|0,Submarine Technologies '35,잠수함 기술 '35,mt
TTRTEXT|1622|1,Next stage in the development of submarine designs based on further development of existing technologies.,기존 기술의 추가 발전을 바탕으로 한 잠수함 설계의 다음 단계입니다.,mt
TTRTEXT|1623|0,Guided Bombs,유도 폭탄,mt
TTRTEXT|1623|1,Integration of guidance systems into gravity bombs allowing for greater accuracy against targets.,자유낙하 폭탄에 유도 장치를 통합하여 표적에 대한 명중률을 높입니다.,mt
TTRTEXT|1624|0,Early Missile Prototypes,초기 미사일 시제품,mt
TTRTEXT|1624|1,Successful working proof of missile theories allowing work to proceed on specific missile designs.,미사일 이론의 작동을 성공적으로 입증하여 구체적인 미사일 설계 작업을 진행할 수 있게 합니다.,mt
TTRTEXT|1625|0,Modern Missile Prototypes,현대 미사일 시제품,mt
TTRTEXT|1625|1,Successful working model of improved missile theories that incorporate new technologies into the production and manufacturing process and allow work to proceed on a new generation of missile designs.,신기술을 생산 및 제조 공정에 도입한 개량 미사일 이론의 작동 모델이 성공했습니다. 새로운 세대의 미사일 설계 작업을 진행할 수 있게 됩니다.,mt
TTRTEXT|1626|0,Missile Guidance Systems '55,미사일 유도 체계 '55,mt
TTRTEXT|1626|1,Next stage in the development of missile guidance systems based on further development of existing technologies.,기존 기술의 추가 발전을 바탕으로 한 미사일 유도 체계 개발의 다음 단계입니다.,mt
TTRTEXT|1627|0,Improved Missile Propulsion Prototype,개량 미사일 추진 시제품,mt
TTRTEXT|1627|1,Successful working model of improved missile propulsion engine that incorporates new technologies into the production and manufacturing process and allow work to proceed on a new generation of missile designs.,신기술을 생산 및 제조 공정에 도입한 개량 미사일 추진 엔진의 작동 모델이 성공했습니다. 새로운 세대의 미사일 설계 작업을 진행할 수 있게 됩니다.,mt
TTRTEXT|1628|0,Modern Sub Prototype,현대 잠수함 시제품,mt
TTRTEXT|1628|1,Successful working proof of improved submersible vehicle theories that incorporate new technologies into the production and manufacturing process and allow work to proceed on a new generation of submarine designs.,신기술을 생산 및 제조 공정에 도입한 개량 잠수정 이론의 작동 증명이 성공했습니다. 새로운 세대의 잠수함 설계 작업을 진행할 수 있게 됩니다.,mt
TTRTEXT|1629|0,Particle Beam Focusing,입자빔 집속,mt
TTRTEXT|1629|1,Development of technology to precisely target the energy of a particle beam.,입자빔의 에너지를 정밀하게 표적에 집중시키는 기술을 개발합니다.,mt
TTRTEXT|163|0,BLOS Targeting Systems,BLOS 조준 체계,mt
TTRTEXT|163|1,"Beyond Line Of Sight technology for longer range, more effective future artillery designs.",더 먼 사거리에서 더 효과적인 미래형 포병 설계를 위한 시선 외(Beyond Line Of Sight) 기술입니다.,mt
TTRTEXT|1630|0,Particle Colliders,입자 충돌기,mt
TTRTEXT|1630|1,"A type of particle accelerator involving directed beams of particles. Colliders may either be ring accelerators or linear accelerators, and may collide a single beam of particles against a stationary target or two beams head-on.","입자 빔을 겨냥하여 쓰는 입자 가속기의 한 종류입니다. 충돌기는 고리형 또는 선형 가속기일 수 있으며, 단일 입자 빔을 정지한 표적에 충돌시키거나 두 빔을 정면으로 충돌시킬 수 있습니다.",mt
TTRTEXT|1631|0,High Energy Colliders,고에너지 충돌기,mt
TTRTEXT|1631|1,"With our increased knowledge about particles, we can create a new generation of colliders where particles collide with each other versus stationary targets.  This will allow us to better understand the composition of particles.","입자에 대한 지식이 늘어, 정지한 표적이 아니라 입자끼리 서로 충돌하는 새로운 세대의 충돌기를 만들 수 있습니다. 입자의 구성을 더 잘 이해하게 될 것입니다.",mt
TTRTEXT|1632|0,Anti-Proton Colliders,반양성자 충돌기,mt
TTRTEXT|1632|1,"As our understanding of particle physics increases, we have new types of particles to analyze.  Synchrotron type accelerators will allow us to explore the effects of proton-antiproton collisions.",입자물리학 이해가 깊어지면서 분석할 새로운 종류의 입자가 생겼습니다. 싱크로트론형 가속기로 양성자-반양성자 충돌의 효과를 탐구할 수 있습니다.,mt
TTRTEXT|1633|0,Super Colliders,초대형 충돌기,mt
TTRTEXT|1633|1,An advance in particle colliders that achieves greater particle acceleration than regular colliders.,일반 충돌기보다 입자를 더 크게 가속하는 입자 충돌기의 진전입니다.,mt
TTRTEXT|1634|0,Heavy Ion Colliders,중이온 충돌기,mt
TTRTEXT|1634|1,"In the area of particle physics, our newest generation of colliders use gold ions traveling  at nearly the speed of light. These colliders operate at energies that allow the investigation of conditions existing in the early universe. This knowledge is fundamental to understanding modern cosmology.",입자물리학 분야에서 최신 세대의 충돌기는 거의 빛의 속도로 달리는 금 이온을 씁니다. 이 충돌기는 초기 우주에 존재했던 조건을 조사할 수 있는 에너지로 작동합니다. 이 지식은 현대 우주론을 이해하는 데 근본이 됩니다.,mt
TTRTEXT|1635|0,Free Electron Laser,자유 전자 레이저,mt
TTRTEXT|1635|1,"A laser that uses very-high-speed electrons that move freely through a magnetic structure, hence the term free electron as the lasing medium.  The free-electron laser has the widest frequency range of any laser type, and can be widely tunable.","자기 구조 속을 자유롭게 움직이는 초고속 전자를 레이저 매질로 쓰는 레이저로, 그래서 자유 전자라고 부릅니다. 자유 전자 레이저는 모든 레이저 중 주파수 범위가 가장 넓고 폭넓게 조정할 수 있습니다.",mt
TTRTEXT|1636|0,Superconductive Materials,초전도 물질,mt
TTRTEXT|1636|1,----- need?  Same as Magnetometer?,----- 필요한가? 자력계와 동일?,mt
TTRTEXT|1637|0,Satellite Television,위성 텔레비전,mt
TTRTEXT|1637|1,Technology to view television programming delivered by the means of signals from a geosynchronous communication satellite and received by an outdoor antenna.,정지궤도 통신 위성이 보내는 신호를 옥외 안테나로 수신하여 텔레비전 방송을 시청하는 기술입니다.,mt
TTRTEXT|1638|0,Industrialized Military Vessels,산업화된 군용 함정,mt
TTRTEXT|1638|1,"Adoption of Internal Combustion and Gas Turbine engines into design of Combat Vessels, with increased emphasis on resiliency to damage and weapons systems.","내연기관과 가스터빈 엔진을 전투함 설계에 도입하고, 피해 복원력과 무기 체계를 더욱 중시합니다.",mt
TTRTEXT|1639|0,Military Vessels '25,군용 함정 '25,mt
TTRTEXT|1639|1,Improvements to ship survivability based on the study of the performance of World War I combat vessels.,제1차 세계대전 전투함의 성능 연구를 바탕으로 함정의 생존성을 개선합니다.,mt
TTRTEXT|1640|0,Fiber Optic Systems,광섬유 체계,mt
TTRTEXT|1640|1,Fiber-optics are a method of transmitting information from one place to another by sending pulses of light through an optical fiber at much greater speed than copper cables. The light forms an electromagnetic carrier wave that is modulated to carry information.,"광섬유는 광섬유 케이블로 빛 펄스를 보내 한 곳에서 다른 곳으로 정보를 전송하는 방식으로, 구리 케이블보다 훨씬 빠릅니다. 빛이 전자기 반송파를 이루고 이를 변조하여 정보를 실어 나릅니다.",mt
TTRTEXT|1641|0,Military Vessels '33,군용 함정 '33,mt
TTRTEXT|1641|1,Next stage in the development of naval designs based on further development of existing technologies.,기존 기술의 추가 발전을 바탕으로 한 해군 설계의 다음 단계입니다.,mt
TTRTEXT|1642|0,Military Vessels '37,군용 함정 '37,mt
TTRTEXT|1642|1,Next stage in the development of naval vessel designs based on further development of existing technologies.,기존 기술의 추가 발전을 바탕으로 한 함정 설계의 다음 단계입니다.,mt
TTRTEXT|1643|0,Military Vessels '40,군용 함정 '40,mt
TTRTEXT|1643|1,Next stage in the development of naval vessel designs based on further development of existing technologies.,기존 기술의 추가 발전을 바탕으로 한 함정 설계의 다음 단계입니다.,mt
TTRTEXT|1644|0,Military Vessels '42,군용 함정 '42,mt
TTRTEXT|1644|1,Next stage in the development of naval vessel designs based on further development of existing technologies.,기존 기술의 추가 발전을 바탕으로 한 함정 설계의 다음 단계입니다.,mt
TTRTEXT|1645|0,Military Vessels '46,군용 함정 '46,mt
TTRTEXT|1645|1,Next stage in the development of naval vessel designs based on further development of existing technologies.,기존 기술의 추가 발전을 바탕으로 한 함정 설계의 다음 단계입니다.,mt
TTRTEXT|1646|0,Military Vessels '50,군용 함정 '50,mt
TTRTEXT|1646|1,Next stage in the development of naval vessel designs based on further development of existing technologies.,기존 기술의 추가 발전을 바탕으로 한 함정 설계의 다음 단계입니다.,mt
TTRTEXT|1647|0,Military Vessels '57,군용 함정 '57,mt
TTRTEXT|1647|1,Next stage in the development of naval vessel designs based on further development of existing technologies.,기존 기술의 추가 발전을 바탕으로 한 함정 설계의 다음 단계입니다.,mt
TTRTEXT|1648|0,Military Vessels '61,군용 함정 '61,mt
TTRTEXT|1648|1,Next stage in the development of naval vessel designs based on further development of existing technologies.,기존 기술의 추가 발전을 바탕으로 한 함정 설계의 다음 단계입니다.,mt
TTRTEXT|1649|0,Improved Reactor Fuels,개량 원자로 연료,mt
TTRTEXT|1649|1,Next stage in the development of Fuel Rods for Nuclear Reactors based on the further development of existing technologies.,기존 기술의 추가 발전을 바탕으로 한 원자로 연료봉 개발의 다음 단계입니다.,mt
TTRTEXT|165|0,21st Century Aircraft,21세기 항공기,mt
TTRTEXT|165|1,"A combination of next-generation technologies for improving the performance, durability, and effectiveness of new aircraft designs.","신형 항공기 설계의 성능, 내구성, 효율을 높이는 차세대 기술들의 결합입니다.",mt
TTRTEXT|1650|0,Improved Reactor Designs,개량 원자로 설계,mt
TTRTEXT|1650|1,Next stage in the development of Nuclear Reactors based on the further development of existing technologies.,기존 기술의 추가 발전을 바탕으로 한 원자로 개발의 다음 단계입니다.,mt
TTRTEXT|1651|0,Digital Circuit Principles,디지털 회로 원리,mt
TTRTEXT|1651|1,Adoption of Boolean Algebra dealing with the questions of logic as the core data type in all modern programming languages.,논리 문제를 다루는 불 대수를 모든 현대 프로그래밍 언어의 핵심 자료형으로 채택합니다.,mt
TTRTEXT|1652|0,Through-hole Printed Circuits,관통 홀 인쇄 회로,mt
TTRTEXT|1652|1,Refers to the mounting scheme used for electronic components that involves the use of leads on the components that are inserted into holes drilled in printed circuit boards (PCB) and soldered to pads on the opposite side either by manual assembly (hand placement) or by the use of automated insertion mount machines.,부품의 리드를 인쇄 회로 기판(PCB)에 뚫은 구멍에 끼우고 반대편 패드에 납땜하는 전자 부품 장착 방식을 말합니다. 수작업(손으로 배치) 또는 자동 삽입 장착기로 조립합니다.,mt
TTRTEXT|1653|0,Surface Mount Circuit Boards,표면 실장 회로 기판,mt
TTRTEXT|1653|1,A method for producing electronic circuits in which the components are mounted or placed directly onto the surface of printed circuit boards (PCBs).,부품을 인쇄 회로 기판(PCB) 표면에 직접 장착하거나 올려 전자 회로를 만드는 방식입니다.,mt
TTRTEXT|1654|0,Medical MRI,의료용 MRI,mt
TTRTEXT|1654|1,A medical imaging technique used in radiology to investigate the anatomy and function of the body. Magnetic Resonance Imaging scanners use strong magnetic fields and radio waves to form images of the body.,인체의 해부 구조와 기능을 조사하는 영상의학 촬영 기법입니다. 자기공명영상 스캐너는 강한 자기장과 전파를 이용해 인체 영상을 만듭니다.,mt
TTRTEXT|1655|0,MRI Improvements,MRI 개선,mt
TTRTEXT|1655|1,Next stage in the development of Magnetic Resonance Imaging based on the further development of existing technologies.  Provides greater diagnostic accuracy.,기존 기술의 추가 발전을 바탕으로 한 자기공명영상 개발의 다음 단계입니다. 진단 정확도가 높아집니다.,mt
TTRTEXT|1656|0,Quantum Level Magnetometers,양자 수준 자력계,mt
TTRTEXT|1656|1,----- not needed,----- 불필요,mt
TTRTEXT|1657|0,Magnetoencephalography,뇌자도 검사,mt
TTRTEXT|1657|1,"A functional neuroimaging technique for mapping brain activity by recording magnetic fields produced by electrical currents occurring naturally in the brain, using very sensitive magnetometers.",뇌에서 자연적으로 일어나는 전류가 만드는 자기장을 매우 민감한 자력계로 기록하여 뇌 활동을 지도화하는 기능적 신경 영상 기법입니다.,mt
TTRTEXT|1658|0,Improved Magnetometers,개량 자력계,mt
TTRTEXT|1658|1,Incorporation of latest technological advances in working with magnetic fields at quantum levels of sensitivity.,양자 수준의 민감도로 자기장을 다루는 최신 기술 발전을 도입합니다.,mt
TTRTEXT|1659|0,Medical Field Advances,의학 분야 진보,mt
TTRTEXT|1659|1,"Next stage in Medical Research, opening the doors to study of many new medical technologies, based on the success of research in other fields.","다른 분야의 연구 성공을 바탕으로 수많은 새로운 의료 기술 연구의 문을 여는, 의학 연구의 다음 단계입니다.",mt
TTRTEXT|166|0,Carbon Dioxide Reducers,이산화탄소 저감 장치,mt
TTRTEXT|166|1,"The fight against global warming has always required stopping the loss of natural carbon dioxide reducers.  With these artificial devices, some of the damage previously done by greenhouse gas emissions will be able to be countered and future damage prevented.",지구 온난화에 맞서려면 자연적인 이산화탄소 흡수원의 감소를 막아야 했습니다. 이 인공 장치로 온실가스 배출이 이미 일으킨 피해의 일부를 상쇄하고 앞으로의 피해를 막을 수 있습니다.,mt
TTRTEXT|1660|0,Microscopy Advances,현미경 기술 진보,mt
TTRTEXT|1660|1,Incorporation of the latest technological developments and manufacturing techniques into the next generation of Electron microscopes.,최신 기술 개발과 제조 기법을 차세대 전자 현미경에 도입합니다.,mt
TTRTEXT|1661|0,Nano Viruses,나노 바이러스,mt
TTRTEXT|1661|1,"Nano-Viruses are a construct where nano-particles are embedded in a virus shell to facilitate its entry into targeted cells. Once the nano-particle is inside the cell, it can reprogram the cell. They can be tasked for many purposes, including possible medical intervention within the human body.",나노 바이러스는 나노 입자를 바이러스 껍질에 넣어 표적 세포로 쉽게 침투하게 만든 구조물입니다. 나노 입자가 세포 안에 들어가면 세포를 재프로그래밍할 수 있습니다. 인체 내 의료 개입 등 여러 용도에 쓸 수 있습니다.,mt
TTRTEXT|1662|0,Supercavitating Sub Prototype,초공동 잠수함 시제품,mt
TTRTEXT|1662|1,Successful working model of submersible vehicle using this new propulsion system.  Allows work to proceed on a new generation of submarine designs.,이 새로운 추진 방식을 쓰는 잠수정의 작동 모델이 성공했습니다. 새로운 세대의 잠수함 설계 작업을 진행할 수 있게 됩니다.,mt
TTRTEXT|1663|0,Modern Sterling Engines,현대 스털링 엔진,mt
TTRTEXT|1663|1,"A heat engine operating by cyclic compression and expansion of air or other gas, at different temperature levels such that there is a net conversion of heat energy to mechanical work.","서로 다른 온도 수준에서 공기 또는 다른 기체를 주기적으로 압축하고 팽창시켜 작동하는 열기관으로, 열에너지가 순수하게 기계적 일로 변환됩니다.",mt
TTRTEXT|1664|0,Stirling Radioisotope Generators,스털링 방사성 동위원소 발전기,mt
TTRTEXT|1664|1,"Generator based on a Stirling engine powered by a large radioisotope heater unit. The hot end of the Stirling converter reaches high temperature and heated helium drives the piston, heat being rejected at the cold end of the engine. A generator or alternator converts the motion into electricity.","대형 방사성 동위원소 가열 장치로 구동되는 스털링 엔진을 기반으로 한 발전기입니다. 스털링 변환기의 고온부가 고온에 이르면 가열된 헬륨이 피스톤을 움직이고, 열은 엔진의 저온부에서 방출됩니다. 발전기 또는 교류 발전기가 이 운동을 전기로 바꿉니다.",mt
TTRTEXT|1665|0,Engine Design Improvements,엔진 설계 개선,mt
TTRTEXT|1665|1,Incorporating advances in metallurgy to the manufacturing of engine components for significant performance improvements.,야금 기술의 발전을 엔진 부품 제조에 적용하여 성능을 크게 향상시킵니다.,mt
TTRTEXT|1666|0,Improved Medical Research,개량 의학 연구,mt
TTRTEXT|1666|1,"Next generation of medical research, incorporating the most recent scientific advances from other fields.",다른 분야의 최신 과학적 성과를 도입하는 차세대 의학 연구입니다.,mt
TTRTEXT|1667|0,Mechanical Computers,기계식 컴퓨터,mt
TTRTEXT|1667|1,Computation device built from levers and gears to increment output displays.,지레와 톱니바퀴로 만들어 출력 표시를 증가시키는 연산 장치입니다.,mt
TTRTEXT|1668|0,Utility Helicopter Prototypes,다목적 헬리콥터 시제품,mt
TTRTEXT|1668|1,Successful working model of a helicopter that uses current technologies to achieve much greater payload limits.  Allows work to proceed on a new generation of helicopter designs.,현행 기술로 훨씬 큰 탑재량을 달성한 헬리콥터의 작동 모델이 성공했습니다. 새로운 세대의 헬리콥터 설계 작업을 진행할 수 있게 됩니다.,mt
TTRTEXT|1669|0,Improved Helicopter Rotors,개량 헬리콥터 로터,mt
TTRTEXT|1669|1,"Next stage in development of the Autogyro, improving rotor dynamics and control.","오토자이로 개발의 다음 단계로, 로터 역학과 제어를 개선합니다.",mt
TTRTEXT|167|0,DNA Databases,DNA 데이터베이스,mt
TTRTEXT|167|1,"Highly controversial, this has any convicted person's DNA stored for law enforcement use.  While this has obvious security and anti-terrorism benefits, concerns about privacy and misuse must be addressed.","논란이 매우 큰 기술로, 유죄 판결을 받은 모든 사람의 DNA를 법 집행용으로 저장합니다. 분명한 보안 및 테러 대응 이점이 있지만 사생활 침해와 오남용 우려를 해소해야 합니다.",mt
TTRTEXT|1670|0,Modern Helicopter Prototype,현대 헬리콥터 시제품,mt
TTRTEXT|1670|1,Successful working model of an improved helicopter that incorporates new technologies into the production and manufacturing process and allows work to proceed on new generation helicopter designs.,신기술을 생산 및 제조 공정에 도입한 개량 헬리콥터의 작동 모델이 성공했습니다. 새로운 세대의 헬리콥터 설계 작업을 진행할 수 있게 됩니다.,mt
TTRTEXT|1671|0,Improved Particle Sources,개량 입자원,mt
TTRTEXT|1671|1,Development of Linear Particle Accelerator that greatly increases the velocity of subatomic particles.,아원자 입자의 속도를 크게 높이는 선형 입자 가속기를 개발합니다.,mt
TTRTEXT|1672|0,Improved Particle Detectors,개량 입자 검출기,mt
TTRTEXT|1672|1,Next stage in the development of Particle Detectors based on recent developments in technology and manufacturing techniques.,최근의 기술 및 제조 기법 발전을 바탕으로 한 입자 검출기 개발의 다음 단계입니다.,mt
TTRTEXT|1673|0,Military Production I,군수 생산 I,mt
TTRTEXT|1673|1,"Adapt latest technologies, materials, and manufacturing techniques for military use.  Allows access to military designs in many classes and across all branches. ","최신 기술, 소재, 제조 기법을 군용으로 개조합니다. 모든 병과의 여러 분류에 걸친 군용 설계를 쓸 수 있게 됩니다.",mt
TTRTEXT|1674|0,Military Production II,군수 생산 II,mt
TTRTEXT|1674|1,"Adapt latest technologies, materials, and manufacturing techniques for military use.  Allows access to military designs in many classes and across all branches. ","최신 기술, 소재, 제조 기법을 군용으로 개조합니다. 모든 병과의 여러 분류에 걸친 군용 설계를 쓸 수 있게 됩니다.",mt
TTRTEXT|1675|0,Modern Aircraft Fuselage,현대 항공기 동체,mt
TTRTEXT|1675|1,"Next stage in the design of the main body section of aircraft incorporating improved control and stabilization surfaces in specific relationship to lifting surfaces.  Improves Aircraft Stability and Maneuverability, opening the door to many new designs.",양력면과 특정한 관계로 배치된 개선된 조종면과 안정면을 갖춘 항공기 주 동체 설계의 다음 단계입니다. 항공기의 안정성과 기동성이 높아져 수많은 새로운 설계의 문이 열립니다.,mt
TTRTEXT|1676|0,Modern Aircraft Designs,현대 항공기 설계,mt
TTRTEXT|1676|1,Balancing aerodynamics with the latest technologies and manufacturing techniques to further develop new airplane designs.,공기역학과 최신 기술 및 제조 기법의 균형을 맞추어 새로운 항공기 설계를 더욱 발전시킵니다.,mt
TTRTEXT|1677|0,Improved Modern Aircraft,개량 현대 항공기,mt
TTRTEXT|1677|1,Next stage in development of aircraft designs to incorporate improved technologies and manufacturing techniques and enhance aircraft performance with special emphasis on incorporating greater electronics use.,개선된 기술과 제조 기법을 도입하고 특히 전자 장비 활용을 늘려 항공기 성능을 높이는 항공기 설계 개발의 다음 단계입니다.,mt
TTRTEXT|1678|0,Modern Aircraft II,현대 항공기 II,mt
TTRTEXT|1678|1,Next stage in development of aircraft designs to incorporate improved technologies and manufacturing techniques and enhance aircraft performance.,개선된 기술과 제조 기법을 도입하여 항공기 성능을 높이는 항공기 설계 개발의 다음 단계입니다.,mt
TTRTEXT|1679|0,Modern Aircraft III,현대 항공기 III,mt
TTRTEXT|1679|1,Next stage in development of aircraft designs to incorporate improved technologies and manufacturing techniques and enhance aircraft performance.,개선된 기술과 제조 기법을 도입하여 항공기 성능을 높이는 항공기 설계 개발의 다음 단계입니다.,mt
TTRTEXT|168|0,Facial Recognition Techs,안면 인식 기술,mt
TTRTEXT|168|1,Technologies to assist with law enforcement and intelligence gathering.,법 집행과 정보 수집을 돕는 기술입니다.,mt
TTRTEXT|1680|0,Polymerisation Theories,중합 이론,mt
TTRTEXT|1680|1,Theory involved in the creation of new compounds through chemical reaction of readily available monomer molecules.,쉽게 구할 수 있는 단량체 분자의 화학 반응으로 새로운 화합물을 만드는 데 관련된 이론입니다.,mt
TTRTEXT|1681|0,Improved Plastics,개량 플라스틱,mt
TTRTEXT|1681|1,Increased capabilities to manufacture both natural and synthetic polymers.,천연 및 합성 고분자를 제조하는 능력이 향상됩니다.,mt
TTRTEXT|1682|0,Commercial Plastics,상용 플라스틱,mt
TTRTEXT|1682|1,Mass production of improved synthetic polymers providing many new manufacturing opportunities.,개량 합성 고분자를 대량 생산하여 수많은 새로운 제조 기회를 제공합니다.,mt
TTRTEXT|1683|0,Air Force Production '53,공군 생산 '53,mt
TTRTEXT|1683|1,Next stage in the development of aircraft designs based on further development of existing technologies.,기존 기술의 추가 발전을 바탕으로 한 항공기 설계의 다음 단계입니다.,mt
TTRTEXT|1684|0,Air Force Production '43,공군 생산 '43,mt
TTRTEXT|1684|1,"Adapt latest technologies, materials, and manufacturing techniques for aircraft use.  Allows access to many new aircraft designs.","최신 기술, 소재, 제조 기법을 항공기용으로 개조합니다. 수많은 새로운 항공기 설계를 쓸 수 있게 됩니다.",mt
TTRTEXT|1685|0,Air Force Production '65,공군 생산 '65,mt
TTRTEXT|1685|1,Next stage in the development of aircraft designs based on further development of existing technologies.,기존 기술의 추가 발전을 바탕으로 한 항공기 설계의 다음 단계입니다.,mt
TTRTEXT|1686|0,Naval Force Production '65,해군 생산 '65,mt
TTRTEXT|1686|1,Next stage in the development of naval vessel designs based on further development of existing technologies.,기존 기술의 추가 발전을 바탕으로 한 함정 설계의 다음 단계입니다.,mt
TTRTEXT|1687|0,Air Force Production '79,공군 생산 '79,mt
TTRTEXT|1687|1,Next stage in the development of aircraft designs based on further development of existing technologies.,기존 기술의 추가 발전을 바탕으로 한 항공기 설계의 다음 단계입니다.,mt
TTRTEXT|1688|0,Naval Force Production '79,해군 생산 '79,mt
TTRTEXT|1688|1,Next stage in the development of naval vessel designs based on further development of existing technologies.,기존 기술의 추가 발전을 바탕으로 한 함정 설계의 다음 단계입니다.,mt
TTRTEXT|1689|0,Modern Environment Control,현대 환경 제어,mt
TTRTEXT|1689|1,Development of systems to allow for the pressurization of aircraft cabins and the cycling of oxygen supplies.,항공기 객실의 여압과 산소 공급 순환을 가능하게 하는 체계를 개발합니다.,mt
TTRTEXT|169|0,Metal Storm Technology,메탈 스톰 기술,mt
TTRTEXT|169|1,"Advanced, high rate-of-fire projectile weapons technologies.",발사 속도가 매우 높은 첨단 발사체 무기 기술입니다.,mt
TTRTEXT|1690|0,Aircraft Construction II,항공기 제작 II,mt
TTRTEXT|1690|1,"Next Generation of Aircraft Manufacturing, merging greater aerodynamics with improved weapons and defensive systems.",더 뛰어난 공기역학에 개선된 무기 및 방어 체계를 결합한 차세대 항공기 제조입니다.,mt
TTRTEXT|1691|0,Medical Research II,의학 연구 II,mt
TTRTEXT|1691|1,"Next generation of medical research, incorporating the most recent scientific advances from other fields.",다른 분야의 최신 과학적 성과를 도입하는 차세대 의학 연구입니다.,mt
TTRTEXT|1692|0,Medical Research III,의학 연구 III,mt
TTRTEXT|1692|1,"Next generation of medical research, incorporating the most recent scientific advances from other fields.",다른 분야의 최신 과학적 성과를 도입하는 차세대 의학 연구입니다.,mt
TTRTEXT|1693|0,Improved Sub Components,개량 잠수함 부품,mt
TTRTEXT|1693|1,"Adapting advances in other fields and for other purposes into design improvements of many components in submarines, particularly advances in electronics.","다른 분야와 다른 목적에서 이룬 진보, 특히 전자 기술의 발전을 잠수함의 여러 부품 설계 개선에 적용합니다.",mt
TTRTEXT|1694|0,Submarine Hull Improvements,잠수함 선체 개선,mt
TTRTEXT|1694|1,Metallurgic and design improvement allowing submarine hulls to withstand greater pressure and have better hydrodynamics.  Necessary in opening the door to new submarine designs.,야금 및 설계 개선으로 잠수함 선체가 더 큰 수압을 견디고 유체역학 성능도 좋아집니다. 새로운 잠수함 설계의 문을 여는 데 필수적입니다.,mt
TTRTEXT|1695|0,Naval Force Production '86,해군 생산 '86,mt
TTRTEXT|1695|1,"Next stage in Naval Manufacturing standards.  Incorporates new manufacturing techniques, electronic and weapon systems and allows research into new ship designs.","해군 제조 기준의 다음 단계입니다. 새로운 제조 기법, 전자 및 무기 체계를 도입하며 신형 함정 설계 연구가 가능해집니다.",mt
TTRTEXT|1696|0,Land Force Improvements,지상군 개선,mt
TTRTEXT|1696|1,Development of better armor standards for mobile infantry vehicles.  Incorporates mobility with improved defensive protection.,기동 보병 차량의 장갑 기준을 개선합니다. 기동성과 향상된 방호력을 함께 갖춥니다.,mt
TTRTEXT|1697|0,Armor Designs Level II,장갑 설계 2단계,mt
TTRTEXT|1697|1,Upgraded unit designs to take advantage of latest advancements in technologies and production techniques.,최신 기술과 생산 기법의 발전을 활용하도록 유닛 설계를 개량합니다.,mt
TTRTEXT|1698|0,Aircraft Construction III,항공기 제작 III,mt
TTRTEXT|1698|1,"Next Generation of Aircraft Manufacturing, merging greater aerodynamics with improved weapons and defensive systems.",더 뛰어난 공기역학에 개선된 무기 및 방어 체계를 결합한 차세대 항공기 제조입니다.,mt
TTRTEXT|1699|0,Jet Airframes II,제트 기체 II,mt
TTRTEXT|1699|1,Next stage in aerodynamic and material improvements to airframes allowing them to withstand greater speeds and stresses and allowing new aircraft designs to be researched.,"기체의 공기역학과 소재를 개선하는 다음 단계로, 더 높은 속도와 하중을 견디며 신형 항공기 설계 연구가 가능해집니다.",mt
TTRTEXT|17|0,Improved Waste Management,개량 폐기물 관리,mt
TTRTEXT|17|1,Further developments in Waste and Water management.,폐기물 및 수자원 관리의 추가 발전입니다.,mt
TTRTEXT|170|0,ER-MLRS Missiles,ER-MLRS 미사일,mt
TTRTEXT|170|1,Extended Range Multiple Launch Rocket System Munitions.  Provides Rocket Artillery units with a longer-range rocket option.  This will be used automatically when targets are not in the range of standard munitions.  Longer-range munitions have a higher goods cost and a longer reload time.,사거리 연장형 다연장 로켓 체계 탄약입니다. 로켓 포병 유닛에 더 먼 사거리의 로켓 선택지를 제공합니다. 표적이 표준 탄약의 사거리 밖에 있으면 자동으로 사용됩니다. 장거리 탄약은 물자 비용이 더 높고 재장전 시간이 더 깁니다.,mt
TTRTEXT|1700|0,Aircraft Construction IV,항공기 제작 IV,mt
TTRTEXT|1700|1,"Next Generation of Aircraft Manufacturing, merging greater aerodynamics with improved weapons and defensive systems.",더 뛰어난 공기역학에 개선된 무기 및 방어 체계를 결합한 차세대 항공기 제조입니다.,mt
TTRTEXT|1701|0,Improved Carrier Construction,개량 항공모함 건조,mt
TTRTEXT|1701|1,"Next Generation of Aircraft Carriers, merging designs to better accommodate flight operations with naval propulsion, weapons and defensive systems.","비행 작전을 더 잘 수용하는 설계에 함정 추진, 무기, 방어 체계를 결합한 차세대 항공모함입니다.",mt
TTRTEXT|1702|0,Super Carriers,슈퍼 항공모함,mt
TTRTEXT|1702|1,Next generation of Aircraft Carrier designs.  Incorporates new electronic systems and able to handle new aircraft designs.,차세대 항공모함 설계입니다. 새로운 전자 체계를 도입하고 신형 항공기 설계를 운용할 수 있습니다.,mt
TTRTEXT|1703|0,Modern Supercarriers,현대 슈퍼 항공모함,mt
TTRTEXT|1703|1,Next generation of Aircraft Carrier designs.  Incorporates new electronic and flight control systems and able to handle new aircraft designs.,차세대 항공모함 설계입니다. 새로운 전자 및 비행 관제 체계를 도입하고 신형 항공기 설계를 운용할 수 있습니다.,mt
TTRTEXT|1704|0,Naval Force Production '94,해군 생산 '94,mt
TTRTEXT|1704|1,"Next stage in Naval Manufacturing standards.  Incorporates new manufacturing techniques, electronic and weapon systems and allows research into new ship designs.","해군 제조 기준의 다음 단계입니다. 새로운 제조 기법, 전자 및 무기 체계를 도입하며 신형 함정 설계 연구가 가능해집니다.",mt
TTRTEXT|1705|0,Military Weapons Advances,군용 무기 진보,mt
TTRTEXT|1705|1,"Next generation of weapons designs.  Incorporates new electronic and targeting systems, ammunition improvements and other technologies to access new unit designs across all branches.","차세대 무기 설계입니다. 새로운 전자 및 조준 체계, 탄약 개선과 기타 기술을 도입하여 모든 병과의 신형 유닛 설계를 쓸 수 있게 됩니다.",mt
TTRTEXT|1706|0,Advanced Naval Force Production,고급 해군 생산,mt
TTRTEXT|1706|1,"Next stage in Naval Manufacturing standards.  Incorporates new manufacturing techniques, electronic and weapon systems and allows research into new ship designs.","해군 제조 기준의 다음 단계입니다. 새로운 제조 기법, 전자 및 무기 체계를 도입하며 신형 함정 설계 연구가 가능해집니다.",mt
TTRTEXT|1707|0,Rocket Artillery Improvements,로켓 포병 개선,mt
TTRTEXT|1707|1,Next stage in the propulsion design of Rocket Powered Artillery.  This opens the door to research new Artillery Unit Designs.,로켓 추진 포병의 추진 설계 다음 단계입니다. 신형 포병 유닛 설계 연구의 문을 엽니다.,mt
TTRTEXT|1708|0,Early Automotive Suspension,초기 자동차 서스펜션,mt
TTRTEXT|1708|1,System for contributing to a vehicles' handling and braking and isolating a vehicle's occupants from the potentially rough surface of a road.,"차량의 조종 성능과 제동에 기여하고, 거친 노면의 충격으로부터 탑승자를 격리하는 장치입니다.",mt
TTRTEXT|1709|0,Improved Materials,개량 소재,mt
TTRTEXT|1709|1,"Achieved through polymerization techniques, the discovery and ability to manufacture enhanced natural and synthetic materials.","중합 기법으로 달성한, 향상된 천연 및 합성 소재의 발견과 제조 능력입니다.",mt
TTRTEXT|171|0,GMLRS Missiles,GMLRS 미사일,mt
TTRTEXT|171|1,"Guided Multiple Launch Rocket System Munitions, incorporating GPS and other technologies.  Increases range and accuracy of MLRS Artillery units.   Will be used automatically when targets are not in the range of standard munitions.  Longer-range munitions have a higher goods cost and a longer reload time.",GPS와 기타 기술을 도입한 유도 다연장 로켓 체계 탄약입니다. MLRS 포병 유닛의 사거리와 정확도가 높아집니다. 표적이 표준 탄약의 사거리 밖에 있으면 자동으로 사용됩니다. 장거리 탄약은 물자 비용이 더 높고 재장전 시간이 더 깁니다.,mt
TTRTEXT|1710|0,Improved Machining Tools,개량 기계 가공 도구,mt
TTRTEXT|1710|1,Development of Precision Manufacturing Instrumentation and Techniques.,정밀 제조 장비와 기법을 개발합니다.,mt
TTRTEXT|1711|0,Improved Haptic Systems II,개량 햅틱 체계 II,mt
TTRTEXT|1711|1,Next stage in the development of nonverbal communication technologies involving improved touch sensors.,개선된 촉각 센서를 활용하는 비언어 통신 기술 개발의 다음 단계입니다.,mt
TTRTEXT|1712|0,DNA microprocessing,DNA 마이크로프로세싱,mt
TTRTEXT|1712|1,"A form of computing which uses DNA, biochemistry and molecular biology, instead of the traditional silicon-based computer technologies for faster performance.","기존의 실리콘 기반 컴퓨터 기술 대신 DNA, 생화학, 분자생물학을 활용하여 더 빠른 성능을 내는 컴퓨팅 방식입니다.",mt
TTRTEXT|1713|0,Gravitational Compensators,중력 보상 장치,mt
TTRTEXT|1713|1,"Thanks to breakthroughs in the fields of physics, it is now possible to use magnetic fields of intense power to create lift.   Industries are sure to capitalize on these advances to revolutionize modern transportation systems.",물리학 분야의 돌파구 덕분에 이제 강력한 자기장으로 양력을 만들 수 있습니다. 산업계는 이 진보를 활용해 현대 수송 체계를 혁신할 것입니다.,mt
TTRTEXT|1714|0,Military Gravlift Units,군용 중력 부양 유닛,mt
TTRTEXT|1714|1,Adoption of anti-gravity engines and technology into military usage.,반중력 엔진과 기술을 군사용으로 도입합니다.,mt
TTRTEXT|1715|0,Social Reform: AI Limit Laws,사회 개혁: AI 제한법,mt
TTRTEXT|1715|1,----- should have effects if used,----- 사용 시 효과가 있어야 함,mt
TTRTEXT|1716|0,Human Gene Manipulation,인간 유전자 조작,mt
TTRTEXT|1716|1,"The direct manipulation of an organism's genome using biotechnology. New DNA sequences may be inserted in the host genome by first isolating and copying the genetic material of interest using molecular cloning to generate a new DNA sequence, or by synthesizing a therapeutic DNA sequence, and then inserting this construct into the host organism.","생명공학으로 생물체의 유전체를 직접 조작하는 기술입니다. 관심 있는 유전 물질을 분리해 분자 복제로 새 DNA 서열을 만들어 내거나 치료용 DNA 서열을 합성한 뒤, 이 구조물을 숙주 생물의 유전체에 삽입할 수 있습니다.",mt
TTRTEXT|1717|0,Custom Electronic Implants,맞춤형 전자 임플란트,mt
TTRTEXT|1717|1,"Technological devices that connect directly to a biological subject's brain - usually placed on the surface of the brain, or attached to the brain's cortex. A common purpose of modern brain implants and the focus of much current research is establishing a biomedical prosthesis circumventing areas in the brain that have become dysfunctional after a stroke or other head injuries.","생물 개체의 뇌에 직접 연결되는 기술 장치로, 보통 뇌 표면에 놓거나 대뇌 피질에 부착합니다. 현대 뇌 임플란트의 흔한 목적이자 현재 많은 연구의 초점은, 뇌졸중이나 다른 머리 부상 이후 기능을 잃은 뇌 영역을 우회하는 생체 의학 보철을 구현하는 것입니다.",mt
TTRTEXT|1718|0,Advanced Volumetric Displays,고급 입체 디스플레이,mt
TTRTEXT|1718|1,"Display device that forms a visual representation of an object in three physical dimensions, as opposed to the planar image of traditional screens that simulate depth through a number of different visual effects.","여러 시각 효과로 깊이를 흉내 내는 기존 화면의 평면 이미지와 달리, 물체의 시각적 표현을 실제 3차원 공간에 만들어 내는 표시 장치입니다.",mt
TTRTEXT|1719|0,Electromolecular Circuitry,전자 분자 회로,mt
TTRTEXT|1719|1,"An interdisciplinary area that spans physics, chemistry, and materials science. The unifying feature is the use of molecular building blocks for the fabrication of electronic components.  Molecular electronics provides a potential means to extend Moore's Law beyond the foreseen limits of small-scale conventional silicon integrated circuits.","물리학, 화학, 재료과학에 걸친 학제 간 분야입니다. 분자 구성 요소로 전자 부품을 제작한다는 점이 공통점입니다. 분자 전자공학은 소규모 기존 실리콘 집적 회로의 예상 한계를 넘어 무어의 법칙을 연장할 수 있는 잠재적 수단입니다.",mt
TTRTEXT|172|0,Advanced Sub Hull Designs,고급 잠수함 선체 설계,mt
TTRTEXT|172|1,"Sought by many countries, submarines are considered one of the deadliest craft available.  Their use during the cold war era proved that the threat of mutual annihilation could stalemate even the strongest nations.",많은 나라가 추구하는 잠수함은 가장 치명적인 병기 중 하나로 꼽힙니다. 냉전 시대의 운용을 통해 상호 절멸의 위협이 가장 강한 나라들조차 교착 상태에 빠뜨릴 수 있음이 증명되었습니다.,mt
TTRTEXT|1720|0,Improved Digital Military Systems,개량 디지털 군사 체계,mt
TTRTEXT|1720|1,Next stage in the development of military communication and command-in-control systems opening the door to new unit designs in all branches of the military.,"군 통신 및 지휘통제 체계 개발의 다음 단계로, 모든 병과의 신형 유닛 설계의 문을 엽니다.",mt
TTRTEXT|1721|0,Nanoprocessing,나노 프로세싱,mt
TTRTEXT|1721|1,"Thanks to advances in Nanowires, we are now able to create core processors at extremely small sizes without sacrificing power.",나노와이어의 발전 덕분에 성능을 희생하지 않고도 극도로 작은 크기의 코어 프로세서를 만들 수 있습니다.,mt
TTRTEXT|1722|0,Advanced Computing Inputs,고급 컴퓨터 입력 장치,mt
TTRTEXT|1722|1,Focus on bio-electrical impulses to develop new standards for interfaces between computing devices and operators.,생체 전기 신호에 주목하여 컴퓨팅 장치와 조작자 사이의 인터페이스에 새로운 기준을 개발합니다.,mt
TTRTEXT|1723|0,Focused Antimatter Reactions,집속 반물질 반응,mt
TTRTEXT|1723|1,The energies released during antimatter reactions are a force we can now harness.  This will allow us to explore weaponization of antimatter.,반물질 반응에서 방출되는 에너지를 이제 활용할 수 있습니다. 반물질의 무기화를 탐구할 수 있게 됩니다.,mt
TTRTEXT|1724|0,Vaccine Research Improvements,백신 연구 개선,mt
TTRTEXT|1724|1,Development of new biological agents to stimulate immune systems to recognize and combat harmful organisms.,면역계가 해로운 생물을 인식하고 싸우도록 자극하는 새로운 생물학적 물질을 개발합니다.,mt
TTRTEXT|1725|0,Healthcare Improvements,보건 개선,mt
TTRTEXT|1725|1,"New standards for medical and dental healthcare, including preventative care examinations.",예방 진료 검진을 포함한 의료 및 치과 보건의 새로운 기준입니다.,mt
TTRTEXT|1726|0,Phase Contrast Microscope,위상차 현미경,mt
TTRTEXT|1727|0,Transistor Fundamentals,트랜지스터 기초,mt
TTRTEXT|1727|1,"Discovery and design of a Semiconductor Bipolar Junction device that has three terminals namely Base, Collector, and Emitter.  A necessary step in the progress of electronics","베이스, 컬렉터, 이미터의 세 단자를 가진 반도체 바이폴라 접합 소자를 발견하고 설계합니다. 전자공학 발전에 필수적인 단계입니다.",mt
TTRTEXT|1728|0,Submarine Designs II,잠수함 설계 II,mt
TTRTEXT|1728|1,Next stage in the development of submarine designs based on further development of existing technologies and modern manufacturing techniques.,기존 기술과 현대 제조 기법의 추가 발전을 바탕으로 한 잠수함 설계의 다음 단계입니다.,mt
TTRTEXT|1729|0,Modern Helicopter II,현대 헬리콥터 II,mt
TTRTEXT|1729|1,Next stage in the development of helicopter designs based on further development of existing technologies and modern manufacturing techniques.,기존 기술과 현대 제조 기법의 추가 발전을 바탕으로 한 헬리콥터 설계의 다음 단계입니다.,mt
TTRTEXT|173|0,Advanced Ballast Tanks,고급 밸러스트 탱크,mt
TTRTEXT|173|1,Theories and application of ballast tanks for submersible craft.,잠수정용 밸러스트 탱크의 이론과 응용입니다.,mt
TTRTEXT|1730|0,Modern Helicopter III,현대 헬리콥터 III,mt
TTRTEXT|1730|1,Next stage in the development of helicopter designs based on further development of existing technologies and modern manufacturing techniques.,기존 기술과 현대 제조 기법의 추가 발전을 바탕으로 한 헬리콥터 설계의 다음 단계입니다.,mt
TTRTEXT|1731|0,Nuclear Supercarriers,원자력 슈퍼 항공모함,mt
TTRTEXT|1731|1,"Next generation of Aircraft Carrier designs.  Incorporates nuclear power plants, new electronic and flight control systems and able to handle new aircraft designs.",차세대 항공모함 설계입니다. 원자력 발전 설비와 새로운 전자 및 비행 관제 체계를 도입하고 신형 항공기 설계를 운용할 수 있습니다.,mt
TTRTEXT|1732|0,Early Naval Electronics,초기 해군 전자 장비,mt
TTRTEXT|1732|1,Incorporation of basic electronics into naval systems.  Allows access to additional ship designs to take advantage of these improvements.,기초 전자 장비를 해군 체계에 도입합니다. 이 개선을 활용하는 추가 함정 설계를 쓸 수 있게 됩니다.,mt
TTRTEXT|1733|0,Modern Helicopters VI,현대 헬리콥터 VI,mt
TTRTEXT|1733|1,Next stage in the development of helicopter designs based on further development of existing technologies and modern manufacturing techniques.,기존 기술과 현대 제조 기법의 추가 발전을 바탕으로 한 헬리콥터 설계의 다음 단계입니다.,mt
TTRTEXT|1734|0,Radar Facility,레이더 시설,mt
TTRTEXT|1734|1,Blueprint plans to allow actual construction of Radar Facilities to begin.,레이더 시설의 실제 건설을 시작할 수 있게 하는 설계도입니다.,mt
TTRTEXT|1735|0,Mobile Steel Barges,이동식 강철 바지선,mt
TTRTEXT|1735|1,Barges with integrated excavation equipment.  Needed to create secure foundations for oceanic structures.,굴착 장비를 통합한 바지선입니다. 해양 구조물의 안정적인 기초를 만드는 데 필요합니다.,mt
TTRTEXT|1736|0,Underwater Petroleum Extraction,해저 석유 채굴,mt
TTRTEXT|1736|1,Development of technologies to tap petroleum reserves located below the ocean floor.,해저 아래에 있는 석유 매장량을 뽑아 올리는 기술을 개발합니다.,mt
TTRTEXT|1737|0,Organic Semiconductors,유기 반도체,mt
TTRTEXT|1738|0,OLED,,
TTRTEXT|1738|1,req Organic Semiconductors,필요: 유기 반도체,mt
TTRTEXT|1739|0,Improved Power Grid II,개량 전력망 II,mt
TTRTEXT|1739|1,Advancement in the transmission efficiency of electrical current through improved infrastructure and technology.,인프라와 기술을 개선하여 전류 송전 효율을 높입니다.,mt
TTRTEXT|174|0,Acoustic Ranging Sonar,음향 측거 소나,mt
TTRTEXT|174|1,Updated and improved Sound Navigation and Ranging - a basic technology for detection of submarine vehicles.,"갱신 및 개량된 음향 항법 측거 장치로, 잠수함 탐지의 기본 기술입니다.",mt
TTRTEXT|1740|0,Improved Power Grid III,개량 전력망 III,mt
TTRTEXT|1740|1,Advancement in the transmission efficiency of electrical current through improved infrastructure and technology.,인프라와 기술을 개선하여 전류 송전 효율을 높입니다.,mt
TTRTEXT|1741|0,Improved Power Grid IV,개량 전력망 IV,mt
TTRTEXT|1741|1,Advancement in the transmission efficiency of electrical current through improved infrastructure and technology.,인프라와 기술을 개선하여 전류 송전 효율을 높입니다.,mt
TTRTEXT|1742|0,Particle Detection Advances,입자 검출 진보,mt
TTRTEXT|1742|1,Next stage in the development of Particle Detectors based on recent developments in technology and manufacturing techniques.,최근의 기술 및 제조 기법 발전을 바탕으로 한 입자 검출기 개발의 다음 단계입니다.,mt
TTRTEXT|1743|0,Long Range Rockets,장거리 로켓,mt
TTRTEXT|1743|1,The application of ballistic rocket technologies is now allowing us to create designs for rockets capable of reaching nations previously seen as untouchable by land forces.,"탄도 로켓 기술을 응용하여, 지상군으로는 닿을 수 없다고 여겨지던 나라에까지 도달할 수 있는 로켓을 설계할 수 있게 되었습니다.",mt
TTRTEXT|1744|0,Tank Tech '46,전차 기술 '46,mt
TTRTEXT|1744|1,Next stage in the development of tank designs based on further development of existing technologies.,기존 기술의 추가 발전을 바탕으로 한 전차 설계의 다음 단계입니다.,mt
TTRTEXT|1745|0,Gun Design Modifications,포 설계 변경,mt
TTRTEXT|1745|1,Practical modifications of Artillery and Tank barrel and triggering designs based on field testing reports.,야전 시험 보고서를 바탕으로 한 포병 및 전차 포신과 격발 장치 설계의 실용적인 변경입니다.,mt
TTRTEXT|1746|0,Improved Mechanized Designs,개량 기계화 설계,mt
TTRTEXT|1746|1,Combat influenced re-design of military vehicles for improved infantry protection and mobility.,전투 경험을 반영하여 보병 방호력과 기동성을 높이도록 군용 차량을 재설계합니다.,mt
TTRTEXT|1747|0,Improved Automotive Components,개량 자동차 부품,mt
TTRTEXT|1747|1,Incorporation of newer electronic and machined components into the manufacturing of automobile parts.,더 새로운 전자 부품과 기계 가공 부품을 자동차 부품 제조에 도입합니다.,mt
TTRTEXT|1748|0,Tank Tech '54,전차 기술 '54,mt
TTRTEXT|1748|1,Next stage in the development of tank designs based on further development of existing technologies.,기존 기술의 추가 발전을 바탕으로 한 전차 설계의 다음 단계입니다.,mt
TTRTEXT|1749|0,Tank Tech '64,전차 기술 '64,mt
TTRTEXT|1749|1,Next stage in the development of tank designs based on further development of existing technologies.,기존 기술의 추가 발전을 바탕으로 한 전차 설계의 다음 단계입니다.,mt
TTRTEXT|175|0,Advanced Vehicle Fuel Cells,고급 차량 연료전지,mt
TTRTEXT|175|1,Next Generation Fuel Cell technologies designed for Vehicle engines.,차량 엔진용으로 설계된 차세대 연료전지 기술입니다.,mt
TTRTEXT|1750|0,Tank Tech '74,전차 기술 '74,mt
TTRTEXT|1750|1,Next stage in the development of tank designs based on further development of existing technologies.,기존 기술의 추가 발전을 바탕으로 한 전차 설계의 다음 단계입니다.,mt
TTRTEXT|1751|0,Manufacturing Improvements,제조 개선,mt
TTRTEXT|1751|1,Next stage of incorporating new Manufacturing Technologies to improve efficiencies and reduce raw materials requirements.,새로운 제조 기술을 도입하여 효율을 높이고 원자재 소요를 줄이는 다음 단계입니다.,mt
TTRTEXT|1752|0,Weapons Industry Advances,무기 산업 진보,mt
TTRTEXT|1752|1,Incorporation of latest military technologies into private sector manufacturing designs.,최신 군사 기술을 민간 부문 제조 설계에 도입합니다.,mt
TTRTEXT|1753|0,Polymerization Improvements,중합 개선,mt
TTRTEXT|1753|1,Next stage in the mass production of improved synthetic compounds providing many new manufacturing opportunities.,"개량 합성 화합물 대량 생산의 다음 단계로, 수많은 새로운 제조 기회를 제공합니다.",mt
TTRTEXT|1754|0,High Performance Composites,고성능 복합재,mt
TTRTEXT|1754|1,Next stage in the mass production of improved synthetic compounds providing many new manufacturing opportunities.,"개량 합성 화합물 대량 생산의 다음 단계로, 수많은 새로운 제조 기회를 제공합니다.",mt
TTRTEXT|1755|0,Improved Composite Materials,개량 복합 소재,mt
TTRTEXT|1755|1,Next stage in the mass production of improved synthetic compounds providing many new manufacturing opportunities.,"개량 합성 화합물 대량 생산의 다음 단계로, 수많은 새로운 제조 기회를 제공합니다.",mt
TTRTEXT|1756|0,Hybrids and Nanocomposites,하이브리드와 나노복합재,mt
TTRTEXT|1756|1,Next stage in the mass production of improved synthetic compounds providing many new manufacturing opportunities.,"개량 합성 화합물 대량 생산의 다음 단계로, 수많은 새로운 제조 기회를 제공합니다.",mt
TTRTEXT|1757|0,Core Processor Improvements,코어 프로세서 개선,mt
TTRTEXT|1757|1,Next stage in development of Computer Processing Units (single core) using latest electronic and manufacturing advances to improve computing performance.,최신 전자 및 제조 기술의 발전으로 컴퓨팅 성능을 높이는 중앙처리장치(싱글 코어) 개발의 다음 단계입니다.,mt
TTRTEXT|1758|0,Improved Computer Microarchitecture,개량 컴퓨터 마이크로아키텍처,mt
TTRTEXT|1758|1,Next stage in the development of computer architecture utilizing latest electronic advances to improve computer processing performance.,최신 전자 기술의 발전으로 컴퓨터 처리 성능을 높이는 컴퓨터 아키텍처 개발의 다음 단계입니다.,mt
TTRTEXT|1759|0,Manufacturing Improvements II,제조 개선 II,mt
TTRTEXT|1759|1,Next stage of incorporating new Manufacturing Technologies to improve efficiencies and reduce raw materials requirements.,새로운 제조 기술을 도입하여 효율을 높이고 원자재 소요를 줄이는 다음 단계입니다.,mt
TTRTEXT|176|0,Vehicle Retrofit for Adv Cells,고급 전지용 차량 개조,mt
TTRTEXT|176|1,Process of Upgrading Existing Vehicles to Advanced Fuel Cell Engines.  Further reduce dependence on Petroleum products.,기존 차량을 고급 연료전지 엔진으로 개량하는 과정입니다. 석유 제품 의존도를 더욱 줄입니다.,mt
TTRTEXT|1760|0,Weapons Industry Advances II,무기 산업 진보 II,mt
TTRTEXT|1760|1,Incorporation of latest military technologies into private sector manufacturing designs.,최신 군사 기술을 민간 부문 제조 설계에 도입합니다.,mt
TTRTEXT|1761|0,Holomatrix Projectors,홀로매트릭스 투영기,mt
TTRTEXT|1761|1,"Next stage in the technology for projecting holograms, creating better fields of depth and more detailed environments, adding to the perception of being inside the holographic image.","홀로그램 투영 기술의 다음 단계로, 더 나은 피사계 심도와 더 세밀한 환경을 구현하여 홀로그램 영상 안에 있다는 느낌을 높입니다.",mt
TTRTEXT|1762|0,Manufacturing Improvements III,제조 개선 III,mt
TTRTEXT|1762|1,Next stage of incorporating new Manufacturing Technologies to improve efficiencies and reduce raw materials requirements.,새로운 제조 기술을 도입하여 효율을 높이고 원자재 소요를 줄이는 다음 단계입니다.,mt
TTRTEXT|1763|0,GPS Navigational Computers,GPS 항법 컴퓨터,mt
TTRTEXT|1763|1,Incorporation of GPS data into Computer hardware and software for positioning information.,위치 정보를 얻기 위해 GPS 데이터를 컴퓨터 하드웨어와 소프트웨어에 도입합니다.,mt
TTRTEXT|1764|0,Improved Aircraft Avionics III,개량 항공기 항전 장비 III,mt
TTRTEXT|1764|1,"Integration of current electronics, radar, and navigation systems for improved flight and weapons operations.","현행 전자 장비, 레이더, 항법 체계를 통합하여 비행과 무기 운용을 개선합니다.",mt
TTRTEXT|1765|0,Tank Tech '91,전차 기술 '91,mt
TTRTEXT|1765|1,Next stage in the development of tank designs based on further development of existing technologies.,기존 기술의 추가 발전을 바탕으로 한 전차 설계의 다음 단계입니다.,mt
TTRTEXT|1766|0,Armor Designs Level IX,장갑 설계 9단계,mt
TTRTEXT|1766|1,Latest advancement in military unit designs to utilize improvements in mass production thus improving the overall quality of units and the efficiency of their manufacturing.,대량 생산의 개선을 활용하여 유닛의 전반적인 품질과 제조 효율을 높이는 군용 유닛 설계의 최신 진보입니다.,mt
TTRTEXT|1767|0,Military Production VII,군수 생산 VII,mt
TTRTEXT|1767|1,"Adapt latest technologies, materials, and manufacturing techniques for military use.  Allows access to military designs in many classes and across all branches. ","최신 기술, 소재, 제조 기법을 군용으로 개조합니다. 모든 병과의 여러 분류에 걸친 군용 설계를 쓸 수 있게 됩니다.",mt
TTRTEXT|1768|0,Artillery Improvements '98,포병 개선 '98,mt
TTRTEXT|1768|1,Next stage in the development of artillery designs based on further development of existing technologies.,기존 기술의 추가 발전을 바탕으로 한 포병 설계의 다음 단계입니다.,mt
TTRTEXT|1769|0,Advanced Artillery II,고급 포병 II,mt
TTRTEXT|1769|1,"Next Generation designs for Ballistic Artillery units - providing greater accuracy, improved rate of fire, extended range, and increased lethality.","탄도 포병 유닛의 차세대 설계로, 정확도, 발사 속도, 사거리, 살상력이 모두 향상됩니다.",mt
TTRTEXT|177|0,Metal Storm Weapons Pods,메탈 스톰 무기 포드,mt
TTRTEXT|177|1,Technology for integration of Metal Storm high-velocity projectile weapons onto combat vehicles.  Includes designs and firing systems needed for control.,메탈 스톰 고속 발사체 무기를 전투 차량에 통합하는 기술입니다. 제어에 필요한 설계와 사격 체계를 포함합니다.,mt
TTRTEXT|1770|0,Advanced Military Designs II,고급 군사 설계 II,mt
TTRTEXT|1770|1,"Next stage in the combination of research, knowledge, fundamentals and designs for the creation of military units and technologies.","군용 유닛과 기술을 만들기 위한 연구, 지식, 기초 원리, 설계를 결합하는 다음 단계입니다.",mt
TTRTEXT|1771|0,Molecular Multi-Core Processing,분자 멀티코어 처리,mt
TTRTEXT|1771|1,Incorporation of advances in molecular biology into the design of computer central processing units (CPU's).,분자생물학의 발전을 컴퓨터 중앙처리장치(CPU) 설계에 도입합니다.,mt
TTRTEXT|1772|0,Improved Multi-Core Processing,개량 멀티코어 처리,mt
TTRTEXT|1772|1,"Next stage in the mass production design of a single computing component with two or more independent Central Processing Units (CPUs), incorporating latest technological advances.","최신 기술 발전을 도입하여, 독립된 중앙처리장치(CPU)를 둘 이상 갖춘 단일 연산 부품을 대량 생산하는 설계의 다음 단계입니다.",mt
TTRTEXT|1773|0,Advanced Aircraft Designs,고급 항공기 설계,mt
TTRTEXT|1773|1,"Next stage in the design of aircraft that incorporates next-generation technologies to improve their performance, durability, and combat effectiveness.","차세대 기술을 도입하여 성능, 내구성, 전투 효율을 높이는 항공기 설계의 다음 단계입니다.",mt
TTRTEXT|1774|0,Naval Hull Design Improvements,해군 선체 설계 개선,mt
TTRTEXT|1774|1,"Next stage in design of Military Vessel Hulls, incorporating modern manufacturing and composite advances.",현대 제조 기술과 복합재의 발전을 도입하는 군용 함정 선체 설계의 다음 단계입니다.,mt
TTRTEXT|1775|0,Improved Laser Systems,개량 레이저 체계,mt
TTRTEXT|1775|1,Next stage in the development of devices that emit light (electromagnetic radiation) through a process of optical amplification based on the stimulated emission of photons.,광자의 유도 방출에 기반한 광학적 증폭 과정을 통해 빛(전자기 복사)을 내는 장치 개발의 다음 단계입니다.,mt
TTRTEXT|1776|0,Improved Aircraft Avionics,개량 항공기 항전 장비,mt
TTRTEXT|1776|1,"Integration of new electronics, radar, and navigation systems for improved flight and weapons operations.","새로운 전자 장비, 레이더, 항법 체계를 통합하여 비행과 무기 운용을 개선합니다.",mt
TTRTEXT|1777|0,Improved Aircraft Avionics II,개량 항공기 항전 장비 II,mt
TTRTEXT|1777|1,"Integration of current electronics, radar, and navigation systems for improved flight and weapons operations.","현행 전자 장비, 레이더, 항법 체계를 통합하여 비행과 무기 운용을 개선합니다.",mt
TTRTEXT|1778|0,Missile Design Improvements,미사일 설계 개선,mt
TTRTEXT|1778|1,"Next stage in the development of Missile Designs, incorporating up-to-date aerodynamic, electronic and military research.","최신 공기역학, 전자, 군사 연구를 도입하는 미사일 설계 개발의 다음 단계입니다.",mt
TTRTEXT|1779|0,Tank Tech '81,전차 기술 '81,mt
TTRTEXT|1779|1,Next stage in the development of tank designs based on further development of existing technologies.,기존 기술의 추가 발전을 바탕으로 한 전차 설계의 다음 단계입니다.,mt
TTRTEXT|178|0,Ballistic Missile Concepts,탄도 미사일 개념,mt
TTRTEXT|178|1,Basic designs and technologies for production of Ballistic Missiles.,탄도 미사일 생산을 위한 기본 설계와 기술입니다.,mt
TTRTEXT|1780|0,Modern Tank Tech '02,현대 전차 기술 '02,mt
TTRTEXT|1780|1,Next stage in the development of tank designs based on further development of existing technologies.,기존 기술의 추가 발전을 바탕으로 한 전차 설계의 다음 단계입니다.,mt
TTRTEXT|1781|0,Modern Tank Tech '07,현대 전차 기술 '07,mt
TTRTEXT|1781|1,Next stage in the development of tank designs based on further development of existing technologies.,기존 기술의 추가 발전을 바탕으로 한 전차 설계의 다음 단계입니다.,mt
TTRTEXT|1782|0,Weapons Industry Advances III,무기 산업 진보 III,mt
TTRTEXT|1782|1,Incorporation of latest military technologies into private sector manufacturing designs.,최신 군사 기술을 민간 부문 제조 설계에 도입합니다.,mt
TTRTEXT|1783|0,Military Systems Integration,군사 체계 통합,mt
TTRTEXT|1783|1,Development of military communication and command-in-control systems opening the door to new unit designs in all branches of the military.,군 통신 및 지휘통제 체계를 개발하여 모든 병과의 신형 유닛 설계의 문을 엽니다.,mt
TTRTEXT|1784|0,Land Combat Stealth Designs,지상 전투 스텔스 설계,mt
TTRTEXT|1784|1,New chassis design development for tanks and other military vehicles that incorporates stealth materials and technologies into the production.,스텔스 소재와 기술을 생산에 도입한 전차 및 기타 군용 차량의 새 차체 설계를 개발합니다.,mt
TTRTEXT|1785|0,Improved Military Chassis,개량 군용 차체,mt
TTRTEXT|1785|1,Incorporation of modern manufacturing techniques into the production of military vehicle frames.  Improves the strength of the frame and allows it to withstand a heavier vehicle structure.,현대 제조 기법을 군용 차량 프레임 생산에 도입합니다. 프레임의 강도가 높아지고 더 무거운 차량 구조를 견딜 수 있습니다.,mt
TTRTEXT|1786|0,Future Mechanized Infantry,미래 기계화 보병,mt
TTRTEXT|1786|1,Next generation of Mechanized Infantry units incorporating the latest advances in both military and civilian technologies.,군사 및 민간 기술의 최신 진보를 모두 도입한 차세대 기계화 보병 유닛입니다.,mt
TTRTEXT|1787|0,Future Military Designs,미래 군사 설계,mt
TTRTEXT|1787|1,"Next stage in the combination of research, knowledge, fundamentals and designs for the creation of military units and technologies.","군용 유닛과 기술을 만들기 위한 연구, 지식, 기초 원리, 설계를 결합하는 다음 단계입니다.",mt
TTRTEXT|1788|0,Future Military Designs II,미래 군사 설계 II,mt
TTRTEXT|1788|1,"Next stage in the combination of research, knowledge, fundamentals and designs for the creation of military units and technologies.","군용 유닛과 기술을 만들기 위한 연구, 지식, 기초 원리, 설계를 결합하는 다음 단계입니다.",mt
TTRTEXT|1789|0,Advanced Laser Rifles,고급 레이저 소총,mt
TTRTEXT|1789|1,Next stage in the development of Laser-Based Offensive Weapons for use by Infantry and other highly portable military platforms.,보병과 기타 휴대성이 높은 군용 플랫폼이 쓰는 레이저 기반 공격 무기 개발의 다음 단계입니다.,mt
TTRTEXT|179|0,Modern Ballistic Missiles,현대 탄도 미사일,mt
TTRTEXT|179|1,"Designs and technologies for the creation of Ballistic Missiles with longer ranges, greater accuracy, and larger payloads.",사거리가 더 길고 정확도가 높으며 탑재량이 큰 탄도 미사일을 만드는 설계와 기술입니다.,mt
TTRTEXT|1790|0,Future Military Designs III,미래 군사 설계 III,mt
TTRTEXT|1790|1,"Next stage in the combination of research, knowledge, fundamentals and designs for the creation of military units and technologies.","군용 유닛과 기술을 만들기 위한 연구, 지식, 기초 원리, 설계를 결합하는 다음 단계입니다.",mt
TTRTEXT|1791|0,Particle Weapon Controls,입자 무기 제어,mt
TTRTEXT|1791|1,Adaption of upgraded particle accelerators into military weapons production.,개량된 입자 가속기를 군용 무기 생산에 적용합니다.,mt
TTRTEXT|1792|0,Advanced Tank Designs '30,고급 전차 설계 '30,mt
TTRTEXT|1792|1,"Latest improvement in tank designs to utilize major advancements in weapons technologies, specifically the development of improved weaponry.","무기 기술의 주요 진보, 특히 개량 무장의 개발을 활용하는 전차 설계의 최신 개선입니다.",mt
TTRTEXT|1793|0,Sub Hull Improvements,잠수함 선체 개선,mt
TTRTEXT|1793|1,"Next stage in the development of submarine hull designs, incorporating the latest manufacturing components and techniques in order to improve both hydro dynamics and combat performance.",최신 제조 부품과 기법을 도입하여 유체역학과 전투 성능을 모두 높이는 잠수함 선체 설계 개발의 다음 단계입니다.,mt
TTRTEXT|1794|0,Military Hover Systems,군용 호버 체계,mt
TTRTEXT|1794|1,"Adaption by military designers of recent hover craft advances, utilizing polymer skirts as durable as armor plating and micro engines that provide increased power, in the manufacturing of combat vehicles.","군 설계자들이 호버크래프트의 최근 진보, 즉 장갑판만큼 내구성 있는 폴리머 스커트와 출력을 높인 초소형 엔진을 전투 차량 제조에 적용합니다.",mt
TTRTEXT|1795|0,Improved Haptic Systems,개량 햅틱 체계,mt
TTRTEXT|1795|1,Next stage in the development of nonverbal communication technologies involving improved touch sensors.,개선된 촉각 센서를 활용하는 비언어 통신 기술 개발의 다음 단계입니다.,mt
TTRTEXT|1796|0,Ultra Polymers,초고분자,mt
TTRTEXT|1796|1,"Next stage in the mass production of improved synthetic compounds both lightweight and incredibly strong, providing many new manufacturing opportunities.","가벼우면서도 놀랄 만큼 강한 개량 합성 화합물 대량 생산의 다음 단계로, 수많은 새로운 제조 기회를 제공합니다.",mt
TTRTEXT|1797|0,Upgraded Manufacturing II,제조 업그레이드 II,mt
TTRTEXT|1797|1,"Next stage in the advances to Manufacturing processes and systems, resulting in increased production line efficiencies.","제조 공정과 체계 발전의 다음 단계로, 생산 라인 효율이 높아집니다.",mt
TTRTEXT|1798|0,Future Combat Aircraft III,미래 전투기 III,mt
TTRTEXT|1798|1,"Next generation of new technologies needed for future combat aircraft, with further improved air-to-air, spotting, and stealth capabilities.","미래 전투기에 필요한 차세대 신기술로, 공대공, 탐지, 스텔스 성능이 한층 더 개선됩니다.",mt
TTRTEXT|1799|0,Future Combat Aircraft IV,미래 전투기 IV,mt
TTRTEXT|1799|1,"Next generation of new technologies needed for future combat aircraft, with further improved air-to-air, spotting, and stealth capabilities.","미래 전투기에 필요한 차세대 신기술로, 공대공, 탐지, 스텔스 성능이 한층 더 개선됩니다.",mt
TTRTEXT|18|0,Modern Industrial Infrastructure,현대 산업 인프라,mt
TTRTEXT|18|1,"Development and deployment of Western Industrial Techniques, improves efficiency of industrial manufacturing and distribution, opens up many new areas of research and production.",서방식 산업 기법을 개발하고 도입하여 산업 제조와 유통의 효율을 높이고 수많은 새로운 연구 및 생산 분야의 문을 엽니다.,mt
TTRTEXT|180|0,Improved Radars II,개량 레이더 II,mt
TTRTEXT|180|1,"Long Range Radar technologies and designs, for land, air and sea detection systems.","지상, 항공, 해상 탐지 체계를 위한 장거리 레이더 기술과 설계입니다.",mt
TTRTEXT|1800|0,Future Combat Aircraft V,미래 전투기 V,mt
TTRTEXT|1800|1,"Next generation of new technologies needed for future combat aircraft, with further improved air-to-air, spotting, and stealth capabilities.","미래 전투기에 필요한 차세대 신기술로, 공대공, 탐지, 스텔스 성능이 한층 더 개선됩니다.",mt
TTRTEXT|1801|0,Packet Network Systems Theory,패킷 네트워크 체계 이론,mt
TTRTEXT|1801|1,Development of the theory behind the transfer of information packets point-to-point between two specific computers in a larger network of systems. ,더 큰 체계 네트워크 안에서 특정한 두 컴퓨터 사이에 정보 패킷을 지점 간 전송하는 원리의 이론을 개발합니다.,mt
TTRTEXT|1802|0,Ethernet Standard Protocols,이더넷 표준 프로토콜,mt
TTRTEXT|1802|1,Standard communication protocols for networked computers to support higher data transfer speeds and longer link distances.,네트워크로 연결된 컴퓨터가 더 빠른 데이터 전송 속도와 더 먼 링크 거리를 지원하기 위한 표준 통신 프로토콜입니다.,mt
TTRTEXT|1803|0,TCP / IP Protocol Suite,TCP / IP 프로토콜 모음,mt
TTRTEXT|1803|1,"Transmission Control and Internet Protocols that provides end-to-end connectivity specifying how data should be packetized, addressed, transmitted, routed and received at the destination.","데이터를 어떻게 패킷으로 만들고, 주소를 지정하고, 전송하고, 경로를 정하고, 목적지에서 수신할지 규정하여 종단 간 연결을 제공하는 전송 제어 및 인터넷 프로토콜입니다.",mt
TTRTEXT|1804|0,SMTP,,
TTRTEXT|1804|1,Simple Mail Transfer Protocol that sets the standard for electronic mail (e-mail) transmission.,전자 우편(이메일) 전송의 표준을 정하는 간이 메일 전송 프로토콜입니다.,mt
TTRTEXT|1805|0,Domain Name System,도메인 네임 시스템,mt
TTRTEXT|1805|1,"DNS is a hierarchical distributed naming system for computers, services, or any resource connected to the Internet or a private network.  Most prominently, it translates easily memorized domain names to the numerical IP addresses needed for the purpose of locating computer services and devices worldwide. ","DNS는 인터넷이나 사설 네트워크에 연결된 컴퓨터, 서비스, 모든 자원을 위한 계층적 분산 이름 체계입니다. 특히 기억하기 쉬운 도메인 이름을, 전 세계의 컴퓨터 서비스와 장치를 찾는 데 필요한 숫자 IP 주소로 변환합니다.",mt
TTRTEXT|1806|0,World Wide Web,월드 와이드 웹,mt
TTRTEXT|1806|1,Non-proprietary marriage between Hypertext documents and the Internet providing unidirectional links from one information source to another.,하이퍼텍스트 문서와 인터넷을 개방적으로 결합하여 한 정보원에서 다른 정보원으로 단방향 링크를 제공합니다.,mt
TTRTEXT|1807|0,Commercial Web Browsing Software,상용 웹 브라우징 소프트웨어,mt
TTRTEXT|1807|1,"Provides end users with a simple application from which to navigate the internet and provide an interactive experience.  Browsers such as Mosaic and later Netscape Navigator, Microsoft Internet Explorer, Google Chrome and Mozilla Firefox are largely responsible for popularizing the internet.","최종 사용자가 인터넷을 탐색하고 상호작용 경험을 누릴 수 있는 간단한 응용 프로그램을 제공합니다. 모자이크, 이후의 넷스케이프 내비게이터, 마이크로소프트 인터넷 익스플로러, 구글 크롬, 모질라 파이어폭스 같은 브라우저가 인터넷 대중화에 크게 기여했습니다.",mt
TTRTEXT|1808|0,Full Text Web Search Engines,전문 웹 검색 엔진,mt
TTRTEXT|1808|1,A software system that is designed to search for real-time information on the content of the World Wide Web using a constantly running algorithm on a web crawler.,웹 크롤러에서 계속 돌아가는 알고리즘을 이용해 월드 와이드 웹의 내용에 관한 실시간 정보를 검색하도록 설계된 소프트웨어 체계입니다.,mt
TTRTEXT|1809|0,Missile Improvements,미사일 개선,mt
TTRTEXT|1809|1,Next stage in the development of missile designs based on further development of existing technologies and manufacturing techniques.,기존 기술과 제조 기법의 추가 발전을 바탕으로 한 미사일 설계의 다음 단계입니다.,mt
TTRTEXT|181|0,Modern Cruise Missile Production,현대 순항 미사일 생산,mt
TTRTEXT|181|1,"Processes and technologies to create and build modern Cruise Missile designs, including the manufacturing capabilities for production and testing.",생산과 시험을 위한 제조 능력을 포함하여 현대 순항 미사일 설계를 만들고 제작하는 공정과 기술입니다.,mt
TTRTEXT|1810|0,Nutritional Dietary Replacements,영양 식사 대체물,mt
TTRTEXT|1810|1,Next stage in the development of nutritional supplements to completely replace normal dietary requirements for a prolonged period.,장기간 일반 식사 요건을 완전히 대체하는 영양 보충제 개발의 다음 단계입니다.,mt
TTRTEXT|1811|0,Nano Diagnostics,나노 진단,mt
TTRTEXT|1811|1,Advances in internal diagnostics to provide long-term health monitoring in isolated environments.,고립된 환경에서 장기 건강 모니터링을 제공하는 체내 진단의 진보입니다.,mt
TTRTEXT|1812|0,Dark Energy Reaction Engines,암흑 에너지 반응 엔진,mt
TTRTEXT|1812|1,"Adapting Dark Energy as the power source for spaceship engines, providing a virtually inexhaustible fuel supply for long distance stellar travel.",암흑 에너지를 우주선 엔진의 동력원으로 삼아 장거리 항성 여행에 사실상 고갈되지 않는 연료를 공급합니다.,mt
TTRTEXT|1813|0,Stellar Navigation,항성 항법,mt
TTRTEXT|1813|1,Using Holospheres to provide navigators with a 3-dimensional model that accurately portrays the constantly changing position of objects revolving around specific orbits as well as though not traveling in orbital paths.,"홀로스피어로 항법사에게 3차원 모델을 제공하여, 특정 궤도를 도는 천체는 물론 궤도를 따르지 않는 천체의 끊임없이 변하는 위치까지 정확히 보여줍니다.",mt
TTRTEXT|1814|0,Interstellar Ship Designs,항성간 우주선 설계,mt
TTRTEXT|1814|1,Preliminary design of interstellar vehicles capable of surviving the additional challenges of interplanetary travel.,행성간 여행의 추가 난관을 견딜 수 있는 항성간 비행체의 예비 설계입니다.,mt
TTRTEXT|1815|0,Interstellar Environmental Controls,항성간 환경 제어,mt
TTRTEXT|1815|1,"Advanced ability to constantly regulate temperature, pressure, humidity, etc. without allowing drastically changing outer hull conditions to affect the internal environment.","선체 외부 조건이 극단적으로 변해도 내부 환경에 영향을 주지 않으면서 온도, 기압, 습도 등을 계속 조절하는 고급 기술입니다.",mt
TTRTEXT|1816|0,Interstellar Shields,항성간 방어막,mt
TTRTEXT|1816|1,Incorporation of latest Ion Shielding from military land units to work in a zero-gravity environment and thus improve protection for space craft.,군용 지상 유닛의 최신 이온 방어막을 무중력 환경에서 작동하도록 도입하여 우주선의 방호력을 높입니다.,mt
TTRTEXT|1817|0,Interstellar Living Quarters,항성간 거주 구역,mt
TTRTEXT|1817|1,Hull and layout design of space craft that combines the necessary environmental controls with the storage and handling requirements of dietary replacements and the long term biological demands of human passengers.,"필수 환경 제어에 식사 대체물의 보관 및 취급 요건, 승객인 인간의 장기적인 생물학적 요구를 결합한 우주선의 선체와 배치 설계입니다.",mt
TTRTEXT|1818|0,The Ark,방주,mt
TTRTEXT|1818|1,Construction of the actual vehicle that incorporates all the necessary functions and capabilities to travel between planets.,행성 사이를 오가는 데 필요한 모든 기능과 능력을 갖춘 실제 비행체를 건조합니다.,mt
TTRTEXT|1819|0,Commercial Internet,상용 인터넷,mt
TTRTEXT|1819|1,Creation of an interexchange point that allows the free passage of TCP/IP traffic between Internet Service Providers.,인터넷 서비스 제공업체 사이에서 TCP/IP 트래픽이 자유롭게 오가게 하는 상호 접속 지점을 만듭니다.,mt
TTRTEXT|182|0,Advanced Cruise Missiles,고급 순항 미사일,mt
TTRTEXT|182|1,"Next Generation Cruise Missiles, featuring improved guidance, better protection from jamming, and stealth technologies to avoid detection.","개선된 유도, 더 나은 재밍 방어, 탐지를 피하는 스텔스 기술을 갖춘 차세대 순항 미사일입니다.",mt
TTRTEXT|1820|0,Synthetic Rubber II,합성 고무 II,mt
TTRTEXT|1820|1,"Next generation in the development of a wide range of synthetic or semi-synthetic organic solids used in the manufacture of industrial products. Plastics are typically polymers of high molecular mass, and may contain other substances to improve performance and/or reduce production costs.","산업 제품 제조에 쓰이는 다양한 합성 또는 반합성 유기 고체 개발의 차세대 단계입니다. 플라스틱은 보통 분자량이 큰 고분자이며, 성능을 높이거나 생산 비용을 줄이기 위해 다른 물질을 포함할 수 있습니다.",mt
TTRTEXT|1821|0,Synthetic Rubber III,합성 고무 III,mt
TTRTEXT|1821|1,"Next generation in the development of a wide range of synthetic or semi-synthetic organic solids used in the manufacture of industrial products. Plastics are typically polymers of high molecular mass, and may contain other substances to improve performance and/or reduce production costs.","산업 제품 제조에 쓰이는 다양한 합성 또는 반합성 유기 고체 개발의 차세대 단계입니다. 플라스틱은 보통 분자량이 큰 고분자이며, 성능을 높이거나 생산 비용을 줄이기 위해 다른 물질을 포함할 수 있습니다.",mt
TTRTEXT|1822|0,Doppler Beam Sharpening,도플러 빔 샤프닝,mt
TTRTEXT|1822|1,A system of radar that uses the motion of the antenna to gather the same data at different points and provide a more accurate picture.,안테나의 움직임을 이용해 서로 다른 지점에서 같은 데이터를 수집하여 더 정확한 영상을 제공하는 레이더 방식입니다.,mt
TTRTEXT|1824|0,Improved Radars,개량 레이더,mt
TTRTEXT|1824|1,Next generation systems utilizing improvements to Phased Arrays and Side Looking Airborne Radar based on computer enhancements.  This will allow for designs with more powerful spotting ranges.,컴퓨터 성능 향상을 바탕으로 위상배열과 측방 탐색 기상 레이더를 개선한 차세대 체계입니다. 탐지 사거리가 더 긴 설계가 가능해집니다.,mt
TTRTEXT|1825|0,Advanced Artillery III,고급 포병 III,mt
TTRTEXT|1825|1,"Next Generation designs for Ballistic Artillery units - providing greater accuracy, improved rate of fire, extended range, and increased lethality.","탄도 포병 유닛의 차세대 설계로, 정확도, 발사 속도, 사거리, 살상력이 모두 향상됩니다.",mt
TTRTEXT|1826|0,Advanced Artillery IV,고급 포병 IV,mt
TTRTEXT|1826|1,"Next Generation designs for Ballistic Artillery units - providing greater accuracy, improved rate of fire, extended range, and increased lethality.","탄도 포병 유닛의 차세대 설계로, 정확도, 발사 속도, 사거리, 살상력이 모두 향상됩니다.",mt
TTRTEXT|1827|0,Advanced Artillery V,고급 포병 V,mt
TTRTEXT|1827|1,"Next Generation designs for Ballistic Artillery units - providing greater accuracy, improved rate of fire, extended range, and increased lethality.","탄도 포병 유닛의 차세대 설계로, 정확도, 발사 속도, 사거리, 살상력이 모두 향상됩니다.",mt
TTRTEXT|1828|0,Submarine Designs III,잠수함 설계 III,mt
TTRTEXT|1828|1,Next stage in the development of submarine designs based on further development of existing technologies and modern manufacturing techniques.,기존 기술과 현대 제조 기법의 추가 발전을 바탕으로 한 잠수함 설계의 다음 단계입니다.,mt
TTRTEXT|1829|0,Submarine Designs IV,잠수함 설계 IV,mt
TTRTEXT|1829|1,Next stage in the development of submarine designs based on further development of existing technologies and modern manufacturing techniques.,기존 기술과 현대 제조 기법의 추가 발전을 바탕으로 한 잠수함 설계의 다음 단계입니다.,mt
TTRTEXT|183|0,Submarine Designs V,잠수함 설계 V,mt
TTRTEXT|183|1,Next stage in the development of submarine designs based on further development of existing technologies and modern manufacturing techniques.,기존 기술과 현대 제조 기법의 추가 발전을 바탕으로 한 잠수함 설계의 다음 단계입니다.,mt
TTRTEXT|1830|0,Turbo Prop Prototype,터보프롭 시제품,mt
TTRTEXT|1830|1,Working design proof of a new turbine engine to drive aircraft propellers and enable research into new aircraft designs.,항공기 프로펠러를 구동하는 신형 터빈 엔진의 작동 설계를 입증하여 새로운 항공기 설계 연구를 가능하게 합니다.,mt
TTRTEXT|1831|0,Advanced Turbo Prop Prototype,고급 터보프롭 시제품,mt
TTRTEXT|1831|1,Working design proof of a significantly improved turbine engine to drive aircraft propellers.  This will enable research into new aircraft designs.,"항공기 프로펠러를 구동하는, 크게 개선된 터빈 엔진의 작동 설계를 입증합니다. 새로운 항공기 설계 연구가 가능해집니다.",mt
TTRTEXT|1832|0,Trump Ideology,트럼프 이념,mt
TTRTEXT|1832|1,"I will build a great wall - and nobody builds walls better than me, believe me - and I'll build them very inexpensively. I will build a great, great wall on our southern border, and I will make Mexico pay for that wall. Mark my words.","저는 위대한 장벽을 세우겠습니다. 저보다 장벽을 잘 짓는 사람은 없습니다, 믿어 주십시오. 게다가 아주 저렴하게 짓겠습니다. 남쪽 국경에 위대하고 위대한 장벽을 세우고, 멕시코가 그 장벽의 비용을 내게 만들겠습니다. 제 말을 명심하십시오.",mt
TTRTEXT|1833|0,Fixed Wing Aircraft,고정익 항공기,mt
TTRTEXT|1833|1,Numerous inventors have been experimenting with fixed wing heavier than aircraft designs. Developing these into a proper production capacity will allow for production of aircraft.,수많은 발명가가 공기보다 무거운 고정익 항공기 설계를 실험하고 있습니다. 이를 제대로 된 생산 능력으로 발전시키면 항공기를 생산할 수 있게 됩니다.,mt
TTRTEXT|1834|0,Military Aviation,군용 항공,mt
TTRTEXT|1834|1,"The evolution of fixed wing aircraft has caught the attention of military thinkers. If leveraged for combat, these new machines could have great impact on the battlefield.",고정익 항공기의 진화가 군사 사상가들의 관심을 끌었습니다. 전투에 활용하면 이 새로운 기계는 전장에 큰 영향을 미칠 수 있습니다.,mt
TTRTEXT|1835|0,Early Combat Aircraft II,초기 전투기 II,mt
TTRTEXT|1835|1,"While still highly vulnerable, new designs are offering improved military fixed wing aircraft.","여전히 취약하지만, 새로운 설계가 더 나은 군용 고정익 항공기를 내놓고 있습니다.",mt
TTRTEXT|1836|0,Land Warships,육상 전함,mt
TTRTEXT|1836|1,"Innovations of motor vehicles has led some in the military to theorize about 'land warships', large tracked machines capable of moving through battlefield terrains, attacking the enemy and protecting her crew.","자동차의 혁신은 일부 군인들이 '육상 전함', 즉 전장의 지형을 가로질러 이동하고 적을 공격하며 승무원을 보호할 수 있는 거대한 궤도 차량을 구상하게 했습니다.",mt
TTRTEXT|1837|0,Tank Tech '18,전차 기술 '18,mt
TTRTEXT|1837|1,"As the concept of the tank becomes a reality on the battlefield, the flaws in the early prototypes are quickly become apparent. It is time to improve on the designs.",전차라는 개념이 전장에서 현실이 되면서 초기 시제품의 결함이 빠르게 드러나고 있습니다. 설계를 개선해야 할 때입니다.,mt
TTRTEXT|1838|0,Armored Cars,장갑차,mt
TTRTEXT|1838|1,"The car has had such a great impact on the world, it was only a matter of time before it became a weapon of war.","자동차가 세상에 워낙 큰 영향을 미쳤기에, 전쟁 무기가 되는 것은 시간문제였습니다.",mt
TTRTEXT|1839|0,Industrial Shipbuilding,산업형 조선,mt
TTRTEXT|1839|1,Producing ships with larger hull sizes requires large scale manufacturing operations.,더 큰 선체의 함선을 만들려면 대규모 제조 작업이 필요합니다.,mt
TTRTEXT|184|0,Advanced Submarine Design,고급 잠수함 설계,mt
TTRTEXT|184|1,"Designs and Technologies for creating advanced, stealthier and deadlier submarines.",더 은밀하고 더 치명적인 고급 잠수함을 만드는 설계와 기술입니다.,mt
TTRTEXT|1840|0,Capital Ship Construction,주력함 건조,mt
TTRTEXT|1840|1,"While various nations produce combat ships, the manufacturing processes required for capital ships are much more complex than making a small combat vessel. These vessels are critical for any nation looking to achieve naval superiority in the modern world.","여러 나라가 전투함을 생산하지만, 주력함에 필요한 제조 공정은 소형 전투함을 만드는 것보다 훨씬 복잡합니다. 이런 함선은 현대 세계에서 해양 우위를 확보하려는 모든 나라에 매우 중요합니다.",mt
TTRTEXT|1841|0,Rigid Airships,경식 비행선,mt
TTRTEXT|1841|1,"Early Heavier than aircraft, Zeppelins capable of flying over the battlefields and oceans.",초기의 공기보다 무거운 비행체인 제펠린은 전장과 바다 위를 날 수 있습니다.,mt
TTRTEXT|1842|0,Wireless Transmissions,무선 전송,mt
TTRTEXT|1842|1,"While little more that dots and dashes, the ability to communicate wirelessly is sure to transform the world we live in and create new forms of communication.","점과 선에 불과하지만, 무선으로 통신하는 능력은 우리가 사는 세상을 바꾸고 새로운 통신 형태를 만들어 낼 것이 분명합니다.",mt
TTRTEXT|1843|0,Electrocardiography,심전도 검사,mt
TTRTEXT|1843|1,The ability to monitor the pulse of a patient is part of the early foundations of formal healthcare services.,환자의 맥박을 감시하는 능력은 정식 보건 서비스의 초기 토대에 속합니다.,mt
TTRTEXT|1844|0,Radio Amplifier,라디오 증폭기,mt
TTRTEXT|1844|1,>>>Ares,,
TTRTEXT|1845|0,Vacuum Tubes,진공관,mt
TTRTEXT|1845|1,"By placing electron tubes in a near vacuum, it is possible to get free passage of electric current. This will allow the manufacture of many new types of electronic devices.",전자관을 거의 진공 상태에 두면 전류가 자유롭게 흐를 수 있습니다. 이는 수많은 새로운 종류의 전자 장치를 제조할 수 있게 합니다.,mt
TTRTEXT|1846|0,Blood Transfusions,수혈,mt
TTRTEXT|1846|1,"With the ability to intravenously maintain the blood levels of a patient, a number of medical procedures become possible and others have reduced in risk.",정맥 주사로 환자의 혈액량을 유지할 수 있게 되어 여러 의료 시술이 가능해지고 다른 시술의 위험은 줄어듭니다.,mt
TTRTEXT|1847|0,Assembly Lines,조립 라인,mt
TTRTEXT|1847|1,"Begun by Henry Ford, the concept of an assembly line allows for much faster production where volume is more important than design.",헨리 포드가 시작한 조립 라인 개념은 설계보다 물량이 중요한 경우 훨씬 빠른 생산을 가능하게 합니다.,mt
TTRTEXT|1848|0,Early Plastics,초기 플라스틱,mt
TTRTEXT|1848|1,These early synthetic materials are important for their insulating properties. They are also easily manipulated and will have any uses from military tools to children's toys.,이 초기 합성 소재는 절연 특성 때문에 중요합니다. 가공하기도 쉬워서 군용 도구부터 어린이 장난감까지 다양하게 쓰일 것입니다.,mt
TTRTEXT|1849|0,Modern Clothing,현대 의류,mt
TTRTEXT|1849|1,"While fashion is ever changing, inventions such as the bra and the zipper are totally transforming the clothing of a modern society.","유행은 끊임없이 변하지만, 브래지어와 지퍼 같은 발명은 현대 사회의 의복을 완전히 바꾸고 있습니다.",mt
TTRTEXT|185|0,Advanced Anti-Ship Missiles,고급 대함 미사일,mt
TTRTEXT|185|1,"Designs and technologies for Advanced Anti-Ship Missiles, incorporating increased range and accuracy.",사거리와 정확도를 높인 고급 대함 미사일의 설계와 기술입니다.,mt
TTRTEXT|1850|0,Amplified Wireless Transmissions,증폭 무선 전송,mt
TTRTEXT|1850|1,"With the use of vacuum tubes for amplification circuits, wireless transmission can be achieved over much larger distances making it useful for a number of purposes including military.",증폭 회로에 진공관을 쓰면 무선 전송이 훨씬 먼 거리에서 가능해져 군사용을 포함한 여러 목적에 유용합니다.,mt
TTRTEXT|1851|0,Chemical Weapons Protection,화학 무기 방호,mt
TTRTEXT|1851|1,Tools and techniques which are key to being able to survive the effects of a chemical attack.,화학 공격의 영향에서 살아남는 데 핵심이 되는 도구와 기법입니다.,mt
TTRTEXT|1852|0,Improved Guns,개량 화기,mt
TTRTEXT|1852|1,"With improved manufacturing, it has become possible to increase the quality of various weapon types.",제조 기술이 개선되어 여러 종류의 무기의 품질을 높일 수 있게 되었습니다.,mt
TTRTEXT|1853|0,Early Manufacturing,초기 제조업,mt
TTRTEXT|1853|1,Industry has begun to incorporate the latest tools and practices allowing for greater efficiency and the production of more advanced manufactured parts.,산업계가 최신 도구와 관행을 도입하기 시작하여 효율이 높아지고 더 정교한 제조 부품을 생산할 수 있게 되었습니다.,mt
TTRTEXT|1854|0,Weapon Manufacturing Advances,무기 제조 진보,mt
TTRTEXT|1854|1,Further advances in the manufacturing of weaponry,무기 제조의 추가 진보입니다.,mt
TTRTEXT|1855|0,Tank Tech '25,전차 기술 '25,mt
TTRTEXT|1855|1,Tanks having begun to move beyond the limitations inherent in the early designs and new advances are being made to increase their lethal capabilities.,"전차가 초기 설계에 내재된 한계를 넘어서기 시작했으며, 살상 능력을 높이는 새로운 진보가 이루어지고 있습니다.",mt
TTRTEXT|1856|0,Artillery Guns,야포,mt
TTRTEXT|1856|1,Indirect fire at great range can provide capabilities to armies that greatly improve their strength. Artillery fire will quick become key to modern warfare.,먼 거리의 간접 사격은 군대의 전력을 크게 높이는 능력을 줍니다. 포병 사격은 곧 현대전의 핵심이 될 것입니다.,mt
TTRTEXT|1858|0,Early Military Vessels,초기 군용 함정,mt
TTRTEXT|1858|1,"Incorporating the latest weapon, propulsion and design innovations allows for the construction of more capable combat vessels","최신 무기, 추진, 설계 혁신을 도입하여 더 뛰어난 전투함을 건조할 수 있습니다.",mt
TTRTEXT|1859|0,null,,
TTRTEXT|186|0,Advanced Combat Aircraft,고급 전투기,mt
TTRTEXT|186|1,Advanced Technologies for the design and production of next-generation fighter and interceptor aircraft.,차세대 전투기와 요격기의 설계 및 생산을 위한 첨단 기술입니다.,mt
TTRTEXT|1860|0,Improved SLAT Armor,개량 슬랫 장갑,mt
TTRTEXT|1860|1,"By utilising gaps within an overall armoured skirt around a vehicle, a cheap, lightweight RPG cage can be provided to increase protection against these rounds even on small vehicles.","차량 둘레의 장갑 스커트 전체에 틈을 두어, 저렴하고 가벼운 RPG 방호 철망을 달 수 있습니다. 소형 차량도 이런 탄에 대한 방호력이 높아집니다.",mt
TTRTEXT|1861|0,Cannon Launched Guided Projectiles,포 발사 유도탄,mt
TTRTEXT|1861|1,"By modifying our existing gun systems, we can launch longer range, guided munitions from our vehicles.",기존 포 체계를 개조하여 차량에서 더 먼 사거리의 유도 탄약을 발사할 수 있습니다.,mt
TTRTEXT|1862|0,Advanced AP Rounds,고급 철갑탄,mt
TTRTEXT|1862|1,Gun penetrators specially shaped to deal with new generation of multilayered armoured plates that introduces even thicker layer of sandwiched cheramo-metal plates. ,세라믹-금속판을 끼운 층이 더욱 두꺼워진 차세대 다층 장갑판에 대응하도록 특수 형상으로 만든 포 관통체입니다.,mt
TTRTEXT|1863|0,Magnetic Anomaly Detector (MAD),자기 이상 탐지기(MAD),mt
TTRTEXT|1863|1,A new instrument able to detect minute variations in the Earth's magnetic field. Used by naval forces to detect submarines. Masses of ferromagnetic material create a detectable disturbance in the magnetic field. Submerged subs can be found and attacked more precisely.,지구 자기장의 미세한 변화를 감지하는 신형 장비입니다. 해군이 잠수함을 탐지하는 데 씁니다. 강자성체의 덩어리는 자기장에 감지할 수 있는 교란을 일으킵니다. 잠항 중인 잠수함을 더 정밀하게 찾아 공격할 수 있습니다.,mt
TTRTEXT|1864|0,Pattern Running Torpedoes,패턴 주행 어뢰,mt
TTRTEXT|1864|1,By the mechanical system of spring powered rotors torpedoes can be programmed to run in the patterns rather than in straight line thus improving chance of hit and covering greater area.,스프링 구동 회전자의 기계 장치로 어뢰가 직선이 아닌 패턴으로 주행하도록 프로그래밍할 수 있어 명중 확률이 높아지고 더 넓은 구역을 덮을 수 있습니다.,mt
TTRTEXT|1865|0,Acoustic Torpedo II,음향 어뢰 II,mt
TTRTEXT|1865|1,Next generation of acoustic torpedoes introducing more sensitive sensor and minituriased electronics that enable more resistance to countermeasures and improved hit chance,더 민감한 센서와 소형화된 전자 장비를 도입하여 대응 수단에 대한 저항력과 명중률을 높인 차세대 음향 어뢰입니다.,mt
TTRTEXT|1866|0,Acoustic Torpedo III,음향 어뢰 III,mt
TTRTEXT|1866|1,More processor power and refinement of sensors makes this next generation torpedoes even more deadly.,더 강한 프로세서와 정교해진 센서로 이 차세대 어뢰는 더욱 치명적입니다.,mt
TTRTEXT|1867|0,Sloped Armor,경사 장갑,mt
TTRTEXT|1867|1,"By sloping the armour, overall thickness of the armour plate can be increased without having to increase the weight of vehicles.",장갑을 경사지게 하면 차량 중량을 늘리지 않고도 장갑판의 실질 두께를 늘릴 수 있습니다.,mt
TTRTEXT|1868|0,Specialized AP Rounds,특수 철갑탄,mt
TTRTEXT|1868|1,By using harder materials we will be capable of manufacturing new ammunition with greater penetrating capabilities.,더 단단한 소재를 써서 관통력이 더 뛰어난 신형 탄약을 제조할 수 있습니다.,mt
TTRTEXT|1869|0,Rubber Side Skirts,고무 측면 스커트,mt
TTRTEXT|1869|1,"Cheap rubber side skirts can be fitted to our vehicles provided extra armour with a light weight. Whilst not as good as steel, its an improvement over having nothing.",저렴한 고무 측면 스커트를 차량에 달면 가벼우면서도 추가 장갑을 얻을 수 있습니다. 강철만 못하지만 아무것도 없는 것보다는 낫습니다.,mt
TTRTEXT|1870|0,HEAT Rounds,HEAT탄,mt
TTRTEXT|1870|1,High explosive anti-tank rounds can be developed which will permit greater penetration values for our weapons against enemy armour. An explosive jet of molten copper is directed to the single point of the armour thus achieving penetration by melting through the plate. ,고폭 대전차탄을 개발하여 적 장갑에 대한 우리 무기의 관통력을 높일 수 있습니다. 용융된 구리의 폭발 분류가 장갑의 한 점에 집중되어 판을 녹이며 관통합니다.,mt
TTRTEXT|1871|0,Improved AP Rounds,개량 철갑탄,mt
TTRTEXT|1871|1,"Further advancement of gun penetrators ,now designed to deal with new types of multilayered armour.",새로운 종류의 다층 장갑에 대응하도록 설계된 포 관통체의 추가 진보입니다.,mt
TTRTEXT|1872|0,Laminar Armor,적층 장갑,mt
TTRTEXT|1872|1,Armour made of layers of different materials sandwiched between traditional armour plates provides improved resistance against HEAT and all sorts of AP rounds.,"기존 장갑판 사이에 서로 다른 소재의 층을 끼워 만든 장갑으로, HEAT탄과 모든 종류의 철갑탄에 대한 저항력이 높아집니다.",mt
TTRTEXT|1873|0,Cheramo-Steel Armor,세라모-강철 장갑,mt
TTRTEXT|1873|1,Layers of steel and ceramic form armour plate highly resistant to AP or HEAT rounds. Also known as Chobham armor.,강철과 세라믹 층으로 이루어져 철갑탄이나 HEAT탄에 대한 저항력이 매우 높은 장갑판입니다. 초밤 장갑이라고도 합니다.,mt
TTRTEXT|1874|0,Depleted Uranium Armor,열화우라늄 장갑,mt
TTRTEXT|1874|1,Highly dense plates of depleted uranium alloy placed inside steel sandwich have great stopping power for kinetic projectiles.,강철 사이에 넣은 밀도 높은 열화우라늄 합금판은 운동에너지탄을 막는 힘이 뛰어납니다.,mt
TTRTEXT|1875|0,Composite-Steel Armor,복합-강철 장갑,mt
TTRTEXT|1875|1,By mixing different elements with a steel structure to hold it together it is possible for us to make a harder armor plate.,강철 구조 안에 여러 원소를 섞어 고정하면 더 단단한 장갑판을 만들 수 있습니다.,mt
TTRTEXT|1876|0,Fire-and-Forget Missiles ,발사 후 망각 미사일,mt
TTRTEXT|1876|1,"This advanced technology allows missiles to be launched and autonomously guide themselves towards their targets with minimal or no further input from the operator, enhancing their effectiveness and reducing the risk to the launching platform.","이 첨단 기술은 미사일을 발사하면 조작자의 추가 입력이 거의 또는 전혀 없이도 스스로 표적을 향해 유도되게 하여, 효과를 높이고 발사 플랫폼의 위험을 줄입니다.",mt
TTRTEXT|1877|0,Advanced Steel Armor,고급 강철 장갑,mt
TTRTEXT|1877|1,"By utilising further advancements in steel production, we can make far harder armor which would provide greater protection to our vehicles without inflicting a massive weight penalty.","제강 기술의 추가 진보를 활용하면 훨씬 단단한 장갑을 만들 수 있어, 큰 중량 부담 없이 차량의 방호력을 높일 수 있습니다.",mt
TTRTEXT|1878|0,Adv. Composite Armor,고급 복합 장갑,mt
TTRTEXT|1878|1,"By mixing different advanced composite materials with a steel structure, we can harden our vehicles' armor further.",여러 첨단 복합 소재를 강철 구조와 섞어 차량 장갑을 더욱 단단하게 만들 수 있습니다.,mt
TTRTEXT|1879|0,ERA,,
TTRTEXT|1879|1,By moulding explosives into small bricks and applying it to the exterior of our vehicles we can provide a passive method of countering incoming fire.,폭약을 작은 벽돌 모양으로 성형해 차량 외부에 부착하면 날아오는 화력에 대응하는 수동 방어 수단이 됩니다.,mt
TTRTEXT|188|0,Biological Warfare,생물전,mt
TTRTEXT|188|1,Development of Biological Warfare agents and technologies.,생물전 작용제와 기술을 개발합니다.,mt
TTRTEXT|1880|0,ERA Mk2,,
TTRTEXT|1880|1,By moulding explosives into small bricks and applying it to the exterior of our vehicles we can provide a passive method of countering incoming fire.,폭약을 작은 벽돌 모양으로 성형해 차량 외부에 부착하면 날아오는 화력에 대응하는 수동 방어 수단이 됩니다.,mt
TTRTEXT|1881|0,ERA Mk3,,
TTRTEXT|1881|1,By moulding explosives into small bricks and applying it to the exterior of our vehicles we can provide a passive method of countering incoming fire.,폭약을 작은 벽돌 모양으로 성형해 차량 외부에 부착하면 날아오는 화력에 대응하는 수동 방어 수단이 됩니다.,mt
TTRTEXT|1882|0,Top Attack,상부 공격,mt
TTRTEXT|1882|1,"By developing weapons that attack the top of a vehicle where the armour is usually weakest, we can improve our attack capabilities against enemy vehicles.",보통 장갑이 가장 약한 차량 상부를 공격하는 무기를 개발하여 적 차량에 대한 공격 능력을 높일 수 있습니다.,mt
TTRTEXT|1883|0,Improved SLAT Armor,개량 슬랫 장갑,mt
TTRTEXT|1883|1,"By utilizing gaps within an overall armored skirt around a vehicle, a cheap, lightweight RPG cage can be provided to increase protection against these rounds even on small vehicles.","차량 둘레의 장갑 스커트 전체에 틈을 두어, 저렴하고 가벼운 RPG 방호 철망을 달 수 있습니다. 소형 차량도 이런 탄에 대한 방호력이 높아집니다.",mt
TTRTEXT|1884|0,Improved Gunsight Optics,개량 조준경 광학 장치,mt
TTRTEXT|1884|1,"By improving our optical systems, our troops will be capable of spotting the enemy earlier in an engagement and targeting them with more precision. This could lead to more decisive actions in our favour.",광학 체계를 개선하면 우리 병력이 교전 초기에 적을 더 일찍 발견하고 더 정밀하게 조준할 수 있습니다. 우리에게 유리한 결정적 작전으로 이어질 수 있습니다.,mt
TTRTEXT|1885|0,HEAT Warheads,HEAT 탄두,mt
TTRTEXT|1885|1,"By fitting high explosives to an anti-tank warhead, smaller shells can be manufactured that cause significant damage to armour.",대전차 탄두에 고폭약을 채우면 더 작은 포탄으로도 장갑에 상당한 피해를 줄 수 있습니다.,mt
TTRTEXT|1886|0,Tandem HEAT Warheads,탠덤 HEAT 탄두,mt
TTRTEXT|1886|1,"To defeat spaced armour, we must use tandem warheads on our weapons to permit them to penetrate both layers of armour on an enemy vehicle.",공간 장갑을 뚫으려면 우리 무기에 탠덤 탄두를 써서 적 차량의 두 장갑층을 모두 관통하게 해야 합니다.,mt
TTRTEXT|1887|0,Advanced Tandem HEAT Warhead,고급 탠덤 HEAT 탄두,mt
TTRTEXT|1887|1,"To defeat modern spaced armour, we must use improved tandem warheads to ensure our weaponry can penetrate both layers of armour on an enemy vehicle.",현대의 공간 장갑을 뚫으려면 개량된 탠덤 탄두를 써서 우리 무기가 적 차량의 두 장갑층을 모두 관통하게 해야 합니다.,mt
TTRTEXT|1888|0,Hypersonic HEAT Missile,극초음속 HEAT 미사일,mt
TTRTEXT|1888|1,"To ensure quick destruction of enemy vehicles before their defensive systems have chance to react, we must use hypersonic speed missiles to prevent the enemy from having time to react to our weapons.",적 차량의 방어 체계가 반응하기 전에 빠르게 파괴하려면 극초음속 미사일을 써서 적이 우리 무기에 대응할 시간을 주지 않아야 합니다.,mt
TTRTEXT|1889|0,Nightvision Gunsights,야간 투시 조준경,mt
TTRTEXT|1889|1,"3rd Generation night vision. Capable of operating in a wider variety of light conditions whilst also providing greater contrast then in previous versions. Deadly fusion of refined optics, gun stabilisation and light amplification.","3세대 야간 투시 장비입니다. 더 다양한 조명 조건에서 작동하며 이전 버전보다 대비도 뛰어납니다. 정교한 광학, 포 안정화, 빛 증폭이 결합된 치명적인 장비입니다.",mt
TTRTEXT|189|0,Chemical Warfare Shells,화학전 포탄,mt
TTRTEXT|189|1,Chemical Warfare agents and production technologies.,화학전 작용제와 생산 기술입니다.,mt
TTRTEXT|1890|0,Thermovision,열상 장비,mt
TTRTEXT|1890|1,Thermal imaging systems that intensify heat sources relative to their background permitting improved targeting capabilities.,"배경에 비해 열원을 강조하는 열화상 체계로, 조준 능력이 향상됩니다.",mt
TTRTEXT|1891|0,Helmet Mounted Display,헬멧 장착 디스플레이,mt
TTRTEXT|1891|1,"A helmet-mounted display (HMD) is a device used in aircraft to project information to the pilot's eyes. Its scope is similar to that of head-up displays (HUD) on an aircrew's visor or reticle. An HMD provides the pilot with situation awareness, an enhanced image of the scene, and in military applications cue weapons systems, to the direction their head is pointing.","헬멧 장착 디스플레이(HMD)는 항공기에서 조종사의 눈에 정보를 투영하는 장치입니다. 그 기능은 승무원의 바이저나 조준기에 있는 헤드업 디스플레이(HUD)와 비슷합니다. HMD는 조종사에게 상황 인식과 향상된 장면 영상을 제공하며, 군사용으로는 고개가 향한 방향으로 무기 체계를 지향시킵니다.",mt
TTRTEXT|1892|0,Real Time Battlefield Management,실시간 전장 관리,mt
TTRTEXT|1892|1,Advanced communication systems have permitted battlefield commanders to track engaged forces in real time whilst also being on the move themselves.,첨단 통신 체계 덕분에 전장 지휘관은 직접 이동하면서도 교전 중인 병력을 실시간으로 추적할 수 있습니다.,mt
TTRTEXT|1893|0,Portable HEAT Rockets,휴대용 HEAT 로켓,mt
TTRTEXT|1893|1,"Man-portable, tube launched, recoilless rocket anti-tank weapon.",개인이 휴대하는 발사관식 무반동 대전차 로켓 무기입니다.,mt
TTRTEXT|1894|0,Improved C&C,개량 C&C,mt
TTRTEXT|1894|1,Battlefield procedures and standardised communications are required in training military personnel.,군 인력을 훈련하려면 전장 절차와 표준화된 통신이 필요합니다.,mt
TTRTEXT|1895|0,Loitering Munitions,배회 탄약,mt
TTRTEXT|1895|1,"A loitering munition (also known as a suicide drone, FPV drone or kamikaze drone) is an aerial weapon system category in which the munition loiters (waits passively) around the target area for some time and attacks only once a target is located. ","배회 탄약(자폭 드론, FPV 드론, 카미카제 드론이라고도 함)은 탄약이 표적 지역 주변을 한동안 배회하며(수동적으로 대기하며) 표적을 찾은 뒤에야 공격하는 공중 무기 체계 범주입니다.",mt
TTRTEXT|1896|0,Small Recon Drones,소형 정찰 드론,mt
TTRTEXT|1896|1,Maturation of drone technology allowed smaller UAVs to be utilized at tactical level.,드론 기술이 성숙하여 더 작은 무인기를 전술 수준에서 쓸 수 있게 되었습니다.,mt
TTRTEXT|1897|0,Advanced Supply and Fuel Stowage,고급 보급품 및 연료 적재,mt
TTRTEXT|1897|1,"Stowage baskets, hooks and nets can be applied on the surface of the vehicle to increase supply and fuel carried.","차량 표면에 적재 바구니, 고리, 그물을 달아 운반하는 보급품과 연료를 늘릴 수 있습니다.",mt
TTRTEXT|1898|0,Radio Reconnaissance and Jamming,무선 정찰 및 재밍,mt
TTRTEXT|1898|1,"Specialised equipment used to pinpoint, intercept, spoof or jam enemy radio traffic.","적의 무선 통신을 탐지·위치 파악하고, 가로채고, 기만하거나 방해하는 데 쓰는 특수 장비입니다.",mt
TTRTEXT|1899|0,Night Fighter,야간 전투기,mt
TTRTEXT|1899|1,"Fighter aircraft adopted for use at night, usually against bomber streams.","야간 운용을 위해 채택된 전투기로, 주로 폭격기 편대에 맞섭니다.",mt
TTRTEXT|19|0,Advanced Communications,고급 통신,mt
TTRTEXT|19|1,"Fiber optics, wireless, and communication infrastructure.  Improves Research potential and other high-technology capabilities.","광섬유, 무선, 통신 인프라입니다. 연구 잠재력과 기타 첨단 기술 능력이 향상됩니다.",mt
TTRTEXT|190|0,Basic Microwave Weaponry,기초 마이크로파 무기,mt
TTRTEXT|190|1,"Basic Microwave weaponry technologies and designs, towards creating long-range beam-based weapons.",장거리 빔 기반 무기를 만들기 위한 기초 마이크로파 무기 기술과 설계입니다.,mt
TTRTEXT|1900|0,Early Airborne Radar,초기 항공기 탑재 레이더,mt
TTRTEXT|1900|1,Radar system used to equip aircraft in air-to-air role.,공대공 임무를 위해 항공기에 장착하는 레이더 체계입니다.,mt
TTRTEXT|1901|0,Airborne Radar,항공기 탑재 레이더,mt
TTRTEXT|1901|1,Further advancements in radar technology made radar systems more reliable offering improved range detection capabilities. These radars can also offer fire control capabilities to new generation of radar guided A-A missiles.,레이더 기술의 추가 진보로 레이더 체계가 더 믿을 만해지고 탐지 거리도 늘었습니다. 이 레이더는 차세대 레이더 유도 공대공 미사일에 사격 통제 능력도 제공할 수 있습니다.,mt
TTRTEXT|1902|0,Advanced Airborne Radar,고급 항공기 탑재 레이더,mt
TTRTEXT|1902|1,New generation of even more powerful airborne radars.,훨씬 더 강력한 차세대 항공기 탑재 레이더입니다.,mt
TTRTEXT|1903|0,PESA Radar,PESA 레이더,mt
TTRTEXT|1903|1,"A passive electronically scanned array (PESA), also known as passive phased array, is an antenna in which the beam of radio waves can be electronically steered to point in different directions (that is, a phased array antenna), in which all the antenna elements are connected to a single transmitter (such as a magnetron, a klystron or a travelling wave tube) and/or receiver.","수동 전자 주사 배열(PESA), 곧 수동 위상 배열은 전파 빔을 전자적으로 조향하여 여러 방향을 가리킬 수 있는 안테나(즉 위상 배열 안테나)로, 모든 안테나 소자가 하나의 송신기(마그네트론, 클라이스트론, 진행파관 등) 또는 수신기에 연결됩니다.",mt
TTRTEXT|1904|0,AESA Radar,AESA 레이더,mt
TTRTEXT|1904|1,"Wavelengths for radar systems can be electronically generated permitting far smaller units to project far better radar signals. An active electronically scanned array (AESA) is a type of phased array antenna, which is a computer-controlled array antenna in which the beam of radio waves can be electronically steered to point in different directions without moving the antenna. In the AESA, each antenna element is connected to a small solid-state transmit/receive module (TRM) under the control of a computer, which performs the functions of a transmitter and/or receiver for the antenna.","레이더 체계의 파장을 전자적으로 생성할 수 있어 훨씬 작은 장비로도 훨씬 좋은 레이더 신호를 쏠 수 있습니다. 능동 전자 주사 배열(AESA)은 위상 배열 안테나의 일종으로, 안테나를 움직이지 않고도 전파 빔을 전자적으로 조향하여 여러 방향을 가리킬 수 있는 컴퓨터 제어 배열 안테나입니다. AESA에서는 각 안테나 소자가 컴퓨터가 제어하는 소형 반도체 송수신 모듈(TRM)에 연결되어 안테나의 송신기 또는 수신기 기능을 수행합니다.",mt
TTRTEXT|1905|0,Cannon Launched Guided Projectiles,포 발사 유도탄,mt
TTRTEXT|1905|1,"By modifying our existing gun systems, we can launch longer range, guided munitions from our vehicles.",기존 포 체계를 개조하여 차량에서 더 먼 사거리의 유도 탄약을 발사할 수 있습니다.,mt
TTRTEXT|1906|0,Advanced AP Rounds,고급 철갑탄,mt
TTRTEXT|1906|1,Gun penetrators specially shaped to deal with a new generation of multilayered armored plates that introduces an even thicker layer of sandwiched ceramo-metal plates.,세라믹-금속판을 끼운 층이 더욱 두꺼워진 차세대 다층 장갑판에 대응하도록 특수 형상으로 만든 포 관통체입니다.,mt
TTRTEXT|1907|0,Depleted Uranium AP Rounds,열화우라늄 철갑탄,mt
TTRTEXT|1907|1,Penetrators made of solid depleted uranium rod provide high performance against all types of armor.,속이 찬 열화우라늄 막대로 만든 관통체는 모든 종류의 장갑에 높은 성능을 발휘합니다.,mt
TTRTEXT|1908|0,APS,,
TTRTEXT|1908|1,An active protection system is a system designed to actively prevent certain anti-tank weapons from destroying a vehicle.,능동 방호 체계는 특정 대전차 무기가 차량을 파괴하지 못하도록 능동적으로 막기 위해 설계된 체계입니다.,mt
TTRTEXT|1909|0,Active Amor Protection Mk2,능동 장갑 방호 Mk2,mt
TTRTEXT|1909|1,2nd generation of APS provides enhanced protection against greater variety of missiles including high speed and supersonic ATGMs.,2세대 APS는 고속 및 초음속 ATGM을 포함한 더 다양한 미사일에 대한 방호를 강화합니다.,mt
TTRTEXT|191|0,Microwave Defense Weapons,마이크로파 방어 무기,mt
TTRTEXT|191|1,"The use of Microwave weaponry technologies for defensive purposes, to intercept incoming missiles and projectiles.",날아오는 미사일과 발사체를 요격하기 위해 마이크로파 무기 기술을 방어 목적으로 사용합니다.,mt
TTRTEXT|1910|0,IR Search and Track,적외선 탐색 추적,mt
TTRTEXT|1910|1,"An infrared search and track (IRST) system (sometimes known as infrared sighting and tracking) is a method for detecting and tracking objects which give off infrared radiation, such as the infrared signatures of jet aircraft and helicopters. Such systems are passive (thermographic camera), meaning they do not give out any radiation of their own, unlike radar. This gives them the advantage that they are difficult to detect.",적외선 탐색 추적(IRST) 체계(적외선 조준 추적이라고도 함)는 제트기와 헬리콥터의 적외선 신호처럼 적외선 복사를 내는 물체를 탐지하고 추적하는 방식입니다. 이런 체계는 수동식(열화상 카메라)이라 레이더와 달리 자체 복사를 내보내지 않습니다. 덕분에 탐지되기 어렵다는 장점이 있습니다.,mt
TTRTEXT|1911|0,Early guided AA rockets,초기 유도 대공 로켓,mt
TTRTEXT|1911|1,Infrared homing is a passive weapon guidance system which uses the infrared (IR) light emission from a target to track and follow it. Missiles which use infrared seeking are often referred to as heat-seekers since infrared is radiated strongly by hot bodies.,"적외선 호밍은 표적이 내는 적외선(IR) 빛을 이용해 표적을 추적하고 따라가는 수동 무기 유도 체계입니다. 적외선은 뜨거운 물체가 강하게 방출하므로, 적외선 탐색 방식의 미사일을 흔히 열추적 미사일이라 부릅니다.",mt
TTRTEXT|1912|0,Long Range Radar Guided AA Rockets,장거리 레이더 유도 대공 로켓,mt
TTRTEXT|1912|1,A beyond-visual-range missile (BVR) is an air-to-air missile (BVRAAM) that is capable of engaging at ranges of 20 nmi (37 km) or beyond. This range has been achieved using dual pulse rocket motors or booster rocket motor and ramjet sustainer motor. A beyond-visual-range missile (BVR) is an air-to-air missile (BVRAAM) that is capable of engaging at ranges of 20 nmi (37 km) or beyond. This range has been achieved using dual pulse rocket motors or booster rocket motor and ramjet sustainer motor.,"시계 외 사거리 미사일(BVR)은 20해리(37km) 이상의 거리에서 교전할 수 있는 공대공 미사일(BVRAAM)입니다. 이 사거리는 이중 펄스 로켓 모터, 또는 부스터 로켓 모터와 램제트 지속 모터를 사용해 달성했습니다.",mt
TTRTEXT|1913|0,Supermaneourvable AA Rockets,초기동 대공 로켓,mt
TTRTEXT|1913|1,Advanced composite materials allow AA missiles to fly at supersonic speeds and perform high G manoeuvres to defeat targets thus providing better kill capabilities and significantly increased no escape zone. It also offers multi-shot capabilities and can operate in heavy ECM environment.,"첨단 복합 소재 덕분에 대공 미사일이 초음속으로 비행하며 고중력 기동으로 표적을 격파할 수 있어, 살상 능력과 회피 불가 구역이 크게 늘어납니다. 다중 발사 능력도 갖추고 강한 전자전 환경에서도 작전할 수 있습니다.",mt
TTRTEXT|1914|0,Early countermeasures,초기 대응 수단,mt
TTRTEXT|1914|1,"Heated blocks of material are used to misguide IR seekers of incoming missiles. Also, aluminium chaff is jettisioned to disrupt radar guidance.",가열한 물질 덩어리로 날아오는 미사일의 적외선 탐색기를 속입니다. 또한 알루미늄 채프를 살포해 레이더 유도를 교란합니다.,mt
TTRTEXT|1915|0,Advanced Countermeasures,고급 대응 수단,mt
TTRTEXT|1915|1,Advancements in technology and materials allows further sophistication of aircraft decoys.,기술과 소재의 발전으로 항공기 기만체가 한층 정교해집니다.,mt
TTRTEXT|1916|0,Electronic Countermeasures,전자 대응 수단,mt
TTRTEXT|1916|1,"An electronic countermeasure (ECM) is an electrical or electronic device designed to trick or deceive radar, sonar, or other detection systems, like infrared (IR) or lasers. It may be used both offensively and defensively to deny targeting information to an enemy.","전자 대응 수단(ECM)은 레이더, 소나, 적외선(IR)이나 레이저 같은 탐지 체계를 속이거나 기만하도록 만든 전기·전자 장치입니다. 공격과 방어 모두에 쓰여 적에게 표적 정보를 차단합니다.",mt
TTRTEXT|1917|0,VR Cockpit,VR 조종석,mt
TTRTEXT|1917|1,"Hybrid interface using physical hardware, audio-visual data interface and motion-controlled interactions to enhance control over multiple sophisticated aircraft and weapons systems.","물리적 장비, 시청각 데이터 인터페이스, 동작 제어 상호작용을 결합한 복합 인터페이스로, 여러 첨단 항공기와 무기 체계에 대한 통제력을 높입니다.",mt
TTRTEXT|1918|0,Combat Datalink,전투 데이터링크,mt
TTRTEXT|1918|1,Basic datalinks permit units to share information amongst themselves within the local area.,기본 데이터링크로 인근 지역 내 유닛끼리 정보를 공유할 수 있습니다.,mt
TTRTEXT|1919|0,Maraging Steel Armor,마레이징강 장갑,mt
TTRTEXT|1919|1,"Steels that are known for possessing superior strength and toughness without losing ductility. Aging refers to the extended heat-treatment process. These steels are a special class of very-low-carbon ultra-high-strength steels that derive their strength not from carbon, but from precipitation of intermetallic compounds.",연성을 잃지 않으면서 뛰어난 강도와 인성을 지닌 강철입니다. 시효란 장시간의 열처리 과정을 뜻합니다. 이 강철은 탄소가 아니라 금속간 화합물의 석출로 강도를 얻는 초저탄소 초고강도강의 특수 계열입니다.,mt
TTRTEXT|192|0,Basic Laser Weaponry,기초 레이저 무기,mt
TTRTEXT|192|1,Offensive Laser Weapons designs and technologies.,공격용 레이저 무기의 설계와 기술입니다.,mt
TTRTEXT|1920|0,Face Hardened Steel Armor,표면 경화강 장갑,mt
TTRTEXT|1920|1,"Using face hardening processes, armour plate can be made that has a far harder surface finish then previously possible.",표면 경화 공정을 쓰면 이전에는 불가능했던 훨씬 단단한 표면을 가진 장갑판을 만들 수 있습니다.,mt
TTRTEXT|1921|0,Welded Armor,용접 장갑,mt
TTRTEXT|1921|1,"By using welding to join our armour plates, we can eliminate the need to rivet the armour of our vehicles and thus reduce the risk of injury when a vehicle is hit.","용접으로 장갑판을 접합하면 차량 장갑에 리벳을 쓸 필요가 없어, 피격 시 부상 위험을 줄일 수 있습니다.",mt
TTRTEXT|1922|0,Targeting Pods,표적 지시 포드,mt
TTRTEXT|1922|1,High quality optical targeting pods that can be fitted to small attack aircraft enabling greater stand-off and precision targeting capabilities.,"소형 공격기에 장착할 수 있는 고품질 광학 표적 지시 포드로, 더 먼 거리에서 정밀하게 표적을 공격할 수 있습니다.",mt
TTRTEXT|1923|0,Guided A-G munitions,공대지 유도 무기,mt
TTRTEXT|1923|1,Munition using different means of guidance and trajectory correction to hit specific target. Use of guided munitions increase efficiency and lethality.,다양한 유도 방식과 궤적 보정으로 특정 표적을 타격하는 무기입니다. 유도 무기를 쓰면 효율과 살상력이 높아집니다.,mt
TTRTEXT|1924|0,Torpedo Bombers,뇌격기,mt
TTRTEXT|1924|1,"With improving payload capacity and designing special reinforced attach points our aircrafts can now be used to launch torpedoes, giving them additional punch against naval targets.","탑재량이 늘고 보강된 특수 장착점을 설계해, 우리 항공기로 어뢰를 발사할 수 있게 되어 해상 표적에 대한 타격력이 더해집니다.",mt
TTRTEXT|1925|0,All Weather Fighters,전천후 전투기,mt
TTRTEXT|1925|1,"Aircraft designed and equipped to be used in all weather conditions including rain, snow or night. These aircrafts can be used in interceptor and ground attack roles.","비, 눈, 야간을 포함한 모든 기상 조건에서 쓸 수 있도록 설계하고 장비를 갖춘 항공기입니다. 요격과 지상 공격 임무에 모두 쓸 수 있습니다.",mt
TTRTEXT|1926|0,Early Guided Weapons,초기 유도 무기,mt
TTRTEXT|1926|1,Control surfaces are attached to gravity bombs in order to be able to control their glide to target. Input and correction are done in flight by means of radio communication. Weapon operator sitting in mothership bomber is required to guide bomb through optical sights all the way to the target.,자유낙하 폭탄에 조종면을 달아 표적까지 활공을 제어합니다. 입력과 보정은 비행 중 무선 통신으로 이루어집니다. 모기 폭격기에 탄 무장 조작원이 광학 조준기로 폭탄을 표적까지 끝까지 유도해야 합니다.,mt
TTRTEXT|1927|0,Mast Mounted Sensors (MMS),마스트 장착 센서(MMS),mt
TTRTEXT|1927|1,"By locating our sensors higher up on the vehicle, we can target enemy forces without having to expose the body of the aircraft to enemy fire.",센서를 기체 높은 곳에 설치하면 항공기 본체를 적의 사격에 노출하지 않고도 적 병력을 조준할 수 있습니다.,mt
TTRTEXT|1928|0,Radar Fire Control,레이더 사격 통제,mt
TTRTEXT|1928|1,"radar that is designed specifically to provide information (mainly target azimuth, elevation, range and range rate) to a fire-control system in order to direct weapons such that they hit a target.","사격 통제 체계에 정보(주로 표적의 방위각, 고각, 거리, 거리 변화율)를 제공해 무기가 표적을 맞히도록 유도하기 위해 특별히 설계한 레이더입니다.",mt
TTRTEXT|1929|0,Supermanoeurvable SAM missiles,초기동 지대공 미사일,mt
TTRTEXT|1929|1,Thrust-vectoring technologies and high speed processing permit the construction of super manouverable missiles capable of conducting high G turns to improve target tracking capabilities.,"추력 편향 기술과 고속 처리 능력으로 고중력 선회가 가능한 초기동 미사일을 제작할 수 있으며, 표적 추적 능력이 향상됩니다.",mt
TTRTEXT|193|0,Laser Artillery Defense,레이저 포병 방어,mt
TTRTEXT|193|1,"Technologies to allow Laser interception of incoming artillery munitions, rockets and missiles.","날아오는 포탄, 로켓, 미사일을 레이저로 요격할 수 있게 하는 기술입니다.",mt
TTRTEXT|1930|0,Multiple Warheads,다탄두,mt
TTRTEXT|1930|1,"Two or more warheads are attached to the body of the rocket. Warheads separate in vicinity of the target and continue to target it separately using various homing methods (radar, laser, IR) thus maximizing hit probability. ","로켓 본체에 둘 이상의 탄두를 장착합니다. 탄두는 표적 부근에서 분리되어 다양한 유도 방식(레이더, 레이저, 적외선)으로 각각 표적을 추적하므로 명중 확률이 극대화됩니다.",mt
TTRTEXT|1931|0,Multispectral Guidance,다중 스펙트럼 유도,mt
TTRTEXT|1931|1,"This system uses two or more guidance methods greatly reducing vulnerability to ECM and jamming. In most cases radar guidance is backed with optical, laser or IR. Command input and in flight correction can also be given through combination of radio, optical cable, wire and other means. ","둘 이상의 유도 방식을 사용해 전자전과 재밍에 대한 취약성을 크게 줄입니다. 대부분 레이더 유도에 광학, 레이저, 적외선 유도를 병행합니다. 명령 입력과 비행 중 보정도 무선, 광케이블, 유선 등을 조합해 줄 수 있습니다.",mt
TTRTEXT|1932|0,Electronic Warfare,전자전,mt
TTRTEXT|1932|1,Use of electromagnetic spectrum or directed energy to attack the enemy or disrupt enemy attacks and weapons. This equipment can also be used to deny enemy communications and battlefield information.,전자기 스펙트럼이나 지향성 에너지를 이용해 적을 공격하거나 적의 공격과 무기를 무력화합니다. 이 장비로 적의 통신과 전장 정보도 차단할 수 있습니다.,mt
TTRTEXT|1933|0,VR Missile Control,VR 미사일 통제,mt
TTRTEXT|1933|1,Missiles are controlled through human-machine interface through which weapon operator controls missile through virtual reality hardware thus greatly increasing efficiency of missiles and resistance to countermeasures.,"무장 조작원이 가상현실 장비로 미사일을 조종하는 인간-기계 인터페이스를 통해 미사일을 통제하므로, 미사일의 효율과 대응 수단에 대한 저항력이 크게 높아집니다.",mt
TTRTEXT|1934|0,CIWS,CIWS,mt
TTRTEXT|1934|1,This weapon is specialised for point defense. Rapid fire weapons controlled by sets of highly sensitive radars are used to destroy incoming missiles and aircrafts.,점 방어에 특화된 무기입니다. 고감도 레이더로 통제되는 고속 연사 무기로 날아오는 미사일과 항공기를 파괴합니다.,mt
TTRTEXT|1935|0,Rocket Assisted Ammo,로켓 보조 탄약,mt
TTRTEXT|1935|1,By attaching rocket motor to the artillery shell we can improve the range. Rocked is activated after leaving the barrel thus allowing slower speed reduction in ascending ballistic trajectory.,포탄에 로켓 모터를 달면 사거리를 늘릴 수 있습니다. 로켓은 포신을 떠난 뒤 작동하므로 상승 탄도에서 속도 감소가 더뎌집니다.,mt
TTRTEXT|1936|0,Extended Range Ammunition,사거리 연장 탄약,mt
TTRTEXT|1936|1,"By upgrading burst charges or rocket fuel, some ammunition can be given extended range. Small wings can also be used for additional lift during the flight trajectory.",작약이나 로켓 연료를 개량하면 일부 탄약의 사거리를 늘릴 수 있습니다. 비행 궤적 중 추가 양력을 얻기 위해 작은 날개를 쓰기도 합니다.,mt
TTRTEXT|1937|0,Guided Rounds,유도 포탄,mt
TTRTEXT|1937|1,By fitting control surfaces and guidance to artillery shell we can hit precisely even moving targets over long distances.,포탄에 조종면과 유도 장치를 달면 먼 거리의 움직이는 표적도 정밀하게 맞힐 수 있습니다.,mt
TTRTEXT|1938|0,MRSI Firing,MRSI 사격,mt
TTRTEXT|1938|1,Computer calculations and using of various charges and trajectories are used for multiple shells to land at the same time. This maximises effect on target.,"컴퓨터 계산과 여러 장약, 여러 궤적을 이용해 다수의 포탄이 동시에 떨어지게 합니다. 표적에 대한 효과가 극대화됩니다.",mt
TTRTEXT|1939|0,Counterbattery Radar,대포병 레이더,mt
TTRTEXT|1939|1,"radar system that detects artillery projectiles fired by one or more guns, howitzers, mortars or rocket launchers and, from their trajectories, locates the position on the ground of the weapon that fired it.","하나 이상의 포, 곡사포, 박격포, 로켓 발사기가 쏜 포탄을 탐지하고, 그 궤적으로 발사한 무기의 지상 위치를 찾아내는 레이더 체계입니다.",mt
TTRTEXT|194|0,Improved Radars III,개량 레이더 III,mt
TTRTEXT|194|1,"New Innovations in Radar technologies, to better detect stealth and low-profile targets.",스텔스와 저피탐 표적을 더 잘 탐지하기 위한 새로운 레이더 기술 혁신입니다.,mt
TTRTEXT|1940|0,Drone Fire Acquisition,드론 표적 획득,mt
TTRTEXT|1940|1,"By deploying small drones with our units, they can be used to help acquire targets even if they are located behind cover.",유닛에 소형 드론을 배치하면 엄폐물 뒤에 있는 표적도 포착하는 데 도움이 됩니다.,mt
TTRTEXT|1941|0,Drone Fire Correction,드론 사격 보정,mt
TTRTEXT|1941|1,"By deploying small drones with cameras among our stand-off units, they can be used to correct the fire of those units, providing greater accuracy in our fire missions.",원거리 화력 유닛 사이에 카메라를 단 소형 드론을 배치하면 해당 유닛의 사격을 보정해 화력 임무의 정확도가 높아집니다.,mt
TTRTEXT|1942|0,Cluster Ammunition,집속탄,mt
TTRTEXT|1942|1,"This ammunition is designed to split into clusters after deployment giving a much greater area of effect. By developing this ammunition type, we are able to better cover areas with single shells",이 탄약은 투사 후 여러 개의 자탄으로 갈라져 훨씬 넓은 범위에 효과를 냅니다. 이 탄종을 개발하면 포탄 한 발로 더 넓은 지역을 뒤덮을 수 있습니다.,mt
TTRTEXT|1943|0,Thermobaric Warheads,열압력 탄두,mt
TTRTEXT|1943|1,This type of weapon uses oxygen to provide greater energy for the weight of the ordinance as the weapon can conisist of purely fuel due to it use of the air around it for the oxygen part of the explosive. These can be simply described as fuel-air weapons.,이 무기는 산소를 이용해 탄약 무게 대비 더 큰 에너지를 냅니다. 폭발에 필요한 산소를 주변 공기에서 얻으므로 연료만으로 구성할 수 있기 때문입니다. 간단히 연료-공기 무기라고 할 수 있습니다.,mt
TTRTEXT|1944|0,Multispectral Camouflage,다중 스펙트럼 위장,mt
TTRTEXT|1944|1,"This type of camouflage is designed to not only hide units from the visible spectrum, but also from other spectrums such as IR. This will make our units harder to spot.",가시광선뿐 아니라 적외선 같은 다른 스펙트럼에서도 유닛을 숨기도록 설계한 위장입니다. 우리 유닛을 발견하기 더 어려워집니다.,mt
TTRTEXT|1945|0,Electrooptical Camouflage,전자광학 위장,mt
TTRTEXT|1945|1,"By providing vehicles with an upgrade kit, we can get them to blend better into their current surroundings. This will make them much harder to spot and then engage which could prove a vital advantage to our troops.",차량에 개량 키트를 장착하면 주변 환경에 더 잘 녹아들 수 있습니다. 발견과 교전이 훨씬 어려워져 우리 병력에 결정적인 이점이 될 수 있습니다.,mt
TTRTEXT|1946|0,Airborne APS Mk1,항공기 APS Mk1,mt
TTRTEXT|1946|1,A basic airborne countermeasure system designed to deflect simple missiles with items such as lasers or shots. This first version mostly uses hard kill solutions. ,레이저나 사격 같은 수단으로 단순한 미사일을 빗나가게 하도록 설계한 기본 항공기 방어 체계입니다. 이 첫 버전은 대부분 하드 킬 방식을 씁니다.,mt
TTRTEXT|1947|0,Airborne APS Mk2,항공기 APS Mk2,mt
TTRTEXT|1947|1,A more advanced airborne countermeasures suite designed to deflect more advanced missiles. These systems adds electronic jamming capablities and AI operated missile threat targeting systems. Offers a combination of both soft kill and hard kill solutions.,더 진보된 미사일을 빗나가게 하도록 설계한 한층 발전된 항공기 대응 체계입니다. 전자 재밍 능력과 AI가 운용하는 미사일 위협 표적 지정 체계가 추가되었습니다. 소프트 킬과 하드 킬 방식을 함께 제공합니다.,mt
TTRTEXT|1948|0,Airborne APS Mk3,항공기 APS Mk3,mt
TTRTEXT|1948|1,A highly advanced airborne countermeasures suite refining all of the previously used solutions.,이전에 쓰던 모든 방식을 다듬은 최첨단 항공기 대응 체계입니다.,mt
TTRTEXT|1949|0,Rocket-Assisted Take-Off,로켓 보조 이륙,mt
TTRTEXT|1949|1,By attaching rocket canisters to the sides of our aircraft they should be able to take-off with a far greater payload than previously possible.,항공기 측면에 로켓 용기를 달면 이전보다 훨씬 많은 탑재량을 싣고 이륙할 수 있습니다.,mt
TTRTEXT|195|0,Improved Fire Control ,개량 사격 통제,mt
TTRTEXT|195|1,"Better target acquisition and tracking, increasing the lethality of offensive units.",표적 획득과 추적이 향상되어 공격 유닛의 살상력이 높아집니다.,mt
TTRTEXT|1950|0,Electronic Surveillance,전자 감시,mt
TTRTEXT|1950|1,"By monitoring the electronic communications and signals of our enemies, we can gain greater inteligence on their troop movements.",적의 전자 통신과 신호를 감청하면 적 병력 이동에 대한 정보를 더 많이 얻을 수 있습니다.,mt
TTRTEXT|1951|0,Infrared Imaging,적외선 영상,mt
TTRTEXT|1951|1,"By using thermal cameras, our units can passively spot enemy units from a distance, including through smoke. This will help our units to engage the enemy in tough conditions.",열화상 카메라로 연막 너머까지 포함해 먼 거리의 적 유닛을 수동적으로 포착할 수 있습니다. 어려운 조건에서도 우리 유닛이 적과 교전하는 데 도움이 됩니다.,mt
TTRTEXT|1952|0,Multispectral Imaging,다중 스펙트럼 영상,mt
TTRTEXT|1952|1,"By using a variety of sensors that are fused together with advanced computing systems, our units are able to better spot enemy units during a wide variety of operating conditions.","첨단 컴퓨팅 체계로 융합한 다양한 센서를 사용해, 폭넓은 작전 조건에서 우리 유닛이 적 유닛을 더 잘 포착할 수 있습니다.",mt
TTRTEXT|1953|0,Air Droppable Sonobouys,투하식 소노부이,mt
TTRTEXT|1953|1,"To increase the search capability of our submarine hunting aircraft, we can drop miniature sonarbouys into the water. This will help increase our chances of locating an enemy submarine before we engage it.",잠수함 사냥 항공기의 수색 능력을 높이기 위해 소형 소노부이를 물속에 투하할 수 있습니다. 적 잠수함과 교전하기 전에 위치를 찾을 가능성이 높아집니다.,mt
TTRTEXT|1954|0,Hypersonic Missile,극초음속 미사일,mt
TTRTEXT|1954|1,By going at hypersonic speeds it is hoped that a missile can simply be too fast to intercept. This should increase our chances of getting through the enemies air defence.,극초음속으로 날아가면 미사일이 너무 빨라 요격할 수 없게 되기를 기대합니다. 적의 방공망을 뚫을 가능성이 높아질 것입니다.,mt
TTRTEXT|1955|0,Hypersonic interceptor,극초음속 요격기,mt
TTRTEXT|1955|1,"With the increasing availablity of hypersonic missiles and our current equipments limited ability to engage them, we must develop interceptors capable of engaging them reliably.","극초음속 미사일이 늘어나는데 현재 장비로는 이를 상대할 능력이 제한적이므로, 확실하게 교전할 수 있는 요격기를 개발해야 합니다.",mt
TTRTEXT|1956|0,Drone Swarm Leader,드론 군집 지휘기,mt
TTRTEXT|1956|1,This unit is capable of leading swarm of different sized autonomus drones greatly enhancing survivability and offensive capabilities.,"크기가 다양한 자율 드론 군집을 이끌 수 있는 유닛으로, 생존력과 공격력이 크게 향상됩니다.",mt
TTRTEXT|1957|0,Defensive Nanobots,방어용 나노봇,mt
TTRTEXT|1957|1,Nanobots fielded to protect individual units from incoming kinetic and energy threats. Controlled by squad embedded AI helper and supported by regenerative nanobots.,날아오는 운동 에너지 및 에너지 위협으로부터 개별 유닛을 보호하기 위해 투입하는 나노봇입니다. 분대에 내장된 AI 보조가 통제하며 재생 나노봇의 지원을 받습니다.,mt
TTRTEXT|1958|0,Regenerative Nanobots,재생 나노봇,mt
TTRTEXT|1958|1,Battlefield application of nanobot technology allows drastic reduction of fatal casualties through highly effective first aid and fast on the spot repair of even most heavily damaged equipment.,나노봇 기술을 전장에 적용하면 매우 효과적인 응급 처치와 심하게 파손된 장비의 신속한 현장 수리로 치명적인 사상자를 크게 줄일 수 있습니다.,mt
TTRTEXT|1959|0,Combat Nanobots,전투 나노봇,mt
TTRTEXT|1959|1,"Nanobots specifically created to neutralize enemy personnel and equipment. Controlled on tactical squad level through embedded AI helper, they replicate extremely fast in preparation for specific mission. specific nanobots are replicated depending on mission type and expected countermeasures. Upon completing mission nanobots are either retrieved or self destruct.","적 인원과 장비를 무력화하기 위해 특별히 만든 나노봇입니다. 전술 분대 단위로 내장 AI 보조가 통제하며, 특정 임무를 준비하면서 매우 빠르게 증식합니다. 임무 유형과 예상되는 대응 수단에 따라 필요한 나노봇이 증식됩니다. 임무를 마치면 회수하거나 자폭합니다.",mt
TTRTEXT|196|0,Electronic Warfare III,전자전 III,mt
TTRTEXT|196|1,"Next Generation technologies in Electronic Counter Measures, for jamming and reducing the effectiveness of opponent's detection capabilities..",적의 탐지 능력을 재밍하고 효과를 떨어뜨리는 차세대 전자 대응 수단 기술입니다.,mt
TTRTEXT|1960|0,Electric Armor,전기 장갑,mt
TTRTEXT|1960|1,Type of reactive armor designed to protect vehicles and ships from shaped charges and kinetic weapons by using strong electric current to deviate or detonate them.,강한 전류를 이용해 성형 작약탄과 운동 에너지탄을 비껴가게 하거나 기폭시켜 차량과 함선을 보호하도록 설계한 반응 장갑의 일종입니다.,mt
TTRTEXT|1961|0,Programmable Ammo,프로그래밍 탄약,mt
TTRTEXT|1961|1,"Any larger gun can fire shells that can be programmed for shell to explode with pinpoint accuracy, either before, above or inside a target.","대구경 포라면 어떤 것이든, 표적의 앞이나 위, 또는 내부에서 정확하게 폭발하도록 프로그래밍한 포탄을 쏠 수 있습니다.",mt
TTRTEXT|1962|0,Modular Armor,모듈형 장갑,mt
TTRTEXT|1962|1,This vehicle is designed in a way that additional composite armour blocks (depending on mission) can be easily installed on the hull in order to increase protection against kinetic and HEAT missiles. ,이 차량은 임무에 따라 복합 장갑 블록을 차체에 쉽게 추가 설치해 운동 에너지탄과 HEAT 미사일에 대한 방호력을 높일 수 있도록 설계되었습니다.,mt
TTRTEXT|1963|0,LSTM Deep Learning,LSTM 딥러닝,mt
TTRTEXT|1963|1,A data processing and prediction system that is applicable to all facets of computing and represents one of our first steps towards artificial intelligence. ,"컴퓨팅의 모든 분야에 적용할 수 있는 데이터 처리 및 예측 체계로, 인공지능을 향한 첫걸음 중 하나입니다.",mt
TTRTEXT|1964|0,Residual Neural Networks,잔차 신경망,mt
TTRTEXT|1964|1,"Thanks to recent advancements in neural network architecture, we can begin applying them to more and more aspects of our lives. ",최근 신경망 구조의 발전 덕분에 우리 삶의 점점 더 많은 분야에 신경망을 적용할 수 있게 되었습니다.,mt
TTRTEXT|1965|0,AI Proliferation,AI 확산,mt
TTRTEXT|1965|1,Recent advances in AI have led to them becoming a part of nearly every aspect of our lives. ,최근 AI의 발전으로 AI가 우리 삶의 거의 모든 분야의 일부가 되었습니다.,mt
TTRTEXT|1966|0,Another Test Entry,,
TTRTEXT|1967|0,A,,
TTRTEXT|1968|0,A,,
TTRTEXT|197|0,Naval Electric Drive System,해군 전기 추진 체계,mt
TTRTEXT|197|1,Electric drive technologies for surface ships to increase Stealth and provide other design benefits.,수상함의 스텔스를 높이고 다른 설계상 이점을 주는 전기 추진 기술입니다.,mt
TTRTEXT|1970|0,Dont delete me,,
TTRTEXT|1971|0,Test 2,,
TTRTEXT|1973|0,I was here,,
TTRTEXT|1974|0,Another Test Entry but copied,,
TTRTEXT|1975|0,Another Test Entry copied twice,,
TTRTEXT|1976|0,AI Deep Reasoning,AI 심층 추론,mt
TTRTEXT|1976|1,"We have finally cracked the secrets of AI deep reasoning, enabling them to develop their own connections and making it much simpler to use and train them.","마침내 AI 심층 추론의 비밀을 풀어 AI가 스스로 연결을 만들어 낼 수 있게 되었고, 사용과 훈련이 훨씬 간단해졌습니다.",mt
TTRTEXT|1977|0,Traffic Forecasting,교통 예측,mt
TTRTEXT|1977|1,"We can foresee and account for incoming traffic using deep learning's predictive capabilities, allowing individuals to modify their routes ahead of time and save a lot of time and gas.","딥러닝의 예측 능력으로 앞으로 닥칠 교통 상황을 내다보고 반영할 수 있어, 사람들이 미리 경로를 바꿔 시간과 연료를 크게 아낄 수 있습니다.",mt
TTRTEXT|1978|0,Artificial General Intelligence,범용 인공지능,mt
TTRTEXT|1978|1,"We have arrived at the penultimate step of developing artificial life, an AI that can learn to perform any intellectual task that a person can.",인공 생명 개발의 끝에서 두 번째 단계에 이르렀습니다. 사람이 할 수 있는 어떤 지적 과제든 배워서 수행할 수 있는 AI입니다.,mt
TTRTEXT|1979|0,VR Headsets,VR 헤드셋,mt
TTRTEXT|1979|1,"Digital simulations of reality, which have long been a popular fantasy, are now feasible with the aid of VR headsets.",오랫동안 인기 있는 꿈이던 디지털 현실 시뮬레이션이 VR 헤드셋 덕분에 이제 실현 가능해졌습니다.,mt
TTRTEXT|198|0,Laser Gyro Stabilizers,레이저 자이로 안정 장치,mt
TTRTEXT|198|1,"Advanced Stabilizer designs, allowing laser calibrated precise fire control.",레이저로 보정한 정밀 사격 통제를 가능하게 하는 첨단 안정 장치 설계입니다.,mt
TTRTEXT|1980|0,VR Emergency Service Training,VR 응급 구조 훈련,mt
TTRTEXT|1980|1,We can train emergency response personnel to manage hazardous situations and materials safely and easily by providing them with virtual training.,가상 훈련을 제공하면 응급 대응 인력이 위험한 상황과 물질을 안전하고 쉽게 다루도록 훈련할 수 있습니다.,mt
TTRTEXT|1981|0,VR Schooling,VR 학교 교육,mt
TTRTEXT|1981|1,"Due to the recent success of VR emergency services training, we have decided to lean into VR education on a much larger scale.","최근 VR 응급 구조 훈련이 성공을 거두어, 훨씬 더 큰 규모로 VR 교육에 힘을 싣기로 했습니다.",mt
TTRTEXT|1982|0,NFC Tags,NFC 태그,mt
TTRTEXT|1982|1,An innovative technology that allows for the wireless transmission of data between devices in close proximity. ,가까운 거리의 기기 사이에서 데이터를 무선으로 주고받을 수 있게 하는 혁신 기술입니다.,mt
TTRTEXT|1983|0,Advanced Artillery VI,고급 포병 VI,mt
TTRTEXT|1983|1,"Next Generation designs for Ballistic Artillery units - providing greater accuracy, improved rate of fire, extended range, and increased lethality.","탄도 포병 유닛을 위한 차세대 설계로, 정확도, 발사 속도, 사거리, 살상력이 모두 향상됩니다.",mt
TTRTEXT|1984|0,VR Military Training,VR 군사 훈련,mt
TTRTEXT|1984|1,Advanced VR simulations allow for quicker and more efficient military training.,첨단 VR 시뮬레이션으로 더 빠르고 효율적인 군사 훈련이 가능합니다.,mt
TTRTEXT|1985|0,NFC Smart Tags,NFC 스마트 태그,mt
TTRTEXT|1985|1,"Our NFC tags can now rapidly transition between modes thanks to a recent development in the technology, which adds an additional layer of convenience and security.  ",최근 기술 발전으로 NFC 태그가 모드를 빠르게 전환할 수 있게 되어 편의성과 보안이 한층 더해졌습니다.,mt
TTRTEXT|1986|0,Smartphones,스마트폰,mt
TTRTEXT|1986|1,"By placing computers within the pockets of the people, information will be readily available at all times",사람들의 주머니 속에 컴퓨터를 넣어 주면 언제든 정보를 쉽게 얻을 수 있습니다.,mt
TTRTEXT|1987|0,Touchscreen Smartphones,터치스크린 스마트폰,mt
TTRTEXT|1987|1,The next generation of smartphones has arrived with a significantly larger screen that users can interact with directly.,사용자가 직접 조작할 수 있는 훨씬 큰 화면을 갖춘 차세대 스마트폰이 등장했습니다.,mt
TTRTEXT|1988|0,Digital Wallets,디지털 지갑,mt
TTRTEXT|1988|1,"Our credit and debit cards may now be stored within a digital wallet on our phones thanks to NFC technology, which makes parting with your hard-earned cash almost too convenient.  ","NFC 기술 덕분에 신용카드와 체크카드를 휴대폰의 디지털 지갑에 저장할 수 있게 되어, 힘들게 번 돈을 쓰기가 너무 쉬워질 정도입니다.",mt
TTRTEXT|1989|0,Ultra-Wideband,초광대역,mt
TTRTEXT|1989|1,"UWB waves have the ability to permeate walls, extending the reach of wireless communication and enabling seamless connectivity even in challenging environments.","UWB 전파는 벽을 투과할 수 있어 무선 통신의 도달 범위를 넓히고, 어려운 환경에서도 끊김 없는 연결을 가능하게 합니다.",mt
TTRTEXT|199|0,Laser Guided Munitions,레이저 유도 탄약,mt
TTRTEXT|199|1,New technologies for Ballistic Artillery munitions to improve accuracy and range.  Provides Ballistic Artillery units with a longer-range ammunition option.  This will be used automatically when targets are not in the range of standard munitions.  Longer-range munitions have a higher goods cost and a longer reload time.,탄도 포병 탄약의 정확도와 사거리를 높이는 신기술입니다. 탄도 포병 유닛에 더 먼 사거리의 탄약 선택지를 제공합니다. 표적이 일반 탄약의 사거리 밖에 있을 때 자동으로 사용됩니다. 사거리가 긴 탄약은 물자 비용이 더 들고 재장전 시간이 더 깁니다.,mt
TTRTEXT|1990|0,UWB Tags,UWB 태그,mt
TTRTEXT|1990|1,"By swapping out NFC tags for UWB tags we can enhance convenience, efficiency, and security across a wide range of applications, extending the reach of wireless connectivity beyond traditional limitations.","NFC 태그를 UWB 태그로 바꾸면 다양한 분야에서 편의성, 효율, 보안이 높아지고 무선 연결의 도달 범위가 기존 한계를 넘어 확장됩니다.",mt
TTRTEXT|1991|0,Digital Keys,디지털 키,mt
TTRTEXT|1991|1,"I mean, we already have our entire lives stored on our phones, so why not throw our home and car keys into the mix as well?","이미 우리 삶 전체가 휴대폰에 들어 있는데, 집 열쇠와 차 열쇠도 함께 넣지 못할 이유가 없지 않습니까?",mt
TTRTEXT|1992|0,UWB Vitals Monitoring,UWB 활력 징후 모니터링,mt
TTRTEXT|1992|1,"By leveraging the precision and accuracy of UWB waves, we enable non-invasive and real-time tracking of an individual's vital signs with unparalleled accuracy.","UWB 전파의 정밀성과 정확성을 활용해, 비침습적이며 실시간으로 개인의 활력 징후를 비할 데 없는 정확도로 추적할 수 있습니다.",mt
TTRTEXT|1993|0,UWB Train Signaling,UWB 열차 신호,mt
TTRTEXT|1993|1,"UWB tracing enables the detection of objects on the railway tracks, providing instant alerts to the train conductor and saving lives.",UWB 추적으로 선로 위의 물체를 탐지해 기관사에게 즉시 경보를 보내므로 인명을 구할 수 있습니다.,mt
TTRTEXT|1994|0,3D Printing,3D 프린팅,mt
TTRTEXT|1994|1,"3D printing opens up a world of limitless possibilities, not just for infrastructure but also for the realm of art.",3D 프린팅은 인프라뿐 아니라 예술 분야에서도 무한한 가능성의 세계를 엽니다.,mt
TTRTEXT|1995|0,Full Dive VR,풀다이브 VR,mt
TTRTEXT|1995|1,"The final version of virtual reality technology, a system of stasis for the body and fully explorable worlds for the mind.","가상현실 기술의 최종 형태로, 몸은 정지 상태에 두고 정신은 완전히 탐험할 수 있는 세계에 들어갑니다.",mt
TTRTEXT|1996|0,3D Printed Car Parts,3D 프린팅 자동차 부품,mt
TTRTEXT|1996|1," By leveraging the versatility and precision of 3D printing, car parts can be custom-made, lightweight, and highly durable. From complex engine parts to intricate interior elements, 3D printing enables faster production, reduced costs, and enhanced performance.","3D 프린팅의 다재다능함과 정밀성을 활용하면 자동차 부품을 맞춤 제작해 가볍고 매우 튼튼하게 만들 수 있습니다. 복잡한 엔진 부품부터 정교한 실내 부품까지, 3D 프린팅으로 생산이 빨라지고 비용이 줄며 성능이 향상됩니다.",mt
TTRTEXT|1997|0,3D Printed Consumer Goods,3D 프린팅 소비재,mt
TTRTEXT|1997|1,"By combining design freedom with efficient production, 3D printing enables on-demand manufacturing, reducing waste and promoting sustainability.",설계의 자유와 효율적인 생산을 결합한 3D 프린팅은 주문형 제조를 가능하게 해 낭비를 줄이고 지속 가능성을 높입니다.,mt
TTRTEXT|1998|0,3D Printed Weapons,3D 프린팅 무기,mt
TTRTEXT|1998|1,"The advent of 3D printing technology has introduced a new dimension to military manufacturing and weaponry. This technology allows for the rapid production of firearm components and other military equipment, enabling on-site customization and repairs in the field.","3D 프린팅 기술의 등장으로 군사 제조와 무기 분야에 새로운 차원이 열렸습니다. 이 기술은 화기 부품과 기타 군사 장비를 신속하게 생산할 수 있게 하여, 현장에서 맞춤 제작과 수리를 할 수 있습니다.",mt
TTRTEXT|1999|0,Synthetic-Aperture Radar,합성개구 레이더,mt
TTRTEXT|1999|1,"SAR is a sophisticated remote sensing technique that enables detailed imaging of the Earth's surface, surpassing the limitations of traditional optical systems.","SAR은 지표면을 상세하게 촬영할 수 있는 정교한 원격 탐사 기법으로, 기존 광학 체계의 한계를 뛰어넘습니다.",mt
TTRTEXT|2|0,Improved Waste Incineration,개량 폐기물 소각,mt
TTRTEXT|2|1,Biomass incineration can be used for the purposes of electricity generation providing the dual benefit of energy and reduced waste.,바이오매스 소각을 발전에 이용하면 에너지 생산과 폐기물 감축이라는 두 가지 이점을 얻을 수 있습니다.,mt
TTRTEXT|20|0,Globalized Education System,세계화 교육 체계,mt
TTRTEXT|20|1,"Bringing the level of education up to par with the best World Standards, improves quality of life and Research capabilities.",교육 수준을 세계 최고 기준에 맞춰 삶의 질과 연구 능력을 높입니다.,mt
TTRTEXT|200|0,Basic Land-Launched Rockets,기초 지상 발사 로켓,mt
TTRTEXT|200|1,"Multiple Launch Rocket System Artillery, using self-propelled unguided rockets to deliver a warhead to the target.  Includes research into technologies and processes for the mass production and testing of MLRS rockets and launchers.",자주식 무유도 로켓으로 표적에 탄두를 전달하는 다연장 로켓 포병입니다. MLRS 로켓과 발사기의 대량 생산 및 시험을 위한 기술과 공정 연구를 포함합니다.,mt
TTRTEXT|2000|0,Automatic Target Recognition,자동 표적 인식,mt
TTRTEXT|2000|1,SAR ATR technology combines the capabilities of SAR imaging with advanced algorithms and machine learning techniques to automatically detect and classify targets of interest in real-time.,"SAR ATR 기술은 SAR 영상의 능력에 첨단 알고리즘과 기계 학습 기법을 결합해, 관심 표적을 실시간으로 자동 탐지하고 분류합니다.",mt
TTRTEXT|2001|0,Sonar Decoy I,소나 기만체 I,mt
TTRTEXT|2001|1,"Canister of reactive chemical is used to produce various noises when reacting with water. This, along with bubbles produced is enough to confuse or deafen the sonar.",물과 반응하면 여러 소음을 내는 반응성 화학물질 용기를 사용합니다. 이때 생기는 기포와 함께 소나를 혼란시키거나 먹통으로 만들기에 충분합니다.,mt
TTRTEXT|2002|0,Sonar Decoy II,소나 기만체 II,mt
TTRTEXT|2002|1,"Next generation of acoustic countermeasures that along chemicals, include towed noisemakers and other means to create fake sonar image or confuse/blind sonar in some other way. ",화학물질에 더해 예인식 소음 발생기와 기타 수단으로 가짜 소나 영상을 만들거나 소나를 혼란시키고 무력화하는 차세대 음향 대응 수단입니다.,mt
TTRTEXT|2003|0,Sonar Decoy III,소나 기만체 III,mt
TTRTEXT|2003|1,"Latest acoustic countermeasures take advantage of advanced electronics and miniaturisation. This can include decoys with propulsion, torpedo decoys, noise makers, false sub signatures and other means to defeat enemy sonars.","최신 음향 대응 수단은 첨단 전자 기술과 소형화를 활용합니다. 추진 기능이 있는 기만체, 어뢰 기만체, 소음 발생기, 가짜 잠수함 신호 등 적 소나를 무력화하는 여러 수단이 포함될 수 있습니다.",mt
TTRTEXT|2004|0,AI Guided Torpedoes,AI 유도 어뢰,mt
TTRTEXT|2004|1,"Torpedoes are completely independent, guided by onboard AI thus requiring no additional input. Resistance to countermeasures is therefore greatly improved and mother submarine is less exposed to detection.",어뢰가 완전히 독립적으로 탑재 AI의 유도를 받으므로 추가 입력이 필요 없습니다. 따라서 대응 수단에 대한 저항력이 크게 높아지고 모함 잠수함이 탐지될 위험이 줄어듭니다.,mt
TTRTEXT|2005|0,Supercavitating Torpedo,초공동 어뢰,mt
TTRTEXT|2005|1,A supercavitating torpedo is a torpedo using the effect of supercavitation to create a bubble around the torpedo to move at high velocity under water.,초공동 어뢰는 초공동 현상을 이용해 어뢰 주위에 기포를 만들어 수중에서 고속으로 이동하는 어뢰입니다.,mt
TTRTEXT|2006|0,Dive Bomber,급강하 폭격기,mt
TTRTEXT|2006|1,A dive bomber is a bomber aircraft that dives directly at its targets in order to provide greater accuracy for the bomb it drops. Diving towards the target simplifies the bomb's trajectory and allows the pilot to keep visual contact throughout the bomb run.,급강하 폭격기는 투하하는 폭탄의 정확도를 높이기 위해 표적을 향해 곧장 강하하는 폭격기입니다. 표적을 향해 강하하면 폭탄의 궤적이 단순해지고 조종사가 폭격 내내 육안으로 표적을 볼 수 있습니다.,mt
TTRTEXT|2007|0,Reflector Gunsight,반사식 조준기,mt
TTRTEXT|2007|1,An optical sight that allows the user to look through a partially reflecting glass element and see an illuminated projection of an aiming point or some other image superimposed on the field of view.,반투명 유리 소자를 통해 보면서 시야에 겹쳐진 조준점이나 기타 영상의 조명 투영을 볼 수 있는 광학 조준기입니다.,mt
TTRTEXT|2008|0,"Gyroscopic Gunsight (G,G.S.)",자이로 조준기(G.G.S.),mt
TTRTEXT|2008|1,A gyro gunsight (G.G.S.) is a modification of the non-magnifying reflector sight in which target lead (the amount of aim-off in front of a moving target) and bullet drop are calculated automatically.,"자이로 조준기(G.G.S.)는 배율 없는 반사식 조준기를 개량한 것으로, 표적 선행각(움직이는 표적 앞을 겨냥하는 정도)과 탄 낙하를 자동으로 계산합니다.",mt
TTRTEXT|2009|0,Radar Gunsight,레이더 조준기,mt
TTRTEXT|2009|1,A radar gunsight is a type of gunsight for aerial combat that combines a gyro gunsight with a small radar. They were introduced just after World War II and used into the 1960s.,레이더 조준기는 자이로 조준기에 소형 레이더를 결합한 공중전용 조준기입니다. 제2차 세계대전 직후에 도입되어 1960년대까지 사용되었습니다.,mt
TTRTEXT|201|0,Microwave Defense Upgrades,마이크로파 방어 개량,mt
TTRTEXT|201|1,"Upgrade existing armored units with Microwave Defenses, to intercept incoming projectiles, missiles and other threats.","기존 장갑 유닛에 마이크로파 방어 체계를 추가해, 날아오는 투사체, 미사일 등의 위협을 요격합니다.",mt
TTRTEXT|2010|0,Laser Rangefinder,레이저 거리 측정기,mt
TTRTEXT|2010|1,Laser beam is used to quickly determine distance of target. Later versions are integral part of nightvision and thermovision sights.,레이저 광선으로 표적까지의 거리를 빠르게 알아냅니다. 후기 버전은 야간 투시 및 열상 조준기의 필수 구성 요소입니다.,mt
TTRTEXT|2011|0,Proximity Fuze,근접 신관,mt
TTRTEXT|2011|1,Fuze that detonates an explosive device automatically when it approaches within a certain distance of its target. Proximity fuzes are designed for elusive military targets such as airplanes and missiles.,표적에 일정 거리 이내로 접근하면 폭발 장치를 자동으로 기폭시키는 신관입니다. 근접 신관은 항공기와 미사일처럼 포착하기 어려운 군사 표적을 상대하도록 설계되었습니다.,mt
TTRTEXT|2012|0,Air-Independent Propulsion,공기 불요 추진,mt
TTRTEXT|2012|1,"Air-independent propulsion (AIP), or air-independent power, is any marine propulsion technology that allows a non-nuclear submarine to operate without access to atmospheric oxygen.",공기 불요 추진(AIP)은 비핵 잠수함이 대기 중 산소 없이도 작전할 수 있게 하는 모든 해양 추진 기술을 말합니다.,mt
TTRTEXT|2013|0,Anechoic Tiles,무반향 타일,mt
TTRTEXT|2013|1,"Rubber or synthethic polymer tiles containing thousands of tiny voids, applied to the outer hulls of military ships and submarines to absorb sound waves of active sonar and and the sounds emitted from vessel itself.","수천 개의 미세한 빈 공간이 들어 있는 고무 또는 합성 고분자 타일로, 군함과 잠수함의 외부 선체에 붙여 능동 소나의 음파와 선체 자체가 내는 소음을 흡수합니다.",mt
TTRTEXT|2014|0,Observation Seaplanes,관측 수상기,mt
TTRTEXT|2014|1,"Housed on capital ships, these floatplane provided extended scouting range and fire correction.",주력함에 탑재하는 이 수상기는 정찰 범위를 넓히고 사격을 보정해 줍니다.,mt
TTRTEXT|2015|0,AI Sensor Data Processing,AI 센서 데이터 처리,mt
TTRTEXT|2015|1,Highly capable AI is processing sensor data enabling instant reaction time and speeding up decision making process. AI is especially usefull in interpreting sonar data in high clutter environment and to filter out intensive jamming and countermeasures.,고성능 AI가 센서 데이터를 처리해 즉각적인 반응 시간을 확보하고 의사 결정 과정을 앞당깁니다. AI는 잡음이 많은 환경에서 소나 데이터를 해석하고 강한 재밍과 대응 수단을 걸러내는 데 특히 유용합니다.,mt
TTRTEXT|2016|0,Smoke Generators,연막 발생기,mt
TTRTEXT|2016|1,"Warships have sometimes used a simple variation of the smoke generator, by injecting fuel oil directly into the funnel, where it evaporates into a white cloud. An even simpler method that was used in the days of steam-propelled warships was to restrict the supply of air to the boiler. This resulted in incomplete combustion of the coal or oil, which produced a thick black smoke. Because the smoke was black, it absorbed heat from the sun and tended to rise above the water. Therefore, navies turned to various chemicals","군함은 연료유를 연통에 직접 분사해 하얀 구름으로 증발시키는 단순한 연막 발생 방식을 쓰기도 했습니다. 증기 추진 군함 시대에는 보일러로 들어가는 공기를 제한하는 더 단순한 방법도 있었습니다. 석탄이나 석유가 불완전 연소하면서 짙은 검은 연기가 났습니다. 연기가 검어서 햇빛의 열을 흡수해 수면 위로 뜨는 경향이 있었기 때문에, 해군은 여러 가지 화학물질로 눈을 돌렸습니다.",mt
TTRTEXT|2017|0,Defensive Naval Countermeasures I,함정 방어 대응 수단 I,mt
TTRTEXT|2017|1,"On board chaff dispensers are used to create clouds of thin alu foils in order to blind enemy radars, create false images and divert missiles away from the ship.","탑재 채프 살포기로 얇은 알루미늄 박 구름을 만들어 적 레이더를 눈멀게 하고, 허상을 만들며 미사일을 함정에서 멀리 빗나가게 합니다.",mt
TTRTEXT|2018|0,Defensive Naval Countermeasures II,함정 방어 대응 수단 II,mt
TTRTEXT|2018|1,Further development of chaff dispensers. Refined decoys are used to divert wider variety of missiles and blind more sophisticated radars. Various acoustic decoys are also used to divert torpedoes.,채프 살포기를 더욱 발전시킵니다. 개량한 기만체로 더 다양한 미사일을 빗나가게 하고 더 정교한 레이더를 눈멀게 합니다. 여러 음향 기만체로 어뢰도 빗나가게 합니다.,mt
TTRTEXT|2019|0,Defensive Naval Countermeasures III,함정 방어 대응 수단 III,mt
TTRTEXT|2019|1,"Along with chaff, infra red decoys (flares) are used along with more sophisticated acoustic decoys.",채프와 함께 적외선 기만체(플레어)와 더 정교한 음향 기만체를 사용합니다.,mt
TTRTEXT|202|0,Laser Defensive Upgrades,레이저 방어 개량,mt
TTRTEXT|202|1,Upgrade existing units with Laser-based defensive technologies.,기존 유닛에 레이저 기반 방어 기술을 추가해 개량합니다.,mt
TTRTEXT|2020|0,AI Generated Naval Countermeasures,AI 생성 함정 대응 수단,mt
TTRTEXT|2020|1,AI is used to select and deploy various decoys and programm countermeasures instantly. Reaction time is minimal thus greatly increasing chance of success.,AI가 여러 기만체를 선택해 살포하고 대응 수단을 즉시 프로그래밍합니다. 반응 시간이 최소화되어 성공 확률이 크게 높아집니다.,mt
TTRTEXT|2021|0,Magnetic Exploder,자기 기폭 장치,mt
TTRTEXT|2021|1,"Magnetic exploder is the term for the device on a torpedo or naval mine that detects its target by its magnetic field, and triggers the fuse for detonation. A magnetic pistol on a torpedo allows the torpedo to detonate underneath the ship, instead of upon impact with the side of the ship. As an explosion underneath a ship is contained between water and the ship, far more damage will result to the ship",자기 기폭 장치는 어뢰나 기뢰에 달려 자기장으로 표적을 탐지하고 신관을 작동시켜 기폭하는 장치를 말합니다. 어뢰의 자기 신관 덕분에 어뢰가 함정 측면에 충돌하는 대신 함정 아래에서 폭발할 수 있습니다. 함정 아래의 폭발은 물과 함정 사이에 갇히므로 함정에 훨씬 큰 피해를 줍니다.,mt
TTRTEXT|2022|0,Advanced Supercavitating Torpedo,고급 초공동 어뢰,mt
TTRTEXT|2022|1,Further refinement of supercavitating torpedo technology. Greater speed and range is allowed along with lower sound signature making it easier to guide and harder to detect.,초공동 어뢰 기술을 더욱 다듬습니다. 속도와 사거리가 늘고 소음 신호가 줄어 유도가 쉽고 탐지가 어려워집니다.,mt
TTRTEXT|2023|0,Rangekeeper MkI,사격 계산기 Mk1,mt
TTRTEXT|2023|1,Rangekeepers were electromechanical fire control computers used primarily during the early part of the 20th century. They were sophisticated analog computers whose development reached its zenith following WW2. The most sophisticated rangekeepers were mounted on warships to direct the fire of long range guns.,사격 계산기는 20세기 초반에 주로 쓰인 전기기계식 사격 통제 컴퓨터였습니다. 제2차 세계대전 이후 개발이 정점에 이른 정교한 아날로그 컴퓨터였습니다. 가장 정교한 사격 계산기는 군함에 탑재되어 장거리포의 사격을 지휘했습니다.,mt
TTRTEXT|2024|0,Rangekeeper MkII,사격 계산기 Mk2,mt
TTRTEXT|2024|1,"Extremely sophisticated mechanical computers that can track wide variety of inputs such as temperature, wind angle and speed, air humidity and temperature along with target data. If fed with radar data (rangefinding) these computers provided high hit probability even at night.","표적 데이터와 함께 기온, 풍향과 풍속, 대기 습도와 온도 같은 다양한 입력을 추적할 수 있는 극도로 정교한 기계식 컴퓨터입니다. 레이더 데이터(거리 측정)를 입력하면 야간에도 높은 명중 확률을 제공합니다.",mt
TTRTEXT|2025|0,AI Electronic Countermeasures,AI 전자 대응 수단,mt
TTRTEXT|2025|1,"Onboard AI is tasked with managment of threat detection, defensive systems and countermeasure deployment.","탑재 AI가 위협 탐지, 방어 체계, 대응 수단 살포를 관리합니다.",mt
TTRTEXT|2026|0,Basic Ultrasounds,기초 초음파,mt
TTRTEXT|2026|1,We are learning to use nondestructive sound waves. We can detect sound waves as they pass through objects. The wave can leave shadows which can be analyzed. We have even been able to create a Reflectoscope which can both generate and detect the waves.,비파괴 음파를 이용하는 법을 배우고 있습니다. 물체를 통과하는 음파를 탐지할 수 있습니다. 음파는 분석할 수 있는 그림자를 남깁니다. 음파를 발생시키고 탐지하는 반사경도 만들어 냈습니다.,mt
TTRTEXT|2027|0,Drone Mothership,드론 모함,mt
TTRTEXT|2027|1,"By adopting submarine designs to be used as autonomous undervater drone carriers we can increase both their lethality and survivability. Operating as the pack leaders for her's drone fleet, submarines can be increadibly difficult to deal with since these drones can be used both offensively (by attacking on their own or scouting) or defensively by protecting mothership and/or generating countermeasures or just creating false targets.","잠수함 설계를 자율 수중 드론 모함으로 활용하도록 바꾸면 살상력과 생존력이 모두 높아집니다. 잠수함이 드론 함대의 무리 우두머리로 활동하면 상대하기가 매우 어려워집니다. 드론은 공격(단독 공격이나 정찰)에도, 방어(모함 보호, 대응 수단 생성, 가짜 표적 만들기)에도 쓸 수 있기 때문입니다.",mt
TTRTEXT|2028|0,Winged Glide Bombs,날개 달린 활공 폭탄,mt
TTRTEXT|2028|1,"Next step in evolution of guided munitions. Rather simple and inexpensive kits can be used to convert conventional freefall bombs into precise guided munitions that ,when released from arcraft, can glide to their targets on their own. By using them in this way we can minimize risk for our aircrafts who can now stay well out of reach of most air defense while still being able to efficiently hit targets. ","유도 무기 진화의 다음 단계입니다. 비교적 단순하고 저렴한 키트로 기존 자유낙하 폭탄을 정밀 유도 무기로 바꿀 수 있으며, 항공기에서 투하하면 스스로 표적까지 활공합니다. 이렇게 쓰면 우리 항공기는 대부분의 방공망 사거리 밖에 머물면서도 효율적으로 표적을 타격할 수 있어 위험이 줄어듭니다.",mt
TTRTEXT|203|0,Fire Control Upgrades,사격 통제 개량,mt
TTRTEXT|203|1,"Deployment of new fire control technologies to existing units, improving effectiveness and lethality of offensive fire.",기존 유닛에 새로운 사격 통제 기술을 배치해 공격 사격의 효과와 살상력을 높입니다.,mt
TTRTEXT|204|0,Next Generation Radar,차세대 레이더,mt
TTRTEXT|204|1,Further advancements in Radar designs to counter stealth technologies and tactics.,스텔스 기술과 전술에 대응하기 위한 레이더 설계의 추가 발전입니다.,mt
TTRTEXT|205|0,Advanced Military Designs,고급 군사 설계,mt
TTRTEXT|205|1,"A combination of research, knowledge, fundamentals and designs for the creation of next-generation military units and technologies.","차세대 군사 유닛과 기술을 만들기 위한 연구, 지식, 기초 원리, 설계의 결합입니다.",mt
TTRTEXT|206|0,Advanced Tank Designs,고급 전차 설계,mt
TTRTEXT|206|1,A combination of technologies and designs for the creation of next-generation offensive armor units.,차세대 공격용 장갑 유닛을 만들기 위한 기술과 설계의 결합입니다.,mt
TTRTEXT|207|0,Advanced Tank Designs II,고급 전차 설계 II,mt
TTRTEXT|207|1,A combination of technologies and designs for the creation of next-generation offensive armor units.,차세대 공격용 장갑 유닛을 만들기 위한 기술과 설계의 결합입니다.,mt
TTRTEXT|208|0,Advanced Anti-Armor Designs,고급 대전차 설계,mt
TTRTEXT|208|1,"Research advances in armor-piercing offensive weaponry, to create next generation anti-Armor units.",차세대 대전차 유닛을 만들기 위해 장갑 관통 공격 무기 연구를 발전시킵니다.,mt
TTRTEXT|209|0,Upgrade Defense Capability,방어 능력 개량,mt
TTRTEXT|209|1,Upgrade existing armor units with the latest new defensive and stealth technologies.,기존 장갑 유닛에 최신 방어 및 스텔스 기술을 추가해 개량합니다.,mt
TTRTEXT|21|0,Simulator Pods,시뮬레이터 포드,mt
TTRTEXT|21|1,Technologies and devices to assist in advanced training and development of military tactics.,고급 훈련과 군사 전술 발전을 돕는 기술과 장치입니다.,mt
TTRTEXT|210|0,Upgrade Defense II,방어 개량 II,mt
TTRTEXT|210|1,Upgrade existing armor units with the latest new defensive technologies.,기존 장갑 유닛에 최신 방어 기술을 추가해 개량합니다.,mt
TTRTEXT|211|0,Upgrade Defense III,방어 개량 III,mt
TTRTEXT|211|1,Upgrade existing military units with the latest new defensive technologies.,기존 군사 유닛에 최신 방어 기술을 추가해 개량합니다.,mt
TTRTEXT|212|0,Upgrade Infantry Protection,보병 방호 개량,mt
TTRTEXT|212|1,Upgrade existing soft-target infantry units with new defensive technologies.,기존 연성 표적 보병 유닛에 새로운 방어 기술을 추가해 개량합니다.,mt
TTRTEXT|213|0,Upgrade Infantry II,보병 개량 II,mt
TTRTEXT|213|1,Upgrade existing soft-target infantry units with new offensive and defensive technologies.,기존 연성 표적 보병 유닛에 새로운 공격 및 방어 기술을 추가해 개량합니다.,mt
TTRTEXT|214|0,Upgrade Infantry III,보병 개량 III,mt
TTRTEXT|214|1,Upgrade existing soft-target infantry units with new defensive technologies.,기존 연성 표적 보병 유닛에 새로운 방어 기술을 추가해 개량합니다.,mt
TTRTEXT|215|0,Biological Response Therapy,생물학적 반응 치료,mt
TTRTEXT|215|1,Treatments to improve the ability of the immune system to fight infection and combat disease.,면역 체계가 감염과 질병에 맞서는 능력을 높이는 치료법입니다.,mt
TTRTEXT|216|0,NBC Treatments,NBC 치료,mt
TTRTEXT|216|1,"New Vaccines and pharmaceuticals for treatment of the effects of Nuclear Radiation, Chemical Weapons agents, and Biological Weapons effects.","핵 방사선, 화학 무기 작용제, 생물 무기의 영향을 치료하는 새로운 백신과 의약품입니다.",mt
TTRTEXT|217|0,Waste Management III,폐기물 관리 III,mt
TTRTEXT|217|1,"Applying new technologies to waste processing, recycling, and water conservation.","폐기물 처리, 재활용, 물 절약에 신기술을 적용합니다.",mt
TTRTEXT|218|0,Biofuels Facilities,바이오연료 시설,mt
TTRTEXT|218|1,"Biofuel production is a method of generating petroleum equivalent fuel using agricultural raw materials.  Although more environmentally friendly than standard petroleum production and use, the cost is higher and can significantly add to agriculture demand.  Can be an important alternative for nations without petroleum reserves.",바이오연료 생산은 농업 원료로 석유에 상응하는 연료를 만드는 방법입니다. 일반 석유 생산과 사용보다 환경 친화적이지만 비용이 더 들고 농산물 수요를 크게 늘릴 수 있습니다. 석유 매장량이 없는 나라에는 중요한 대안이 될 수 있습니다.,mt
TTRTEXT|219|0,Next Generation Submarines,차세대 잠수함,mt
TTRTEXT|219|1,New technologies and design concepts for the creation of the next generation of Military submarines - stealthier and more deadly.,더 은밀하고 더 치명적인 차세대 군용 잠수함을 만들기 위한 신기술과 설계 개념입니다.,mt
TTRTEXT|22|0,Laser Communication,레이저 통신,mt
TTRTEXT|22|1,Communications technologies to improve battlefield intelligence and reduce the effects of jamming and intercepted communications.,전장 정보를 개선하고 재밍과 통신 감청의 영향을 줄이는 통신 기술입니다.,mt
TTRTEXT|220|0,Advanced Ballistic Artillery,고급 탄도 포병,mt
TTRTEXT|220|1,"Next Generation designs for Ballistic Artillery units - providing greater accuracy, improved rate of fire, extended range, and increased lethality.","탄도 포병 유닛을 위한 차세대 설계로, 정확도, 발사 속도, 사거리, 살상력이 모두 향상됩니다.",mt
TTRTEXT|221|0,Alternate Power Generation,대체 발전,mt
TTRTEXT|221|1,"New advances in 'green' power generation technologies, including wind, solar, and geothermal designs.","풍력, 태양광, 지열 설계를 포함한 '친환경' 발전 기술의 새로운 진전입니다.",mt
TTRTEXT|222|0,Upgraded Coal Generation,석탄 발전 개량,mt
TTRTEXT|222|1,Incorporating new technologies for improving efficiency in coal powered generation facilities.,석탄 발전 시설의 효율을 높이는 신기술을 도입합니다.,mt
TTRTEXT|223|0,Upgraded Petrol Generation,석유 발전 개량,mt
TTRTEXT|223|1,Incorporating new technologies for improving efficiency in oil and natural gas-powered generation facilities.,석유와 천연가스 발전 시설의 효율을 높이는 신기술을 도입합니다.,mt
TTRTEXT|224|0,Upgraded Clean Power,청정 발전 개량,mt
TTRTEXT|224|1,"Incorporating upgrades based on recent research into 'green' energy sources such as solar, wind, and geothermal.","태양광, 풍력, 지열 같은 '친환경' 에너지원에 관한 최근 연구를 바탕으로 한 개량을 도입합니다.",mt
TTRTEXT|225|0,Agri Genetic Modifications,농업 유전자 변형,mt
TTRTEXT|225|1,"Controversial technologies designed to improve crop yields and resistance to disease.  Future effects on the environment and genetic diversity are still being debated, and many scientists warn that these changes may do more harm than good.","작물 수확량과 질병 저항성을 높이기 위한 논란이 많은 기술입니다. 환경과 유전적 다양성에 미칠 장기적 영향은 아직 논쟁 중이며, 많은 과학자가 이러한 변화가 득보다 실이 클 수 있다고 경고합니다.",mt
TTRTEXT|226|0,Upgraded Agriculture,농업 개량,mt
TTRTEXT|226|1,"Applying new technologies such as genetically modified crops to upgrade our agriculture practices.  Will increase output and productivity due to resistance to pests and disease, but highly controversial due to unknown future ecological effects.","유전자 변형 작물 같은 신기술을 적용해 농업 방식을 개선합니다. 병충해와 질병에 대한 저항성 덕분에 생산량과 생산성이 늘어나지만, 미래의 생태적 영향을 알 수 없어 논란이 매우 큽니다.",mt
TTRTEXT|227|0,Electronic Warfare Basics ,전자전 기초,mt
TTRTEXT|227|1,First generation Electronic Counter Measures for jamming and reducing the effectiveness of opponent's detection technologies.,상대의 탐지 기술을 재밍하고 효과를 떨어뜨리는 1세대 전자 대응 수단입니다.,mt
TTRTEXT|228|0,Advanced Electronic Warfare,고급 전자전,mt
TTRTEXT|228|1,Improved Electronic Counter Measures for jamming detection and tracking systems.,탐지 및 추적 체계를 재밍하는 개량된 전자 대응 수단입니다.,mt
TTRTEXT|229|0,Leap Infantry,도약 보병,mt
TTRTEXT|229|1,Mobility-assisted infantry designs.  Provides infantry with greater ability to negotiate terrain and cover larger distances.,이동을 보조하는 보병 설계입니다. 보병이 지형을 더 잘 극복하고 더 먼 거리를 이동할 수 있습니다.,mt
TTRTEXT|23|0,Military GPS,군사용 GPS,mt
TTRTEXT|23|1,"Global Positioning Systems, to improve battlefield awareness, targeting, and tactical planning.","전장 인식, 표적 지정, 전술 계획을 개선하는 위성 항법 체계입니다.",mt
TTRTEXT|230|0,Thermobaric Weapons,열압력 무기,mt
TTRTEXT|230|1,"New weapons technology that creates more lethal explosive power, especially in confined targets.",특히 밀폐된 표적에 더 치명적인 폭발력을 내는 새로운 무기 기술입니다.,mt
TTRTEXT|231|0,Naval SAM Ordinance,해군 지대공 탄약,mt
TTRTEXT|231|1,"Improved Surface to Air Capabilities for Naval units, including tracking of multiple targets, interception of targets, and other improvements to Naval Anti-Air systems.","다중 표적 추적, 표적 요격 등 해군 대공 체계의 여러 개선을 포함해 해군 유닛의 지대공 능력을 향상합니다.",mt
TTRTEXT|232|0,Advanced Water Processing,고급 수처리,mt
TTRTEXT|232|1,Recycling and purification technologies to reduce fresh water use and demand.,담수 사용과 수요를 줄이는 재활용 및 정화 기술입니다.,mt
TTRTEXT|233|0,Naval Fuel Cells,해군 연료 전지,mt
TTRTEXT|233|1,"Fuel Cell Technology applied to Naval use, including electric drive systems. Replaces diesel and nuclear technologies.",전기 추진 체계를 포함해 해군용으로 적용한 연료 전지 기술입니다. 디젤과 핵 기술을 대체합니다.,mt
TTRTEXT|234|0,Trimaran Military Vessels ,트리마란 군용 선박,mt
TTRTEXT|234|1,New Naval technologies based on advanced research into triple hull designs that make ships much more able to withstand attack.,삼중 선체 설계에 대한 선진 연구를 바탕으로 함정이 공격에 훨씬 잘 버티게 하는 새로운 해군 기술입니다.,mt
TTRTEXT|235|0,Supersonic Fighters,초음속 전투기,mt
TTRTEXT|235|1,----- (new prereq) New Designs of Fighter Aircraft that can perform more of their functions while traveling at supersonic speeds.,----- (신규 선행 기술) 초음속으로 비행하면서 더 많은 기능을 수행할 수 있는 새로운 전투기 설계입니다.,mt
TTRTEXT|236|0,Naval Stealth Designs,해군 스텔스 설계,mt
TTRTEXT|236|1,"New designs of Naval craft, featuring technologies that increase stealth capabilities, target detection and tracking, and lethality.","스텔스 능력, 표적 탐지와 추적, 살상력을 높이는 기술을 갖춘 새로운 해군 함정 설계입니다.",mt
TTRTEXT|237|0,Advanced Chemistry,고급 화학,mt
TTRTEXT|237|1,New innovations in Chemistry with possible implications for both Civilian and Military Technologies.,민간과 군사 기술 모두에 영향을 미칠 수 있는 화학 분야의 새로운 혁신입니다.,mt
TTRTEXT|238|0,Future Stealth Fighters,미래형 스텔스 전투기,mt
TTRTEXT|238|1,Application of Advanced next-generation aircraft technologies to new stealth fighter designs.,차세대 첨단 항공기 기술을 새로운 스텔스 전투기 설계에 적용합니다.,mt
TTRTEXT|239|0,Advanced Recycling,고급 재활용,mt
TTRTEXT|239|1,"Improvements to recycling and reuse processes, including reductions in industrial raw material waste and usage.",산업 원자재의 낭비와 사용량 감축을 포함해 재활용과 재사용 공정을 개선합니다.,mt
TTRTEXT|24|0,Satellites,위성,mt
TTRTEXT|24|1,"Satellite technologies including design, deployment, and communications.","설계, 배치, 통신을 포함한 위성 기술입니다.",mt
TTRTEXT|240|0,Future MLRS Designs,미래형 MLRS 설계,mt
TTRTEXT|240|1,"New technologies and advances in Multiple Launch Rocket System Artillery, using self-propelled unguided rockets to deliver a warhead to the target.",자주식 무유도 로켓으로 표적에 탄두를 전달하는 다연장 로켓 포병의 신기술과 발전입니다.,mt
TTRTEXT|241|0,Combat UAV Designs,전투 UAV 설계,mt
TTRTEXT|241|1,Combat Unmanned Aerial Vehicle Designs and Technologies,전투용 무인 항공기의 설계와 기술입니다.,mt
TTRTEXT|243|0,Chemical Weapons Production,화학 무기 생산,mt
TTRTEXT|243|1,"Facilities and Manufacturing of Chemical Weapons, including processing and production of precursor materials and creation of weapons-grade elements.","전구 물질의 가공과 생산, 무기급 물질 제조를 포함한 화학 무기 시설과 제조입니다.",mt
TTRTEXT|244|0,Advanced Attack Helicopters,고급 공격 헬리콥터,mt
TTRTEXT|244|1,Development of designs and production processes for better protected and more effective attack helicopters.,방호력과 효율이 더 뛰어난 공격 헬리콥터의 설계와 생산 공정을 개발합니다.,mt
TTRTEXT|245|0,Future Helicopter Designs,미래형 헬리콥터 설계,mt
TTRTEXT|245|1,Application of new designs and technologies towards next generation Helicopter and rotary aircraft designs.,차세대 헬리콥터와 회전익 항공기 설계에 새로운 설계와 기술을 적용합니다.,mt
TTRTEXT|246|0,Advanced Power Techs,고급 발전 기술,mt
TTRTEXT|246|1,"Further Research and Advances into Solar, Wind, Geothermal, Biomass, and other 'Green' Power Technologies, including ways to commercialize these advances.","태양광, 풍력, 지열, 바이오매스 등 '친환경' 발전 기술의 추가 연구와 발전으로, 이러한 성과를 상업화하는 방법을 포함합니다.",mt
TTRTEXT|247|0,Advanced Power Upgrades,고급 발전 개량,mt
TTRTEXT|247|1,"Application of the latest technologies and developments towards retrofitting clean power generation sources - Solar, Wind, Biomass, Geothermal, and other advancements.","태양광, 풍력, 바이오매스, 지열 등 청정 발전원을 개조하는 데 최신 기술과 발전을 적용합니다.",mt
TTRTEXT|248|0,Urban Heat Exchangers,도시 열교환기,mt
TTRTEXT|248|1,Centralized and highly efficient Heating/Cooling exchange system for major cities.  Conserves energy resources.,주요 도시를 위한 중앙 집중식 고효율 냉난방 열교환 체계입니다. 에너지 자원을 절약합니다.,mt
TTRTEXT|249|0,Urban Renewal II,도시 재생 II,mt
TTRTEXT|249|1,"Applying new and updated concepts towards urban development and renewal, both from an infrastructure and a quality-of-life standpoint.",인프라와 삶의 질 양쪽 관점에서 도시 개발과 재생에 새롭고 개선된 개념을 적용합니다.,mt
TTRTEXT|25|0,Global Defense Satellites,지구 방어 위성,mt
TTRTEXT|25|1,Enables the production of satellites that are equipped with a weapons system capable of intercepting sub-orbital objects on a ballistic trajectory (such as ICBMs).,탄도 궤적의 준궤도 물체(ICBM 등)를 요격할 수 있는 무기 체계를 갖춘 위성을 생산할 수 있게 합니다.,mt
TTRTEXT|250|0,Supercavitating Submarines,초공동 잠수함,mt
TTRTEXT|250|1,"A design concept originally applied to torpedoes that uses a gaseous bubble to surround a vehicle in water, greatly increasing the speed by reducing drag.","원래 어뢰에 적용되던 설계 개념으로, 기체 막으로 수중의 선체를 감싸 항력을 줄여 속도를 크게 높입니다.",mt
TTRTEXT|2500|0,Structural Biology Advances,구조 생물학 발전,mt
TTRTEXT|2500|1,"We are seeing further advances in mapping of human DNA and our understanding of gene-protein relationships. Additionally, significant improvements in X-ray crystallography, NMR spectroscopy, and cryo-electron microscopy are enhancing our ability to determine the 3D structures of proteins and other biomolecules at atomic resolution.","인간 DNA 지도 작성과 유전자-단백질 관계에 대한 이해가 더욱 발전하고 있습니다. 또한 X선 결정학, NMR 분광법, 저온 전자 현미경이 크게 개선되어 단백질과 기타 생체 분자의 3차원 구조를 원자 해상도로 규명하는 능력이 높아지고 있습니다.",mt
TTRTEXT|2501|0,Animal Genetic Manipulation,동물 유전자 조작,mt
TTRTEXT|2501|1,"Techniques like gene targeting and RNA interference are showing promise in creating genetically modified animals for research and agriculture. As researchers continue to refine these methods, we hope that future breakthroughs will allow for more precise and efficient genetic modifications, potentially leading to significant advancements in medicine and therapeutics.","유전자 표적화와 RNA 간섭 같은 기법이 연구와 농업용 유전자 변형 동물을 만드는 데 가능성을 보이고 있습니다. 연구자들이 이 방법을 계속 다듬어 가면, 앞으로의 돌파구로 더 정밀하고 효율적인 유전자 변형이 가능해져 의학과 치료제 분야에서 큰 진전을 이룰 것으로 기대합니다.",mt
TTRTEXT|2502|0,Solid Lipid Nanoparticles,고체 지질 나노입자,mt
TTRTEXT|2502|1,"We are working on improving drug delivery systems through enhanced stability, controlled release, and better bioavailability of therapeutic agents. We also expect to see reduced toxicity and increased biocompatibility. This is a promising platform for pharmaceutical applications.","안정성 향상, 방출 조절, 치료제의 생체 이용률 개선으로 약물 전달 체계를 개선하고 있습니다. 독성 감소와 생체 적합성 증가도 기대합니다. 의약품 응용에 유망한 플랫폼입니다.",mt
TTRTEXT|2503|0,mRNA Biochemistry,mRNA 생화학,mt
TTRTEXT|2503|1,"mRNA biochemistry involves synthesizing mRNA sequences that encode specific proteins, stabilizing them through modifications to prevent degradation, and delivering them into cells using lipid nanoparticles or other carriers. This process is crucial for therapies like mRNA vaccines, where the mRNA instructs cells to produce a protein that triggers an immune response.","mRNA 생화학은 특정 단백질을 암호화하는 mRNA 서열을 합성하고, 분해를 막도록 변형해 안정화하며, 지질 나노입자 등의 운반체로 세포에 전달하는 일을 다룹니다. 이 과정은 mRNA가 세포에 면역 반응을 일으키는 단백질을 만들도록 지시하는 mRNA 백신 같은 치료법에 필수적입니다.",mt
TTRTEXT|2504|0,Rapid Protein Design,신속 단백질 설계,mt
TTRTEXT|2504|1,"Through the use of computational tools and machine learning, we can accelerate the process of designing and optimizing proteins for specific functions. It will enable scientists to predict protein structures, functions, and interactions with unprecedented speed and accuracy, revolutionizing fields like drug development and synthetic biology.","컴퓨터 도구와 기계 학습을 사용해 특정 기능을 위한 단백질의 설계와 최적화 과정을 가속할 수 있습니다. 과학자들이 단백질의 구조, 기능, 상호작용을 전례 없는 속도와 정확도로 예측할 수 있게 되어 신약 개발과 합성 생물학 같은 분야에 혁신을 일으킬 것입니다.",mt
TTRTEXT|2505|0,Continuous Waste Water Monitoring,하수 상시 모니터링,mt
TTRTEXT|2505|1,"Using AI-monitoring and integrated DNA analysis, we can continuously track and analyze wastewater for a broad range of pathogens, including emerging diseases, with real-time data processing and predictive modeling. This system enables instant alerts and precise identification of health threats, facilitating rapid public health responses and personalized interventions.",AI 모니터링과 통합 DNA 분석으로 신종 질병을 포함한 광범위한 병원체를 실시간 데이터 처리와 예측 모델링으로 하수에서 지속적으로 추적하고 분석할 수 있습니다. 이 체계는 즉각적인 경보와 보건 위협의 정밀한 식별을 가능하게 하여 신속한 공중 보건 대응과 맞춤형 개입을 돕습니다.,mt
TTRTEXT|2506|0,Improved Anti Rejection Drugs,개량 거부반응 억제제,mt
TTRTEXT|2506|1,"Advancements in human gene manipulation and quantum computing have led to anti-rejection drugs that are highly personalized, with genetic modifications tailored to the recipient's immune system, drastically reducing the risk of rejection and side effects. We are able to accelerate drug development and optimize treatment plans, enabling real-time adjustments to immunosuppressive therapies for optimal patient outcomes.","인간 유전자 조작과 양자 컴퓨팅의 발전으로 수혜자의 면역 체계에 맞춰 유전자를 변형한 고도로 개인화된 거부반응 억제제가 나왔고, 거부반응과 부작용 위험이 크게 줄었습니다. 약물 개발을 가속하고 치료 계획을 최적화할 수 있어, 환자의 최적 결과를 위해 면역 억제 요법을 실시간으로 조정할 수 있습니다.",mt
TTRTEXT|2507|0,Enhanced Import/Export Screening,강화 수출입 검역,mt
TTRTEXT|2507|1,"Using advanced nanobiology and AI analysis algorithms, we can provide real-time, ultra-sensitive detection of pathogens at border checkpoints. This system integrates nanosensors for immediate identification of contaminants in goods and materials, with rapid analysis and predictive modeling of potential outbreak risks, significantly improving global trade safety and disease prevention.","첨단 나노생물학과 AI 분석 알고리즘으로 국경 검문소에서 병원체를 실시간으로 초고감도 탐지할 수 있습니다. 이 체계는 나노 센서를 통합해 상품과 물자의 오염 물질을 즉시 식별하고, 잠재적 발병 위험을 신속히 분석하고 예측해 세계 무역의 안전과 질병 예방을 크게 개선합니다.",mt
TTRTEXT|2508|0,Nasal Spray Vaccines,비강 분무 백신,mt
TTRTEXT|2508|1,"By using nanoparticles we can enhance mucosal immunity, providing a non-invasive, effective alternative to injections. These vaccines can be self-administered, allowing for rapid and widespread distribution, particularly during pandemics, and potentially offering longer-lasting immunity with fewer doses.","나노입자로 점막 면역을 높여 주사를 대체할 수 있는 비침습적이고 효과적인 수단을 제공합니다. 이 백신은 스스로 투여할 수 있어, 특히 팬데믹 때 신속하고 광범위하게 보급할 수 있으며, 더 적은 횟수로 더 오래 지속되는 면역을 줄 수도 있습니다.",mt
TTRTEXT|2509|0,Cybernetic Aerogel Lungs,사이버네틱 에어로젤 폐,mt
TTRTEXT|2509|1,"This compact, wearable device utilizes advanced aerogel materials to simulate lung capacity and optimize gas exchange, integrated with cybernetic systems to monitor and regulate respiratory functions in real-time. It offers a highly efficient, long-term solution for patients with severe respiratory failure, offering mobility and enhanced quality of life through continuous oxygenation and carbon dioxide removal.","이 소형 착용형 장치는 첨단 에어로젤 소재로 폐 용량을 모사하고 가스 교환을 최적화하며, 사이버네틱 체계와 통합되어 호흡 기능을 실시간으로 감시하고 조절합니다. 중증 호흡 부전 환자에게 고효율의 장기적 해결책이 되어, 지속적인 산소 공급과 이산화탄소 제거를 통해 이동성과 삶의 질을 높여 줍니다.",mt
TTRTEXT|251|0,Laser Rifles,레이저 소총,mt
TTRTEXT|251|1,Laser-Based Offensive Weapons for use by Infantry and other highly portable designs.,보병과 기타 휴대성이 높은 설계에 쓰는 레이저 기반 공격 무기입니다.,mt
TTRTEXT|2510|0,Transplantable Animal Organs,이식 가능한 동물 장기,mt
TTRTEXT|2510|1,"The goal of animal organs suitable for human transplantation has long been considered, but was not previously a viable option. Advances in genetic modification now allow us to alter animal genes so we can reduce immune rejection and prevent viral transmission. Combined with gene-editing technologies, we can knock out genes responsible for triggering strong immune responses in humans, as well as adding human genes to make the animal organs more compatible. This will mean more organs available for transplants.","사람에게 이식할 수 있는 동물 장기라는 목표는 오랫동안 고려되어 왔지만 이전에는 현실적인 선택지가 아니었습니다. 이제 유전자 변형 기술의 발전으로 동물 유전자를 바꿔 면역 거부반응을 줄이고 바이러스 전파를 막을 수 있습니다. 유전자 편집 기술과 결합하면 사람에게서 강한 면역 반응을 일으키는 유전자를 제거하고, 사람 유전자를 넣어 동물 장기의 적합성을 높일 수 있습니다. 이식에 쓸 수 있는 장기가 더 늘어날 것입니다.",mt
TTRTEXT|2511|0,Nano-Organ Repair,나노 장기 수리,mt
TTRTEXT|2511|1,"Nanotechnology now enables the precise repair or regeneration of damaged organs within the body without the need for any incisions. These nanoscale devices can navigate the bloodstream, performing targeted repairs at the cellular level, potentially eliminating the need for traditional surgery and dramatically improving recovery times and patient outcomes.",이제 나노 기술로 절개 없이 몸속의 손상된 장기를 정밀하게 수리하거나 재생할 수 있습니다. 이 나노 규모 장치는 혈류를 따라 이동하며 세포 수준에서 표적 수리를 수행합니다. 기존 수술이 필요 없어질 수 있고 회복 시간과 환자의 결과가 크게 개선됩니다.,mt
TTRTEXT|2512|0,Enhanced Human Biology,강화 인간 생물학,mt
TTRTEXT|2512|1,"We can achieve unprecedented levels of health and longevity thanks to stem cell therapy and quantum computing-driven nano-electronics. Nanobiology now allows for enhanced immune responses, creating a body capable of significant self-healing and resisting previously incurable diseases.","줄기세포 치료와 양자 컴퓨팅 기반 나노 전자공학 덕분에 전례 없는 수준의 건강과 장수를 이룰 수 있습니다. 이제 나노생물학으로 면역 반응을 강화해, 상당한 자가 치유력을 갖추고 이전에는 불치였던 질병에 저항하는 신체를 만들 수 있습니다.",mt
TTRTEXT|2513|0,Nano-Antibody Transport System,나노 항체 운반 체계,mt
TTRTEXT|2513|1,"The ability to deliver therapeutic agents and genetic materials directly to specific cells or tissues without relying on antibodies for targeting. This system utilizes advanced nanomaterials and  engineered molecules to precisely guide and release treatments at the desired location, enhancing efficacy and minimizing side effects by bypassing the immune system’s conventional pathways.","표적 지정에 항체를 쓰지 않고도 치료제와 유전 물질을 특정 세포나 조직에 직접 전달하는 기술입니다. 이 체계는 첨단 나노 소재와 설계된 분자를 이용해 치료제를 원하는 위치로 정밀하게 유도하고 방출하며, 면역 체계의 기존 경로를 우회해 효능을 높이고 부작용을 최소화합니다.",mt
TTRTEXT|2514|0,Improved DNA Analysis,개량 DNA 분석,mt
TTRTEXT|2514|1,"Developing precise genome editing as well as improvements in next-generation sequencing (NGS) technologies. This makes whole-genome sequencing faster, cheaper, and more accessible. Additionally, the development of long-read sequencing techniques will allow for more accurate assembly of complex genomes and detection of sequence variations, significantly enhancing genomic research.",정밀 유전체 편집과 차세대 염기서열 분석(NGS) 기술의 개선을 개발합니다. 전장 유전체 분석이 더 빠르고 저렴하며 접근하기 쉬워집니다. 또한 장거리 염기서열 분석 기법이 개발되면 복잡한 유전체를 더 정확하게 조립하고 서열 변이를 탐지할 수 있어 유전체 연구가 크게 향상됩니다.,mt
TTRTEXT|2515|0,Improved Transplant Techniques,개량 이식 기법,mt
TTRTEXT|2515|1,"We can now work towards improved immunosuppressive drugs that reduce organ rejection. This leads to improved patient outcomes. We are also looking into innovations in surgical techniques, organ preservation, and tissue matching which can enhance the success rates and longevity of transplanted organs.","이제 장기 거부반응을 줄이는 개선된 면역 억제제를 목표로 연구할 수 있습니다. 이는 환자의 결과 개선으로 이어집니다. 또한 이식 장기의 성공률과 수명을 높일 수 있는 수술 기법, 장기 보존, 조직 적합성 검사의 혁신도 살펴보고 있습니다.",mt
TTRTEXT|2516|0,Commercial Quantum Personal Computers,상용 양자 개인용 컴퓨터,mt
TTRTEXT|2516|1,"Quantum computing has now moved from experimental phases to widespread practical use. This enables unprecedented computational speeds and problem-solving capabilities. Building on advancements in nanoscale engineering and the manipulation of quantum states, these systems overcome previous limitations in data handling and processing power. Quantum technology is now accessible for business and industry, reshaping fields like encryption, AI, and material science.","양자 컴퓨팅이 실험 단계를 벗어나 널리 실용화되었습니다. 전례 없는 연산 속도와 문제 해결 능력을 제공합니다. 나노 규모 공학과 양자 상태 조작의 발전을 바탕으로, 이 체계는 데이터 처리와 연산 능력의 기존 한계를 극복합니다. 이제 양자 기술은 기업과 산업에서 쓸 수 있으며 암호, AI, 재료 과학 같은 분야를 바꿔 놓고 있습니다.",mt
TTRTEXT|2517|0,Nanoscopic Tissue Repair,나노 규모 조직 수리,mt
TTRTEXT|2517|1,"Microscopic nanobots accelerate healing by targeting damaged cells, delivering regenerative compounds, and rebuilding tissue at the molecular level. Greatly reduces recovery time for injured units and enhances survivability in the field.",미세한 나노봇이 손상된 세포를 찾아 재생 화합물을 전달하고 분자 수준에서 조직을 재건해 치유를 가속합니다. 부상당한 유닛의 회복 시간을 크게 줄이고 전장에서의 생존력을 높입니다.,mt
TTRTEXT|2518|0,Anti Necrotic Proteins,항괴사 단백질,mt
TTRTEXT|2518|1,"Engineered to counteract cellular decay, these synthetic proteins halt necrosis at the molecular level, slowing zombification in infected hosts. Enables temporary containment of the virus and extends the window for treatment or evacuation.","세포 부패를 막도록 설계된 이 합성 단백질은 분자 수준에서 괴사를 멈춰, 감염된 숙주의 좀비화를 늦춥니다. 바이러스를 일시적으로 억제하고 치료나 대피를 위한 시간을 늘려 줍니다.",mt
TTRTEXT|2519|0,Anti Necrotic Gene Therapy,항괴사 유전자 치료,mt
TTRTEXT|2519|1,"By rewriting key genetic sequences, this therapy boosts cellular resistance to necrotic infection and regenerates damaged tissue before decay sets in. When combined with nanosurgical delivery, it offers a breakthrough in halting transformation at the source.","핵심 유전 서열을 다시 써서 괴사성 감염에 대한 세포 저항력을 높이고, 부패가 시작되기 전에 손상된 조직을 재생하는 치료법입니다. 나노 수술 방식의 전달과 결합하면 변이를 근원에서 막는 돌파구가 됩니다.",mt
TTRTEXT|252|0,Laser Cannons,레이저 포,mt
TTRTEXT|252|1,Integration of laser technology for use in Tank-Gun applications.,전차포에 쓰기 위한 레이저 기술 통합입니다.,mt
TTRTEXT|2520|0,Anti Necrotic Nanites,항괴사 나나이트,mt
TTRTEXT|2520|1,"Powered by quantum-optimized algorithms, these autonomous nanites identify and neutralize necrotic cells in real time. Capable of adaptive response, they patrol the body to suppress infection, repair tissue, and prevent viral resurgence with unprecedented precision.","양자 최적화 알고리즘으로 구동되는 자율 나나이트가 괴사 세포를 실시간으로 식별하고 무력화합니다. 적응형 대응이 가능해 몸속을 순찰하며 감염을 억제하고 조직을 수리하며, 전례 없는 정밀도로 바이러스의 재발을 막습니다.",mt
TTRTEXT|2521|0,Necrotic Nano-Defenses,괴사 나노 방어,mt
TTRTEXT|2521|1,"An integrated nanosystem embedded in host tissue, it provides continuous immune support and real-time pathogen elimination. Designed to preempt infection before symptoms arise, these defenses mark the first true internal firewall against the necrotic threat.","숙주 조직에 심어 두는 통합 나노 체계로, 지속적인 면역 지원과 실시간 병원체 제거를 제공합니다. 증상이 나타나기 전에 감염을 선제적으로 막도록 설계되었으며, 이 방어 체계는 괴사 위협에 맞선 최초의 진정한 체내 방화벽입니다.",mt
TTRTEXT|253|0,Airborne Laser,공중 발사 레이저,mt
TTRTEXT|253|1,"Laser-Based Weapons that can be deployed on Airborne platforms, for use against air and ground targets.",공중 플랫폼에 배치해 공중 및 지상 표적에 쓸 수 있는 레이저 기반 무기입니다.,mt
TTRTEXT|254|0,Common Missiles,범용 미사일,mt
TTRTEXT|254|1,Multi-purpose missile designs combining Anti-Air and Anti-Tank capabilities in a single missile platform.,대공과 대전차 능력을 하나의 미사일 플랫폼에 결합한 다목적 미사일 설계입니다.,mt
TTRTEXT|255|0,Common Ranged Missiles,범용 장거리 미사일,mt
TTRTEXT|255|1,"Multi-purpose mid-range missile designs combining Anti-Air and Anti-Tank capabilities in a single missile platform, with ranges in excess of 30km.","대공과 대전차 능력을 하나의 미사일 플랫폼에 결합한 다목적 중거리 미사일 설계로, 사거리가 30km를 넘습니다.",mt
TTRTEXT|256|0,NLOS Common Missiles,NLOS 범용 미사일,mt
TTRTEXT|256|1,No Line of Sight combined target (Anti-Air and Anti-Tank) missile technologies,비가시선 복합 표적(대공 및 대전차) 미사일 기술입니다.,mt
TTRTEXT|257|0,Electro-Magnetic Ballistics,전자기 탄도학,mt
TTRTEXT|257|1,"Increased range for Electro-Magnetic based weapons, available for both Land and Naval platforms.",지상과 해상 플랫폼 모두에서 쓸 수 있는 전자기 기반 무기의 사거리를 늘립니다.,mt
TTRTEXT|258|0,Smart Target Munitions,스마트 표적 탄약,mt
TTRTEXT|258|1,Smart Targeting 'Fire and Forget' Munitions that will identify and seek out potential targets.,잠재적 표적을 식별하고 추적하는 스마트 표적 지정 '발사 후 망각' 탄약입니다.,mt
TTRTEXT|259|0,Multi Purpose AT Munitions,다목적 대전차 탄약,mt
TTRTEXT|259|1,"Multi Purpose Anti Tank Munitions, increasing accuracy and lethality of attacking armored targets.",장갑 표적을 공격할 때의 정확도와 살상력을 높이는 다목적 대전차 탄약입니다.,mt
TTRTEXT|26|0,Basic Missile Concepts,기초 미사일 개념,mt
TTRTEXT|26|1,"An explosive payload mounted on a rocket propelled projectile.  This technology is the foundation for missile design, construction, and future related advances.","로켓으로 추진하는 투사체에 폭발성 탑재물을 장착한 것입니다. 이 기술은 미사일 설계, 제작, 그리고 앞으로의 관련 발전의 토대입니다.",mt
TTRTEXT|260|0,Anti Personnel Munitions,대인 탄약,mt
TTRTEXT|260|1,"Advances in Anti Personnel Munitions, increasing lethality and area of effect.",살상력과 효과 범위를 높이는 대인 탄약의 발전입니다.,mt
TTRTEXT|261|0,Real-time Communications,실시간 통신,mt
TTRTEXT|261|1,"New Technologies and Designs used to upgrade units in the field, increasing coordination and communications between military units.  Overall military efficiency and effectiveness will improve.","현장의 유닛을 개량하는 데 쓰는 신기술과 설계로, 군사 유닛 사이의 협조와 통신을 높입니다. 군 전체의 효율과 효과가 향상됩니다.",mt
TTRTEXT|262|0,Advanced Facility Defense,고급 시설 방어,mt
TTRTEXT|262|1,"Deployment of Systems to defend Facilities, Industries and Urban Areas from attacks by missiles or artillery.","시설, 산업, 도시 지역을 미사일이나 포병의 공격으로부터 지키는 체계를 배치합니다.",mt
TTRTEXT|263|0,Advanced Facility Defenses,고급 시설 방어 II,mt
TTRTEXT|263|1,"Application and Deployment of Advanced Technologies to defend Facilities, Industries and Urban Areas from missile or artillery attack.","시설, 산업, 도시 지역을 미사일이나 포병의 공격으로부터 지키기 위해 첨단 기술을 적용하고 배치합니다.",mt
TTRTEXT|264|0,Depleted Uranium Munitions,열화우라늄탄,mt
TTRTEXT|264|1,New Munitions designs involving Depleted Uranium to create more lethal anti-armor capabilities.,열화우라늄을 활용해 더 치명적인 대전차 능력을 내는 새로운 탄약 설계입니다.,mt
TTRTEXT|266|0,Electro-Thermal Systems,전열 체계,mt
TTRTEXT|266|1,"The generation of high energy with minimal heat, to allow the development of future devices that require significant energy output.","열을 최소화하면서 고에너지를 생성해, 상당한 에너지 출력이 필요한 미래 장치의 개발을 가능하게 합니다.",mt
TTRTEXT|267|0,Advanced Superconductors,고급 초전도체,mt
TTRTEXT|267|1,New design and production technologies for Superconductors and superconducting materials.,초전도체와 초전도 소재의 새로운 설계 및 생산 기술입니다.,mt
TTRTEXT|268|0,Water Reclamation,물 재생,mt
TTRTEXT|268|1,Allows the building of Water Reclamation plants to provide water in areas where fresh water resources are scarce.,담수 자원이 부족한 지역에 물을 공급하는 물 재생 공장을 건설할 수 있게 합니다.,mt
TTRTEXT|27|0,ICBM Capability,ICBM 능력,mt
TTRTEXT|27|1,"Long range missiles, using multi-stage rocket technologies.",다단 로켓 기술을 쓰는 장거리 미사일입니다.,mt
TTRTEXT|270|0,Future Combat Aircraft,미래형 전투기,mt
TTRTEXT|270|1,"Sophisticated new technologies for next generation combat aircraft, with improved air-to-air, spotting, and stealth capabilities.","공대공, 탐지, 스텔스 능력이 향상된 차세대 전투기를 위한 정교한 신기술입니다.",mt
TTRTEXT|271|0,Tactical Internet,전술 인터넷,mt
TTRTEXT|271|1,"Deployment of redundant, high-performance data networks designed for Government and Military Applications.",정부와 군사 용도로 설계한 이중화된 고성능 데이터 네트워크를 배치합니다.,mt
TTRTEXT|272|0,Universal Immunizations,보편 예방접종,mt
TTRTEXT|272|1,Implementing universal immunization programs that deliver the benefits of the latest vaccines and therapies to the entire population.,최신 백신과 치료법의 혜택을 전 국민에게 제공하는 보편 예방접종 프로그램을 시행합니다.,mt
TTRTEXT|273|0,Controlled EMP,통제 EMP,mt
TTRTEXT|275|0,Upgraded Manufacturing,제조 개량,mt
TTRTEXT|275|1,"Research and Implementation of Upgrades to Manufacturing processes and systems, resulting in increased production line efficiencies.",제조 공정과 체계의 개량을 연구하고 도입해 생산 라인의 효율을 높입니다.,mt
TTRTEXT|276|0,Advanced Construction,고급 건설,mt
TTRTEXT|276|1,"Using new technologies and materials in the construction of commercial and industrial facilities, to reduce build times and increase efficiencies.",상업 및 산업 시설 건설에 신기술과 신소재를 사용해 건설 기간을 줄이고 효율을 높입니다.,mt
TTRTEXT|277|0,Manufacturing Improvements IV,제조 개선 IV,mt
TTRTEXT|277|1,Next stage of incorporating new Manufacturing Technologies to improve efficiencies and reduce raw materials requirements.,새로운 제조 기술을 도입해 효율을 높이고 원자재 요구량을 줄이는 다음 단계입니다.,mt
TTRTEXT|278|0,Consumer Recycling,소비재 재활용,mt
TTRTEXT|278|1,"Advances in reduction, reuse and recycling of consumer materials.","소비재 소재의 감량, 재사용, 재활용의 발전입니다.",mt
TTRTEXT|279|0,Advanced Naval Defense,고급 해군 방어,mt
TTRTEXT|279|1,"A combination of Naval Defense technologies against Air, Surface, and Submarine Threats.  Inherent ability to track and engage dozens of targets simultaneously.","공중, 수상, 잠수함 위협에 맞선 해군 방어 기술의 결합입니다. 수십 개의 표적을 동시에 추적하고 교전할 수 있는 고유 능력을 갖췄습니다.",mt
TTRTEXT|28|0,Wireless Networks,무선 네트워크,mt
TTRTEXT|28|1,"Communications networks for military and civilian use of wireless technologies (cell phones, wireless data, and more).","무선 기술(휴대전화, 무선 데이터 등)을 군사 및 민간 용도로 쓰는 통신 네트워크입니다.",mt
TTRTEXT|280|0,Self Healing Mine Fields,자가 복구 지뢰밭,mt
TTRTEXT|280|1,"Mine fields with 'smart' capabilities that will automatically redeploy munitions, and also employ more advanced target detection.",탄약을 자동으로 재배치하고 더 진보된 표적 탐지를 활용하는 '스마트' 능력을 갖춘 지뢰밭입니다.,mt
TTRTEXT|281|0,Advanced Mine Clearing,고급 지뢰 제거,mt
TTRTEXT|281|1,A combination of technologies to better detect and neutralize enemy minefields.,적 지뢰밭을 더 잘 탐지하고 무력화하는 기술의 결합입니다.,mt
TTRTEXT|282|0,GPS Missile Designs,GPS 미사일 설계,mt
TTRTEXT|282|1,Self-Guiding and Cruise Missile designs that incorporate Global Positioning System Electronics to guide them to their targets.,위성 항법 전자 장치로 표적까지 유도하는 자체 유도 미사일과 순항 미사일 설계입니다.,mt
TTRTEXT|283|0,Bio-Weapons Production,생물 무기 생산,mt
TTRTEXT|283|1,"Facilities and Manufacturing of Biological Agents and Weapons, including isolating 'Weaponized' Biological products and delivery systems.",'무기화'한 생물학적 산물과 운반 체계의 분리를 포함한 생물 작용제 및 무기의 시설과 제조입니다.,mt
TTRTEXT|284|0,Energy Conservation,에너지 절약,mt
TTRTEXT|284|1,"Consumer energy conservation projects and policies, reducing civilian energy use and demand.",민간 에너지 사용과 수요를 줄이는 소비자 에너지 절약 사업과 정책입니다.,mt
TTRTEXT|285|0,Advanced Supercavitation,고급 초공동,mt
TTRTEXT|285|1,"Supercavitation uses a gaseous bubble to surround a torpedo or hull while in water, greatly increasing speed by reducing drag.  New research has developed better methods for creating and maintaining the gaseous bubble while still allowing for directional control.",초공동은 물속의 어뢰나 선체를 기체 막으로 감싸 항력을 줄여 속도를 크게 높입니다. 새로운 연구로 방향 제어를 유지하면서 기체 막을 만들고 유지하는 더 나은 방법이 개발되었습니다.,mt
TTRTEXT|286|0,Modern Naval Weapons,현대 해군 무기,mt
TTRTEXT|286|1,"Weapons and Defense Systems and Technologies for modern Naval craft, including systems to engage Air, Surface, and Submarine Threats.  Includes improved Target Acquisition, Tracking, and Interception capabilities.","공중, 수상, 잠수함 위협에 맞서는 체계를 포함한 현대 해군 함정의 무기, 방어 체계, 기술입니다. 표적 획득, 추적, 요격 능력이 향상됩니다.",mt
TTRTEXT|287|0,Modern Naval Electronics,현대 해군 전자 장비,mt
TTRTEXT|287|1,"Applied upgrades and technologies for advanced Naval Warfare, including improvements in Radar, Target Acquisition, and Propulsion.","레이더, 표적 획득, 추진의 개선을 포함해 첨단 해전을 위한 개량과 기술을 적용합니다.",mt
TTRTEXT|288|0,21st Century Naval Vessels,21세기 해군 함정,mt
TTRTEXT|288|1,"New and revolutionary designs and technologies for modern Naval Vessels, including advanced weapons systems, target acquisition, defensive capabilities, and increased survivability.","첨단 무기 체계, 표적 획득, 방어 능력, 생존력 향상을 포함한 현대 해군 함정의 새롭고 혁신적인 설계와 기술입니다.",mt
TTRTEXT|289|0,Improved Missiles Guidance,개량 미사일 유도,mt
TTRTEXT|289|1,With guidance systems we can create smart missiles that can track targets independently after being launched.,유도 체계로 발사 후 독립적으로 표적을 추적할 수 있는 스마트 미사일을 만들 수 있습니다.,mt
TTRTEXT|29|0,Digital Signal Broadcasting,디지털 신호 방송,mt
TTRTEXT|29|1,"Using a combination of satellite signals and wireless technologies, it is possible to have digital news networks or video conferencing easily transmitted to any receiver, even something as simple as a mobile phone with video capabilities.",위성 신호와 무선 기술을 결합하면 디지털 뉴스 네트워크나 화상 회의를 영상 기능이 있는 휴대전화 같은 단순한 수신기에도 쉽게 전송할 수 있습니다.,mt
TTRTEXT|290|0,Air Defense Sites,방공 기지,mt
TTRTEXT|290|1,"As air superiority continues to be a deciding factor in modern warfare, air defense installations have been updated to use modern surface to air missiles.  These structures help secure local airspace.","제공권이 현대전의 결정적 요소로 남아 있으므로, 방공 시설을 현대식 지대공 미사일을 쓰도록 개량했습니다. 이 시설은 지역 영공을 지키는 데 도움이 됩니다.",mt
TTRTEXT|291|0,Planar Array Radars,평면 배열 레이더,mt
TTRTEXT|291|1,Improved Radar System that makes use of a high-gain antenna that combines mechanical steering of the antenna to change horizontal direction and frequency change to alter vertical direction.  This provides a more accurate 3D perspective.,"고이득 안테나를 사용하는 개량 레이더 체계로, 안테나의 기계식 조향으로 수평 방향을 바꾸고 주파수 변경으로 수직 방향을 바꿉니다. 더 정확한 3차원 시야를 제공합니다.",mt
TTRTEXT|293|0,Improved Ore Mining,개량 광석 채굴,mt
TTRTEXT|293|1,"Through techniques of advanced mineral refining, we can improve our methods for mining Ore.",고급 광물 정련 기법으로 광석 채굴 방식을 개선할 수 있습니다.,mt
TTRTEXT|294|0,Improved Coal Mining,개량 석탄 채굴,mt
TTRTEXT|294|1,"Through techniques of advanced mineral refining, we can improve our methods for mining coal.",고급 광물 정련 기법으로 석탄 채굴 방식을 개선할 수 있습니다.,mt
TTRTEXT|295|0,Improved Uranium Mining,개량 우라늄 채굴,mt
TTRTEXT|295|1,"Through techniques of advanced mineral refining, we can improve our methods for mining uranium.",고급 광물 정련 기법으로 우라늄 채굴 방식을 개선할 수 있습니다.,mt
TTRTEXT|296|0,Multi-Fueled Power Plants,다연료 발전소,mt
TTRTEXT|296|1,Upgrades to Electrical Plants to generate less pollution and combines different raw materials.,오염을 덜 일으키고 여러 가지 원자재를 함께 쓰도록 발전소를 개량합니다.,mt
TTRTEXT|297|0,Scramjet Flight,스크램제트 비행,mt
TTRTEXT|297|1,Aviation engine technology designed for hypersonic flight.  High speeds are achieved by burning fuel in the supersonic airstream produced by the plane's travel.,극초음속 비행을 위해 설계한 항공 엔진 기술입니다. 비행하면서 생기는 초음속 기류 속에서 연료를 연소해 고속을 얻습니다.,mt
TTRTEXT|298|0,Organic Road Materials,유기 도로 소재,mt
TTRTEXT|298|1,"New Materials for the construction and repair of transportation roadways.  These new materials are self-healing and create significant savings in maintenance costs, as well as improving the quality and safety of highways.",도로 건설과 보수를 위한 신소재입니다. 이 신소재는 스스로 복구되어 유지 보수 비용을 크게 아끼고 고속도로의 품질과 안전도 개선합니다.,mt
TTRTEXT|299|0,Advanced Hover transport,고급 호버 수송,mt
TTRTEXT|299|1,"New methods of creating cushions of air have looked at the previous weaknesses that classic hovercrafts suffered and found methods to solve them.  From polymer skirts as durable as armor plating to micro engines that provide more power, these new classes of vehicle are quickly entering both commercial and military use.","공기 쿠션을 만드는 새로운 방법으로 기존 호버크라프트의 약점을 분석해 해결책을 찾았습니다. 장갑판만큼 튼튼한 폴리머 스커트부터 더 큰 힘을 내는 초소형 엔진까지, 이 새로운 종류의 차량은 민간과 군사 용도로 빠르게 보급되고 있습니다.",mt
TTRTEXT|3|0,Water Conservation,물 절약,mt
TTRTEXT|3|1,"Water Conservation / Recycling Technologies.  These technologies promote environmentally friendly water practices, and reduce fresh water demand.",물 절약 및 재활용 기술입니다. 이 기술은 환경 친화적인 물 사용을 장려하고 담수 수요를 줄입니다.,mt
TTRTEXT|30|0,Attack Helicopter Designs,공격 헬리콥터 설계,mt
TTRTEXT|30|1,"Helicopter designs centered around lethality and survivability, creating a more effective and durable military helicopter.","살상력과 생존력에 초점을 맞춘 헬리콥터 설계로, 더 효과적이고 튼튼한 군용 헬리콥터를 만듭니다.",mt
TTRTEXT|300|0,Controlled Genetic Mutation,통제 유전자 변이,mt
TTRTEXT|300|1,"Applying Genetic manipulation and enhancement for the purposes of creating improved life forms.  Many ethnical questions arise, and this research is particularly controversial when applied towards Human genetic engineering.","개선된 생명체를 만들기 위해 유전자 조작과 강화를 적용합니다. 많은 윤리적 문제가 제기되며, 특히 인간 유전 공학에 적용할 때 이 연구는 논란이 큽니다.",mt
TTRTEXT|301|0,Liquid Metal,액체 금속,mt
TTRTEXT|301|1,"New technologies for the creation of materials that can change state from solid metal form to liquid form, allowing revolutionary armor and other developments.","고체 금속 상태에서 액체 상태로 변할 수 있는 소재를 만드는 신기술로, 혁신적인 장갑과 기타 개발을 가능하게 합니다.",mt
TTRTEXT|302|0,Directional EM Pulse,지향성 EM 펄스,mt
TTRTEXT|302|1,Technology to focus an Electromagnetic Pulse along a confined and narrow path.,전자기 펄스를 좁고 한정된 경로로 집중시키는 기술입니다.,mt
TTRTEXT|303|0,Directional EM Pulse Weapons,지향성 EM 펄스 무기,mt
TTRTEXT|303|1,Technology that adapts Directional Electromagnetic Pulses into weapons applications and allows for production of specific designs that incorporate this phenomenon.,"지향성 전자기 펄스를 무기에 응용하고, 이 현상을 활용한 특정 설계를 생산할 수 있게 하는 기술입니다.",mt
TTRTEXT|304|0,Advanced Metal Storm,고급 메탈 스톰,mt
TTRTEXT|304|1,"Second generation of advanced, high rate-of-fire projectile weapons technologies.",고속 연사 투사체 무기 기술의 2세대입니다.,mt
TTRTEXT|305|0,Extreme Range AA Weapons,초장거리 대공 무기,mt
TTRTEXT|305|1,Extreme Range Air-to-Air missile technology that will allow development of new Air to Air missile designs with vastly improved ranges.,사거리가 크게 늘어난 새로운 공대공 미사일 설계를 개발할 수 있게 하는 초장거리 공대공 미사일 기술입니다.,mt
TTRTEXT|306|0,Future Combat Aircraft II,미래형 전투기 II,mt
TTRTEXT|306|1,"Next generation of new technologies needed for future combat aircraft, with further improved air-to-air, spotting, and stealth capabilities.","공대공, 탐지, 스텔스 능력이 더욱 향상된 미래 전투기에 필요한 차세대 신기술입니다.",mt
TTRTEXT|307|0,Spaced Armor,공간 장갑,mt
TTRTEXT|307|1,"Armor with two or more plates spaced a distance apart, to reduce the penetrating power of bullets and solid shot.","두 장 이상의 판을 일정 간격을 두고 배치한 장갑으로, 총탄과 고체 탄의 관통력을 줄입니다.",mt
TTRTEXT|308|0,Advanced Mineral Refining,고급 광물 정련,mt
TTRTEXT|308|1,Technological improvement to extraction of minerals in the mining process.  When applied to specific industries this will allow us to increase the output of associated facilities.,채굴 과정에서 광물을 추출하는 기술의 개선입니다. 특정 산업에 적용하면 관련 시설의 생산량을 늘릴 수 있습니다.,mt
TTRTEXT|309|0,Composites Crystallization,복합재 결정화,mt
TTRTEXT|309|1,Technology to adapt and process minerals for energy intensive uses.  Allows development of futuristic High Energy applications including focused beam weaponry.,광물을 에너지 집약적 용도에 맞게 가공하는 기술입니다. 집속 빔 무기를 포함한 미래형 고에너지 응용 개발을 가능하게 합니다.,mt
TTRTEXT|31|0,Mid Air Refueling,공중 급유,mt
TTRTEXT|31|1,Mid Air refueling allows aircraft to remain in flight beyond their limitations of fuel range.,공중 급유로 항공기가 연료 항속 거리의 한계를 넘어 계속 비행할 수 있습니다.,mt
TTRTEXT|310|0,Gyrostabilized Gun Mounts,자이로 안정 포 거치대,mt
TTRTEXT|310|1,Gun mounts mechanically stabilized to improve targeting and fire control.,표적 지정과 사격 통제를 개선하기 위해 기계식으로 안정화한 포 거치대입니다.,mt
TTRTEXT|311|0,Electrically Charged Armor,전하 장갑,mt
TTRTEXT|311|1,Technology for running a directed electrical charge through armor plating to add magnetic resistance against projectile weapons of all types.,장갑판에 지향성 전하를 흘려 모든 종류의 투사체 무기에 대한 자기 저항을 더하는 기술입니다.,mt
TTRTEXT|312|0,Electronic Fire Control,전자 사격 통제,mt
TTRTEXT|312|1,Targeting and fire systems augmented by computer and electronic control to improve accuracy and ability to fire while moving or in obscured conditions.,"컴퓨터와 전자 제어로 보강한 표적 지정 및 사격 체계로, 이동 중이거나 시야가 가려진 조건에서도 정확도와 사격 능력을 높입니다.",mt
TTRTEXT|313|0,Submarine Snorkel,잠수함 스노클,mt
TTRTEXT|313|1,Development of ability by submarines to stay submerged while taking in air from the surface.  Also allows submarines to remain submerged while venting fumes from operating engines under diesel power with batteries recharging.,잠수함이 수면에서 공기를 흡입하면서 잠항 상태를 유지하는 능력을 개발합니다. 또한 디젤 동력으로 엔진을 가동하며 배터리를 충전할 때 배기가스를 배출하면서도 잠항 상태를 유지할 수 있습니다.,mt
TTRTEXT|314|0,Tilt-Rotor Aircraft,틸트로터 항공기,mt
TTRTEXT|314|1,"A new design of aircraft that can take-off and land similar to a helicopter, yet change in-flight to a more efficient forward-propeller configuration.  Would allow larger cargo capacities and higher flight speeds than traditional rotor craft.",헬리콥터처럼 이착륙하면서 비행 중에는 더 효율적인 전방 프로펠러 형태로 바뀌는 새로운 항공기 설계입니다. 기존 회전익 항공기보다 화물 적재량이 크고 비행 속도가 빠릅니다.,mt
TTRTEXT|315|0,Radar Absorbent Materials,전파 흡수 소재,mt
TTRTEXT|315|1,Radar Absorbent Materials are an essential technology for stealth capabilities.,전파 흡수 소재는 스텔스 능력에 필수적인 기술입니다.,mt
TTRTEXT|317|0,Analog Fly-By-Wire Systems,아날로그 플라이 바이 와이어 체계,mt
TTRTEXT|317|1,"The fly-by-wire flight control system eliminates the complexity, fragility and weight of the mechanical circuit of the hydromechanical flight control systems and replaces it with an electrical circuit.","플라이 바이 와이어 비행 제어 체계는 유압 기계식 비행 제어 체계의 기계 회로가 지닌 복잡성, 취약성, 무게를 없애고 전기 회로로 대체합니다.",mt
TTRTEXT|318|0,Helicopter Refueling Probe,헬리콥터 급유 프로브,mt
TTRTEXT|318|1,Modification to Helicopter designs to allow for models with docking collar for mid-air refueling.,공중 급유를 위한 도킹 칼라를 갖춘 기종이 나올 수 있도록 헬리콥터 설계를 개조합니다.,mt
TTRTEXT|319|0,Advanced Naval Weapons,고급 해군 무기,mt
TTRTEXT|319|1,"General improvement to the technology of naval based weaponry with focus on range, accuracy and rate of fire.","사거리, 정확도, 발사 속도에 중점을 둔 해군 무기 기술의 전반적 개선입니다.",mt
TTRTEXT|32|0,Digital Fly-By-Wire Systems,디지털 플라이 바이 와이어 체계,mt
TTRTEXT|32|1,Allows aircraft to be controlled through electrical systems.  This achievement also allows more advanced designs of aircraft that require computer assistance to control and fly.,전기 체계로 항공기를 제어할 수 있게 합니다. 이 성과로 조종과 비행에 컴퓨터 보조가 필요한 더 진보된 항공기 설계도 가능해집니다.,mt
TTRTEXT|320|0,Artillery Locating Radar,포병 위치 탐지 레이더,mt
TTRTEXT|320|1,Artillery and mortar locating radar provides opponent forces with fairly accurate positioning information on guns and mortars firing at them. Fielding Arty & Mortar Locating Radars provides improved counter-battery fire against hostile artillery and mortar systems.,포병 및 박격포 위치 탐지 레이더는 아군을 향해 사격하는 적의 포와 박격포의 위치를 꽤 정확하게 알려 줍니다. 포병 및 박격포 위치 탐지 레이더를 배치하면 적 포병과 박격포 체계에 대한 대포병 사격이 개선됩니다.,mt
TTRTEXT|321|0,Electromagnetic Catapult,전자기 캐터펄트,mt
TTRTEXT|321|1,Improved catapult system for Carrier ships.  Allows for shorter take off distances and increases the maximum weight of potential carrier launched aircraft.,항공모함용 개량 캐터펄트 체계입니다. 이륙 거리를 줄이고 항공모함에서 발진하는 항공기의 최대 중량을 늘립니다.,mt
TTRTEXT|322|0,Electronic Gun Stabilization,전자식 포 안정화,mt
TTRTEXT|322|1,Improvements in targeting and accurate firing while in moving vehicles.,이동 중인 차량에서의 표적 지정과 정확한 사격을 개선합니다.,mt
TTRTEXT|325|0,Nano Biology,나노 생물학,mt
TTRTEXT|325|1,"Having nanites interact with living cells is a delicate science, but it will inevitable allow us to affect organisms in entirely new ways.","나나이트가 살아 있는 세포와 상호작용하게 하는 것은 섬세한 과학이지만, 결국 완전히 새로운 방식으로 생물에 영향을 줄 수 있게 될 것입니다.",mt
TTRTEXT|326|0,Nano-Enhanced Immune Systems,나노 강화 면역 체계,mt
TTRTEXT|326|1,"Where the body's immune system cannot defend itself, Nanobiology is now offering further defenses.  Nanites can be used to attack foreign bodies or stimulate the immune system responses.  The health of the population is sure to improve as more",신체 면역 체계가 스스로 방어하지 못하는 곳에서 나노생물학이 이제 추가 방어를 제공합니다. 나나이트로 이물질을 공격하거나 면역 체계 반응을 자극할 수 있습니다. 국민의 건강은 분명 더 좋아질 것입니다.,mt
TTRTEXT|327|0,Limb Regeneration,사지 재생,mt
TTRTEXT|327|1,Through a complex system of genome resequencing we can now prompt the human body to begin to regenerate lost limbs,복잡한 유전체 재배열 체계를 통해 이제 인체가 잃어버린 사지를 재생하기 시작하도록 유도할 수 있습니다.,mt
TTRTEXT|328|0,Advanced Power Coupling,고급 동력 결합,mt
TTRTEXT|328|1,"As we tap into new energy sources, we will require new control facilities to deal with integrating the energy levels we hope to yield.  The designs for Matter-Energy Converters should be ready shortly.",새로운 에너지원을 개발하면 얻게 될 에너지 수준을 통합하기 위한 새로운 제어 시설이 필요합니다. 물질-에너지 변환기의 설계가 곧 준비될 것입니다.,mt
TTRTEXT|33|0,Stealth Construction,스텔스 건설,mt
TTRTEXT|33|1,Radar Absorbent Materials are an essential technology for stealth capabilities.,전파 흡수 소재는 스텔스 능력에 필수적인 기술입니다.,mt
TTRTEXT|330|0,Free Markets,자유 시장,mt
TTRTEXT|331|0,State Monopolies,국가 독점,mt
TTRTEXT|332|0,Controlled Nuclear Fusion Principles,통제 핵융합 원리,mt
TTRTEXT|333|0,Protection of Free Will,자유 의지 보호,mt
TTRTEXT|333|1,"The institution of rules and laws to protect the right of the population to practice speech, religion, language, orientation and other choices without fear of discrimination.","차별에 대한 두려움 없이 국민이 발언, 종교, 언어, 성적 지향 및 기타 선택을 할 권리를 보호하는 규칙과 법률을 제정합니다.",mt
TTRTEXT|334|0,Legalize Controlled Substances,통제 약물 합법화,mt
TTRTEXT|334|1,"Since it is becoming evident that illicit drugs cannot be eliminated from society, legalization is intended to remove the criminal element from the equation.  The hope is that through legislation and regulation we can better deal with this problem as a society.","불법 약물을 사회에서 없앨 수 없음이 분명해지고 있으므로, 합법화로 범죄 요소를 문제에서 제거하려는 것입니다. 입법과 규제를 통해 사회 전체가 이 문제에 더 잘 대처하기를 기대합니다.",mt
TTRTEXT|335|0,Wealth Redistribution,부의 재분배,mt
TTRTEXT|336|0,Naval Sonar Station (SOSUS),해군 소나 기지(SOSUS),mt
TTRTEXT|336|1,~120,,
TTRTEXT|337|0,Nano Electronics,나노 전자공학,mt
TTRTEXT|337|1,The Nanotechnology advances in recent years are beginning to make their way into mainstream commercial applications. The use of Nanites is expanding into new industries with every passing day.,최근 몇 년간의 나노 기술 발전이 주류 상업 응용에 들어서기 시작했습니다. 나나이트의 사용은 하루가 다르게 새로운 산업으로 확대되고 있습니다.,mt
TTRTEXT|338|0,DNA Identification,DNA 신원 확인,mt
TTRTEXT|338|1,"While DNA information tracking has been controversial, the security potential of being able to prove identities through a DNA fingerprint offers a new level of accuracy.","DNA 정보 추적은 논란이 되어 왔지만, DNA 지문으로 신원을 증명할 수 있다는 보안상의 가능성은 새로운 수준의 정확도를 제공합니다.",mt
TTRTEXT|339|0,DNA Masking,DNA 은폐,mt
TTRTEXT|339|1,"Since so much work has been done on DNA identification, it was inevitable that at some point it would become possible to create false positives","DNA 신원 확인에 워낙 많은 연구가 이루어졌으므로, 언젠가 위양성을 만들어 낼 수 있게 되는 것은 필연이었습니다.",mt
TTRTEXT|34|0,Stealth Aircraft Designs,스텔스 항공기 설계,mt
TTRTEXT|34|1,"Using Advances in Radar Absorbent Materials and aircraft shapes, it is possible to achieve an aircraft with extremely low RCS (Radar Cross Section).  This allows the aircraft to fly undetected within enemy radar coverage.",전파 흡수 소재와 항공기 형상의 발전으로 RCS(레이더 반사 면적)가 극도로 낮은 항공기를 만들 수 있습니다. 이 항공기는 적 레이더 탐지 범위 안에서도 들키지 않고 비행할 수 있습니다.,mt
TTRTEXT|340|0,Algae Farms,조류 농장,mt
TTRTEXT|340|1,~125,,
TTRTEXT|341|0,Synthetic Manufacturing,합성 제조,mt
TTRTEXT|341|1,Consumer and industrial construction techniques are now making use of less conventional materials.  This decreases the demand for timber but these new materials must be manufactured by our consumer and industrial industries.,소비재와 산업용 건설 기법에서 이제 덜 전통적인 소재를 쓰고 있습니다. 목재 수요는 줄지만 이 신소재는 소비재 및 산업 부문에서 제조해야 합니다.,mt
TTRTEXT|342|0,Thermo-Electrochem Converters,열전기화학 변환기,mt
TTRTEXT|342|1,New advances are being made in solid state energy generation using pressurized gasses between conductive membranes.  The resulting reactions are providing performance levels that seem promising for providing alternative energy generation for small scale applications.,전도성 막 사이에서 가압 기체를 이용하는 고체 상태 에너지 생성에 새로운 진전이 이루어지고 있습니다. 그 결과로 나타나는 반응의 성능은 소규모 용도의 대체 에너지 생성에 유망해 보입니다.,mt
TTRTEXT|343|0,Commercial TEC systems,상업용 TEC 체계,mt
TTRTEXT|343|1,Thermo-Electrochemical Converters can be used in both commercial and industrial settings to reduce energy consumption.,열전기화학 변환기는 상업과 산업 현장 모두에서 에너지 소비를 줄이는 데 쓸 수 있습니다.,mt
TTRTEXT|35|0,Fixed Wing VTOL Designs,고정익 VTOL 설계,mt
TTRTEXT|35|1,Vertical Take-Off or Landing technologies allow development of aircraft that can better be fielded from small carriers.,수직 이착륙 기술로 소형 항공모함에서 더 잘 운용할 수 있는 항공기를 개발할 수 있습니다.,mt
TTRTEXT|350|0,Human Cloning,인간 복제,mt
TTRTEXT|350|1,"The duplication of a living human being.  Very controversial and ethically problematic, human cloning is seen as dangerous and elitist, and is looked upon unfavorably the majority of the population.","살아 있는 인간을 복제하는 일입니다. 논란이 매우 크고 윤리적으로 문제가 많아, 인간 복제는 위험하고 엘리트주의적이라고 여겨지며 대다수 국민이 부정적으로 봅니다.",mt
TTRTEXT|351|0,Advanced Nano Assembly,고급 나노 조립,mt
TTRTEXT|351|1,"As we develop more intricate nanotechnology, it is becoming possible to have more complex objects assembled from raw materials manipulated for the molecular level.","더 정교한 나노 기술을 개발하면서, 분자 수준에서 다룬 원료로 더 복잡한 물체를 조립할 수 있게 되고 있습니다.",mt
TTRTEXT|352|0,Nano-Manufacturing,나노 제조,mt
TTRTEXT|352|1,"Much like robotics changed the face of manufacturing, nanotechnology is completely redesigning the modern factory.  By integrating processes of nano assembly we will be able to produce goods at much higher levels than previously seen.",로봇 공학이 제조업의 면모를 바꾼 것처럼 나노 기술은 현대 공장을 완전히 재설계하고 있습니다. 나노 조립 공정을 통합하면 이전에 없던 높은 수준으로 물자를 생산할 수 있습니다.,mt
TTRTEXT|353|0,Nano-Fabrication,나노 제작,mt
TTRTEXT|353|1,"In the same way that our production of goods has been advanced through nanotechnology, military fabrication is following this new trend.","나노 기술로 물자 생산이 발전한 것과 같은 방식으로, 군사 제작도 이 새로운 흐름을 따르고 있습니다.",mt
TTRTEXT|354|0,Nano-Construction,나노 건설,mt
TTRTEXT|354|1,"Thanks to techniques of advanced nano assembly , the work required for construction of new buildings has been reduced.",고급 나노 조립 기법 덕분에 새 건물을 짓는 데 필요한 작업이 줄었습니다.,mt
TTRTEXT|356|0,Electropolymer Wheels,전기 폴리머 바퀴,mt
TTRTEXT|356|1,By applying current to the wheels the material density can be affected to provide better traction and less wear,바퀴에 전류를 가하면 소재 밀도에 영향을 주어 접지력은 높이고 마모는 줄일 수 있습니다.,mt
TTRTEXT|357|0,Electropolymer Cooling,전기 폴리머 냉각,mt
TTRTEXT|357|1,Solid state cooling has been limited for a long time by low efficiency systems.  We are now breaking those barriers with systems offering large effects for the energy put into them.,고체 상태 냉각은 오랫동안 효율이 낮은 체계 때문에 제약을 받았습니다. 이제 투입한 에너지에 비해 큰 효과를 내는 체계로 그 한계를 깨고 있습니다.,mt
TTRTEXT|358|0,Illicit Drug Pharmatherapy,불법 약물 약물 치료,mt
TTRTEXT|358|1,Newly developed medications can be used to counter addiction to illicit substances. These medications neutralize the effects of the illicit drugs so patients lose the desire and can be gradually weaned off.,새로 개발한 의약품으로 불법 약물 중독에 대처할 수 있습니다. 이 의약품은 불법 약물의 효과를 무력화해 환자가 욕구를 잃게 하고 점진적으로 끊을 수 있게 합니다.,mt
TTRTEXT|359|0,Stem Cell Therapies,줄기세포 치료,mt
TTRTEXT|359|1,"Since the pioneering work done at the University of Toronto, research on multi-potent cells (stem cells) has progressed enormously. We now know how to harvest, culture, and reprogram stem cells to rebuild damaged tissues such as bone marrow and heart muscle. The military has expressed an interest in evaluating the research for its potential use in battlefield medicine.","토론토 대학의 선구적 연구 이후 다능성 세포(줄기세포) 연구는 엄청나게 발전했습니다. 이제 줄기세포를 채취, 배양, 재프로그래밍해 골수와 심장 근육 같은 손상된 조직을 재건하는 방법을 알고 있습니다. 군은 이 연구를 전장 의료에 활용할 가능성을 평가하는 데 관심을 보였습니다.",mt
TTRTEXT|36|0,ERFB-BB Ammunition ,ERFB-BB 탄약,mt
TTRTEXT|36|1,Extended Range Full Bore Base Bleed (ERFB-BB) ammunition.  Provides Ballistic Artillery units with a longer-range ammunition option.  Will be used automatically when targets are not in the range of standard munitions.  Longer-range munitions have a higher goods cost and a longer reload time.,사거리 연장 풀보어 베이스 블리드(ERFB-BB) 탄약입니다. 탄도 포병 유닛에 더 먼 사거리의 탄약 선택지를 제공합니다. 표적이 일반 탄약의 사거리 밖에 있을 때 자동으로 사용됩니다. 사거리가 긴 탄약은 물자 비용이 더 들고 재장전 시간이 더 깁니다.,mt
TTRTEXT|360|0,Claytronics,클레이트로닉스,mt
TTRTEXT|360|1,"A new form of synthetic material whose properties such as color, temperature, heat conductivity and electrical conductivity can be directly controlled.","색, 온도, 열전도율, 전기 전도율 같은 특성을 직접 제어할 수 있는 새로운 형태의 합성 소재입니다.",mt
TTRTEXT|361|0,Tera Scale Processing,테라 규모 처리,mt
TTRTEXT|361|1,The microprocessor has been working on multiple core processors for some time now but we are making new progress that will provide extremely large numbers of cores in a single chip.  The new computing power it will generate will surpass anything we've seen so far.,"마이크로프로세서는 한동안 멀티코어 프로세서를 연구해 왔지만, 이제 칩 하나에 극도로 많은 수의 코어를 담는 새로운 진전을 이루고 있습니다. 그로 인해 생기는 새로운 연산 능력은 지금까지 본 어떤 것도 능가할 것입니다.",mt
TTRTEXT|362|0,Propaganda Machine,선전 기구,mt
TTRTEXT|362|1,"Propaganda is the deliberate, systematic attempt to shape perceptions, manipulate cognitions, and direct behavior to achieve a response that furthers the desired intent of the propagandist.","선전은 선전자가 의도한 목적에 부합하는 반응을 얻기 위해 인식을 형성하고, 사고를 조작하며, 행동을 이끌려는 의도적이고 체계적인 시도입니다.",mt
TTRTEXT|363|0,Upgrade Combat Vehicles,전투 차량 개량,mt
TTRTEXT|363|1,Land combat has benefited from a number of new technologies in recent years.  By integrating these technologies into future designs we can improve our chances on the battlefield.,지상전은 최근 여러 신기술의 혜택을 받았습니다. 이 기술을 미래 설계에 통합하면 전장에서의 승산을 높일 수 있습니다.,mt
TTRTEXT|364|0,Advanced Tank Designs '43,고급 전차 설계 '43,mt
TTRTEXT|364|1,"Latest improvement in tank designs to utilize major advancements in weapons technologies, specifically the development of ion weaponry.","무기 기술의 주요 발전, 특히 이온 무기의 개발을 활용한 전차 설계의 최신 개선입니다.",mt
TTRTEXT|365|0,Ion Drives,이온 추진기,mt
TTRTEXT|366|0,Bipedal Military Vehicles,2족 보행 군용 차량,mt
TTRTEXT|366|1,Bipedal vehicles with robotic and other advanced technologies.,로봇 공학 등 첨단 기술을 적용한 2족 보행 차량입니다.,mt
TTRTEXT|368|0,Sub Orbital Transport,준궤도 수송,mt
TTRTEXT|369|0,Light Storage Computing,광 저장 컴퓨팅,mt
TTRTEXT|37|0,Cold Fusion,상온 핵융합,mt
TTRTEXT|37|1,A fusion power source that does not require tremendous levels of heat to achieve a reaction.  Environmentally friendly and cost-efficient power generation benefits.,반응을 일으키는 데 엄청난 열이 필요하지 않은 핵융합 동력원입니다. 환경 친화적이고 비용 효율적인 발전의 이점이 있습니다.,mt
TTRTEXT|370|0,Human Neural Transfer,인간 신경 전이,mt
TTRTEXT|370|1,Through systems of neural data storage the human mind can be stored with all its intricacies.  We now have developed a system to return this data to a different human host.  Combined with cloning this provides immortality for those who can afford it.,신경 데이터 저장 체계로 인간의 정신을 모든 세부 사항과 함께 저장할 수 있습니다. 이제 이 데이터를 다른 인간 숙주에게 되돌려 주는 체계를 개발했습니다. 복제와 결합하면 비용을 감당할 수 있는 사람에게 불멸을 제공합니다.,mt
TTRTEXT|374|0,Social Reform: Airborne Nanobiohealth,사회 개혁: 공기 중 나노 보건,mt
TTRTEXT|374|1,By releasing nanites focused on preventative healthcare  into the air filtration systems of common public spaces it is possible to assure that the entire population will benefit from our ongoing health care advances.,"예방 의료에 특화된 나나이트를 공공장소의 공기 정화 체계에 방출하면, 지속적인 의료 발전의 혜택을 전 국민이 누리도록 보장할 수 있습니다.",mt
TTRTEXT|38|0,Fuel Cells for Vehicles,차량용 연료 전지,mt
TTRTEXT|38|1,Develop fuel cell engines for units to reduce dependencies on petroleum products and other non-renewable energy sources.,유닛용 연료 전지 엔진을 개발해 석유 제품과 기타 비재생 에너지원에 대한 의존을 줄입니다.,mt
TTRTEXT|380|0,Radioisotope Thermoelectric Generators,방사성 동위원소 열전 발전기,mt
TTRTEXT|380|1,"Advances in physics have shown us that it is possible to generate electricity from radioactive decay.  Unlike in fission, here the reaction is not controlled but very low level.  This means a long reaction time but low energy output.",물리학의 발전으로 방사성 붕괴에서 전기를 생산할 수 있음이 밝혀졌습니다. 핵분열과 달리 이 반응은 통제되지 않지만 매우 낮은 수준입니다. 즉 반응 시간은 길지만 에너지 출력은 낮습니다.,mt
TTRTEXT|381|0,Alkali Metal Thermoelectric Converter,알칼리 금속 열전 변환기,mt
TTRTEXT|382|0,Basic Particle Accelerators,기초 입자 가속기,mt
TTRTEXT|382|1,Device that uses electromagnetic fields to propel charged particles to high speeds and to contain them in well-defined beams.,전자기장으로 하전 입자를 고속으로 가속하고 잘 정의된 빔으로 가두는 장치입니다.,mt
TTRTEXT|383|0,DNA Programs,DNA 프로그램,mt
TTRTEXT|383|1,DNA computing is now well enough understood to be able to create DNA programs able to carry out specific simple functions such as dealing with insulin levels or cardiac arrhythmia.,"DNA 컴퓨팅이 충분히 이해되어, 인슐린 수치나 심장 부정맥 대처 같은 특정한 단순 기능을 수행하는 DNA 프로그램을 만들 수 있게 되었습니다.",mt
TTRTEXT|384|0,Phaser Cannons,페이저 포,mt
TTRTEXT|384|1,"For better integration on modern tanks, neural weapon controls are now being integrated into phaser weapons systems and power output is being increased.",현대 전차에 더 잘 통합하기 위해 신경 무기 제어를 페이저 무기 체계에 통합하고 있으며 출력도 높이고 있습니다.,mt
TTRTEXT|385|0,DNA Computing,DNA 컴퓨팅,mt
TTRTEXT|385|1,"Through DNA, biochemistry and molecular biology we will be able to use DNA based logic gates to form strand into inputs and outputs","DNA, 생화학, 분자생물학을 통해 DNA 기반 논리 게이트를 사용하여 가닥을 입력과 출력으로 구성할 수 있게 됩니다.",mt
TTRTEXT|386|0,Molecular Agricultural,분자 농업,mt
TTRTEXT|386|1,Our knowledge of nanobiology coupled with DNA Programs is allowing for better pesticides as well as pollination and plant care.,나노생물학 지식과 DNA 프로그램이 결합되어 더 나은 살충제는 물론 수분과 식물 관리도 가능해지고 있습니다.,mt
TTRTEXT|387|0,Advanced Carbon Forms,고급 탄소 형태,mt
TTRTEXT|387|1,"Discovery and development of new forms of pure carbon other than graphite and diamond.  These unusual molecules turn out to have extraordinary chemical and physical properties, reacting with elements from across the periodic table and with the chemical species known as free radicals--key to the polymerization processes widely used in industry--thus opening up the fullerenes to the manipulative magic of organic chemists.","흑연과 다이아몬드 외의 새로운 순수 탄소 형태를 발견하고 개발합니다. 이 특이한 분자들은 주기율표 전반의 원소 및 산업 중합 공정의 핵심인 자유 라디칼과 반응하는 등 비범한 화학적, 물리적 성질을 지니며, 이로써 풀러렌이 유기화학자들의 손에 놓이게 됩니다.",mt
TTRTEXT|388|0,Advanced Chameleon Armor,고급 카멜레온 장갑,mt
TTRTEXT|388|1,More effective color and temperature changing armors are now being made that will further help to disguise our units on the battlefield.,"색과 온도를 바꾸는 더 효과적인 장갑이 만들어지고 있어, 전장에서 우리 유닛을 더욱 잘 위장할 수 있습니다.",mt
TTRTEXT|389|0,Advanced System Controls,고급 시스템 제어,mt
TTRTEXT|389|1,For better control of large articulated mechanisms we have integrated neural controls and used electro-active polymers for increased responsiveness.,대형 관절 기구를 더 잘 제어하기 위해 신경 제어를 통합하고 전기활성 고분자를 사용하여 반응성을 높였습니다.,mt
TTRTEXT|39|0,Urban Renewal,도시 재개발,mt
TTRTEXT|39|1,Roads and Transportation within cities allow for a better flow of goods and more growth in industry.,도시 내 도로와 교통망이 물자 흐름을 개선하고 산업 성장을 촉진합니다.,mt
TTRTEXT|390|0,Advanced Naval Navigation,고급 해상 항법,mt
TTRTEXT|390|1,Navigation systems are being enhanced to integrate recent technological advances.,최근의 기술 발전을 접목하여 항법 시스템을 강화하고 있습니다.,mt
TTRTEXT|391|0,Modern ASW Sonar,현대 대잠 소나,mt
TTRTEXT|392|0,Advanced Tank Designs IV,고급 전차 설계 IV,mt
TTRTEXT|392|1,"While we have seen many designs of tanks over the years, we are still finding new ways to improve both their lethality and survivability.","수년간 수많은 전차 설계를 보았지만, 살상력과 생존성을 높일 새로운 방법은 계속 발견되고 있습니다.",mt
TTRTEXT|393|0,Future Combat Aircraft VI,미래 전투기 VI,mt
TTRTEXT|393|1,"Next generation of new technologies needed for future combat aircraft, with further improved air-to-air, spotting, and stealth capabilities.","미래 전투기에 필요한 차세대 신기술로, 공대공, 탐지, 스텔스 능력이 더욱 향상됩니다.",mt
TTRTEXT|394|0,Advanced UUVs,고급 무인 잠수정,mt
TTRTEXT|394|1,The offensive and defensive capabilities of our Unmanned Underwater Vehicles can be increased over earlier designs.,무인 잠수정의 공격 및 방어 능력을 이전 설계보다 높일 수 있습니다.,mt
TTRTEXT|395|0,Advanced Submarines '42,고급 잠수함 '42,mt
TTRTEXT|395|1,Our knowledge of submarine warfare continues to grow and our construction techniques are being adjusted accordingly,잠수함전에 대한 지식이 계속 늘고 있으며 그에 맞춰 건조 기술도 조정되고 있습니다.,mt
TTRTEXT|396|0,Advanced Submarines II,고급 잠수함 II,mt
TTRTEXT|396|1,"As a major system for force projection, there is always demand for improving submarine designs.",전력 투사의 핵심 체계인 만큼 잠수함 설계 개선에 대한 수요는 끊이지 않습니다.,mt
TTRTEXT|397|0,Anti Matter Naval Reactors,반물질 함정 원자로,mt
TTRTEXT|398|0,Advanced Naval Carriers,고급 항공모함,mt
TTRTEXT|398|1,...electmag cats and adv nav,...전자기 캐터펄트와 고급 항법,mt
TTRTEXT|4|0,Composite-Steel Armor,복합강 장갑,mt
TTRTEXT|4|1,"An armor consisting of layers of different materials, to improve protection from high energy projectiles.  Materials would include metals, modern composite materials, plastics, ceramics or air.","서로 다른 소재를 층층이 겹친 장갑으로, 고에너지 탄체에 대한 방호력을 높입니다. 소재로는 금속, 현대식 복합재, 플라스틱, 세라믹, 공기층 등이 쓰입니다.",mt
TTRTEXT|40|0,Advanced APS-KE,고급 APS-KE,mt
TTRTEXT|40|1,"Further Development of the Armor Protection System, providing the ability to intercept a variety of additional attack methods.  Of note is its ability to engage kinetic energy projectiles.",장갑 방호 체계를 더욱 발전시켜 다양한 추가 공격 방식을 요격할 수 있게 합니다. 특히 운동에너지탄을 상대할 수 있다는 점이 주목할 만합니다.,mt
TTRTEXT|400|0,Articulated Vehicles,관절형 차량,mt
TTRTEXT|400|1,"Attached robotic arms to regular vehicles, increasing crew safety and adding additional capabilities to both military and civilian equipment.",일반 차량에 로봇 팔을 장착하여 승무원 안전을 높이고 군용 및 민간 장비에 추가 능력을 부여합니다.,mt
TTRTEXT|401|0,Bipedal Vehicles Prototypes,이족 보행 차량 시제품,mt
TTRTEXT|401|1,Bipedal vehicles with robotic and other advanced technologies.,로봇 및 기타 첨단 기술을 적용한 이족 보행 차량입니다.,mt
TTRTEXT|402|0,Quantum Data Buffers,양자 데이터 버퍼,mt
TTRTEXT|402|1,Exponential improvement to the processing power of computers allowing for the next generation of Artificial Intelligence.,컴퓨터 처리 능력이 기하급수적으로 향상되어 차세대 인공지능이 가능해집니다.,mt
TTRTEXT|403|0,Matter Transference,물질 전송,mt
TTRTEXT|403|1,"Through conversion of matter to dark matter and back, it is possible to deconstruct an object in one location and replicate it in another.","물질을 암흑물질로 바꿨다가 되돌리는 방식으로, 한 곳의 물체를 분해하여 다른 곳에 복제할 수 있습니다.",mt
TTRTEXT|404|0,Logistical Support,병참 지원,mt
TTRTEXT|405|0,Gravitational Lift Engines,중력 부양 엔진,mt
TTRTEXT|405|1,Engines that generate electro-magnetic fields capable of defeating effects of gravity.,중력의 영향을 극복할 수 있는 전자기장을 발생시키는 엔진입니다.,mt
TTRTEXT|406|0,Phasers,페이저,mt
TTRTEXT|406|1,Development of Phased Beam Technology weaponry.  Allows for use in military designs.,위상 빔 기술 무기를 개발합니다. 군용 설계에 사용할 수 있게 됩니다.,mt
TTRTEXT|407|0,Cyborg Soldiers,사이보그 병사,mt
TTRTEXT|407|1,"Military designed implants for personnel, improving durability and combat effectiveness.",인원에게 군용 이식 장치를 적용하여 내구성과 전투 효율을 높입니다.,mt
TTRTEXT|41|0,Modern Coal Gasification,현대 석탄 가스화,mt
TTRTEXT|41|1,"As an alternate fuel source, some governments have turned to combined cycle gasification plants to generate petroleum products from coal.  This process does however increase demand for coal and electricity.",대체 연료원으로서 일부 정부는 복합 사이클 가스화 발전소를 통해 석탄에서 석유 제품을 생산하고 있습니다. 다만 이 공정은 석탄과 전력 수요를 늘립니다.,mt
TTRTEXT|410|0,Autonomous Unmanned Vehicles,자율 무인 차량,mt
TTRTEXT|410|1,An autonomous unmanned vehicle is essentially an autonomous robot but is specifically a vehicle that operates on the surface of the ground.,"자율 무인 차량은 본질적으로 자율 로봇이지만, 특히 지상 표면에서 운용되는 차량을 가리킵니다.",mt
TTRTEXT|411|0,Unmanned Spotting Deployment,무인 탐지 배치,mt
TTRTEXT|411|1,Retrofit for seamless attachment of Unmanned Aerial Reconnaissance into Infantry units - providing improved spotting capabilities.,무인 항공 정찰기를 보병 유닛에 매끄럽게 장착하도록 개조하여 탐지 능력을 높입니다.,mt
TTRTEXT|412|0,Unmanned Aerial Observation,무인 항공 관측,mt
TTRTEXT|412|1,Design for seamless attachment of Unmanned Aerial Reconnaissance into some models of Recon units - providing improved spotting capabilities.,무인 항공 정찰기를 일부 정찰 유닛 모델에 매끄럽게 장착하도록 설계하여 탐지 능력을 높입니다.,mt
TTRTEXT|413|0,Advanced Trimaran Vessels,고급 트리마란 선박,mt
TTRTEXT|413|1,Next Generation of naval technologies based on advanced research into triple hull designs.  Increases significantly the survivability of so-designed ships to attack.,삼중 선체 설계에 대한 고급 연구를 바탕으로 한 차세대 해상 기술입니다. 이렇게 설계된 함선의 공격 생존성이 크게 높아집니다.,mt
TTRTEXT|414|0,Canard Rotor Wing Construction,카나드 로터 날개 제작,mt
TTRTEXT|414|1,Allows for design of dual-mode aircraft that are capable of operating in both a helicopter and fixed wing mode of flight.,헬리콥터 모드와 고정익 모드 비행을 모두 수행할 수 있는 이중 모드 항공기를 설계할 수 있습니다.,mt
TTRTEXT|417|0,Air Independent Propulsion,공기 불요 추진,mt
TTRTEXT|417|1,Rebreathing system for Submarines.  No need to surface or use snorkel on diesel submarines,잠수함용 재호흡 시스템입니다. 디젤 잠수함도 부상하거나 스노클을 사용할 필요가 없습니다.,mt
TTRTEXT|418|0,Submerged UUV Carrier,잠항 무인 잠수정 모함,mt
TTRTEXT|418|1,Autonomous Unmanned Underwater Vehicles.  Advances in propulsion systems and power source technology give these robotic submarines extended endurance in both time and distance.,자율 무인 잠수정입니다. 추진 시스템과 동력원 기술의 발전으로 이 로봇 잠수함은 시간과 거리 모두에서 항속력이 늘어납니다.,mt
TTRTEXT|42|0,Nuclear Fission,핵분열,mt
TTRTEXT|42|1,Principles of Applied Nuclear Power and Nuclear Weaponry.,응용 원자력과 핵무기의 원리입니다.,mt
TTRTEXT|420|0,Radio Frequency Transponder,무선 주파수 트랜스폰더,mt
TTRTEXT|420|1,"System that uses communication through the use of radio waves to exchange data between a reader and an electronic tag attached to an object, for the purpose of identification and tracking.  Routinely used by the allies in World War II to identify aircraft as friend or foe.",전파 통신으로 판독기와 물체에 부착된 전자 태그 사이에 데이터를 교환하여 식별과 추적을 하는 시스템입니다. 제2차 세계대전 때 연합군이 항공기의 피아를 식별하는 데 상시 사용했습니다.,mt
TTRTEXT|421|0,RFID Commercial Applications,RFID 상업 응용,mt
TTRTEXT|421|1,"Radio frequency tagging offers a number of benefits to the industrial world.  Data such as location, quantity and classification are some examples of how RFID tags will be used as this becomes more common.","무선 주파수 태그는 산업계에 여러 이점을 제공합니다. RFID가 보편화되면 위치, 수량, 분류 같은 데이터가 그 활용 사례가 될 것입니다.",mt
TTRTEXT|422|0,Micro RFID Technology,초소형 RFID 기술,mt
TTRTEXT|422|1,"While previous radio frequency tags had limitations due to their size, miniaturization in electronics applications has moved us beyond this hurdle.  There are however those less comfortable with tracking systems that can be so easily concealed.","이전 무선 주파수 태그는 크기에 한계가 있었지만, 전자 기술의 소형화로 이 장벽을 넘어섰습니다. 그러나 이렇게 쉽게 숨길 수 있는 추적 시스템을 불편해하는 사람들도 있습니다.",mt
TTRTEXT|423|0,RFID Security Applications,RFID 보안 응용,mt
TTRTEXT|423|1,"As the world steps closer to leaving all forms of wires and connections behind, radio frequency offers a convenient choice for governments and business to provide unobtrusive security measures.  Privacy advocates warn however that the data being collected is not always limited to what a user might expect and that data theft is a real danger.  Without proper RFID privacy measures, this will be a controversial step forward.","세상이 모든 형태의 전선과 연결선을 떠나가면서, 무선 주파수는 정부와 기업에 눈에 띄지 않는 보안 수단을 제공하는 편리한 선택지가 됩니다. 그러나 프라이버시 옹호론자들은 수집되는 데이터가 사용자의 예상 범위를 넘을 수 있고 데이터 탈취가 현실적 위험이라고 경고합니다. 적절한 RFID 프라이버시 대책이 없다면 이는 논란이 큰 진전이 될 것입니다.",mt
TTRTEXT|424|0,Chipless RFID,칩 없는 RFID,mt
TTRTEXT|424|1,"Chipless radio frequency ID allows for discrete identification of tags without an integrated circuit, thereby allowing tags to be printed directly onto assets at a lower cost than traditional tags.","칩 없는 무선 주파수 ID는 집적회로 없이도 태그를 개별 식별할 수 있어, 기존 태그보다 낮은 비용으로 자산에 직접 인쇄할 수 있습니다.",mt
TTRTEXT|425|0,RFID Privacy Measures,RFID 프라이버시 대책,mt
TTRTEXT|425|1,The controversies over the use of radio frequency devices has not diminished over time. This has fueled research into methods of assuring privacy issues are not forgotten as RFID becomes more widespread.  It is now possible to develop encryption and security technologies that will assure that RFID systems are more robust and protected.,무선 주파수 장치 사용을 둘러싼 논란은 시간이 지나도 줄어들지 않았습니다. 이로 인해 RFID가 확산되더라도 프라이버시 문제가 잊히지 않도록 보장하는 방법의 연구가 활발해졌습니다. 이제 RFID 시스템을 더 견고하고 안전하게 만드는 암호화 및 보안 기술을 개발할 수 있습니다.,mt
TTRTEXT|426|0,Social Reform: Mandated RFID tagging,사회 개혁: RFID 태그 의무화,mt
TTRTEXT|426|1,"Through mandated radio frequency tags in all of our citizens, we can assure that law and order prevail in our society",모든 시민에게 무선 주파수 태그를 의무화하면 우리 사회의 법과 질서를 확실히 지킬 수 있습니다.,mt
TTRTEXT|427|0,Medical RFID tagging,의료 RFID 태그,mt
TTRTEXT|427|1,"With the challenges faced by medical institutions in tracking patients, radio frequency tags are providing a new means for data management.  Hospital staff can now know when patients arrive and leave and patients who become disoriented can no longer get lost in the system.","의료 기관이 환자 추적에 어려움을 겪는 가운데, 무선 주파수 태그는 새로운 데이터 관리 수단을 제공합니다. 병원 직원은 환자의 입퇴원을 알 수 있고, 방향 감각을 잃은 환자도 더는 시스템에서 사라지지 않습니다.",mt
TTRTEXT|428|0,Anti Matter Theories,반물질 이론,mt
TTRTEXT|428|1,"Development of the concept of the antiparticle to matter, where antimatter is composed of antiparticles in the same way that normal matter is composed of particles.",물질의 반입자 개념을 발전시킵니다. 반물질은 일반 물질이 입자로 이루어지듯 반입자로 이루어집니다.,mt
TTRTEXT|429|0,Antimatter Development,반물질 개발,mt
TTRTEXT|429|1,"It has long been believed that for all particles in the universe there exist inverse particles, antiprotons and antielectrons, which would form antimatter. We are now beginning to understand all the laws and principles involved.",우주의 모든 입자에는 반양성자와 반전자 같은 반대 입자가 존재하여 반물질을 이룰 것이라고 오래전부터 믿어 왔습니다. 이제 관련된 모든 법칙과 원리를 이해하기 시작했습니다.,mt
TTRTEXT|43|0,Nuclear Reactor Designs,원자로 설계,mt
TTRTEXT|43|1,"Designs, technologies, processes and infrastructure for the construction of Nuclear Reactors and Power Plants.","원자로와 원자력 발전소 건설을 위한 설계, 기술, 공정, 기반 시설입니다.",mt
TTRTEXT|430|0,Antimatter Containment,반물질 봉쇄,mt
TTRTEXT|430|1,We have gained much understanding of antimatter through preceding research; however containment remains the real challenge.  We will need to develop new techniques for containment if we are to tap into this power source.,"앞선 연구로 반물질에 대해 많은 것을 이해했지만, 봉쇄는 여전히 진짜 난제입니다. 이 동력원을 활용하려면 새로운 봉쇄 기술을 개발해야 합니다.",mt
TTRTEXT|431|0,Antimatter Power Generation,반물질 발전,mt
TTRTEXT|431|1,"Having bridged the gap between matter and antimatter and contained the energy of these coexisting, we have now devised the systems required to harness this released energy.  These will surely obsolete fission and fusion technologies in time.","물질과 반물질 사이의 간극을 메우고 공존하는 에너지를 봉쇄하는 데 성공하여, 이제 방출된 에너지를 활용하는 데 필요한 시스템을 고안했습니다. 이는 머지않아 핵분열과 핵융합 기술을 구식으로 만들 것입니다.",mt
TTRTEXT|432|0,Commercial Antimatter Engines,상용 반물질 엔진,mt
TTRTEXT|433|0,Antimatter Warheads,반물질 탄두,mt
TTRTEXT|433|1,The interaction of matter and antimatter can be used to release energy.  This energy can be harnessed into a reaction that can be used for destructive force.,물질과 반물질의 상호작용으로 에너지를 방출할 수 있습니다. 이 에너지를 반응으로 이끌어 파괴력으로 사용할 수 있습니다.,mt
TTRTEXT|435|0,Basic Holography,기초 홀로그래피,mt
TTRTEXT|435|1,"Technique that allows the light scattered from an object to be recorded and later reconstructed so that when an imaging system is placed in the reconstructed beam, an image of the object will be seen even when the object is no longer present.","물체에서 산란된 빛을 기록했다가 나중에 재구성하는 기법으로, 재구성된 빔에 영상 시스템을 놓으면 물체가 더는 없어도 그 상이 보입니다.",mt
TTRTEXT|436|0,Commercial Holograms,상업용 홀로그램,mt
TTRTEXT|436|1,"Development of practical applications for science of holography, centering around the abilities to store, retrieve, and process information optically.","정보를 광학적으로 저장, 검색, 처리하는 능력을 중심으로 홀로그래피 과학의 실용적 응용을 개발합니다.",mt
TTRTEXT|437|0,Advanced Holography,고급 홀로그래피,mt
TTRTEXT|437|1,Holograms are usually recorded onto a permanent medium.  Recent advances are allowing us to direct the light particles or photons against heated air to make the images visible.,"홀로그램은 보통 영구적인 매체에 기록됩니다. 최근의 발전으로 광입자, 즉 광자를 가열된 공기에 쏘아 영상을 보이게 할 수 있게 되었습니다.",mt
TTRTEXT|438|0,Holographic Storage,홀로그래픽 저장,mt
TTRTEXT|438|1,"Where magnetic and optical data storage devices rely on individual bits being stored as distinct changes on the surface of the recording medium, holographic data storage overcomes this limitation by recording information throughout the volume of the medium and is capable of recording multiple images in the same area utilizing light at different angles.","자기 및 광학 저장 장치는 기록 매체 표면의 구분된 변화로 개별 비트를 저장하지만, 홀로그래픽 저장은 매체의 부피 전체에 정보를 기록하여 이 한계를 극복하며, 서로 다른 각도의 빛을 이용해 같은 영역에 여러 영상을 기록할 수 있습니다.",mt
TTRTEXT|439|0,Sensory Holography,감각 홀로그래피,mt
TTRTEXT|439|1,"Our ability to create photonic holograms is increasing and the constructs are becoming ever more realistic.  With the addition of directional audio and basic scent enhancements, it is becoming easier to lose oneself in the illusion created.",광자 홀로그램을 만드는 능력이 늘고 있으며 구현물은 점점 더 사실적이 되고 있습니다. 지향성 음향과 기초적인 향기 효과가 더해져 만들어진 환영에 빠져들기가 한층 쉬워졌습니다.,mt
TTRTEXT|44|0,Genetic Engineering,유전공학,mt
TTRTEXT|44|1,"Research into Genetics and Medical Sciences, the foundation for many new research possibilities in future medicine.",미래 의학의 수많은 새로운 연구 가능성의 토대가 되는 유전학과 의학 연구입니다.,mt
TTRTEXT|440|0,Holoprojection,홀로 투영,mt
TTRTEXT|440|1,We are now able to project holographic images in larger sizes and into specific environments to create completely realistic projections.  These projects are enhanced by the use of digital sound and synthesized airborne scents.  Only their insubstantial form disturbs the illusion.,이제 홀로그램 영상을 더 큰 크기로 특정 환경에 투영하여 완전히 사실적인 투영물을 만들 수 있습니다. 이 투영물은 디지털 음향과 합성된 공기 중 향기로 한층 강화됩니다. 오직 실체가 없는 형태만이 환영을 깨뜨릴 뿐입니다.,mt
TTRTEXT|441|0,Tactile Holograms,촉각 홀로그램,mt
TTRTEXT|441|1,By projecting a shaped ion shield computer systems can now simulate  tactile interaction with a hologram.  It can both sense pressure against the shield and apply pressure to create feedback.,"성형된 이온 방벽을 투영하여 컴퓨터 시스템이 홀로그램과의 촉각 상호작용을 모사할 수 있습니다. 방벽에 가해지는 압력을 감지할 수 있고, 압력을 가해 피드백을 줄 수도 있습니다.",mt
TTRTEXT|442|0,Military Holographic Applications,군사 홀로그램 응용,mt
TTRTEXT|442|1,"From a more accurately represented battlespace to delivery of orders in the field, holoprojection technology is improving the way our armed forces operate.","더 정확하게 재현된 전장 공간부터 현장 명령 전달까지, 홀로 투영 기술이 우리 군의 운용 방식을 개선하고 있습니다.",mt
TTRTEXT|443|0,Holosphere,홀로스피어,mt
TTRTEXT|443|1,"The culmination of previous holoprojection technologies, we can now create an entire room or environment in which all surroundings are photonic constructs coupled with shaped ion shields.  The result is a completely immersive and believable image with which a user can interact.","앞선 홀로 투영 기술의 집대성으로, 이제 주변 모든 것이 성형 이온 방벽과 결합한 광자 구현물인 방 전체나 환경 전체를 만들 수 있습니다. 그 결과 사용자가 상호작용할 수 있는 완전히 몰입적이고 실감나는 영상이 만들어집니다.",mt
TTRTEXT|444|0,Voice Control Integration,음성 제어 통합,mt
TTRTEXT|444|1,"As various areas of computing evolve, things we once saw as science fiction are more and more seen in everyday life.  Voice recognition in computer interfacing is now becoming a common practice taken almost for granted.",컴퓨팅의 여러 분야가 발전하면서 한때 공상과학으로 여겼던 것들이 일상에서 점점 더 자주 보입니다. 컴퓨터 인터페이스의 음성 인식은 이제 거의 당연하게 여겨지는 보편적 관행이 되고 있습니다.,mt
TTRTEXT|445|0,Mobile Internet Infrastructure,모바일 인터넷 인프라,mt
TTRTEXT|445|1,By providing the infrastructure for mobile wireless connections we will see benefits both in business and social arenas.  The ever more connected world is a place where people want information access no matter where they find themselves.,모바일 무선 연결 인프라를 제공하면 기업과 사회 양쪽에서 이익을 얻을 것입니다. 점점 더 연결되는 세상에서 사람들은 어디에 있든 정보에 접근하기를 원합니다.,mt
TTRTEXT|446|0,Social Reform: Waste Auditing,사회 개혁: 폐기물 감사,mt
TTRTEXT|446|1,The proponents of global warming have convinced the administration that everyone should pay for the waste they create.  By having the waste audited each household can be charged for waste they create.,지구온난화 옹호론자들이 정부에 모두가 자신이 만든 쓰레기에 대해 비용을 내야 한다고 설득했습니다. 폐기물을 감사하면 각 가정이 배출한 쓰레기에 대해 요금을 부과할 수 있습니다.,mt
TTRTEXT|447|0,Social Reform: Virtual Commerce,사회 개혁: 가상 상거래,mt
TTRTEXT|447|1,"With a small percentage of the population actually earning a living in virtual workplaces, the volume of virtual commerce has grown drastically.  As the virtual world and the real one begin to coexist for the purposes of business it is becoming necessary to offer regulation and monitoring of this new medium.",인구의 소수가 가상 일터에서 실제로 생계를 꾸리면서 가상 상거래 규모가 크게 늘었습니다. 가상 세계와 현실 세계가 사업 목적으로 공존하기 시작하면서 이 새로운 매체에 대한 규제와 감독이 필요해지고 있습니다.,mt
TTRTEXT|448|0,Commercial Satellite Applications,상업용 위성 응용,mt
TTRTEXT|448|1,"There is growing pressure from business groups for access to commercial satellites.  With a wide variety of applications such as cell phones, internet, commercial GPS and broadcasting, the business sector is looking for access to this new potential revenue stream.","상업용 위성 이용을 요구하는 업계의 압력이 커지고 있습니다. 휴대전화, 인터넷, 상용 GPS, 방송 등 다양한 응용이 있어 기업 부문은 이 새로운 잠재 수익원에 접근하기를 원합니다.",mt
TTRTEXT|45|0,Genetic Code Sequencing,유전 암호 염기서열 분석,mt
TTRTEXT|45|1,"Understanding of the set of rules by which information encoded in genetic material (DNA or mRNA sequences) is translated into proteins (amino acid sequences) by living cells. The code defines a mapping between tri-nucleotide sequences, called codons, and amino acids.",유전 물질(DNA 또는 mRNA 서열)에 암호화된 정보를 살아 있는 세포가 단백질(아미노산 서열)로 번역하는 규칙 체계를 이해합니다. 이 암호는 코돈이라 불리는 세 염기 서열과 아미노산 사이의 대응을 정의합니다.,mt
TTRTEXT|450|0,Ion Manipulation and Confinement,이온 조작 및 가둠,mt
TTRTEXT|450|1,We have begun to see progress in research based on charged matter particles that should lead us to be able to create barriers by manipulating ions.  This research is still in a basic stage but looks to be progressing towards more advanced applications.,"하전 입자를 바탕으로 한 연구가 진전을 보이기 시작했으며, 이온을 조작하여 방벽을 만들 수 있게 될 것입니다. 이 연구는 아직 기초 단계이나 더 진전된 응용으로 나아가고 있습니다.",mt
TTRTEXT|451|0,Projected Ion Particles,투사 이온 입자,mt
TTRTEXT|451|1,"As our level of control with charged particles increases, we are now about to focus these particles into a projected beam.","하전 입자에 대한 제어 수준이 높아지면서, 이제 이 입자들을 모아 투사 빔으로 만들 수 있게 되었습니다.",mt
TTRTEXT|452|0,Ion Barriers,이온 방벽,mt
TTRTEXT|452|1,By projecting ions in a field between multiple points we can now create a solid barrier in an open space.,여러 지점 사이의 장에 이온을 투사하여 열린 공간에 단단한 방벽을 만들 수 있습니다.,mt
TTRTEXT|453|0,Ion Shielding,이온 방어막,mt
TTRTEXT|453|1,"With a more precise directed control of projected ions, we can actually now form ion barriers into shapes to surround an object.  Our military units will certainly benefit from this advance.","투사된 이온을 더 정밀하게 지향 제어하게 되어, 이온 방벽을 물체를 감싸는 형태로 성형할 수 있게 되었습니다. 우리 군 유닛이 이 발전의 혜택을 확실히 볼 것입니다.",mt
TTRTEXT|454|0,Ion Burst Weapons,이온 폭발 무기,mt
TTRTEXT|454|1,"With an increase in the output levels of charged particles, the effects of an ion burst can now cause substantial damage.",하전 입자의 출력 수준이 높아지면서 이온 폭발이 이제 상당한 피해를 줄 수 있습니다.,mt
TTRTEXT|455|0,Ion Domes,이온 돔,mt
TTRTEXT|455|1,The scale to which we can project a shaped ion barrier continues to grow.  It will now be possible to protect entire cities or industrial complexes.,성형 이온 방벽을 투사할 수 있는 규모가 계속 커지고 있습니다. 이제 도시 전체나 산업 단지 전체를 보호할 수 있습니다.,mt
TTRTEXT|456|0,Photon Techs,광자 기술,mt
TTRTEXT|457|0,Upgraded Particle Accelerators,개량 입자 가속기,mt
TTRTEXT|457|1,"Much like computers began as warehouses and through decades of research reached the size of a handheld device, particle accelerators have been reduced to much more convenient sizes.","컴퓨터가 창고만 한 크기로 시작해 수십 년의 연구 끝에 휴대 기기 크기에 이르렀듯이, 입자 가속기도 훨씬 편리한 크기로 줄어들었습니다.",mt
TTRTEXT|458|0,Cloaking,은폐,mt
TTRTEXT|458|1,"More accurately described as a complex system of camouflage, techniques are now available to make military equipment nearly invisible to visual, electronic and thermal detection","복잡한 위장 체계라고 설명하는 편이 더 정확하며, 이제 군 장비를 육안, 전자, 열 탐지로부터 거의 보이지 않게 만드는 기법을 사용할 수 있습니다.",mt
TTRTEXT|46|0,Stem Cell Research,줄기세포 연구,mt
TTRTEXT|46|1,"Fundamental research into Stem Cell technologies, computer based cell recognition, and genetic manipulation, leading to medical advances and new therapeutic techniques.","줄기세포 기술, 컴퓨터 기반 세포 인식, 유전자 조작에 대한 기초 연구로, 의학 발전과 새로운 치료 기법으로 이어집니다.",mt
TTRTEXT|461|0,Data Analysis Servers,데이터 분석 서버,mt
TTRTEXT|461|1,Combining all the latest computing technologies to create dedicated machines capable of analyzing mass amounts of collected data.,최신 컴퓨팅 기술을 모두 결합하여 대량의 수집 데이터를 분석할 수 있는 전용 기계를 만듭니다.,mt
TTRTEXT|462|0,Advanced Androids,고급 안드로이드,mt
TTRTEXT|462|1,"By incorporating  motions such as blinks, twitches and sighs the average android is now difficult to distinguish from their flesh and blood creators.  While some in our society remain in awe of these advances, others caution that we may be reaching our hand into Pandora's Box.","눈 깜빡임, 경련, 한숨 같은 동작을 넣어 일반 안드로이드는 이제 그들을 만든 인간과 구별하기 어렵습니다. 사회 일각에서는 이 발전에 경탄하지만, 다른 이들은 판도라의 상자에 손을 대는 것일 수 있다고 경고합니다.",mt
TTRTEXT|463|0,Social Reform: Android Security,사회 개혁: 안드로이드 치안,mt
TTRTEXT|463|1,The dependability of androids makes them the ultimate choice for simple levels of law enforcement.  The cold impartiality of a computer assures there is no bias.,안드로이드는 믿음직하여 기초 수준의 치안 업무에 최선의 선택입니다. 컴퓨터의 냉정한 공평성은 편향이 없음을 보장합니다.,mt
TTRTEXT|464|0,Nanowires,나노와이어,mt
TTRTEXT|464|1,"In order to further miniaturize electrical systems, we need to be able to create circuits whose total size remains at the nano level.",전기 시스템을 더욱 소형화하려면 전체 크기가 나노 수준에 머무는 회로를 만들 수 있어야 합니다.,mt
TTRTEXT|468|0,Mental Illness Causality,정신 질환 인과 관계,mt
TTRTEXT|468|1,"As we gain a deeper understanding of how the human mind works, we can also explore the illnesses that affect the mind.",인간의 정신이 작동하는 방식을 더 깊이 이해하면서 정신에 영향을 미치는 질환도 탐구할 수 있습니다.,mt
TTRTEXT|469|0,Government Security Databases,정부 보안 데이터베이스,mt
TTRTEXT|469|1,"Since mass quantities of data are now being collected about our citizens, it must all be cataloged for use by the government.  Particular attention can even be focused on certain groups or organizations.","이제 시민에 대한 대량의 데이터가 수집되므로, 정부가 활용할 수 있도록 모두 분류해야 합니다. 특정 집단이나 조직에 특별히 주의를 집중할 수도 있습니다.",mt
TTRTEXT|47|0,Medicinal Gene Therapy,의학적 유전자 치료,mt
TTRTEXT|47|1,Treatment of diseases and genetic conditions through the use of gene replacement therapies.,유전자 대체 요법으로 질병과 유전 질환을 치료합니다.,mt
TTRTEXT|470|0,Mental Wellness Programs,정신 건강 프로그램,mt
TTRTEXT|470|1,"Applying what we've learned about the human mind and its vulnerabilities, we can now make improvements to our healthcare system",인간의 정신과 그 취약점에 대해 알게 된 바를 적용하여 이제 우리 보건 체계를 개선할 수 있습니다.,mt
TTRTEXT|471|0,Advanced Handheld Computing,고급 휴대용 컴퓨팅,mt
TTRTEXT|471|1,"Despite the introduction of neural interfaces, hand held devices remain a staple in a digital age where portability and compatibility favor more flexible systems over specialized ones.  All our efforts into advancing computer research mean that these handheld devices are more powerful than ever.","신경 인터페이스가 도입되었는데도 휴대 기기는 디지털 시대의 필수품으로 남아 있으며, 휴대성과 호환성은 전문화된 시스템보다 유연한 시스템에 유리합니다. 컴퓨터 연구를 발전시키려는 우리의 모든 노력 덕분에 이 휴대 기기는 어느 때보다 강력해졌습니다.",mt
TTRTEXT|473|0,Ionically Charged Armor,이온 하전 장갑,mt
TTRTEXT|475|0,Advanced Next Gen Radar,고급 차세대 레이더,mt
TTRTEXT|475|1,Our ever demanding need for Intel has given us the ability to produce higher quality electronics for research,정보에 대한 끊임없는 요구 덕분에 연구용 전자 장비를 더 높은 품질로 생산할 수 있게 되었습니다.,mt
TTRTEXT|476|0,Land Radar Station 39,지상 레이더 기지 39,mt
TTRTEXT|476|1,This new radar station will help us patrol our borders,이 새 레이더 기지는 국경 순찰에 도움이 될 것입니다.,mt
TTRTEXT|477|0,Long Range Radar systems,장거리 레이더 시스템,mt
TTRTEXT|477|1,"Even better then the previous version, This radar can spot a butterfly at a few miles","이전 버전보다 훨씬 뛰어나, 이 레이더는 수 마일 밖의 나비도 포착할 수 있습니다.",mt
TTRTEXT|478|0,Advanced Long Range Radar,고급 장거리 레이더,mt
TTRTEXT|478|1,Our abilities at searching the skies is ever increasing,하늘을 수색하는 우리의 능력은 계속 향상되고 있습니다.,mt
TTRTEXT|479|0,Advanced Land/Air Radar Systems,고급 지상/공중 레이더 시스템,mt
TTRTEXT|479|1,This radar system will permit us to see out over 610 kilometers,이 레이더 시스템으로 610킬로미터 넘게 내다볼 수 있습니다.,mt
TTRTEXT|48|0,Genetic Resequencing,유전자 재배열,mt
TTRTEXT|48|1,"Medical technologies using Gene Therapies and DNA manipulation, to create new therapeutic techniques and modification of existing organisms.","유전자 치료와 DNA 조작을 이용한 의료 기술로, 새로운 치료 기법과 기존 생물체의 변형을 가능하게 합니다.",mt
TTRTEXT|480|0,Basic Sonar Buoy Tech,기초 소나 부표 기술,mt
TTRTEXT|480|1,We need to keep an eye out on our coast for those sneaky subs,교활한 잠수함들을 막기 위해 우리 해안을 계속 감시해야 합니다.,mt
TTRTEXT|481|0,Sonar Buoy Tech,소나 부표 기술,mt
TTRTEXT|481|1,A Modern sonar buoy is what this country needs,이 나라에 필요한 것은 현대식 소나 부표입니다.,mt
TTRTEXT|482|0,Advanced Sonar Buoy Tech,고급 소나 부표 기술,mt
TTRTEXT|482|1,We must see further into the sea's to keep our lands protected,우리 영토를 지키려면 바다 속을 더 멀리 내다봐야 합니다.,mt
TTRTEXT|483|0,Stealth Sonar Buoy Tech,스텔스 소나 부표 기술,mt
TTRTEXT|483|1,The scale to which we can protect our shores continues to grow. It is now possible to protect massive amounts of our shore,우리가 해안을 방어할 수 있는 규모가 계속 커지고 있습니다. 이제 해안선의 상당 부분을 보호할 수 있습니다.,mt
TTRTEXT|484|0,High Yield Conventional Warhead,고위력 재래식 탄두,mt
TTRTEXT|484|1,With all the taboo going on about Nuclear weapons. We need a bigger bomb.,"핵무기를 둘러싼 금기가 한창인 지금, 더 큰 폭탄이 필요합니다.",mt
TTRTEXT|485|0,Advanced High Yield Conventional Warhead,고급 고위력 재래식 탄두,mt
TTRTEXT|485|1,No we still need a bigger bomb,"아니요, 여전히 더 큰 폭탄이 필요합니다.",mt
TTRTEXT|486|0,Large Bomb Productions,대형 폭탄 생산,mt
TTRTEXT|486|1,Even bigger,더 큰 것으로,mt
TTRTEXT|487|0,Very Large Bomb Productions,초대형 폭탄 생산,mt
TTRTEXT|487|1,Just a tad more larger,조금만 더 크게,mt
TTRTEXT|488|0,Advanced Large Bomb Production,고급 대형 폭탄 생산,mt
TTRTEXT|488|1,This is what I call a bomb.,이것이 바로 폭탄이라 부를 만한 물건입니다.,mt
TTRTEXT|489|0,Death From Above,하늘에서 내리는 죽음,mt
TTRTEXT|489|1,BOOOOOM,쾅!!!,mt
TTRTEXT|49|0,Non-reproductive Cloning,비생식 복제,mt
TTRTEXT|49|1,"Cloning technologies applied to medical therapies, including cloning of organs and tissues.",장기와 조직 복제를 포함하여 의학 치료에 복제 기술을 적용합니다.,mt
TTRTEXT|490|0,Future Missiles,미래 미사일,mt
TTRTEXT|490|1,Advanced flight has led us to an ever larger display of weapons to use on each other,비행 기술의 발전으로 서로에게 쓸 무기가 갈수록 거대해지고 있습니다.,mt
TTRTEXT|491|0,Missile Flight Designs,미사일 비행 설계,mt
TTRTEXT|491|1,A slimmer missile will travel faster and hit harder,더 날씬한 미사일은 더 빠르게 날아가 더 강하게 타격합니다.,mt
TTRTEXT|492|0,Advanced Missile Structure,고급 미사일 구조,mt
TTRTEXT|492|1,A well balanced case will increase our missile designs,균형이 잘 잡힌 동체는 미사일 설계를 향상시킵니다.,mt
TTRTEXT|493|0,Phased Missile Launch Sequence,단계식 미사일 발사 순서,mt
TTRTEXT|493|1,Changing the way our missiles fire off the rack will increase our capacity,미사일이 발사대를 떠나는 방식을 바꾸면 운용 능력이 늘어납니다.,mt
TTRTEXT|494|0,Missile Neural Interface,미사일 신경 인터페이스,mt
TTRTEXT|494|1,Combining recent studies with the brain will increase our missile performance,최근의 뇌 연구를 접목하면 미사일 성능이 향상됩니다.,mt
TTRTEXT|495|0,Advanced Laser Guidance systems,고급 레이저 유도 시스템,mt
TTRTEXT|495|1,BZZZZZZT,지지지지직,mt
TTRTEXT|496|0,Advanced Combat UAV Designs,고급 전투 UAV 설계,mt
TTRTEXT|496|1,Why send a man when you can send a machine.,기계를 보낼 수 있는데 굳이 사람을 보낼 이유가 있겠습니까.,mt
TTRTEXT|497|0,Future Combat UAV Designs,미래 전투 UAV 설계,mt
TTRTEXT|497|1,Machines will help us win the war,기계가 우리의 승전을 도울 것입니다.,mt
TTRTEXT|498|0,Stealth Combat UAV Designs,스텔스 전투 UAV 설계,mt
TTRTEXT|498|1,Silent and deadly these machines will strike their enemy from afar.,소리 없이 치명적인 이 기계들이 먼 곳에서 적을 타격할 것입니다.,mt
TTRTEXT|499|0,High Altitude Equipment,고고도 장비,mt
TTRTEXT|499|1,By flying close to space this technology will keep us out of the range of our enemies,우주에 가깝게 비행함으로써 이 기술은 우리를 적의 사거리 밖에 둘 것입니다.,mt
TTRTEXT|5|0,Reactive Armor,반응 장갑,mt
TTRTEXT|5|1,Armor that uses layers of explosives sandwiched between metal plates to counter the force of explosives penetrating the armor.,"금속판 사이에 폭약층을 끼워 넣어, 장갑을 관통하는 폭발물의 힘에 맞서는 장갑입니다.",mt
TTRTEXT|50|0,High Bandwidth Infrastructure,고대역폭 인프라,mt
TTRTEXT|50|1,Upgrading Communications Networks to Support High Bandwidth Voice and Data capabilities.,통신망을 고대역폭 음성 및 데이터 처리가 가능하도록 개량합니다.,mt
TTRTEXT|500|0,High Altitude Surveillance,고고도 감시,mt
TTRTEXT|500|1,Recent developments in lenses have lead to a better ability to see threw the atmosphere,렌즈의 최근 발전으로 대기를 통과해 더 잘 볼 수 있게 되었습니다.,mt
TTRTEXT|501|0,Propaganda Machine Phase 2,선전 기구 2단계,mt
TTRTEXT|501|1,Listen to me when I say this is what we do and do it we shall,이것이 우리가 할 일이라고 말할 때 들으십시오. 그러면 우리는 그것을 해낼 것입니다.,mt
TTRTEXT|502|0,PM Phase 3,선전 기구 3단계,mt
TTRTEXT|502|1,Our military is the greatest thing since sliced bread,우리 군은 세상에서 가장 훌륭한 존재입니다.,mt
TTRTEXT|503|0,PM Phase 4,선전 기구 4단계,mt
TTRTEXT|503|1,My People are better then your people,우리 국민이 당신들 국민보다 낫습니다.,mt
TTRTEXT|504|0,Propaganda Machine 5,선전 기구 5단계,mt
TTRTEXT|504|1,Mandatory basic training for all,전 국민 기초 군사 훈련 의무화,mt
TTRTEXT|505|0,Propaganda Machine 6,선전 기구 6단계,mt
TTRTEXT|505|1,The more land we take. The more money we get,땅을 많이 차지할수록 돈을 많이 법니다.,mt
TTRTEXT|506|0,Propaganda Machine 7,선전 기구 7단계,mt
TTRTEXT|506|1,Thou shall not kill. No wait Kill Kill Kill,"살인하지 말라. 아니, 잠깐, 죽여라, 죽여라, 죽여라.",mt
TTRTEXT|507|0,Propaganda Machine 8,선전 기구 8단계,mt
TTRTEXT|507|1,Propaganda is not a machine ,선전은 기구가 아닙니다.,mt
TTRTEXT|508|0,Propaganda Machine 9,선전 기구 9단계,mt
TTRTEXT|508|1,This is not propaganda ,이것은 선전이 아닙니다.,mt
TTRTEXT|509|0,Propaganda Machine 10,선전 기구 10단계,mt
TTRTEXT|509|1,June 11 will be a day of celebration in the name of our dear leader,6월 11일은 친애하는 지도자님의 이름으로 경축하는 날이 될 것입니다.,mt
TTRTEXT|51|0,Enhanced Human Genetics,인간 유전자 강화,mt
TTRTEXT|51|1,"Modifying the Human Genetic Code, both for disease therapies and genetic enhancement.  A controversial area of research with significant public skepticism and opposition.",질병 치료와 유전적 능력 강화를 위해 인간 유전 암호를 변형합니다. 대중의 회의와 반대가 상당한 논란 많은 연구 분야입니다.,mt
TTRTEXT|510|0,Propaganda Machine 11,선전 기구 11단계,mt
TTRTEXT|510|1,Paying your taxes will bring good karma to you,세금을 내면 당신에게 좋은 업보가 쌓일 것입니다.,mt
TTRTEXT|511|0,Propaganda Machine 12,선전 기구 12단계,mt
TTRTEXT|511|1,Enlist today,오늘 입대하십시오.,mt
TTRTEXT|512|0,Propaganda Machine 13,선전 기구 13단계,mt
TTRTEXT|512|1,He goes by the name of Ruges. The general who wins wars,그의 이름은 루게스입니다. 전쟁에서 승리하는 장군입니다.,mt
TTRTEXT|513|0,Ocean Fishing,원양 어업,mt
TTRTEXT|513|1,By growing fish in the seas we will be able to gather more food,바다에서 물고기를 길러 더 많은 식량을 얻을 수 있습니다.,mt
TTRTEXT|514|0,High Yield Pontoons,고수확 부표,mt
TTRTEXT|514|1,With a better device to float our nets it will become cheaper to harvest more,그물을 띄우는 장치가 개선되면 더 많이 수확하는 비용이 낮아집니다.,mt
TTRTEXT|515|0,Light Weight Nets,경량 그물,mt
TTRTEXT|515|1,Cheaper by the dozen,묶음으로 사면 더 쌉니다.,mt
TTRTEXT|516|0,Nano Fishing Strategy,나노 어업 전략,mt
TTRTEXT|516|1,Who said we cant put nano tech in the Ocean,바다에 나노 기술을 쓰면 안 된다고 누가 말했습니까.,mt
TTRTEXT|517|0,Advanced Ocean Fishing,고급 원양 어업,mt
TTRTEXT|517|1,Fishies,물고기들,mt
TTRTEXT|518|0,Advanced High Yield Pontoons,고급 고수확 부표,mt
TTRTEXT|518|1,fishies,물고기들,mt
TTRTEXT|519|0,Advanced Light Weight Nets,고급 경량 그물,mt
TTRTEXT|519|1,fishies,물고기들,mt
TTRTEXT|52|0,Modern Vaccines,현대 백신,mt
TTRTEXT|52|1,Improvements to medical and pharmaceutical research towards developing better vaccines against common diseases.,흔한 질병에 대한 더 나은 백신 개발을 위한 의학 및 제약 연구를 개선합니다.,mt
TTRTEXT|520|0,Advanced Nano Fishing Strategy,고급 나노 어업 전략,mt
TTRTEXT|520|1,fishies,물고기들,mt
TTRTEXT|521|0,Advanced Weight Reduction,고급 중량 감소,mt
TTRTEXT|521|1,We need to learn how to reduce weight if we want to use our units in the air,유닛을 공중에서 운용하려면 무게를 줄이는 방법을 알아내야 합니다.,mt
TTRTEXT|522|0,Liquid Metal Weight Reduction,액체 금속 중량 감소,mt
TTRTEXT|522|1,Interesting,흥미롭습니다.,mt
TTRTEXT|523|0,Dark Matter Weight Reduction,암흑물질 중량 감소,mt
TTRTEXT|523|1,Dangerous,위험합니다.,mt
TTRTEXT|524|0,Advanced Dark Matter Weight Reduction,고급 암흑물질 중량 감소,mt
TTRTEXT|524|1,This might have the ability to kill us more then our enemies,이것은 적보다 우리를 더 많이 죽일 수도 있습니다.,mt
TTRTEXT|525|0,Advanced AA Defense,고급 대공 방어,mt
TTRTEXT|526|0,Advanced Laser AA Defense Site,고급 레이저 대공 방어 기지,mt
TTRTEXT|527|0,Future AA Defense,미래 대공 방어,mt
TTRTEXT|528|0,Future Laser AA Defense Site,미래 레이저 대공 방어 기지,mt
TTRTEXT|529|0,Robotic weapons,로봇 무기,mt
TTRTEXT|53|0,Modern Pharmaceuticals,현대 제약,mt
TTRTEXT|53|1,Many drugs can only be found in some areas of the world.  Through research it is possible to reproduce more than 90% of the world's drugs locally.,많은 약이 세계 일부 지역에서만 구할 수 있습니다. 연구를 통해 세계 의약품의 90% 이상을 국내에서 재현할 수 있습니다.,mt
TTRTEXT|530|0,Self controlled weapons,자율 제어 무기,mt
TTRTEXT|531|0,Advanced Robotic Weapons,고급 로봇 무기,mt
TTRTEXT|532|0,Advanced Self Controlled Weapons,고급 자율 제어 무기,mt
TTRTEXT|533|0,Under Water Research,수중 연구,mt
TTRTEXT|534|0,International Support,국제 지원,mt
TTRTEXT|535|0,International Support 2,국제 지원 2,mt
TTRTEXT|536|0,International Support 3,국제 지원 3,mt
TTRTEXT|537|0,International Support 4,국제 지원 4,mt
TTRTEXT|538|0,International Support 5,국제 지원 5,mt
TTRTEXT|539|0,International Support 6,국제 지원 6,mt
TTRTEXT|54|0,Disease Causality,질병 인과 관계,mt
TTRTEXT|54|1,"Through molecular medicine and gene research, it has become possible to determine the origins of many deadly diseases.  This is a key step in understanding how to stop the spread of these diseases, and to develop new therapies.",분자 의학과 유전자 연구를 통해 많은 치명적 질병의 기원을 밝힐 수 있게 되었습니다. 이는 이들 질병의 확산을 막고 새로운 치료법을 개발하는 방법을 이해하는 핵심 단계입니다.,mt
TTRTEXT|540|0,International Support 7,국제 지원 7,mt
TTRTEXT|541|0,International Support 8,국제 지원 8,mt
TTRTEXT|542|0,International Support 9,국제 지원 9,mt
TTRTEXT|543|0,International Support 10,국제 지원 10,mt
TTRTEXT|544|0,International Support 11,국제 지원 11,mt
TTRTEXT|545|0,International Support 12,국제 지원 12,mt
TTRTEXT|546|0,Large scale Military production,대규모 군수 생산,mt
TTRTEXT|547|0,Long Wave Tracking,장파 추적,mt
TTRTEXT|548|0,High Gain Frequency,고이득 주파수,mt
TTRTEXT|549|0,Short Wave Tracking,단파 추적,mt
TTRTEXT|55|0,Advanced Drug Research,고급 신약 연구,mt
TTRTEXT|55|1,"Includes Monoclonal antibodies, Glyco drugs, and other revolutionary new methods of creating pharmaceuticals that attack previously untreatable conditions such as Cancer and HIV.","단일클론 항체, 당 의약품 등, 암과 HIV처럼 이전에는 치료할 수 없던 질환을 공략하는 혁신적인 새 제약 방법을 포함합니다.",mt
TTRTEXT|550|0,Low Gain Frequency,저이득 주파수,mt
TTRTEXT|551|0,Laser Radar Tech,레이저 레이더 기술,mt
TTRTEXT|552|0,Short Wave Laser Tracking,단파 레이저 추적,mt
TTRTEXT|553|0,Long Wave Laser Tracking,장파 레이저 추적,mt
TTRTEXT|554|0,Solid Beam Laser Tracking,연속 빔 레이저 추적,mt
TTRTEXT|555|0,Laser Burst Tracking,레이저 버스트 추적,mt
TTRTEXT|556|0,Doppler Radar,도플러 레이더,mt
TTRTEXT|557|0,Long Range Doppler Radar,장거리 도플러 레이더,mt
TTRTEXT|558|0,Full Laser Spectrum Radar,전 스펙트럼 레이저 레이더,mt
TTRTEXT|559|0,Dark Matter Radar Dish,암흑물질 레이더 안테나,mt
TTRTEXT|56|0,Rejuvenation Pharmaceuticals,회춘 의약품,mt
TTRTEXT|56|1,"This type of drugs are designed to treat non life-threatening conditions.  Weight-loss, depression, and the effects of aging are examples of areas often looking to this type of drug for solutions.","생명을 위협하지 않는 증상을 치료하도록 설계된 약입니다. 체중 감량, 우울증, 노화의 영향 같은 분야에서 흔히 이런 약에서 해법을 찾습니다.",mt
TTRTEXT|560|0,Dark Matter Radar Dome,암흑물질 레이더 돔,mt
TTRTEXT|561|0,Advanced DM Radar Dome,고급 암흑물질 레이더 돔,mt
TTRTEXT|562|0,Future DM Radar Dome,미래 암흑물질 레이더 돔,mt
TTRTEXT|563|0,Jet Turbine Helicopters,제트 터빈 헬리콥터,mt
TTRTEXT|563|1,Advances in helicopter design to make use of jet turbine engines.,제트 터빈 엔진을 활용하도록 헬리콥터 설계를 발전시킵니다.,mt
TTRTEXT|564|0,Hydrophones,수중 청음기,mt
TTRTEXT|565|0,Metal Anomaly Detector,금속 이상 탐지기,mt
TTRTEXT|566|0,Modern FLIR,현대 FLIR,mt
TTRTEXT|567|0,Radio Transmitters,무선 송신기,mt
TTRTEXT|567|1,The technology for generating a radio frequency alternating current which will create radio waves that can be used to carry various types of information at the speed of light.,무선 주파수 교류 전류를 발생시켜 다양한 정보를 빛의 속도로 실어 나르는 전파를 만드는 기술입니다.,mt
TTRTEXT|568|0,Applied Radio Detection,응용 전파 탐지,mt
TTRTEXT|568|1,Early implementation of obstacle-locating radio apparatus based on the 1917 theories by Nikola Tesla using a continuous-wave operation.  Provides the basis for Radar technologies.,1917년 니콜라 테슬라의 이론에 기반해 연속파 방식으로 장애물 위치를 찾는 무선 장치를 초기 구현한 것입니다. 레이더 기술의 토대가 됩니다.,mt
TTRTEXT|57|0,Improved Vaccines,개선 백신,mt
TTRTEXT|57|1,"Based on the research into genetic engineering, achieving this technology will allow a country to generate vaccines that can be produced less expensively yet can more effectively target illnesses.",유전공학 연구를 바탕으로 이 기술을 확보하면 더 적은 비용으로 생산하면서도 질병을 더 효과적으로 겨냥하는 백신을 만들 수 있습니다.,mt
TTRTEXT|570|0,Depth Charges,폭뢰,mt
TTRTEXT|571|0,Practical Turbine Applications,터빈 실용 응용,mt
TTRTEXT|571|1,"Application of theories for the commercial development of advanced turbine technologies, with benefits to many distinct uses, including propulsion and power generation.","첨단 터빈 기술의 상업적 개발을 위한 이론을 응용하여, 추진과 발전을 비롯한 여러 용도에 혜택을 줍니다.",mt
TTRTEXT|572|0,Superconductivity Theories,초전도 이론,mt
TTRTEXT|572|1,Concept of zero electrical resistance that could occur in certain materials below their characteristic temperature.  Postulates that an electric current flowing in a loop of superconducting wire can persist indefinitely with no power source.,특정 물질이 고유 온도 아래에서 전기 저항이 0이 되는 개념입니다. 초전도 선재 고리에 흐르는 전류는 전원 없이도 무한히 지속될 수 있다고 가정합니다.,mt
TTRTEXT|573|0,High Temp Superconductors,고온 초전도체,mt
TTRTEXT|573|1,Development of materials that have zero electrical resistance at high temperatures (Above 30 Degrees Kelvin).,고온(절대온도 30도 이상)에서도 전기 저항이 0인 물질을 개발합니다.,mt
TTRTEXT|574|0,High Power Converters,고출력 변환기,mt
TTRTEXT|574|1,Combining a number of different power technologies to be able to manage and regulate power needs.,여러 동력 기술을 결합하여 전력 수요를 관리하고 조절합니다.,mt
TTRTEXT|575|0,Privatized Construction Yards,민영 건설 조선소,mt
TTRTEXT|576|0,Privatized Construction Factories,민영 건설 공장,mt
TTRTEXT|577|0,Advanced Rivet construction,고급 리벳 시공,mt
TTRTEXT|578|0,Low Burn Welding,저열 용접,mt
TTRTEXT|579|0,High Tensile Welding,고장력 용접,mt
TTRTEXT|58|0,Anti-Vaccine,반백신,mt
TTRTEXT|58|1,Controversial bio-weapon technology that increases the effects of chemical weapons.,화학 무기의 효과를 증폭시키는 논란 많은 생물 무기 기술입니다.,mt
TTRTEXT|580|0,Liquid Metal Welding,액체 금속 용접,mt
TTRTEXT|581|0,Advanced Liquid Metal Welding,고급 액체 금속 용접,mt
TTRTEXT|582|0,Nano Welding,나노 용접,mt
TTRTEXT|583|0,Advanced Nano Welding,고급 나노 용접,mt
TTRTEXT|584|0,Nano Assembly Lines,나노 조립 라인,mt
TTRTEXT|585|0,Large Scale Nano Assembly lines,대규모 나노 조립 라인,mt
TTRTEXT|586|0,Nano Liquid Metal Welding ,나노 액체 금속 용접,mt
TTRTEXT|587|0,Dark Matter Welding,암흑물질 용접,mt
TTRTEXT|588|0,Nano Dark Matter Welding,나노 암흑물질 용접,mt
TTRTEXT|589|0,Liquid Dark Matter Welding,액체 암흑물질 용접,mt
TTRTEXT|59|0,Software Self Programming,소프트웨어 자체 프로그래밍,mt
TTRTEXT|59|1,We have reached a stage where software is so complex that it requires separate computer software to write it.  This is the evolution of the programming language and the beginnings of artificial intelligence: software that writes itself based on a desired finished product.,"소프트웨어가 너무 복잡해져서 이를 작성하는 별도의 컴퓨터 소프트웨어가 필요한 단계에 이르렀습니다. 이는 프로그래밍 언어의 진화이자 인공지능의 시작으로, 원하는 완성품을 바탕으로 스스로 작성하는 소프트웨어입니다.",mt
TTRTEXT|590|0,Nano Liquid Matter Welding,나노 액체 물질 용접,mt
TTRTEXT|591|0,Nano Factories,나노 공장,mt
TTRTEXT|592|0,Nano Factory Upgrade,나노 공장 개량,mt
TTRTEXT|593|0,Improved Construction Methods,개선 건설 공법,mt
TTRTEXT|594|0,High Yield Ocean Wells,고수확 해상 유정,mt
TTRTEXT|595|0,Dense Water Replacement,고밀도 물 대체,mt
TTRTEXT|596|0,Oil Radar Acquisition,석유 레이더 탐사,mt
TTRTEXT|597|0,Nano Oil Drilling,나노 석유 시추,mt
TTRTEXT|598|0,High Pressure Suction,고압 흡입,mt
TTRTEXT|599|0,Large Water Pipline Intake,대형 송수관 취수,mt
TTRTEXT|6|0,Advanced Composite Armor,고급 복합 장갑,mt
TTRTEXT|6|1,"Improved design of Composite Armor, featuring improvements in materials and design, including implementation of nanomethalurgy..",소재와 설계를 개선하고 나노 금속공학을 도입한 복합 장갑의 개량 설계입니다.,mt
TTRTEXT|60|0,Adaptable Computing,적응형 컴퓨팅,mt
TTRTEXT|60|1,"Through the bandwidth provided by advances in internet technology and distributed computing, it is now possible to create software that can adapt by communicating in a distributed environment to customize itself to end user needs.","인터넷 기술과 분산 컴퓨팅의 발전이 제공하는 대역폭 덕분에, 분산 환경에서 통신하며 최종 사용자 요구에 맞게 스스로 조정하는 적응형 소프트웨어를 만들 수 있습니다.",mt
TTRTEXT|600|0,Deep Sea Oil Radar,심해 석유 레이더,mt
TTRTEXT|601|0,Nano Drill Heads,나노 시추 헤드,mt
TTRTEXT|602|0,Dark Matter Powered Oil Rigs,암흑물질 동력 시추 설비,mt
TTRTEXT|603|0,National Medical Databanks,국가 의료 데이터 은행,mt
TTRTEXT|603|1,"With the ability to analyze data in large quantities through Data Analysis Servers, there is also a need to catalog the information.  Medical information in particular needs to be filed in such a way that it is readily available to the entire medical community.",데이터 분석 서버로 대량의 데이터를 분석할 수 있게 되면 정보를 분류해 둘 필요도 생깁니다. 특히 의료 정보는 전체 의료계가 쉽게 이용할 수 있도록 정리해야 합니다.,mt
TTRTEXT|604|0,Stirling Solar Collectors,스털링 태양열 집열기,mt
TTRTEXT|604|1,"Since the principle of Stirling engines is to create energy from an external heat source, focused solar energy is seen as an ideal way of creating a new generation solar energy collector.  The efficiency of these systems far surpasses previous solar panels.","스털링 엔진의 원리는 외부 열원으로 에너지를 만드는 것이므로, 집속된 태양에너지는 신세대 태양에너지 집열기를 만들기에 이상적입니다. 이 시스템의 효율은 기존 태양광 패널을 크게 웃돕니다.",mt
TTRTEXT|605|0,Pharmagenetics,약물유전학,mt
TTRTEXT|605|1,Genetic modifications are now being done through ingested medicine capsules.  The DNA changes are introduced using a viral delivery system.,이제 섭취하는 캡슐 의약품으로 유전자 변형을 합니다. DNA 변화는 바이러스 전달 체계로 주입됩니다.,mt
TTRTEXT|606|0,Quantum Cryptography,양자 암호,mt
TTRTEXT|606|1,Through theories in Quantum Mechanics it is possible to generate encryption keys that by their very nature cannot be cracked.  This will make security less of a concern when distributing sensitive information at governmental and military levels.,양자역학 이론으로 본질적으로 해독이 불가능한 암호 키를 생성할 수 있습니다. 이로써 정부와 군 차원에서 민감한 정보를 배포할 때 보안 우려가 줄어듭니다.,mt
TTRTEXT|607|0,Synthetic Gas Plants,합성 가스 공장,mt
TTRTEXT|607|1,"Through better understanding of carbon properties and synthetic fuel production, we are now able to produce a more efficient burning fossil fuel replacement.","탄소의 성질과 합성 연료 생산에 대한 이해가 깊어져, 이제 더 효율적으로 연소하는 화석 연료 대체물을 생산할 수 있습니다.",mt
TTRTEXT|608|0,Magnetic Resonance Imaging,자기공명영상,mt
TTRTEXT|608|1,A medical imaging technique used in radiology to visualize detailed internal structures. MRI makes use of the property of Nuclear magnetic resonance (NMR) to image nuclei of atoms inside the body.,방사선과에서 상세한 내부 구조를 보기 위해 쓰는 의료 영상 기법입니다. MRI는 핵자기공명(NMR)의 성질을 이용해 체내 원자핵을 영상화합니다.,mt
TTRTEXT|61|0,Advanced Robotics,고급 로봇공학,mt
TTRTEXT|61|1,Advances in other areas of research are opening up new possibilities in the field of robotics.  This is providing a new level of capabilities for robotic machinery.,다른 연구 분야의 발전이 로봇공학에 새로운 가능성을 열고 있습니다. 이는 로봇 기계에 새로운 수준의 능력을 제공합니다.,mt
TTRTEXT|610|0,Neural Signal Acquisition,신경 신호 획득,mt
TTRTEXT|610|1,"Much in the same way that the mind produces neural signals to move muscles, we are now able to register specific neural impulses from the brain and convert them into electronic data.  Current systems are large and cumbersome but miniaturization of the technology is sure to follow.","정신이 근육을 움직이려고 신경 신호를 만들어 내는 것과 마찬가지로, 이제 뇌의 특정 신경 자극을 포착하여 전자 데이터로 변환할 수 있습니다. 현재 시스템은 크고 다루기 불편하지만 곧 기술의 소형화가 뒤따를 것입니다.",mt
TTRTEXT|611|0,Neural Computer Interfaces,신경 컴퓨터 인터페이스,mt
TTRTEXT|611|1,"Since impulses from the mind are much faster than reaction times of the human hand, being able to issue commands through neural interfacing offers more efficient computer control options.","정신에서 나오는 자극은 사람 손의 반응 시간보다 훨씬 빠르므로, 신경 인터페이스로 명령을 내리면 더 효율적인 컴퓨터 제어가 가능합니다.",mt
TTRTEXT|612|0,Neural Weapons Controls,신경 무기 제어,mt
TTRTEXT|612|1,"An obvious application for neural controls due to the requirement of fast response times on the battlefield, we are now making weapons systems that our soldiers can control by thought.","전장에서 빠른 반응 시간이 요구되므로 신경 제어의 명백한 응용 분야이며, 이제 우리 병사들이 생각만으로 조작하는 무기 체계를 만들고 있습니다.",mt
TTRTEXT|613|0,Instructional Neural Interface,교육용 신경 인터페이스,mt
TTRTEXT|613|1,An understanding of the workings of the mind means that we can now enhance learning by focusing information relevant to an area of study.  This will certainly be restricted to the most legitimate of uses.,정신의 작동 방식을 이해하게 되어 학습 분야와 관련된 정보에 집중시켜 학습을 강화할 수 있습니다. 이는 가장 정당한 용도로만 제한될 것입니다.,mt
TTRTEXT|614|0,Neural Data Storage,신경 데이터 저장,mt
TTRTEXT|614|1,Since the mind is a living organism and prone to changes research has been done into the ability to store some of the mind's information digitally.  This data can then be accessed independently or restored in cases of medical difficulties.,"정신은 살아 있는 유기체여서 변화하기 쉬우므로, 정신의 정보 일부를 디지털로 저장하는 연구가 이루어졌습니다. 이 데이터는 독립적으로 열람하거나 의학적 문제가 생겼을 때 복원할 수 있습니다.",mt
TTRTEXT|615|0,Advanced Telemedicine,고급 원격 의료,mt
TTRTEXT|615|1,"Where previously medical practitioners could control medical equipment at remote locations  through computer interfaces, the advances in neural control systems and neural feedback now allow control through a system where a light touch and steady hand are relayed over any distance.","과거에는 의료진이 컴퓨터 인터페이스로 원격지의 의료 장비를 제어했지만, 신경 제어 시스템과 신경 피드백의 발전으로 이제 가벼운 손길과 안정된 손놀림이 어떤 거리에서도 전달되는 시스템을 통해 제어할 수 있습니다.",mt
TTRTEXT|616|0,Signal Receptor Neural Implants,신호 수신 신경 이식,mt
TTRTEXT|616|1,We are working on new technologies that will transmit signals directly into the mind.  A variety of applications are being explored from communication with the deaf to military command and control systems.,신호를 정신에 직접 전달하는 신기술을 연구하고 있습니다. 청각 장애인과의 의사소통부터 군 지휘통제 시스템까지 다양한 응용을 탐구하고 있습니다.,mt
TTRTEXT|617|0,Neural Interactive Prosthetics,신경 상호작용 의수족,mt
TTRTEXT|617|1,Since computers can now provide response systems similar to a central nervous system it has become possible to create artificial limbs that once installed respond to the patient's commands much like their original limbs would.,"이제 컴퓨터가 중추신경계와 유사한 반응 체계를 제공할 수 있어, 장착하면 본래 팔다리처럼 환자의 명령에 반응하는 인공 팔다리를 만들 수 있게 되었습니다.",mt
TTRTEXT|618|0,Neuropharmacology,신경약리학,mt
TTRTEXT|618|1,Pharmaceutical techniques for improved learning and memory from increased synapse production.,시냅스 생성을 늘려 학습과 기억을 개선하는 제약 기법입니다.,mt
TTRTEXT|619|0,Unmanned Commercial Machinery,무인 상업 기계,mt
TTRTEXT|619|1,Robots and machinery specialized for industrial tasks such as mining and agriculture can now be found in many areas.,광업과 농업 같은 산업 작업에 특화된 로봇과 기계를 이제 여러 곳에서 볼 수 있습니다.,mt
TTRTEXT|62|0,Haptic Robotics,햅틱 로봇공학,mt
TTRTEXT|62|1,Haptics are the technology required to provide tactile sensation feedback to the user.  These advances allow for the user behind the robot to 'feel' the sensations as if the object manipulated by the robot where actually in their own hands.,햅틱은 사용자에게 촉각 피드백을 제공하는 데 필요한 기술입니다. 이 발전으로 로봇을 조종하는 사용자가 로봇이 다루는 물체를 실제로 자기 손에 쥔 것처럼 감각을 '느낄' 수 있습니다.,mt
TTRTEXT|620|0,Neural Reprogramming,신경 재프로그래밍,mt
TTRTEXT|620|1,"Since some members of society continue to resist the efforts of our administration, we have developed new techniques to assure we can silence these troublesome groups.","사회 일부 구성원이 정부의 노력에 계속 저항하므로, 이 골칫거리 집단의 입을 확실히 막을 새로운 기법을 개발했습니다.",mt
TTRTEXT|621|0,Portable MRI,휴대용 MRI,mt
TTRTEXT|621|1,improvements in magnetic resonance imaging systems now allow for portable versions that can be specialized to specific applications.,자기공명영상 시스템의 개선으로 특정 용도에 맞게 특화할 수 있는 휴대용 버전이 가능해졌습니다.,mt
TTRTEXT|622|0,Laser AA Defense Site,레이저 대공 방어 기지,mt
TTRTEXT|622|1,"Through integration of laser technology, fixed anti air sites are now more effective than ever.",레이저 기술의 통합으로 고정식 대공 기지가 그 어느 때보다 효과적입니다.,mt
TTRTEXT|623|0,Early Warning Sites,조기 경보 기지,mt
TTRTEXT|623|1,"By combining radar, microwave, UAV and other technologies we can now create listening posts to provide intelligence for specific areas in our territories.","레이더, 마이크로파, UAV 등의 기술을 결합하여 영토 내 특정 지역에 정보를 제공하는 청취 초소를 만들 수 있습니다.",mt
TTRTEXT|624|0,Microfluidic Advances,미세유체 발전,mt
TTRTEXT|624|1,"The laws of thermodynamics have been understood for a long time. Still today, research seeks to maximize efficiency and decrease thermodynamic loss. This becomes even more critical in nano chemistry and microfluidics.",열역학 법칙은 오래전부터 알려져 왔습니다. 그럼에도 오늘날에도 효율을 극대화하고 열역학적 손실을 줄이는 연구가 이어지고 있습니다. 이는 나노 화학과 미세유체에서 더욱 중요해집니다.,mt
TTRTEXT|625|0,Improved Fuel Cells,개선 연료 전지,mt
TTRTEXT|625|1,"Initial development into fuel cells has been long and difficult but we are now seeing progress in terms of higher peak output from these systems.  The devices are now smaller, more efficient and becoming cheaper to produce.  Reliability of the system is also improving.","연료 전지의 초기 개발은 길고 어려웠지만, 이제 이 시스템의 최대 출력이 높아지는 진전을 보고 있습니다. 장치는 더 작고 효율적이며 생산 비용도 낮아지고 있습니다. 시스템의 신뢰성도 향상되고 있습니다.",mt
TTRTEXT|626|0,IFC Industrial Refit,개선 연료 전지 산업 개장,mt
TTRTEXT|626|1,"Improved fuel cells have numerous industrial benefits.  Energy costs are often a challenge for the industrial sector, any advances in this area are certainly welcomed.",개선 연료 전지는 산업에 여러 이점이 있습니다. 에너지 비용은 산업 부문의 고질적 과제이므로 이 분야의 어떤 발전도 환영받습니다.,mt
TTRTEXT|627|0,IFC Vehicle Refit,개선 연료 전지 차량 개장,mt
TTRTEXT|627|1,"By further reducing our dependency on fossil fuels, we move closer to living in a sustainable cycle that does not require constant exploration for new fuel sources or expensive extraction and refining.  Refitting our vehicles for improved fuel cells is sure to have long term benefits.",화석 연료 의존도를 더 줄이면 새 연료원을 끊임없이 탐사하거나 비싼 비용으로 채굴하고 정제할 필요가 없는 지속 가능한 순환 사회에 가까워집니다. 개선 연료 전지에 맞게 차량을 개장하면 장기적으로 확실한 이득이 있을 것입니다.,mt
TTRTEXT|628|0,Advanced Cardiovascular Care,고급 심혈관 치료,mt
TTRTEXT|628|1,A number of recent advances have provided greater understanding of cardiovascular systems.  This understanding is being put into practice to provide improved healthcare.,최근의 여러 발전으로 심혈관계에 대한 이해가 깊어졌습니다. 이 이해를 실무에 적용하여 보건 의료를 개선하고 있습니다.,mt
TTRTEXT|629|0,Dark Matter Theories,암흑물질 이론,mt
TTRTEXT|629|1,"Through understanding the motions of celestial bodies it has been proven that there must exist in the universe mass and energy beyond what we can see through conventional means.  While we cannot find any immediate practical uses for this fact, improved understanding may some day lead us to new discoveries.","천체의 운동을 이해함으로써, 우주에는 통상적인 수단으로 볼 수 있는 것 이상의 질량과 에너지가 존재한다는 것이 입증되었습니다. 이 사실의 즉각적인 실용적 쓰임새는 찾을 수 없지만, 이해가 깊어지면 언젠가 새로운 발견으로 이어질 수 있습니다.",mt
TTRTEXT|63|0,Molecular Electronics,분자 전자공학,mt
TTRTEXT|63|1,By controlling electrical currents through molecules it is possible to create a transistor that is smaller than the eye can see.  This technology will lead us fully into the field of nanotechnology with the ability to control current at this small scale.,분자를 통과하는 전류를 제어하면 눈에 보이지 않을 만큼 작은 트랜지스터를 만들 수 있습니다. 이 기술은 이 작은 규모에서 전류를 제어하는 능력으로 우리를 나노기술 분야로 완전히 이끌 것입니다.,mt
TTRTEXT|630|0,Dark Matter Laws and Principles,암흑물질 법칙과 원리,mt
TTRTEXT|630|1,"While the existence of Dark Matter and Dark Energy has been accepted since the turn of the century, to be able to interact with it will require extensive work.","암흑물질과 암흑에너지의 존재는 세기가 바뀐 이후 받아들여졌지만, 이와 상호작용하려면 방대한 연구가 필요합니다.",mt
TTRTEXT|631|0,Dark Energy Collectors,암흑에너지 집적기,mt
TTRTEXT|631|1,We have developed systems to be able to collect and focus Dark Energy although it is still considered too unstable for anything beyond scientific applications.,"암흑에너지를 수집하고 집속하는 시스템을 개발했지만, 과학적 응용 이상으로 쓰기에는 아직 지나치게 불안정한 것으로 여겨집니다.",mt
TTRTEXT|632|0,Dark Energy Power Plants,암흑에너지 발전소,mt
TTRTEXT|632|1,We have developed systems to focus Dark Energy and convert it into a usable form. The costs are extremely large but so are the benefits,암흑에너지를 집속하여 사용 가능한 형태로 변환하는 시스템을 개발했습니다. 비용은 엄청나지만 이득도 그만큼 큽니다.,mt
TTRTEXT|633|0,Dark Matter Warheads,암흑물질 탄두,mt
TTRTEXT|633|1,"As the understanding of Dark Matter and Dark Energy grows, so does the military interest in harnessing these new sources.  We are ready to begin the use of these substances to create more powerful warheads than previously existed.",암흑물질과 암흑에너지에 대한 이해가 깊어지면서 이 새로운 자원을 활용하려는 군의 관심도 커지고 있습니다. 이 물질을 이용해 이전에는 없던 더 강력한 탄두를 만들 준비가 되었습니다.,mt
TTRTEXT|634|0,Social Reform: Behavioral Programming,사회 개혁: 행동 프로그래밍,mt
TTRTEXT|635|0,The Human Brain,인간의 뇌,mt
TTRTEXT|635|1,Acquiring a deep understanding of how the various areas of the brain work is essential for further developments in neural input and output.,뇌의 여러 영역이 작동하는 방식을 깊이 이해하는 것은 신경 입출력의 추가 발전에 필수적입니다.,mt
TTRTEXT|636|0,Advanced GPS,고급 GPS,mt
TTRTEXT|637|0,Modern GPS,현대 GPS,mt
TTRTEXT|638|0,Future GPS,미래 GPS,mt
TTRTEXT|639|0,Multi Linked GPS,다중 연결 GPS,mt
TTRTEXT|64|0,Cellular Robotics,세포 로봇공학,mt
TTRTEXT|64|1,"This technology provides the framework for robots that are small enough to work at microscopic levels, performing tasks at a precision never before seen.","이 기술은 미시 수준에서 작업할 수 있을 만큼 작은 로봇의 기반을 제공하며, 이전에 볼 수 없던 정밀도로 작업을 수행합니다.",mt
TTRTEXT|640|0,Holo GPS,홀로 GPS,mt
TTRTEXT|641|0,Missile Grade GPS,미사일급 GPS,mt
TTRTEXT|642|0,Modern Missile Grade GPS,현대 미사일급 GPS,mt
TTRTEXT|643|0,Advanced Missile Grade GPS,고급 미사일급 GPS,mt
TTRTEXT|644|0,Future Missile Grade GPS,미래 미사일급 GPS,mt
TTRTEXT|645|0,Pin Point GPS,정밀 타격 GPS,mt
TTRTEXT|646|0,Anti GPS Tech,대 GPS 기술,mt
TTRTEXT|647|0,DM Tipped Nuclear Missile,암흑물질 탄두 핵미사일,mt
TTRTEXT|648|0,Solid DM NM,고체 암흑물질 핵미사일,mt
TTRTEXT|649|0,Solid Multi Stage DM NM,고체 다단 암흑물질 핵미사일,mt
TTRTEXT|65|0,NanoChemistry,나노화학,mt
TTRTEXT|65|1,Procedures to alter the chemical composition of any substance using Cellular Robotics and nano technologies.,세포 로봇공학과 나노 기술로 모든 물질의 화학 조성을 바꾸는 절차입니다.,mt
TTRTEXT|650|0,DM NM-666,DM NM-666,mt
TTRTEXT|651|0,DM NM-666x2,DM NM-666x2,mt
TTRTEXT|652|0,DM NM-666x4,DM NM-666x4,mt
TTRTEXT|653|0,SLDMNM-73,SLDMNM-73,mt
TTRTEXT|654|0,SLDMNM-81,SLDMNM-81,mt
TTRTEXT|655|0,SLDMNM-89,SLDMNM-89,mt
TTRTEXT|656|0,SLDMNM-99,SLDMNM-99,mt
TTRTEXT|657|0,Spy Recruitment,첩보원 모집,mt
TTRTEXT|657|1, Recruiting from top colleges will yeild a beter spy,명문 대학에서 모집하면 더 나은 첩보원을 얻을 수 있습니다.,mt
TTRTEXT|658|0,The Farm,더 팜,mt
TTRTEXT|658|1, A secret location to train our spies,첩보원을 훈련하는 비밀 장소입니다.,mt
TTRTEXT|659|0,Secret Torture Facility,비밀 고문 시설,mt
TTRTEXT|659|1, A secret location to gain intel from our enemies,적에게서 정보를 얻는 비밀 장소입니다.,mt
TTRTEXT|66|0,Nano Medicine,나노 의학,mt
TTRTEXT|66|1,"By inserting Nano Robotic units into the blood stream, it is possible to control the release rate of medicines or directly attack diseases that were previously untreatable.",나노 로봇 유닛을 혈류에 주입하여 약물 방출 속도를 제어하거나 이전에 치료할 수 없던 질병을 직접 공격할 수 있습니다.,mt
TTRTEXT|660|0,Cloak and Dagger,첩보 공작,mt
TTRTEXT|660|1, Secret squirl stuff,극비 첩보 활동입니다.,mt
TTRTEXT|661|0,Satellite Assistance,위성 지원,mt
TTRTEXT|661|1, Using advanced satellites will aid our espienage,첨단 위성을 활용하면 우리의 첩보 활동에 도움이 됩니다.,mt
TTRTEXT|662|0,Advanced Spy Training,고급 첩보원 훈련,mt
TTRTEXT|663|0,BIO Camera,생체 카메라,mt
TTRTEXT|664|0,NANO Camera,나노 카메라,mt
TTRTEXT|665|0,Public Torture Facility,공개 고문 시설,mt
TTRTEXT|667|0,International Torture Facility,국제 고문 시설,mt
TTRTEXT|668|0,Government Food Aid,정부 식량 지원,mt
TTRTEXT|668|1, Paying for our countries food will make our people happy,국가가 식량 비용을 부담하면 국민이 행복해집니다.,mt
TTRTEXT|669|0,Government Food Aid 2,정부 식량 지원 2,mt
TTRTEXT|669|1, Paying for our countries food will make our people happy,국가가 식량 비용을 부담하면 국민이 행복해집니다.,mt
TTRTEXT|67|0,Nano Anti-Toxins/Vaccines,나노 해독제/백신,mt
TTRTEXT|67|1,This will make it possible to insert Nano Robotic Units that lay dormant until activated by the presence of foreign bodies.  This method will even be effective to counter some biological and chemical agents.,이물질이 나타날 때까지 휴면 상태로 있다가 활성화되는 나노 로봇 유닛을 주입할 수 있습니다. 이 방법은 일부 생물 및 화학 작용제에 대응하는 데에도 효과적입니다.,mt
TTRTEXT|670|0,Government Food Aid 3,정부 식량 지원 3,mt
TTRTEXT|670|1, Paying for our countries food will make our people happy,국가가 식량 비용을 부담하면 국민이 행복해집니다.,mt
TTRTEXT|671|0,Government Food Aid 4,정부 식량 지원 4,mt
TTRTEXT|671|1, Paying for our countries food will make our people happy,국가가 식량 비용을 부담하면 국민이 행복해집니다.,mt
TTRTEXT|672|0,Government Food Aid 5,정부 식량 지원 5,mt
TTRTEXT|672|1, Paying for our countries food will make our people happy,국가가 식량 비용을 부담하면 국민이 행복해집니다.,mt
TTRTEXT|673|0,Government Food Aid 6,정부 식량 지원 6,mt
TTRTEXT|673|1, Paying for our countries food will make our people happy,국가가 식량 비용을 부담하면 국민이 행복해집니다.,mt
TTRTEXT|674|0,Government Food Aid 7,정부 식량 지원 7,mt
TTRTEXT|674|1, Paying for our countries food will make our people happy,국가가 식량 비용을 부담하면 국민이 행복해집니다.,mt
TTRTEXT|675|0,Government Food Aid 8,정부 식량 지원 8,mt
TTRTEXT|675|1, Paying for our countries food will make our people happy,국가가 식량 비용을 부담하면 국민이 행복해집니다.,mt
TTRTEXT|676|0,Government Food Aid 9,정부 식량 지원 9,mt
TTRTEXT|676|1, Paying for our countries food will make our people happy,국가가 식량 비용을 부담하면 국민이 행복해집니다.,mt
TTRTEXT|677|0,Government Food Aid 10,정부 식량 지원 10,mt
TTRTEXT|677|1, Paying for our countries food will make our people happy,국가가 식량 비용을 부담하면 국민이 행복해집니다.,mt
TTRTEXT|678|0,Government Food Aid 11,정부 식량 지원 11,mt
TTRTEXT|678|1, Paying for our countries food will make our people happy,국가가 식량 비용을 부담하면 국민이 행복해집니다.,mt
TTRTEXT|679|0,Government Food Aid 12,정부 식량 지원 12,mt
TTRTEXT|679|1, Paying for our countries food will make our people happy,국가가 식량 비용을 부담하면 국민이 행복해집니다.,mt
TTRTEXT|68|0,Nano Surgery,나노 수술,mt
TTRTEXT|68|1,"Repair Nerves, veins, or even the brain with Nano Robotic Units.","나노 로봇 유닛으로 신경, 혈관, 심지어 뇌까지 수복합니다.",mt
TTRTEXT|680|0,Government Food Aid 13,정부 식량 지원 13,mt
TTRTEXT|680|1, Paying for our countries food will make our people happy,국가가 식량 비용을 부담하면 국민이 행복해집니다.,mt
TTRTEXT|681|0,Government Food Aid 14,정부 식량 지원 14,mt
TTRTEXT|681|1, Paying for our countries food will make our people happy,국가가 식량 비용을 부담하면 국민이 행복해집니다.,mt
TTRTEXT|682|0,Government Food Aid 15,정부 식량 지원 15,mt
TTRTEXT|682|1, Paying for our countries food will make our people happy,국가가 식량 비용을 부담하면 국민이 행복해집니다.,mt
TTRTEXT|683|0,Government Food Aid 16,정부 식량 지원 16,mt
TTRTEXT|683|1, Paying for our countries food will make our people happy,국가가 식량 비용을 부담하면 국민이 행복해집니다.,mt
TTRTEXT|684|0,Government Food Aid 17,정부 식량 지원 17,mt
TTRTEXT|684|1, Paying for our countries food will make our people happy,국가가 식량 비용을 부담하면 국민이 행복해집니다.,mt
TTRTEXT|685|0,Government Food Aid 18,정부 식량 지원 18,mt
TTRTEXT|685|1, Paying for our countries food will make our people happy,국가가 식량 비용을 부담하면 국민이 행복해집니다.,mt
TTRTEXT|686|0,Government Food Aid 19,정부 식량 지원 19,mt
TTRTEXT|686|1, Paying for our countries food will make our people happy,국가가 식량 비용을 부담하면 국민이 행복해집니다.,mt
TTRTEXT|687|0,Government Food Aid 20,정부 식량 지원 20,mt
TTRTEXT|687|1, Paying for our countries food will make our people happy,국가가 식량 비용을 부담하면 국민이 행복해집니다.,mt
TTRTEXT|688|0,Government Food Aid 21,정부 식량 지원 21,mt
TTRTEXT|688|1, Paying for our countries food will make our people happy,국가가 식량 비용을 부담하면 국민이 행복해집니다.,mt
TTRTEXT|689|0,Restricted Government Food,정부 식량 제한,mt
TTRTEXT|689|1, Our people are geting fat We should cut back on thier intake and increase our reserves,국민이 살찌고 있습니다. 섭취량을 줄이고 비축량을 늘려야 합니다.,mt
TTRTEXT|69|0,Non-Combustible Fuels,비가연성 연료,mt
TTRTEXT|69|1,Nano-chemically engineered not to react violently when ignited accidentally.  Still provides equal thrust without the risk of being explosive.,우발적으로 점화되어도 격렬하게 반응하지 않도록 나노 화학적으로 설계되었습니다. 폭발 위험 없이도 동일한 추력을 냅니다.,mt
TTRTEXT|690|0,Restricted Government Food 2,정부 식량 제한 2,mt
TTRTEXT|690|1, Our people are geting fat We should cut back on thier intake and increase our reserves,국민이 살찌고 있습니다. 섭취량을 줄이고 비축량을 늘려야 합니다.,mt
TTRTEXT|691|0,Restricted Government Food 3,정부 식량 제한 3,mt
TTRTEXT|691|1, Our people are geting fat We should cut back on thier intake and increase our reserves,국민이 살찌고 있습니다. 섭취량을 줄이고 비축량을 늘려야 합니다.,mt
TTRTEXT|692|0,Restricted Government Food 4,정부 식량 제한 4,mt
TTRTEXT|692|1, Our people are geting fat We should cut back on thier intake and increase our reserves,국민이 살찌고 있습니다. 섭취량을 줄이고 비축량을 늘려야 합니다.,mt
TTRTEXT|693|0,Restricted Government Food 5,정부 식량 제한 5,mt
TTRTEXT|693|1, Our people are geting fat We should cut back on thier intake and increase our reserves,국민이 살찌고 있습니다. 섭취량을 줄이고 비축량을 늘려야 합니다.,mt
TTRTEXT|694|0,Restricted Government Food 6,정부 식량 제한 6,mt
TTRTEXT|694|1, Our people are geting fat We should cut back on thier intake and increase our reserves,국민이 살찌고 있습니다. 섭취량을 줄이고 비축량을 늘려야 합니다.,mt
TTRTEXT|695|0,Restricted Government Food 7,정부 식량 제한 7,mt
TTRTEXT|695|1, Our people are geting fat We should cut back on thier intake and increase our reserves,국민이 살찌고 있습니다. 섭취량을 줄이고 비축량을 늘려야 합니다.,mt
TTRTEXT|696|0,Restricted Government Food 8,정부 식량 제한 8,mt
TTRTEXT|696|1, Our people are geting fat We should cut back on thier intake and increase our reserves,국민이 살찌고 있습니다. 섭취량을 줄이고 비축량을 늘려야 합니다.,mt
TTRTEXT|697|0,Restricted Government Food 9,정부 식량 제한 9,mt
TTRTEXT|697|1, Our people are geting fat We should cut back on thier intake and increase our reserves,국민이 살찌고 있습니다. 섭취량을 줄이고 비축량을 늘려야 합니다.,mt
TTRTEXT|698|0,Restricted Government Food 10,정부 식량 제한 10,mt
TTRTEXT|698|1, Our people are geting fat We should cut back on thier intake and increase our reserves,국민이 살찌고 있습니다. 섭취량을 줄이고 비축량을 늘려야 합니다.,mt
TTRTEXT|699|0,Restricted Government Food 11,정부 식량 제한 11,mt
TTRTEXT|699|1, Our people are geting fat We should cut back on thier intake and increase our reserves,국민이 살찌고 있습니다. 섭취량을 줄이고 비축량을 늘려야 합니다.,mt
TTRTEXT|7|0,Missile Launch Silos,미사일 발사 사일로,mt
TTRTEXT|7|1,Silos for launch of Inter-Continental Ballistic Missiles (ICBMs) and Medium-Range Ballistic Missiles (MRBSs).,대륙간 탄도 미사일(ICBM)과 중거리 탄도 미사일(MRBM)을 발사하는 사일로입니다.,mt
TTRTEXT|70|0,Adaptive Materials,적응형 소재,mt
TTRTEXT|70|1,"As part of the new generation of 'Smart Materials' being developed, the cellular robotics incorporated into adaptive materials can trigger actions such as temperature or color changes.","개발 중인 신세대 '스마트 소재'의 일부로, 적응형 소재에 내장된 세포 로봇공학이 온도나 색상 변화 같은 동작을 일으킬 수 있습니다.",mt
TTRTEXT|700|0,Restricted Government Food 12,정부 식량 제한 12,mt
TTRTEXT|700|1, Our people are geting fat We should cut back on thier intake and increase our reserves,국민이 살찌고 있습니다. 섭취량을 줄이고 비축량을 늘려야 합니다.,mt
TTRTEXT|701|0,Restricted Government Food 13,정부 식량 제한 13,mt
TTRTEXT|701|1, Our people are geting fat We should cut back on thier intake and increase our reserves,국민이 살찌고 있습니다. 섭취량을 줄이고 비축량을 늘려야 합니다.,mt
TTRTEXT|702|0,Restricted Government Food 14,정부 식량 제한 14,mt
TTRTEXT|702|1, Our people are geting fat We should cut back on thier intake and increase our reserves,국민이 살찌고 있습니다. 섭취량을 줄이고 비축량을 늘려야 합니다.,mt
TTRTEXT|703|0,Restricted Government Food 15,정부 식량 제한 15,mt
TTRTEXT|703|1, Our people are geting fat We should cut back on thier intake and increase our reserves,국민이 살찌고 있습니다. 섭취량을 줄이고 비축량을 늘려야 합니다.,mt
TTRTEXT|704|0,Restricted Government Food 16,정부 식량 제한 16,mt
TTRTEXT|704|1, Our people are geting fat We should cut back on thier intake and increase our reserves,국민이 살찌고 있습니다. 섭취량을 줄이고 비축량을 늘려야 합니다.,mt
TTRTEXT|705|0,Restricted Government Food 17,정부 식량 제한 17,mt
TTRTEXT|705|1, Our people are geting fat We should cut back on thier intake and increase our reserves,국민이 살찌고 있습니다. 섭취량을 줄이고 비축량을 늘려야 합니다.,mt
TTRTEXT|706|0,Restricted Government Food 18,정부 식량 제한 18,mt
TTRTEXT|706|1, Our people are geting fat We should cut back on thier intake and increase our reserves,국민이 살찌고 있습니다. 섭취량을 줄이고 비축량을 늘려야 합니다.,mt
TTRTEXT|707|0,Restricted Government Food 19,정부 식량 제한 19,mt
TTRTEXT|707|1, Our people are geting fat We should cut back on thier intake and increase our reserves,국민이 살찌고 있습니다. 섭취량을 줄이고 비축량을 늘려야 합니다.,mt
TTRTEXT|708|0,Restricted Government Food 20,정부 식량 제한 20,mt
TTRTEXT|708|1, Our people are geting fat We should cut back on thier intake and increase our reserves,국민이 살찌고 있습니다. 섭취량을 줄이고 비축량을 늘려야 합니다.,mt
TTRTEXT|709|0,Restricted Government Food 21,정부 식량 제한 21,mt
TTRTEXT|709|1, Our people are geting fat We should cut back on thier intake and increase our reserves,국민이 살찌고 있습니다. 섭취량을 줄이고 비축량을 늘려야 합니다.,mt
TTRTEXT|71|0,Nano-metallurgy,나노 금속공학,mt
TTRTEXT|71|1,"The development of new metals through manipulation at a molecular level.  This creates materials, such as Transparent Titanium, that are stronger than anything previously developed while being lightweight and thin.  At the same time, many of these new materials retain their adaptive properties and offer many other uses.",분자 수준의 조작으로 새로운 금속을 개발합니다. 이로써 투명 티타늄처럼 기존에 개발된 어떤 것보다 강하면서도 가볍고 얇은 소재가 만들어집니다. 동시에 이 새 소재들 다수는 적응 특성을 유지하며 다른 여러 용도도 제공합니다.,mt
TTRTEXT|710|0,Mandatory Preschool,의무 유아 교육,mt
TTRTEXT|710|1, Your government requires all children ages 1-5 to attend school,정부가 1~5세 모든 아동의 학교 출석을 의무화합니다.,mt
TTRTEXT|711|0,Mandatory Grade School ,의무 초등 교육,mt
TTRTEXT|711|1, Your government requires all kids ages 5-14 to attend school,정부가 5~14세 모든 아동의 학교 출석을 의무화합니다.,mt
TTRTEXT|712|0,Mandatory High School,의무 고등학교 교육,mt
TTRTEXT|712|1, Your government requires all kids ages 14-18 to attend school,정부가 14~18세 모든 아동의 학교 출석을 의무화합니다.,mt
TTRTEXT|713|0,Mandatory College,의무 대학 교육,mt
TTRTEXT|713|1, Your government requires all yound adults ages 18-22 to attend school,정부가 18~22세 모든 청년의 학교 출석을 의무화합니다.,mt
TTRTEXT|714|0,Mandatory Specialized Training ,의무 전문 훈련,mt
TTRTEXT|714|1, Your government requires all adults ages 21-27 to attend specific job training,정부가 21~27세 모든 성인의 직업 훈련 이수를 의무화합니다.,mt
TTRTEXT|715|0,Compulsory Preschool,강제 유아 교육,mt
TTRTEXT|715|1, Conspiracy theorist theorise there is somthing the government is puting into the water that makes children agaes 1-4 want to attend School,음모론자들은 정부가 수돗물에 무언가를 타서 1~4세 아동이 학교에 가고 싶어 하게 만든다고 주장합니다.,mt
TTRTEXT|716|0,Compulsory Grade School,강제 초등 교육,mt
TTRTEXT|716|1, Conspiracy theorist theorise there is somthing the government is puting into the water that makes children agaes 4-11 want to attend School,음모론자들은 정부가 수돗물에 무언가를 타서 4~11세 아동이 학교에 가고 싶어 하게 만든다고 주장합니다.,mt
TTRTEXT|717|0,Compulsory High School,강제 고등학교 교육,mt
TTRTEXT|717|1, Conspiracy theorist theorise there is somthing the government is puting into the water that makes children agaes 11-14 want to attend School,음모론자들은 정부가 수돗물에 무언가를 타서 11~14세 아동이 학교에 가고 싶어 하게 만든다고 주장합니다.,mt
TTRTEXT|718|0,Compulsory College,강제 대학 교육,mt
TTRTEXT|718|1, Conspiracy theorist theorise there is somthing the government is puting into the water that makes children agaes 14-20 want to attend School,음모론자들은 정부가 수돗물에 무언가를 타서 14~20세 청소년이 학교에 가고 싶어 하게 만든다고 주장합니다.,mt
TTRTEXT|719|0,Compulsory Specialized Training,강제 전문 훈련,mt
TTRTEXT|719|1, Conspiracy theorist theorise there is somthing the government is puting into the water that makes children agaes 18-25 want to learn specific job training,음모론자들은 정부가 수돗물에 무언가를 타서 18~25세 청년이 직업 훈련을 받고 싶어 하게 만든다고 주장합니다.,mt
TTRTEXT|72|0,Chameleon Armor,카멜레온 장갑,mt
TTRTEXT|72|1,"The ultimate in camouflage, an armor that will analyze foliage color patterns to mimic the unit's surroundings.  Also includes technologies to reduce radar signature.  The changes are subtle but effective.","위장의 극치로, 나뭇잎 색상 무늬를 분석하여 유닛 주변 환경을 모사하는 장갑입니다. 레이더 반사 면적을 줄이는 기술도 포함합니다. 변화는 미묘하지만 효과적입니다.",mt
TTRTEXT|720|0,Scientific Research Training,과학 연구 훈련,mt
TTRTEXT|720|1, Specialized training in the ability to research unkown techs,미지의 기술을 연구하는 능력에 대한 전문 훈련입니다.,mt
TTRTEXT|721|0,Advanced Scientific Research Training,고급 과학 연구 훈련,mt
TTRTEXT|721|1, Advanced Specialized training in the ability to research unkown techs,미지의 기술을 연구하는 능력에 대한 고급 전문 훈련입니다.,mt
TTRTEXT|722|0,Government Funded Preschool,정부 지원 유아 교육,mt
TTRTEXT|722|1,Preschool is paid for by your government,유아 교육 비용을 정부가 부담합니다.,mt
TTRTEXT|723|0,Government Funded Grade School,정부 지원 초등 교육,mt
TTRTEXT|723|1, Grade School is paid for by your government,초등 교육 비용을 정부가 부담합니다.,mt
TTRTEXT|724|0,Government Funded High School,정부 지원 고등학교 교육,mt
TTRTEXT|724|1,High School is paid for by your government,고등학교 교육 비용을 정부가 부담합니다.,mt
TTRTEXT|725|0,Government Funded College,정부 지원 대학 교육,mt
TTRTEXT|725|1,College is paid for by your government,대학 교육 비용을 정부가 부담합니다.,mt
TTRTEXT|726|0,Government Funded Specialized Training,정부 지원 전문 훈련,mt
TTRTEXT|726|1, Tech schools,기술 학교,mt
TTRTEXT|727|0,Increased Teacher Salaries,교사 급여 인상,mt
TTRTEXT|727|1, Increasing the pay for teachers will make them beter teach our populous,교사의 급여를 올리면 국민을 더 잘 가르칠 것입니다.,mt
TTRTEXT|728|0,Increased Teacher Pay,교사 보수 인상,mt
TTRTEXT|728|1, Increasing the pay for teachers will make them beter teach our populous,교사의 보수를 올리면 국민을 더 잘 가르칠 것입니다.,mt
TTRTEXT|729|0,Decreased Teacher Salaries,교사 급여 삭감,mt
TTRTEXT|729|1, Our teachers make to much,교사들이 너무 많이 받습니다.,mt
TTRTEXT|73|0,Self Healing Armor,자가 치유 장갑,mt
TTRTEXT|73|1,"Multiple overlapping layers of this adaptive material can 'thin out' to redistribute their total mass and fill gaps created in the armor.  After taking damage, new plates are simply added and absorbed over time.  This increases unit survivability and decreases repair times.",이 적응형 소재를 여러 겹 겹치면 층이 '얇아지며' 전체 질량을 재분배하여 장갑에 생긴 틈을 메웁니다. 피해를 입은 뒤에는 새 판을 덧대기만 하면 시간이 지나며 흡수됩니다. 이는 유닛 생존성을 높이고 수리 시간을 줄입니다.,mt
TTRTEXT|730|0,Decreased Teacher Pay,교사 보수 삭감,mt
TTRTEXT|730|1, Our teachers make to much,교사들이 너무 많이 받습니다.,mt
TTRTEXT|731|0,Commercial Grade Hover Tech,상용 호버 기술,mt
TTRTEXT|731|1,Wide spread use of Hover technology by the comercial Industry will benifiet our country,상업 산업계의 호버 기술 광범위 도입은 우리나라에 이득이 될 것입니다.,mt
TTRTEXT|732|0,City Bypass Hover Toll Ways,도시 우회 호버 유료 도로,mt
TTRTEXT|732|1,Hover lanes that bypass major cities will releave traffic around our country and decrease polution,주요 도시를 우회하는 호버 차선은 전국의 교통 체증을 완화하고 오염을 줄일 것입니다.,mt
TTRTEXT|733|0,Long Distance Hover Toll Ways,장거리 호버 유료 도로,mt
TTRTEXT|733|1,Interstate hover lanes will increase our nations infrastucture but lets have the users pay for it,"주간 호버 차선은 국가 인프라를 늘려 줄 것이니, 비용은 이용자가 부담하게 합시다.",mt
TTRTEXT|734|0,Long Distance Hover Freeways,장거리 호버 무료 고속도로,mt
TTRTEXT|734|1, We can afford to nationalize our nations hover interstate,국가 호버 주간 도로를 국유화할 여력이 있습니다.,mt
TTRTEXT|735|0,Industrial Hover Tech,산업용 호버 기술,mt
TTRTEXT|735|1,Wide spread use of hover technology by the Industrial section of our country will benifiet us greatly,우리나라 산업 부문의 호버 기술 광범위 도입은 큰 이득이 될 것입니다.,mt
TTRTEXT|736|0,Advanced Industrial Hover Vehicles,고급 산업용 호버 차량,mt
TTRTEXT|736|1,Heavy duty hover tech that can move the heaviest of loads,가장 무거운 화물도 옮길 수 있는 중장비용 호버 기술입니다.,mt
TTRTEXT|737|0,Personally Owned Hover Vehicles,개인 소유 호버 차량,mt
TTRTEXT|737|1,Even Joe the plumber will be able to drive around in a fancy hover car,평범한 배관공도 멋진 호버 자동차를 몰고 다닐 수 있게 됩니다.,mt
TTRTEXT|738|0,High Tech Architecture,첨단 건축,mt
TTRTEXT|738|1, ,,
TTRTEXT|739|0,Local Fiber Optic Network ,지역 광섬유 네트워크,mt
TTRTEXT|74|0,Electro Active Polymers,전기활성 고분자,mt
TTRTEXT|74|1,These materials combine all we've learned about Nanotechnology to create items such as synthetic muscles that can be used to create fully functional Prosthetics.  These will certainly have uses in the field of robotics.  Composed of both Actuators and Sensors that work together to create a material that reacts to external stimulus.,"이 소재는 나노 기술에 대해 배운 모든 것을 결합하여, 완전히 기능하는 의수족을 만들 수 있는 인공 근육 같은 물건을 만듭니다. 로봇공학 분야에서도 분명 쓰일 것입니다. 구동기와 센서로 구성되어 함께 작동하며 외부 자극에 반응하는 소재를 이룹니다.",mt
TTRTEXT|740|0,Regional Fiber Optic Network,광역 광섬유 네트워크,mt
TTRTEXT|741|0,State Wide Fiber Optic Network,주 전역 광섬유 네트워크,mt
TTRTEXT|742|0,Country Wide Fiber Optic Network,전국 광섬유 네트워크,mt
TTRTEXT|743|0,Fiber Optic International Trade,광섬유 국제 무역,mt
TTRTEXT|744|0,Advanced Fiber Optic International Trade,고급 광섬유 국제 무역,mt
TTRTEXT|745|0,Large Supply Depots,대형 보급 창고,mt
TTRTEXT|745|1,With the need to ever supply the vast reaches of our empire Larger Supply depots are required,제국의 광대한 영역에 끊임없이 보급해야 하므로 더 큰 보급 창고가 필요합니다.,mt
TTRTEXT|746|0,Advanced Supply Depots,고급 보급 창고,mt
TTRTEXT|746|1,This Supply depot is about 250 percent the size of the standard supply depot,이 보급 창고는 표준 보급 창고의 약 250퍼센트 크기입니다.,mt
TTRTEXT|747|0,SDI Creation,SDI 창설,mt
TTRTEXT|747|1,A government agency formed to research the possibilites of space weapons,우주 무기의 가능성을 연구하기 위해 설립된 정부 기관입니다.,mt
TTRTEXT|748|0,SDI Funding Increase,SDI 예산 증액,mt
TTRTEXT|748|1,Increased funding for our Star wars program may yeild better results,스타워즈 계획의 예산을 늘리면 더 나은 성과를 거둘 수 있습니다.,mt
TTRTEXT|749|0,Motion to Leave OST,OST 탈퇴 안건,mt
TTRTEXT|749|1,In order to get our SDI program off the ground we will need to leave the Outer Space Treaty,SDI 계획을 시작하려면 우주 조약에서 탈퇴해야 합니다.,mt
TTRTEXT|75|0,Organic Suspension,유기 서스펜션,mt
TTRTEXT|75|1,"By combining Electro Active Polymers with other advances, it is now possible to make a suspension for vehicles that is tied into systems that watch the type of terrain that the vehicle is crossing. The muscle-like qualities of Electro Active Polymers allow the suspension to compensate for the terrain.","전기활성 고분자를 다른 발전과 결합하여, 차량이 지나는 지형의 종류를 감시하는 시스템과 연동된 서스펜션을 만들 수 있습니다. 전기활성 고분자의 근육 같은 성질이 서스펜션이 지형을 보정하게 해 줍니다.",mt
TTRTEXT|750|0,Leave OST,OST 탈퇴,mt
TTRTEXT|750|1,We are finaly leaving the Outer Space Treaty,마침내 우주 조약에서 탈퇴합니다.,mt
TTRTEXT|751|0,SDI theory,SDI 이론,mt
TTRTEXT|751|1,If we where to mount weapons on our low orbit satillites,저궤도 위성에 무기를 탑재한다면 어떨까요.,mt
TTRTEXT|752|0,Practical SDI,실용 SDI,mt
TTRTEXT|752|1,Yes Low orbit satilites is the way to weaponize space,그렇습니다. 저궤도 위성이 우주를 무기화하는 방법입니다.,mt
TTRTEXT|753|0,Begin Production of SDI,SDI 생산 개시,mt
TTRTEXT|753|1,A prototype of our Weaponized Satillite is ready tobe built,우리의 무장 위성 시제품을 제작할 준비가 되었습니다.,mt
TTRTEXT|754|0,Advanced SDI Prototype,고급 SDI 시제품,mt
TTRTEXT|754|1,An advanced version of our weaponized satillies will yeild better results,무장 위성의 고급 버전은 더 나은 성과를 낼 것입니다.,mt
TTRTEXT|755|0,Leave NNPT,NNPT 탈퇴,mt
TTRTEXT|755|1,In order to procede with building nuclear weapons we will need to leave the Nuclear Non Proliferation Treaty,핵무기 제작을 진행하려면 핵확산금지조약에서 탈퇴해야 합니다.,mt
TTRTEXT|756|0,Nuclear Weapons Test,핵무기 시험,mt
TTRTEXT|756|1,A small underground test of our recent weapons designs will prove useful in telling us if we are on the right path.,최근 무기 설계의 소규모 지하 시험은 우리가 올바른 길을 가고 있는지 알려 주는 데 유용할 것입니다.,mt
TTRTEXT|757|0,High Yield Nuclear Weapons Test,고위력 핵무기 시험,mt
TTRTEXT|757|1,"This test might be hard to hide from the world, but it is a requirement of our Nuclear Weapons program development.","이 시험은 세계의 눈을 피하기 어렵겠지만, 핵무기 계획 개발에 반드시 필요합니다.",mt
TTRTEXT|758|0,LR LA Radar Systems,장거리 지상/공중 레이더 시스템,mt
TTRTEXT|758|1,Using a curved beam of light it is now possible to track objects over the horizen,휘어진 광선을 이용해 수평선 너머의 물체를 추적할 수 있습니다.,mt
TTRTEXT|759|0,Land Based GPS Radar,지상 기반 GPS 레이더,mt
TTRTEXT|759|1,Like the Space based system This system also uses multiple points in space to keep track of its targets However instead of Radio signal's it uses bent Inospectik beams,"우주 기반 시스템처럼 이 시스템도 우주의 여러 지점을 이용해 표적을 추적하지만, 전파 신호 대신 휘어진 이노스펙틱 빔을 사용합니다.",mt
TTRTEXT|76|0,Nano-Weaponry,나노 무기,mt
TTRTEXT|76|1,The next generation of weaponry is the use of nano technology to produce an effect similar to biological and chemical weapons through Cellular Robotics and Molecular Electronics.,차세대 무기는 세포 로봇공학과 분자 전자공학을 통해 나노 기술로 생물 무기 및 화학 무기와 유사한 효과를 내는 것입니다.,mt
TTRTEXT|760|0,Sea Based GPS Sonar,해상 기반 GPS 소나,mt
TTRTEXT|760|1,Converting the Land Based Radar system to our Sonar Platforms yeilds coverage uder the sea,지상 기반 레이더 시스템을 우리 소나 플랫폼에 적용하면 바다 속까지 탐지 범위를 넓힐 수 있습니다.,mt
TTRTEXT|761|0,Anti Ship Nuclear Warheads,대함 핵탄두,mt
TTRTEXT|761|1,Specificaly designed to penitrate thick hulled vessles,두꺼운 선체의 함선을 관통하도록 특별히 설계되었습니다.,mt
TTRTEXT|762|0,High Yield Anti Ship Nuclear Warheads,고위력 대함 핵탄두,mt
TTRTEXT|762|1,Adding Inospectik based molecules as the infuser has more strength at destroying steel,주입제로 이노스펙틱 기반 분자를 더하면 강철을 파괴하는 힘이 더 강해집니다.,mt
TTRTEXT|763|0,Used Vehicle Salvage,중고 차량 회수,mt
TTRTEXT|763|1,Collecting old vehicles will increase our military power,낡은 차량을 모으면 군사력이 강해집니다.,mt
TTRTEXT|764|0,Heavy Weapon Imports,중화기 수입,mt
TTRTEXT|764|1,Buying a few Heavy Weapons on the black Market will increase our tecnicals power,암시장에서 중화기를 몇 정 구입하면 테크니컬 전력이 강해집니다.,mt
TTRTEXT|765|0,Vechicle Modification,차량 개조,mt
TTRTEXT|765|1,Modifing our tecnicals for war will increase there defense,테크니컬을 전투용으로 개조하면 방어력이 높아집니다.,mt
TTRTEXT|766|0,US Vehicle Modifications,미제 차량 개조,mt
TTRTEXT|766|1,Importing heavier chasis make a better war tecnical,더 무거운 섀시를 수입하면 더 나은 전투용 테크니컬이 됩니다.,mt
TTRTEXT|767|0,Modified Weapons,무기 개조,mt
TTRTEXT|767|1,Modifing the weapons on the tecnicals increase the damage and versitility they can do,테크니컬의 무기를 개조하면 피해량과 다용도성이 높아집니다.,mt
TTRTEXT|768|0,New Vehicle Modifications,신형 차량 개조,mt
TTRTEXT|768|1,Instead of old clunkers lets use new vehicles for our tecnical division,낡은 고물 대신 새 차량을 테크니컬 부대에 투입합시다.,mt
TTRTEXT|769|0,Civilan to Military Auto Theory,민수-군수 자동차 이론,mt
TTRTEXT|769|1,If we where to take cars and mount guns on them we could have a mobile military,자동차에 총을 장착한다면 기동 군대를 가질 수 있습니다.,mt
TTRTEXT|77|0,Nano Assembly,나노 조립,mt
TTRTEXT|77|1,Create screws and bolts or any replacement part from raw materials through manipulation at the molecular level.,"분자 수준의 조작으로 원자재에서 나사와 볼트, 어떤 교체 부품이든 만들어 냅니다.",mt
TTRTEXT|770|0,Special Operations Training,특수 작전 훈련,mt
TTRTEXT|770|1,Training small squads in the art of survalance and Concealment,소규모 분대에게 감시와 은폐 기술을 훈련합니다.,mt
TTRTEXT|771|0,Advanced SpecOps Training,고급 특수 작전 훈련,mt
TTRTEXT|771|1,Training small squads in the art of Sniping and exfiltration,소규모 분대에게 저격과 탈출 기술을 훈련합니다.,mt
TTRTEXT|772|0,Advanced Tank Designs V,고급 전차 설계 V,mt
TTRTEXT|772|1,Beter construction leads to higher quality,더 나은 구조가 더 높은 품질로 이어집니다.,mt
TTRTEXT|773|0,Advanced Tank Designs VI,고급 전차 설계 VI,mt
TTRTEXT|773|1,Making Tanks user friendly yeilds a better tank,전차를 사용자 친화적으로 만들면 더 나은 전차가 됩니다.,mt
TTRTEXT|774|0,Advanced Tank Designs VII,고급 전차 설계 VII,mt
TTRTEXT|774|1,The supreme Main Battle Tank,최고의 주력 전차입니다.,mt
TTRTEXT|775|0,Infantry Training III,보병 훈련 III,mt
TTRTEXT|775|1,Training our soilders to use the newer equipment will increase our armed forces,병사들이 새 장비를 쓰도록 훈련하면 우리 군이 강해집니다.,mt
TTRTEXT|776|0,Infantry Training IV,보병 훈련 IV,mt
TTRTEXT|776|1,Training our soilders to use the newer equipment will increase our armed forces,병사들이 새 장비를 쓰도록 훈련하면 우리 군이 강해집니다.,mt
TTRTEXT|777|0,Infantry Training V,보병 훈련 V,mt
TTRTEXT|777|1,Training our soilders to use the newer equipment will increase our armed forces,병사들이 새 장비를 쓰도록 훈련하면 우리 군이 강해집니다.,mt
TTRTEXT|778|0,Infantry Training VI,보병 훈련 VI,mt
TTRTEXT|778|1,Training our soilders to use the newer equipment will increase our armed forces,병사들이 새 장비를 쓰도록 훈련하면 우리 군이 강해집니다.,mt
TTRTEXT|779|0,Infantry Training I,보병 훈련 I,mt
TTRTEXT|779|1,Training our soilders to use the newer equipment will increase our armed forces,병사들이 새 장비를 쓰도록 훈련하면 우리 군이 강해집니다.,mt
TTRTEXT|78|0,Nano-Computing,나노 컴퓨팅,mt
TTRTEXT|78|1,"With new discoveries made in Molecular electronics, a number of possible advances in Nano-computing are becoming achievable.  These computing technologies use ultra-miniaturization to overcome limitations in traditional computer designs.",분자 전자공학의 새로운 발견으로 나노 컴퓨팅의 여러 발전이 가능해지고 있습니다. 이 컴퓨팅 기술은 초소형화로 기존 컴퓨터 설계의 한계를 극복합니다.,mt
TTRTEXT|780|0,Infantry Training II,보병 훈련 II,mt
TTRTEXT|780|1,Training our soilders to use the newer equipment will increase our armed forces,병사들이 새 장비를 쓰도록 훈련하면 우리 군이 강해집니다.,mt
TTRTEXT|781|0,Gearing Up for General or Nuclear War,전면전 또는 핵전쟁 대비,mt
TTRTEXT|781|1,We will prepare for war by geting our equipment in ready status,장비를 즉응 태세로 갖추어 전쟁을 준비합니다.,mt
TTRTEXT|782|0,Gearing Up for War2,전쟁 대비 2,mt
TTRTEXT|782|1,We will prepare for war by exspanding our civilian inteligence network,민간 정보망을 확대하여 전쟁을 준비합니다.,mt
TTRTEXT|783|0,Gearing Up for War3,전쟁 대비 3,mt
TTRTEXT|783|1,We will prepare for war by exspanding our civilian research network,민간 연구망을 확대하여 전쟁을 준비합니다.,mt
TTRTEXT|784|0,Gearing Up for War4,전쟁 대비 4,mt
TTRTEXT|784|1,We will prepare for war by geting our equipment in ready status,장비를 즉응 태세로 갖추어 전쟁을 준비합니다.,mt
TTRTEXT|785|0,Gearing Up for War5,전쟁 대비 5,mt
TTRTEXT|785|1,We will prepare for war by exspanding our civilian inteligence network,민간 정보망을 확대하여 전쟁을 준비합니다.,mt
TTRTEXT|788|0,Gearing Up for War6,전쟁 대비 6,mt
TTRTEXT|788|1,We will prepare for war by exspanding our civilian research network,민간 연구망을 확대하여 전쟁을 준비합니다.,mt
TTRTEXT|789|0,Gearing Up for War7,전쟁 대비 7,mt
TTRTEXT|789|1,We will prepare for war by geting our equipment in ready status,장비를 즉응 태세로 갖추어 전쟁을 준비합니다.,mt
TTRTEXT|79|0,Quantum Computing,양자 컴퓨팅,mt
TTRTEXT|79|1,"Found to be the most stable of the nano-computing technologies, we are beginning to see evidence that the theories behind this Quantum Computing will soon become reality.","나노 컴퓨팅 기술 중 가장 안정적인 것으로 확인되었으며, 이 양자 컴퓨팅의 이론이 곧 현실이 될 것이라는 증거가 나타나기 시작했습니다.",mt
TTRTEXT|790|0,Gearing Up for War8,전쟁 대비 8,mt
TTRTEXT|790|1,We will prepare for war by exspanding our civilian inteligence network,민간 정보망을 확대하여 전쟁을 준비합니다.,mt
TTRTEXT|791|0,Gearing Up for War9,전쟁 대비 9,mt
TTRTEXT|791|1,We will prepare for war by exspanding our civilian research network,민간 연구망을 확대하여 전쟁을 준비합니다.,mt
TTRTEXT|792|0,Gearing Up for War10,전쟁 대비 10,mt
TTRTEXT|792|1,We will prepare for war by geting our equipment in ready status,장비를 즉응 태세로 갖추어 전쟁을 준비합니다.,mt
TTRTEXT|793|0,Gearing Up for War11,전쟁 대비 11,mt
TTRTEXT|793|1,We will prepare for war by exspanding our civilian inteligence network,민간 정보망을 확대하여 전쟁을 준비합니다.,mt
TTRTEXT|794|0,Gearing Up for War12,전쟁 대비 12,mt
TTRTEXT|794|1,We will prepare for war by exspanding our civilian research network,민간 연구망을 확대하여 전쟁을 준비합니다.,mt
TTRTEXT|795|0,Gearing Up for War13,전쟁 대비 13,mt
TTRTEXT|795|1,We will prepare for war by geting our equipment in ready status,장비를 즉응 태세로 갖추어 전쟁을 준비합니다.,mt
TTRTEXT|796|0,Gearing Up for War14,전쟁 대비 14,mt
TTRTEXT|796|1,We will prepare for war by exspanding our civilian inteligence network,민간 정보망을 확대하여 전쟁을 준비합니다.,mt
TTRTEXT|797|0,Gearing Up for War15,전쟁 대비 15,mt
TTRTEXT|797|1,We will prepare for war by exspanding our civilian research network,민간 연구망을 확대하여 전쟁을 준비합니다.,mt
TTRTEXT|798|0,Gearing Up for War16,전쟁 대비 16,mt
TTRTEXT|798|1,We will prepare for war by geting our equipment in ready status,장비를 즉응 태세로 갖추어 전쟁을 준비합니다.,mt
TTRTEXT|799|0,Gearing Up for War17,전쟁 대비 17,mt
TTRTEXT|799|1,We will prepare for war by exspanding our civilian inteligence network,민간 정보망을 확대하여 전쟁을 준비합니다.,mt
TTRTEXT|8|0,Modern Jet Thrust-Vectoring,현대 제트 추력 편향,mt
TTRTEXT|8|1,Method of directing the thrust produced by jet engines to increase performance and decrease take-off distances.,제트 엔진이 내는 추력의 방향을 조절하여 성능을 높이고 이륙 거리를 줄이는 방법입니다.,mt
TTRTEXT|80|0,Commercial Artificial Intelligence,상용 인공지능,mt
TTRTEXT|80|1,"More accurately described as programmed responsiveness, this refers to the type of electronic control that is often taken for granted.  From voice recognition to web-crawling search engines, this level of AI is often overlooked by those with a more 'Hollywood' expectation of AI.","프로그래밍된 반응성이라고 설명하는 편이 더 정확하며, 흔히 당연하게 여겨지는 종류의 전자 제어를 가리킵니다. 음성 인식부터 웹 검색 엔진까지, 이 수준의 AI는 '할리우드식' 인공지능을 기대하는 이들에게는 간과되곤 합니다.",mt
TTRTEXT|800|0,Gearing Up for War18,전쟁 대비 18,mt
TTRTEXT|800|1,We will prepare for war by exspanding our civilian research network,민간 연구망을 확대하여 전쟁을 준비합니다.,mt
TTRTEXT|801|0,Gearing Up for War19,전쟁 대비 19,mt
TTRTEXT|801|1,We will prepare for war by geting our equipment in ready status,장비를 즉응 태세로 갖추어 전쟁을 준비합니다.,mt
TTRTEXT|802|0,Gearing Up for War20,전쟁 대비 20,mt
TTRTEXT|802|1,We will prepare for war by exspanding our civilian inteligence network,민간 정보망을 확대하여 전쟁을 준비합니다.,mt
TTRTEXT|803|0,Gearing Up for War21,전쟁 대비 21,mt
TTRTEXT|803|1,We will prepare for war by exspanding our civilian research network,민간 연구망을 확대하여 전쟁을 준비합니다.,mt
TTRTEXT|804|0,Driver Training,운전병 훈련,mt
TTRTEXT|804|1,Training our drivers to conserve fuel will lessen the load on our oil infrastructure,운전병이 연료를 아끼도록 훈련하면 석유 인프라의 부담이 줄어듭니다.,mt
TTRTEXT|805|0,Wartime Material Stockpile,전시 자재 비축,mt
TTRTEXT|805|1,Stockpiling rare minerals when they are cheap to buy will decrease the cost of producing units when the materials are in demand,희소 광물이 쌀 때 비축해 두면 자재 수요가 높을 때 유닛 생산 비용이 줄어듭니다.,mt
TTRTEXT|806|0,Factory Worker Training,공장 노동자 훈련,mt
TTRTEXT|806|1,Government funding for the training of factory workers will increase the speed in which they build units,공장 노동자 훈련에 정부 자금을 지원하면 유닛 생산 속도가 빨라집니다.,mt
TTRTEXT|807|0,Plant Worker Training,플랜트 노동자 훈련,mt
TTRTEXT|807|1,Government funding for the training of plant workers will increase the production of military goods,플랜트 노동자 훈련에 정부 자금을 지원하면 군수품 생산이 늘어납니다.,mt
TTRTEXT|808|0,Foreman Worker Training,현장 감독 훈련,mt
TTRTEXT|808|1,Government funding for the training of Formen will increase the effieciency in which the country uses military goods,현장 감독 훈련에 정부 자금을 지원하면 국가의 군수품 사용 효율이 높아집니다.,mt
TTRTEXT|809|0,Target Practice,사격 연습,mt
TTRTEXT|809|1,Going out to the shooting range will help our soilders fight on the ground more effectivly,사격장에 나가면 병사들이 지상에서 더 효과적으로 싸우는 데 도움이 됩니다.,mt
TTRTEXT|81|0,Artificial Life,인공 생명,mt
TTRTEXT|81|1,"A much debated term, robotics and AI have reached a stage where it becomes difficult to quantify the 'living' qualities of mechanical beings.  The term 'machine age' begins to take on a new meaning.  These new technologies are controversial, and raise many ethical and social dilemmas.","논쟁이 많은 용어로, 로봇공학과 AI가 기계 존재의 '생명' 특성을 정량화하기 어려운 단계에 이르렀습니다. '기계 시대'라는 말이 새로운 의미를 띠기 시작합니다. 이 신기술은 논란이 많으며 여러 윤리적, 사회적 딜레마를 낳습니다.",mt
TTRTEXT|810|0,Driver Training 2,운전병 훈련 2,mt
TTRTEXT|810|1,Training our drivers to conserve fuel will lessen the load on our oil infrastructure,운전병이 연료를 아끼도록 훈련하면 석유 인프라의 부담이 줄어듭니다.,mt
TTRTEXT|811|0,Wartime Material Stockpile 2,전시 자재 비축 2,mt
TTRTEXT|811|1,Stockpiling rare minerals when they are cheap to buy will decrease the cost of producing units when the materials are in demand,희소 광물이 쌀 때 비축해 두면 자재 수요가 높을 때 유닛 생산 비용이 줄어듭니다.,mt
TTRTEXT|812|0,Factory WorkerTraining 2,공장 노동자 훈련 2,mt
TTRTEXT|812|1,Government funding for the training of factory workers will increase the speed in which they build units,공장 노동자 훈련에 정부 자금을 지원하면 유닛 생산 속도가 빨라집니다.,mt
TTRTEXT|813|0,Plant Worker Training 2,플랜트 노동자 훈련 2,mt
TTRTEXT|813|1,Government funding for the training of plant workers will increase the production of military goods,플랜트 노동자 훈련에 정부 자금을 지원하면 군수품 생산이 늘어납니다.,mt
TTRTEXT|814|0,Foreman Worker Training 2,현장 감독 훈련 2,mt
TTRTEXT|814|1,Government funding for the training of Formen will increase the effieciency in which the country uses military goods,현장 감독 훈련에 정부 자금을 지원하면 국가의 군수품 사용 효율이 높아집니다.,mt
TTRTEXT|815|0,Target Practice 2,사격 연습 2,mt
TTRTEXT|815|1,Going out to the shooting range will help our soilders fight on the ground more effectivly,사격장에 나가면 병사들이 지상에서 더 효과적으로 싸우는 데 도움이 됩니다.,mt
TTRTEXT|816|0,Driver Training 3,운전병 훈련 3,mt
TTRTEXT|816|1,Training our drivers to conserve fuel will lessen the load on our oil infrastructure,운전병이 연료를 아끼도록 훈련하면 석유 인프라의 부담이 줄어듭니다.,mt
TTRTEXT|817|0,wartime Material Stockpile 3,전시 자재 비축 3,mt
TTRTEXT|817|1,Stockpiling rare minerals when they are cheap to buy will decrease the cost of producing units when the materials are in demand,희소 광물이 쌀 때 비축해 두면 자재 수요가 높을 때 유닛 생산 비용이 줄어듭니다.,mt
TTRTEXT|818|0,Factory Worker Training 3,공장 노동자 훈련 3,mt
TTRTEXT|818|1,Government funding for the training of factory workers will increase the speed in which they build units,공장 노동자 훈련에 정부 자금을 지원하면 유닛 생산 속도가 빨라집니다.,mt
TTRTEXT|819|0,Plant Worker Training 3,플랜트 노동자 훈련 3,mt
TTRTEXT|819|1,Government funding for the training of plant workers will increase tthe production of military goods,플랜트 노동자 훈련에 정부 자금을 지원하면 군수품 생산이 늘어납니다.,mt
TTRTEXT|82|0,Upgraded Rail System,철도 체계 개량,mt
TTRTEXT|82|1,Upgraded Rail system to improve supply lines.,보급선을 개선하기 위해 철도 체계를 개량합니다.,mt
TTRTEXT|820|0,Foreman Worker Training 3,현장 감독 훈련 3,mt
TTRTEXT|820|1,Government funding for the training of Formen will increase the effieciency in which the country uses military goods,현장 감독 훈련에 정부 자금을 지원하면 국가의 군수품 사용 효율이 높아집니다.,mt
TTRTEXT|821|0,Target Practice 3,사격 연습 3,mt
TTRTEXT|821|1,Going out to the shooting range will help our soilders fight on the ground more effectivly,사격장에 나가면 병사들이 지상에서 더 효과적으로 싸우는 데 도움이 됩니다.,mt
TTRTEXT|822|0,DriverT raining 4,운전병 훈련 4,mt
TTRTEXT|822|1,Training our drivers to conserve fuel will lessen the load on our oil infrastructure,운전병이 연료를 아끼도록 훈련하면 석유 인프라의 부담이 줄어듭니다.,mt
TTRTEXT|823|0,Wartime Material Stockpile 4,전시 자재 비축 4,mt
TTRTEXT|823|1,Stockpiling rare minerals when they are cheap to buy will decrease the cost of producing units when the materials are in demand,희소 광물이 쌀 때 비축해 두면 자재 수요가 높을 때 유닛 생산 비용이 줄어듭니다.,mt
TTRTEXT|824|0,Factory Worker Training 4,공장 노동자 훈련 4,mt
TTRTEXT|824|1,Government funding for the training of factory workers will increase the speed in which they build units,공장 노동자 훈련에 정부 자금을 지원하면 유닛 생산 속도가 빨라집니다.,mt
TTRTEXT|825|0,Plant Worker Training 4,플랜트 노동자 훈련 4,mt
TTRTEXT|825|1,Government funding for the training of plant workers will increase the production of military goods,플랜트 노동자 훈련에 정부 자금을 지원하면 군수품 생산이 늘어납니다.,mt
TTRTEXT|826|0,Foreman Worker Training 4,현장 감독 훈련 4,mt
TTRTEXT|826|1,Government funding for the training of Formen will increase the effieciency in which the country uses military goods,현장 감독 훈련에 정부 자금을 지원하면 국가의 군수품 사용 효율이 높아집니다.,mt
TTRTEXT|827|0,Target Practice 4,사격 연습 4,mt
TTRTEXT|827|1,Going out to the shooting range will help our soilders fight on the ground more effectivly,사격장에 나가면 병사들이 지상에서 더 효과적으로 싸우는 데 도움이 됩니다.,mt
TTRTEXT|83|0,Nanometal Body Armor,나노 금속 방탄복,mt
TTRTEXT|83|1,Thanks to Nanometals it is now possible to better protect law enforcement and army personnel.,나노 금속 덕분에 치안 인력과 군 인원을 더 잘 보호할 수 있습니다.,mt
TTRTEXT|84|0,Smart Card Security,스마트 카드 보안,mt
TTRTEXT|84|1,Restricting access to government and security installations is much easier with Smart Cards that store fingerprints.  This will certainly enhance our internal security.,지문을 저장하는 스마트 카드로 정부 및 보안 시설의 출입 제한이 훨씬 쉬워집니다. 내부 보안이 확실히 강화될 것입니다.,mt
TTRTEXT|85|0,Naval Sonar Perimeter,해상 소나 방어선,mt
TTRTEXT|85|1,Integrated Sonar Picket Line to detect submarines entering your territorial waters.,영해로 들어오는 잠수함을 탐지하는 통합 소나 초계선입니다.,mt
TTRTEXT|850|0,Isotope Principles,동위원소 원리,mt
TTRTEXT|850|1,Better understanding of the atomic makeup of chemical elements.  A necessary requirement in developing practical nuclear research for both power generation and weaponizing.,화학 원소의 원자 구성에 대한 이해를 높입니다. 발전과 무기화 양쪽의 실용적인 핵 연구를 개발하는 데 꼭 필요한 요건입니다.,mt
TTRTEXT|851|0,Isotope Separation Process,동위원소 분리 공정,mt
TTRTEXT|851|1,"Development of the methodology of purifying chemical elements for specific use by removing unwanted isotopes.  For example, this is the process of separating natural uranium into enriched uranium and depleted uranium.",불필요한 동위원소를 제거하여 특정 용도에 맞게 화학 원소를 정제하는 방법론을 개발합니다. 예를 들어 천연 우라늄을 농축 우라늄과 열화 우라늄으로 분리하는 공정입니다.,mt
TTRTEXT|852|0,Gaseous Diffusion,기체 확산,mt
TTRTEXT|853|0,Portable Radio Phones,휴대 무선 전화,mt
TTRTEXT|853|1,----- Cellular Phone Technology,----- 휴대전화 기술,mt
TTRTEXT|854|0,Conventional Cellular Telephones,기존 휴대전화,mt
TTRTEXT|855|0,Modern Cellular Networks,현대 휴대전화 네트워크,mt
TTRTEXT|856|0,3G Cellular,3G 이동통신,mt
TTRTEXT|86|0,Reconnaissance Satellites,정찰 위성,mt
TTRTEXT|86|1,"Making use of new advances in photo transmission, these orbiting cameras provide the ability to continuously monitor military activity around the globe.","사진 전송의 새로운 발전을 활용하여, 이 궤도 카메라들은 전 세계의 군사 활동을 지속적으로 감시할 수 있게 합니다.",mt
TTRTEXT|87|0,Telemedicine,원격 의료,mt
TTRTEXT|87|1,"There are a number of technologies related to telemedicine.  Some involve being able to do medical diagnosis for remote locations from major healthcare centers, while others allow for non-invasive surgery techniques to be done via video feeds in the same room.","원격 의료와 관련된 여러 기술이 있습니다. 일부는 대형 의료 센터에서 외딴 지역의 의료 진단을 할 수 있게 하고, 일부는 같은 방에서 영상 중계를 통해 비침습 수술을 할 수 있게 합니다.",mt
TTRTEXT|88|0,Collaborative Medicare,협진 의료,mt
TTRTEXT|88|1,"Using techniques of telemedicine, it is possible for large groups of medical professionals to work together to deal with emergencies and unusual circumstances.  Bringing together some of the best people in their fields offers expert advice on any topic.",원격 의료 기법을 이용하면 다수의 의료 전문가가 함께 협력하여 응급 상황과 특이 사례에 대처할 수 있습니다. 각 분야 최고의 인재를 한데 모아 어떤 주제에도 전문가의 조언을 제공합니다.,mt
TTRTEXT|89|0,Robotic Micro Surgery,로봇 미세 수술,mt
TTRTEXT|89|1,Technology now allows us to perform 'non-invasive' surgical procedures using robotics and micro-cameras.,이제 기술로 로봇과 초소형 카메라를 이용해 '비침습' 수술을 할 수 있습니다.,mt
TTRTEXT|9|0,Hydroponics Plant,수경 재배 시설,mt
TTRTEXT|9|1,"Agricultural and Greenhouse technologies, offering the ability to produce agricultural products in barren areas.","농업 및 온실 기술로, 척박한 지역에서도 농산물을 생산할 수 있습니다.",mt
TTRTEXT|90|0,Automated Nursing Care,자동 간호,mt
TTRTEXT|90|1,"A new generation of handheld devices that can be programmed to provide a range of services including blood testing, patient monitoring, data analysis, and medication dispensing.  With a simple setup, patients can achieve home care without intrusion or loss of privacy.","혈액 검사, 환자 모니터링, 데이터 분석, 투약 등 다양한 서비스를 제공하도록 프로그래밍할 수 있는 신세대 휴대 기기입니다. 간단한 설정만으로 환자는 간섭이나 사생활 침해 없이 재택 간호를 받을 수 있습니다.",mt
TTRTEXT|900|0,Internal Combustion Engine,내연기관,mt
TTRTEXT|900|1,Development of Gas engines. A key advance for motor vehicles,가솔린 엔진을 개발합니다. 자동차에 중요한 발전입니다.,mt
TTRTEXT|901|0,Welded Vehicle Chassis,용접 차량 섀시,mt
TTRTEXT|901|1,Incorporation of modern welding techniques into the manufacturing of vehicle frames.  Improves the strength of the frame and allows it to withstand a heavier vehicle structure.,차량 프레임 제조에 현대식 용접 기술을 도입합니다. 프레임의 강도를 높이고 더 무거운 차체 구조를 견딜 수 있게 합니다.,mt
TTRTEXT|902|0,Military Strength Suspension,군용 강도 서스펜션,mt
TTRTEXT|902|1,"Design and manufacturing improvement to the suspension for military vehicle frames.  Allows for the construction of heavier vehicles, especially tanks.",군용 차량 프레임의 서스펜션 설계 및 제조를 개선합니다. 특히 전차를 비롯한 더 무거운 차량을 만들 수 있습니다.,mt
TTRTEXT|903|0,Inertial Dampeners,관성 완충기,mt
TTRTEXT|905|0,Phaser Banks,페이저 뱅크,mt
TTRTEXT|906|0,No recoil ATGM,무반동 ATGM,mt
TTRTEXT|907|0,Gas Turbine Theories,가스 터빈 이론,mt
TTRTEXT|907|1,"Gas Turbines, also called Jet Turbines, will use Newton's third law of motion to generate thrust for aircraft, the means by which they propel themselves through the air. The theories behind such engines appeared well before industry and science where capable of fashioning the machinery envisioned in these theories.",제트 터빈이라고도 하는 가스 터빈은 뉴턴의 운동 제3법칙을 이용해 항공기가 공중을 나아가는 수단인 추력을 만들어 냅니다. 이런 엔진의 이론은 산업과 과학이 그 이론이 구상한 기계를 만들 수 있게 되기 훨씬 전에 등장했습니다.,mt
TTRTEXT|908|0,Principles of Flight,비행 원리,mt
TTRTEXT|909|0,Early Combat Aircraft,초기 전투기,mt
TTRTEXT|909|1,These first-generation Aircraft technologies include the design and engineering for early airframes and other flight research.,"초기 기체 구조의 설계와 공학, 기타 비행 연구를 포함하는 1세대 항공기 기술입니다.",mt
TTRTEXT|91|0,Minimally Invasive Surgery,최소 침습 수술,mt
TTRTEXT|91|1,"Technology to allow us to perform surgical procedures without fully opening a patient, by using robotics and micro-cameras.  The advantages of reduced chance of infection and faster recovery times make this a very popular alternative.",로봇과 초소형 카메라를 이용해 환자의 몸을 완전히 열지 않고 수술할 수 있게 하는 기술입니다. 감염 가능성이 낮고 회복이 빠르다는 장점 덕분에 매우 인기 있는 대안입니다.,mt
TTRTEXT|910|0,Early Submarines,초기 잠수함,mt
TTRTEXT|910|1,Development of early era submarines.,초기 시대 잠수함의 개발입니다.,mt
TTRTEXT|911|0,Automotive Industries,자동차 산업,mt
TTRTEXT|911|1,----- Includes assembly line production techniques,----- 조립 라인 생산 기법 포함,mt
TTRTEXT|912|0,Quantum Manipulation,양자 조작,mt
TTRTEXT|913|0,Coal Alternatives,석탄 대체재,mt
TTRTEXT|913|1,reduce coal use in finished goods production to zero through both synthesized coal and synthesized coal derivatives,합성 석탄과 합성 석탄 파생물을 통해 완제품 생산에 쓰이는 석탄 사용량을 0으로 줄입니다.,mt
TTRTEXT|914|0,Industrial Gas Turbine Engines,산업용 가스 터빈 엔진,mt
TTRTEXT|914|1,"Development of a rotary engine that extracts energy from a flow of combustion gas.  Energy can be extracted in the form of shaft power, compressed air or thrust or any combination of these and used to power aircraft, trains, ships, generators, or even tanks.","연소 가스 흐름에서 에너지를 추출하는 회전 엔진을 개발합니다. 에너지는 축 동력, 압축 공기, 추력 또는 이들의 조합으로 추출되어 항공기, 열차, 선박, 발전기, 심지어 전차의 동력으로도 쓰입니다.",mt
TTRTEXT|915|0,Basic Tilt-rotor,기초 틸트로터,mt
TTRTEXT|916|0,Early Aircraft Engines,초기 항공기 엔진,mt
TTRTEXT|916|1,Rotary engines balancing power output with reliability and being relatively light weight thus meeting the needs of aviation.,출력과 신뢰성의 균형을 맞추면서 비교적 가벼워 항공 수요를 충족하는 회전 엔진입니다.,mt
TTRTEXT|917|0,"Aircraft Piston Engine Design (1,000 HP +)","항공기 피스톤 엔진 설계 (1,000마력 이상)",mt
TTRTEXT|918|0,"Aircraft Piston Engine Design (2,000 HP +)","항공기 피스톤 엔진 설계 (2,000마력 이상)",mt
TTRTEXT|919|0,"Aircraft Piston Engine Design (3,000 HP +)","항공기 피스톤 엔진 설계 (3,000마력 이상)",mt
TTRTEXT|92|0,Artificial Mechanical Organs,인공 기계 장기,mt
TTRTEXT|92|1,"From the first pace-maker, doctors have looked for ways to mechanically replace failed organs. These technologies allow replacement of many different organs, such as livers or lungs.",최초의 심박 조율기 이래로 의사들은 기능을 잃은 장기를 기계로 대체할 방법을 찾아 왔습니다. 이 기술로 간이나 폐 같은 여러 장기를 대체할 수 있습니다.,mt
TTRTEXT|920|0,"Aircraft Turbine Engines (under 1,000 HP)","항공기 터빈 엔진 (1,000마력 미만)",mt
TTRTEXT|921|0,Commercial Pneumatic Tires,상용 공기압 타이어,mt
TTRTEXT|921|1,"Pneumatic tires are hollow, compressed air filled tires that replace solid tires.  These greatly reduce the amount of material required for production of tires and help absorb impacts from travel over rough surfaces.",공기압 타이어는 압축 공기를 채운 속이 빈 타이어로 고체 타이어를 대체합니다. 타이어 생산에 필요한 재료가 크게 줄고 거친 노면에서 오는 충격을 흡수하는 데 도움이 됩니다.,mt
TTRTEXT|922|0,Synchronous Power Grid,동기식 전력망,mt
TTRTEXT|922|1,An Electrical Grid at a regional scale operating at a synchronized frequency for greater pooling of generation and resulting in cheaper primary and secondary reserve power costs.,"지역 규모의 전력망이 동기화된 주파수로 운영되어 발전을 더 폭넓게 공유하며, 1차 및 2차 예비 전력 비용이 저렴해집니다.",mt
TTRTEXT|923|0,Quality Control Standards,품질 관리 표준,mt
TTRTEXT|923|1,Assures that industry builds equipment and infrastructure to a particular standard of quality and performance rather than cutting corners to enhance profits.,산업계가 이윤을 높이려고 부실하게 만들지 않고 일정한 품질 및 성능 기준에 맞춰 장비와 기반 시설을 만들도록 보장합니다.,mt
TTRTEXT|924|0,Aircraft Turbine Engines (over 1000 HP),"항공기 터빈 엔진 (1,000마력 초과)",mt
TTRTEXT|925|0,"Aircraft Turbine Engines (over 2,000 HP)","항공기 터빈 엔진 (2,000마력 초과)",mt
TTRTEXT|926|0,"Aircraft Turbine Engines (over 3,000 HP)","항공기 터빈 엔진 (3,000마력 초과)",mt
TTRTEXT|927|0,"Aircraft Turbine Engines (over 5,500 HP)","항공기 터빈 엔진 (5,500마력 초과)",mt
TTRTEXT|928|0,"Aircraft Turbine Engines (over 10,000 HP)","항공기 터빈 엔진 (10,000마력 초과)",mt
TTRTEXT|929|0,Aircraft Turbine Engines (over 10K HP),항공기 터빈 엔진 (1만 마력 초과),mt
TTRTEXT|93|0,Neural Receptive Organs,신경 반응 장기,mt
TTRTEXT|93|1,With Electro Active Polymers it is now possible to install Artificial Mechanical Organs that respond to nerve impulses.  This allows for much more motor control for the patient.,전기활성 고분자로 신경 자극에 반응하는 인공 기계 장기를 이식할 수 있습니다. 이는 환자의 운동 제어 능력을 크게 높입니다.,mt
TTRTEXT|939|0,Lead Acid Batteries,납축전지,mt
TTRTEXT|939|1, ~1860s Ability to create rechargeable batteries.,1860년대경 재충전 가능한 전지를 만드는 기술입니다.,mt
TTRTEXT|94|0,True Artificial Limbs,진정한 인공 팔다리,mt
TTRTEXT|94|1,"The advances made in Haptics and Neural Receptive Organs allow for limbs that both feed sensations to nerves and respond to nerve impulses.  Other than the texture of the 'skin', these limbs appear and function like the real thing.","햅틱과 신경 반응 장기의 발전으로, 신경에 감각을 전달하면서 신경 자극에도 반응하는 팔다리가 가능해졌습니다. '피부'의 질감을 제외하면 이 팔다리는 실제 팔다리와 같은 모습으로 기능합니다.",mt
TTRTEXT|940|0,Basic Submarine Technologies,기초 잠수함 기술,mt
TTRTEXT|940|1,"Design and Research of fundamental technologies for the development of Submarines, including the Bow Diving Plane, Auxiliary Diesel Engines, and Ballast Tanks.","선수 잠항타, 보조 디젤 엔진, 밸러스트 탱크를 비롯한 잠수함 개발의 기본 기술을 설계하고 연구합니다.",mt
TTRTEXT|941|0,Large Submarine Designs,대형 잠수함 설계,mt
TTRTEXT|941|1,Practical benefit from advances in technologies and manufacturing techniques which allow operation of vessels at increased depth (under greater external pressure).  ,기술과 제조 기법의 발전으로 더 깊은 수심(더 큰 외부 압력)에서 함정을 운용할 수 있게 되는 실질적 이득을 얻습니다.,mt
TTRTEXT|942|0,Sustained Submersibles,장기 잠항 능력,mt
TTRTEXT|942|1,Improvements to the maintaining of air quality and the handling of hull pressurization for submarines which allow them to operate at greater depths and for longer periods.,잠수함의 공기 질 유지와 선체 가압 처리가 개선되어 더 깊은 곳에서 더 오래 작전할 수 있습니다.,mt
TTRTEXT|943|0,Basic Torpedo Designs,기초 어뢰 설계,mt
TTRTEXT|943|1,"Design for creating self-propelled unguided electric torpedoes, but this second generation now utilizes shipboard Electro-mechanical calculators to determine a firing solution.","자체 추진하는 무유도 전기 어뢰를 만드는 설계이며, 이 2세대는 함상 전기기계식 계산기를 사용해 사격 제원을 산출합니다.",mt
TTRTEXT|944|0,Naval Electronics,해상 전자 장비,mt
TTRTEXT|944|1,"Development of electronic systems specialized for the needs of naval craft.  Includes Sonar, Underwater Radio Communication and more.","함정의 요구에 특화된 전자 시스템을 개발합니다. 소나, 수중 무선 통신 등을 포함합니다.",mt
TTRTEXT|945|0,Submersible Improvements,잠수정 개선,mt
TTRTEXT|945|1,"Snorkel, Sub silencing, long range underwater radio, increased speed, surface detection radar, NAC sonar decoy, Batteries","스노클, 잠수함 소음 저감, 장거리 수중 무선, 속도 증가, 수상 탐지 레이더, NAC 소나 기만기, 축전지",mt
TTRTEXT|946|0,Anti-Ship Torpedo improvements,대함 어뢰 개선,mt
TTRTEXT|946|1,"Mk.20 torpedoes, side angled tubes. This would represent wake homing and other advanced late-war technologies developed in both the US and Germany.",Mk.20 어뢰와 측면 경사 발사관입니다. 항적 추적과 미국 및 독일에서 개발된 기타 전쟁 말기의 첨단 기술을 나타냅니다.,mt
TTRTEXT|947|0,Base-Detonating (B-D) Fuzes,기부 기폭(B-D) 신관,mt
TTRTEXT|948|0,Torsion Bar Suspensions,토션 바 서스펜션,mt
TTRTEXT|948|1,Improved vehicle suspension system providing greater durability and easy adjustability of ride height as compared to existing suspension systems.,기존 서스펜션 체계에 비해 내구성이 높고 차고 조절이 쉬운 개선된 차량 서스펜션 체계입니다.,mt
TTRTEXT|949|0,Shaped Charge Warhead Concepts,성형 작약 탄두 개념,mt
TTRTEXT|949|1,Manipulation of the shape of warhead to focus the effect of its explosive charge in a specific direction for a specific result.,탄두의 형상을 조작하여 폭약의 효과를 특정 방향으로 집중시켜 특정한 결과를 얻습니다.,mt
TTRTEXT|95|0,Biosynthetic Organs,생합성 장기,mt
TTRTEXT|95|1,The growth of replacement organs will allow countless lives to be saved.  Organ rejection can also be minimized as the recipient's DNA has been used throughout the procedure.,대체 장기를 길러 내면 수많은 생명을 구할 수 있습니다. 시술 전반에 수혜자의 DNA를 사용하므로 장기 거부 반응도 최소화할 수 있습니다.,mt
TTRTEXT|950|0,Surface-to-Air Missiles (SAM),지대공 미사일(SAM),mt
TTRTEXT|950|1,Development of a missile designed to be launched from the ground to destroy aircraft or other missiles.  A critical development in anti-air weaponry to address the increased speeds and operational altitudes of current aircraft that significantly reduce the effectiveness of Flak weapons.,지상에서 발사하여 항공기나 다른 미사일을 파괴하도록 설계된 미사일을 개발합니다. 현재 항공기의 속도와 작전 고도가 높아져 대공포의 효과가 크게 떨어진 문제에 대응하는 대공 무기의 중대한 발전입니다.,mt
TTRTEXT|951|0,Surface-to-Air Missiles II,지대공 미사일 II,mt
TTRTEXT|952|0,Surface-to-Air Missiles III,지대공 미사일 III,mt
TTRTEXT|953|0,Theory of Relativity,상대성 이론,mt
TTRTEXT|953|1,E=MCsq,E=MC제곱,mt
TTRTEXT|954|0,Fission Experiments,핵분열 실험,mt
TTRTEXT|954|1,The development of the process to create a nuclear reaction in which the nucleus of an atom splits into smaller parts.,원자핵이 더 작은 조각으로 쪼개지는 핵반응을 일으키는 공정을 개발합니다.,mt
TTRTEXT|955|0,Research Reactors,연구용 원자로,mt
TTRTEXT|955|1,The first non-theoretical achievements in nuclear development.  These marked the creation of the first self-sustaining nuclear chain reactions.,핵 개발에서 이론을 넘어선 최초의 성과입니다. 최초의 자립 핵 연쇄 반응이 일어났음을 의미합니다.,mt
TTRTEXT|957|0,Commercial Nuclear Power,상업용 원자력,mt
TTRTEXT|957|1,Fission reactors with improved safety and better sustainable efficiency to provide economical electrical production.,안전성이 개선되고 지속 가능한 효율이 높아져 경제적인 전력 생산을 제공하는 핵분열 원자로입니다.,mt
TTRTEXT|958|0,Nuclear Sub Technology,원자력 잠수함 기술,mt
TTRTEXT|958|1,first sailing of prototype with nuclear reactor.,원자로를 탑재한 시제함의 첫 항해입니다.,mt
TTRTEXT|959|0,non-proliferation treaty,핵확산금지조약,mt
TTRTEXT|96|0,Spinal Regeneration,척수 재생,mt
TTRTEXT|96|1,"The most difficult of all medical procedures, this requires growing the organ in the host to achieve proper integration.  The chance to walk again is a dream many patients had given up before this procedure was discovered.","모든 의료 시술 중 가장 어려운 것으로, 제대로 통합되려면 숙주 안에서 장기를 길러야 합니다. 이 시술이 발견되기 전에는 많은 환자가 다시 걷는다는 것을 꿈으로만 여겼습니다.",mt
TTRTEXT|960|0,Three Mile Isle,스리마일 섬,mt
TTRTEXT|960|1,clean up from accident provides insight into nuclear safety procedures.,사고 수습을 통해 원자력 안전 절차에 대한 통찰을 얻습니다.,mt
TTRTEXT|961|0,Improved Gear Design,개선 기어 설계,mt
TTRTEXT|961|1,"Next stage in the development of gear systems.  Primarily adaptable to naval vessels, making steam electric drives obsolete and opening the door to improved ship designs.",기어 시스템 개발의 다음 단계입니다. 주로 해상 함정에 적용할 수 있어 증기 전기 구동을 구식으로 만들고 더 나은 함선 설계의 길을 엽니다.,mt
TTRTEXT|962|0,Basic Helicopters,기초 헬리콥터,mt
TTRTEXT|962|1,Practical development of the aerodynamic theory behind early helicopter designs and the necessary structural designs to make helicopters viable.,"초기 헬리콥터 설계의 바탕이 된 공기역학 이론을 실용화하고, 헬리콥터를 실현 가능하게 하는 데 필요한 구조 설계를 마련합니다.",mt
TTRTEXT|963|0,Nuclear Weapons Research,핵무기 연구,mt
TTRTEXT|963|1,The theoretical developments behind advancing the process of fission into a weaponized form.,핵분열 과정을 무기 형태로 발전시키기 위한 이론적 개발입니다.,mt
TTRTEXT|964|0,Air-to-Surface Missiles (ASM),공대지 미사일(ASM),mt
TTRTEXT|965|0,Surface-to-Surface Missiles,지대지 미사일,mt
TTRTEXT|966|0,Early Ballistic Missiles,초기 탄도 미사일,mt
TTRTEXT|967|0,Nuc. Weap. Production,핵무기 생산,mt
TTRTEXT|968|0,Nuclear Weapons Production,핵무기 생산,mt
TTRTEXT|968|1,The practical production developments needed to take fission theory and transform it into the actual manufacturing process for nuclear weapons.,핵분열 이론을 핵무기의 실제 제조 공정으로 바꾸는 데 필요한 실용적 생산 기술의 개발입니다.,mt
TTRTEXT|969|0,Lightweight Atomic Bombs,경량 원자폭탄,mt
TTRTEXT|969|1,"tech preliminary contract awarded in '48, on B5, but first 		production was not till May.  Move Tech Date to: 1950 - when research actually be.gan",1948년에 B5에 대한 기술 예비 계약이 체결되었으나 첫 생산은 5월에야 이루어졌습니다. 기술 연도를 연구가 실제로 시작된 1950년으로 옮길 것.,mt
TTRTEXT|97|0,Basic Electronic Implants,기초 전자 이식 장치,mt
TTRTEXT|97|1,"Although many people fear for privacy with such issues, applications such as tagging Alzheimer's patients to assure their safety has caused research to continue.  These basic implants are of very limited use but seem to be promoting research into more concrete applications in this field.","많은 사람이 이런 문제로 사생활 침해를 우려하지만, 알츠하이머 환자의 안전을 위해 태그를 다는 등의 응용 때문에 연구는 계속되고 있습니다. 이 기초 이식 장치는 쓰임새가 매우 제한적이지만 이 분야에서 더 구체적인 응용 연구를 촉진하는 듯합니다.",mt
TTRTEXT|970|0,Atomic Missile Warheads,원자 미사일 탄두,mt
TTRTEXT|971|0,Basic Cruise Missile Systems,기초 순항 미사일 체계,mt
TTRTEXT|972|0,Strategic Nuclear Weapons,전략 핵무기,mt
TTRTEXT|972|1,"Nuclear weapons with significantly larger yields than tactical warheads but generally less precise.  Designed to be used as part of an overall strategic plan and not a solitary attack, these warheads start at a size of 100 kilotons.","전술 탄두보다 위력이 훨씬 크지만 대체로 덜 정밀한 핵무기입니다. 단독 공격이 아니라 전체 전략 계획의 일부로 쓰도록 설계되었으며, 이 탄두는 100킬로톤부터 시작합니다.",mt
TTRTEXT|973|0,Atomic Depth Bomb (ASW) (Mk.90/Betty),원자 폭뢰 (대잠) (Mk.90/베티),mt
TTRTEXT|973|1,----- Do we model these?,----- 이것을 게임에 구현합니까?,mt
TTRTEXT|974|0,Tactical Nuclear Weapons,전술 핵무기,mt
TTRTEXT|974|1,Nuclear weapons with generally lower yield warheads than Strategic weapons.  Designed to target military units on a battlefield so they need to be delivered with relative precision.,대체로 전략 무기보다 탄두 위력이 낮은 핵무기입니다. 전장의 군 유닛을 겨냥하도록 설계되어 비교적 정밀하게 투발해야 합니다.,mt
TTRTEXT|975|0,Tactical Stand-Off Missiles,전술 원거리 발사 미사일,mt
TTRTEXT|976|0,Sub Launched Missiles,잠수함 발사 미사일,mt
TTRTEXT|977|0,Nuclear AA Warheads - LR - AAM (W25/Genie),핵 대공 탄두 - 장거리 - 공대공 미사일 (W25/지니),mt
TTRTEXT|977|1,----- Do we model these?,----- 이것을 게임에 구현합니까?,mt
TTRTEXT|978|0,Sub Launched Ballistic Missiles,잠수함 발사 탄도 미사일,mt
TTRTEXT|979|0,Naval Strategic Nuclear Missile Production,해군 전략 핵미사일 생산,mt
TTRTEXT|98|0,Cybernetic Enhancements,사이버네틱 강화,mt
TTRTEXT|98|1,Techniques to allow electronic implants to interface with a patient's nervous system.  These neural prosthetics are a needed step in using machines to enhance the human condition.,전자 이식 장치가 환자의 신경계와 연동되도록 하는 기법입니다. 이 신경 보철은 기계로 인간의 조건을 향상시키는 데 필요한 단계입니다.,mt
TTRTEXT|99|0,Advanced Electronic Implants,고급 전자 이식 장치,mt
TTRTEXT|99|1,"Most of these types of implants are not visible to others.  These include replacement spinal cords, retinas and larynx.","이런 종류의 이식 장치 대부분은 남의 눈에 띄지 않습니다. 대체 척수, 망막, 후두 등이 포함됩니다.",mt
TTRTEXT|990|0,Aircraft Catapult Theories,항공기 캐터펄트 이론,mt
TTRTEXT|991|0,Carrier Compressed Air Catapults,항공모함 압축 공기 캐터펄트,mt
TTRTEXT|992|0,Carrier Hydraulic Catapults,항공모함 유압 캐터펄트,mt
TTRTEXT|992|1,"Aircraft Carrier Designs and Engineering, including concepts such as Catapults, arrestor hooks, and other Carrier elements.","캐터펄트, 착함 제동 장치, 기타 항공모함 요소 등의 개념을 포함한 항공모함 설계와 공학입니다.",mt
TTRTEXT|993|0,Adv. Hydraulic Carrier Catapults,고급 유압 항공모함 캐터펄트,mt
TTRTEXT|995|0,Angled Deck Carriers,경사 갑판 항공모함,mt
TTRTEXT|996|0,Modern Carriers,현대 항공모함,mt
