key,en,ko,status
MAPNAME|'IBRI,'IBRI,이브리,mt
MAPNAME|'S-HERTOGENBOSCH,'S-HERTOGENBOSCH,스헤르토헨보스,mt
MAPNAME|AABENRAA,AABENRAA,오벤로,mt
MAPNAME|AACHEN,AACHEN,아헨,mt
MAPNAME|AALBORG,AALBORG,올보르,mt
MAPNAME|AALEN,AALEN,알렌,mt
MAPNAME|AALST,AALST,알스트,mt
MAPNAME|AANEKOSKI,AANEKOSKI,아네코스키,mt
MAPNAME|AARHUS,AARHUS,오르후스,mt
MAPNAME|ABA,ABA,아바,mt
MAPNAME|ABADAN,ABADAN,아바단,mt
MAPNAME|ABADEH,ABADEH,아바데,mt
MAPNAME|ABAETETUBA,ABAETETUBA,아바이테투바,mt
MAPNAME|ABAKALIKI,ABAKALIKI,아바칼리키,mt
MAPNAME|ABAKAN,ABAKAN,아바칸,mt
MAPNAME|ABANCAY,ABANCAY,아반카이,mt
MAPNAME|ABASHIRI,ABASHIRI,아바시리,mt
MAPNAME|ABBOTSFORD,ABBOTSFORD,애보츠퍼드,mt
MAPNAME|ABBOTTABAD,ABBOTTABAD,아보타바드,mt
MAPNAME|ABDERAFI,ABDERAFI,압데라피,mt
MAPNAME|ABENGOUROU,ABENGOUROU,아벵구루,mt
MAPNAME|ABEOKUTA,ABEOKUTA,아베오쿠타,mt
MAPNAME|ABERDARE,ABERDARE,애버데어,mt
MAPNAME|ABERDEEN,ABERDEEN,애버딘,mt
MAPNAME|ABHA,ABHA,아브하,mt
MAPNAME|ABHAR,ABHAR,아바르,mt
MAPNAME|ABIDJAN,ABIDJAN,아비장,mt
MAPNAME|ABILENE,ABILENE,애빌린,mt
MAPNAME|ABIY ADI,ABIY ADI,아비아디,mt
MAPNAME|ABOHAR,ABOHAR,아보하르,mt
MAPNAME|ABOMEY,ABOMEY,아보메,mt
MAPNAME|ABOMSA,ABOMSA,아봄사,mt
MAPNAME|ABONG-MEBANG,ABONG-MEBANG,아봉음방,mt
MAPNAME|ABOVYAN,ABOVYAN,아보비안,mt
MAPNAME|ABS,ABS,아브스,mt
MAPNAME|ABU ARISH,ABU ARISH,아부아리시,mt
MAPNAME|ABU JUBAYHAH,ABU JUBAYHAH,아부주바이하,mt
MAPNAME|ABU KABIR,ABU KABIR,아부카비르,mt
MAPNAME|ABU QURQAS,ABU QURQAS,아부쿠르카스,mt
MAPNAME|ABU SIMBEL,ABU SIMBEL,아부심벨,mt
MAPNAME|ABU TIJ,ABU TIJ,아부티즈,mt
MAPNAME|ABU ZABAD,ABU ZABAD,아부자바드,mt
MAPNAME|ABU ZABY,ABU ZABY,아부다비,mt
MAPNAME|ABUJA,ABUJA,아부자,mt
MAPNAME|ABÉCHÉ,ABÉCHÉ,아베셰,mt
MAPNAME|ACACIAS,ACACIAS,아카시아스,mt
MAPNAME|ACAILÂNDIA,ACAILÂNDIA,아카일란지아,mt
MAPNAME|ACAPONETA,ACAPONETA,아카포네타,mt
MAPNAME|ACAPULCO DE JUÁREZ,ACAPULCO DE JUÁREZ,아카풀코,mt
MAPNAME|ACARIGUA,ACARIGUA,아카리과,mt
MAPNAME|ACAYUCAN,ACAYUCAN,아카유칸,mt
MAPNAME|ACCRA,ACCRA,아크라,mt
MAPNAME|ACHALPUR,ACHALPUR,아찰푸르,mt
MAPNAME|ACHENG,ACHENG,아청,mt
MAPNAME|ACHINSK,ACHINSK,아친스크,mt
MAPNAME|ACIREALE,ACIREALE,아치레알레,mt
MAPNAME|ACÁMBARO,ACÁMBARO,아캄바로,mt
MAPNAME|AD DAKHLA,AD DAKHLA,다클라,mt
MAPNAME|AD DAMAZIN,AD DAMAZIN,다마진,mt
MAPNAME|AD DAMIR,AD DAMIR,다미르,mt
MAPNAME|AD DAMMAM,AD DAMMAM,담맘,mt
MAPNAME|AD DAWADIMI,AD DAWADIMI,다와디미,mt
MAPNAME|AD DIWANIYAH,AD DIWANIYAH,디와니야,mt
MAPNAME|AD DOWHAH,AD DOWHAH,도하,mt
MAPNAME|AD-DAB'AH,AD-DAB'AH,다바,mt
MAPNAME|AD-DAHI,AD-DAHI,다히,mt
MAPNAME|AD-DILAM,AD-DILAM,딜람,mt
MAPNAME|AD-DILLINJ,AD-DILLINJ,딜링,mt
MAPNAME|AD-DIS,AD-DIS,디스,mt
MAPNAME|ADABA,ADABA,아다바,mt
MAPNAME|ADAK,ADAK,아닥,mt
MAPNAME|ADAMA,ADAMA,아다마,mt
MAPNAME|ADANA,ADANA,아다나,mt
MAPNAME|ADAPAZAN,ADAPAZAN,아다파잔,mt
MAPNAME|ADDIS ABEBA,ADDIS ABEBA,아디스아바바,mt
MAPNAME|ADEBAYE,ADEBAYE,아데바예,mt
MAPNAME|ADEL BAGROU,ADEL BAGROU,아델바그루,mt
MAPNAME|ADELAIDE,ADELAIDE,애들레이드,mt
MAPNAME|ADELANTO,ADELANTO,아델란토,mt
MAPNAME|ADEN,ADEN,아덴,mt
MAPNAME|ADET,ADET,아데트,mt
MAPNAME|ADI K'EYIH,ADI K'EYIH,아디케이,mt
MAPNAME|ADI KWALA,ADI KWALA,아디쿠알라,mt
MAPNAME|ADI UGRI,ADI UGRI,아디우그리,mt
MAPNAME|ADIGRAT,ADIGRAT,아디그라트,mt
MAPNAME|ADILABAD,ADILABAD,아딜라바드,mt
MAPNAME|ADIS ZEMEN,ADIS ZEMEN,아디스제멘,mt
MAPNAME|ADIYAMAN,ADIYAMAN,아드야만,mt
MAPNAME|ADO EKITI,ADO EKITI,아도에키티,mt
MAPNAME|ADOLA,ADOLA,아돌라,mt
MAPNAME|ADONI,ADONI,아도니,mt
MAPNAME|ADRA,ADRA,아드라,mt
MAPNAME|ADRAR,ADRAR,아드라르,mt
MAPNAME|ADRIAN,ADRIAN,에이드리언,mt
MAPNAME|ADWA,ADWA,아드와,mt
MAPNAME|ADZOPÉ,ADZOPÉ,아조페,mt
MAPNAME|AFABET,AFABET,아파베트,mt
MAPNAME|AFIF,AFIF,아피프,mt
MAPNAME|AFLAO,AFLAO,아플라오,mt
MAPNAME|AFULA,AFULA,아풀라,mt
MAPNAME|AFYON,AFYON,아피온,mt
MAPNAME|AGADES,AGADES,아가데스,mt
MAPNAME|AGADIR,AGADIR,아가디르,mt
MAPNAME|AGADZHALY,AGADZHALY,아가잘리,mt
MAPNAME|AGARO,AGARO,아가로,mt
MAPNAME|AGARTALA,AGARTALA,아가르탈라,mt
MAPNAME|AGBOVILLE,AGBOVILLE,아그보빌,mt
MAPNAME|AGDAM,AGDAM,아그담,mt
MAPNAME|AGO,AGO,아고,mt
MAPNAME|AGOULEME,AGOULEME,아굴렘,mt
MAPNAME|AGOURA HILLS,AGOURA HILLS,아구라힐스,mt
MAPNAME|AGRA,AGRA,아그라,mt
MAPNAME|AGRIGENTO,AGRIGENTO,아그리젠토,mt
MAPNAME|AGRINION,AGRINION,아그리니오,mt
MAPNAME|AGUA DULCE,AGUA DULCE,아과둘세,mt
MAPNAME|AGUACHICA,AGUACHICA,아과치카,mt
MAPNAME|AGUASCALIENTES,AGUASCALIENTES,아과스칼리엔테스,mt
MAPNAME|AHAMADABAD,AHAMADABAD,아마다바드,mt
MAPNAME|AHAR,AHAR,아하르,mt
MAPNAME|AHMADAPUR EAST,AHMADAPUR EAST,아마다푸르이스트,mt
MAPNAME|AHMADNAGAR,AHMADNAGAR,아마드나가르,mt
MAPNAME|AHMED AL JABER,AHMED AL JABER,아마드알자베르,mt
MAPNAME|AHUACHAPÁN,AHUACHAPÁN,아우아차판,mt
MAPNAME|AHVAZ,AHVAZ,아흐바즈,mt
MAPNAME|AIKEN,AIKEN,에이컨,mt
MAPNAME|AIN OUSSERA,AIN OUSSERA,아인우세라,mt
MAPNAME|AIN TEMOUCHENT,AIN TEMOUCHENT,아인테무셴트,mt
MAPNAME|AIRA,AIRA,아이라,mt
MAPNAME|AIRDRIE,AIRDRIE,에어드리,mt
MAPNAME|AIX-EN-PROVENCE,AIX-EN-PROVENCE,엑상프로방스,mt
MAPNAME|AIZAWL,AIZAWL,아이즈월,mt
MAPNAME|AIZUWAKAMATSU,AIZUWAKAMATSU,아이즈와카마쓰,mt
MAPNAME|AJACCIO,AJACCIO,아작시오,mt
MAPNAME|AJDABIYA,AJDABIYA,아즈다비야,mt
MAPNAME|AJKA,AJKA,아이커,mt
MAPNAME|AJMER,AJMER,아지메르,mt
MAPNAME|AK'ORDAT,AK'ORDAT,아코르다트,mt
MAPNAME|AKASHI,AKASHI,아카시,mt
MAPNAME|AKATSI,AKATSI,아카치,mt
MAPNAME|AKER FINNYARD,AKER FINNYARD,아케르핀야르드,mt
MAPNAME|AKHALTSIKHE,AKHALTSIKHE,아할치헤,mt
MAPNAME|AKHARA,AKHARA,아카라,mt
MAPNAME|AKHISAR,AKHISAR,아히사르,mt
MAPNAME|AKHMETA,AKHMETA,아크메타,mt
MAPNAME|AKHTUBINSK,AKHTUBINSK,아흐투빈스크,mt
MAPNAME|AKITA,AKITA,아키타,mt
MAPNAME|AKO,AKO,아코,mt
MAPNAME|AKOLA,AKOLA,아콜라,mt
MAPNAME|AKOT,AKOT,아콧,mt
MAPNAME|AKRON,AKRON,애크런,mt
MAPNAME|AKROTIRI,AKROTIRI,아크로티리,mt
MAPNAME|AKSARAY,AKSARAY,악사라이,mt
MAPNAME|AKSEHIR,AKSEHIR,악셰히르,mt
MAPNAME|AKSU,AKSU,아크수,mt
MAPNAME|AKSUM,AKSUM,악숨,mt
MAPNAME|AKTAU,AKTAU,아크타우,mt
MAPNAME|AKUI,AKUI,아쿠이,mt
MAPNAME|AKURE,AKURE,아쿠레,mt
MAPNAME|AKUREYRI,AKUREYRI,아쿠레이리,mt
MAPNAME|AL 'AQABAH,AL 'AQABAH,아카바,mt
MAPNAME|AL 'ARISH,AL 'ARISH,아리시,mt
MAPNAME|AL AKRAD,AL AKRAD,알아크라드,mt
MAPNAME|AL AZRAQ,AL AZRAQ,알아즈라크,mt
MAPNAME|AL BAHAH,AL BAHAH,알바하,mt
MAPNAME|AL BALYANA,AL BALYANA,알발야나,mt
MAPNAME|AL BASRAH,AL BASRAH,바스라,mt
MAPNAME|AL BAYDA,AL BAYDA,알바이다,mt
MAPNAME|AL BURAIQAH,AL BURAIQAH,알부라이카,mt
MAPNAME|AL BURAYMI,AL BURAYMI,부라이미,mt
MAPNAME|AL FASHIR,AL FASHIR,알파시르,mt
MAPNAME|AL FASHN,AL FASHN,알파슈,mt
MAPNAME|AL FAYYUM,AL FAYYUM,파이윰,mt
MAPNAME|AL FUHAYHIL,AL FUHAYHIL,알푸하이힐,mt
MAPNAME|AL FUJAYRAH,AL FUJAYRAH,푸자이라,mt
MAPNAME|AL GHARDAQAH,AL GHARDAQAH,후르가다,mt
MAPNAME|AL GHAYDAH,AL GHAYDAH,가이다,mt
MAPNAME|AL HAMMAMAT,AL HAMMAMAT,하마마트,mt
MAPNAME|AL HASAKAH,AL HASAKAH,하사카,mt
MAPNAME|AL HAWIYAH,AL HAWIYAH,알하위야,mt
MAPNAME|AL HILLAH,AL HILLAH,힐라,mt
MAPNAME|AL HOCEIMA,AL HOCEIMA,알호세이마,mt
MAPNAME|AL HUDAYDAH,AL HUDAYDAH,후다이다,mt
MAPNAME|AL HUFUF,AL HUFUF,호푸프,mt
MAPNAME|AL ISKANDARIYAH,AL ISKANDARIYAH,알렉산드리아,mt
MAPNAME|AL ISMA'ILIYAH,AL ISMA'ILIYAH,이스마일리아,mt
MAPNAME|AL JAFR,AL JAFR,알자프르,mt
MAPNAME|AL JAHRA,AL JAHRA,자흐라,mt
MAPNAME|AL JAWF,AL JAWF,알자우프,mt
MAPNAME|AL JAZA'IR,AL JAZA'IR,알제,mt
MAPNAME|AL JAZAIR,AL JAZAIR,알제,mt
MAPNAME|AL JIZAH,AL JIZAH,기자,mt
MAPNAME|AL JUBAYL,AL JUBAYL,주바일,mt
MAPNAME|AL KAF,AL KAF,알카프,mt
MAPNAME|AL KHABURAH,AL KHABURAH,알카부라,mt
MAPNAME|AL KHARJ,AL KHARJ,알카르즈,mt
MAPNAME|AL KHARTUM,AL KHARTUM,하르툼,mt
MAPNAME|AL KHARTUM BAHRI,AL KHARTUM BAHRI,하르툼바흐리,mt
MAPNAME|AL KHMISSAT,AL KHMISSAT,크미세트,mt
MAPNAME|AL KHOR,AL KHOR,알코르,mt
MAPNAME|AL KHUBAR,AL KHUBAR,알코바르,mt
MAPNAME|AL KHUMS,AL KHUMS,알쿰스,mt
MAPNAME|AL KUT,AL KUT,알쿠트,mt
MAPNAME|AL KUWAYT,AL KUWAYT,쿠웨이트,mt
MAPNAME|AL LADHIGIYAH,AL LADHIGIYAH,라타키아,mt
MAPNAME|AL MADINAH,AL MADINAH,메디나,mt
MAPNAME|AL MAFRAQ,AL MAFRAQ,마프라크,mt
MAPNAME|AL MAHALLAH AL KUBRA,AL MAHALLAH AL KUBRA,마할라알쿠브라,mt
MAPNAME|AL MAHDIYAH,AL MAHDIYAH,마흐디아,mt
MAPNAME|AL MAJMA'AH,AL MAJMA'AH,마지마,mt
MAPNAME|AL MANAMAH,AL MANAMAH,마나마,mt
MAPNAME|AL MANSURAH,AL MANSURAH,만수라,mt
MAPNAME|AL MASNA'AH,AL MASNA'AH,마스나아,mt
MAPNAME|AL MATARIYAH,AL MATARIYAH,마타리야,mt
MAPNAME|AL MAWSIL,AL MAWSIL,모술,mt
MAPNAME|AL MINYA,AL MINYA,미니아,mt
MAPNAME|AL MUBARRAZ,AL MUBARRAZ,무바라즈,mt
MAPNAME|AL MUDAYBI,AL MUDAYBI,무다이비,mt
MAPNAME|AL MUKALLA,AL MUKALLA,무칼라,mt
MAPNAME|AL MUNASTIR,AL MUNASTIR,모나스티르,mt
MAPNAME|AL NASIRIYAH,AL NASIRIYAH,나시리야,mt
MAPNAME|AL QADARIF,AL QADARIF,가다리프,mt
MAPNAME|AL QAHIRAH,AL QAHIRAH,카이로,mt
MAPNAME|AL QAIM,AL QAIM,카임,mt
MAPNAME|AL QAMISHLI,AL QAMISHLI,카미실리,mt
MAPNAME|AL QASRAYN,AL QASRAYN,카스린,mt
MAPNAME|AL QATIF,AL QATIF,카티프,mt
MAPNAME|AL QAYRAWAN,AL QAYRAWAN,카이루안,mt
MAPNAME|AL QUBAYYAT,AL QUBAYYAT,쿠바야트,mt
MAPNAME|AL QURNAH,AL QURNAH,쿠르나,mt
MAPNAME|AL QUSIYAH,AL QUSIYAH,쿠시야,mt
MAPNAME|AL QUWAYSIMAH,AL QUWAYSIMAH,쿠웨이시마,mt
MAPNAME|AL UQSUR,AL UQSUR,룩소르,mt
MAPNAME|AL WAKRAH,AL WAKRAH,와크라,mt
MAPNAME|AL ZAQAZIQ,AL ZAQAZIQ,자가지크,mt
MAPNAME|AL'AMARAH,AL'AMARAH,아마라,mt
MAPNAME|AL'AYN,AL'AYN,알아인,mt
MAPNAME|AL'MET'YEVSK,AL'MET'YEVSK,알메티옙스크,mt
MAPNAME|AL-'UBUR,AL-'UBUR,우부르,mt
MAPNAME|AL-ABYAR,AL-ABYAR,아비아르,mt
MAPNAME|AL-BAWITI,AL-BAWITI,바위티,mt
MAPNAME|AL-BAYDA,AL-BAYDA,바이다,mt
MAPNAME|AL-DUWAYM,AL-DUWAYM,두와임,mt
MAPNAME|AL-FALLUJAH,AL-FALLUJAH,팔루자,mt
MAPNAME|AL-FASHAQAH,AL-FASHAQAH,파샤카,mt
MAPNAME|AL-FAW,AL-FAW,파우,mt
MAPNAME|AL-FULAH,AL-FULAH,풀라,mt
MAPNAME|AL-HAMMAM,AL-HAMMAM,함맘,mt
MAPNAME|AL-HAY,AL-HAY,하이,mt
MAPNAME|AL-HAZM,AL-HAZM,하즘,mt
MAPNAME|AL-HUSAYHISA,AL-HUSAYHISA,후사이히사,mt
MAPNAME|AL-HUWATTAH,AL-HUWATTAH,후와타,mt
MAPNAME|AL-JAMALIYAH,AL-JAMALIYAH,자말리야,mt
MAPNAME|AL-MAHWIT,AL-MAHWIT,마흐위트,mt
MAPNAME|AL-MARHINAH,AL-MARHINAH,마르히나,mt
MAPNAME|AL-MARJ,AL-MARJ,마르즈,mt
MAPNAME|AL-QATN,AL-QATN,카트,mt
MAPNAME|AL-QUDS,AL-QUDS,예루살렘,mt
MAPNAME|AL-QURAYN,AL-QURAYN,쿠라인,mt
MAPNAME|AL-QUSAYR,AL-QUSAYR,쿠사이르,mt
MAPNAME|AL-QUTAYNAH,AL-QUTAYNAH,쿠타이나,mt
MAPNAME|AL-QUZ,AL-QUZ,쿠즈,mt
MAPNAME|AL-ULA,AL-ULA,울라,mt
MAPNAME|AL-WAJH,AL-WAJH,와즈,mt
MAPNAME|ALABA KULITO,ALABA KULITO,알라바쿨리토,mt
MAPNAME|ALABASTER,ALABASTER,앨러배스터,mt
MAPNAME|ALABINO,ALABINO,알라비노,mt
MAPNAME|ALAGOINHAS,ALAGOINHAS,알라고이냐스,mt
MAPNAME|ALAJUELA-HEREDIA,ALAJUELA-HEREDIA,알라후엘라에레디아,mt
MAPNAME|ALAKURTTI,ALAKURTTI,알라쿠르티,mt
MAPNAME|ALAMEDA,ALAMEDA,앨러미다,mt
MAPNAME|ALAMINOS,ALAMINOS,알라미노스,mt
MAPNAME|ALANYA,ALANYA,알라니아,mt
MAPNAME|ALAZIZIYAH,ALAZIZIYAH,아지지야,mt
MAPNAME|ALBA IULIA,ALBA IULIA,알바율리아,mt
MAPNAME|ALBACETE,ALBACETE,알바세테,mt
MAPNAME|ALBANY,ALBANY,올버니,mt
MAPNAME|ALBI,ALBI,알비,mt
MAPNAME|ALBUQUERQUE,ALBUQUERQUE,앨버커키,mt
MAPNAME|ALBURY,ALBURY,올버리,mt
MAPNAME|ALCALÁ DE HENARES,ALCALÁ DE HENARES,알칼라데에나레스,mt
MAPNAME|ALCANTRA,ALCANTRA,알칸트라,mt
MAPNAME|ALCHEVS'K,ALCHEVS'K,알체우스크,mt
MAPNAME|ALCOBENDAS,ALCOBENDAS,알코벤다스,mt
MAPNAME|ALCORCÓN,ALCORCÓN,알코르콘,mt
MAPNAME|ALCOY,ALCOY,알코이,mt
MAPNAME|ALCÁZAR DE SAN JUAN,ALCÁZAR DE SAN JUAN,알카사르데산후안,mt
MAPNAME|ALDAN,ALDAN,알단,mt
MAPNAME|ALDERSHOT,ALDERSHOT,올더숏,mt
MAPNAME|ALEG,ALEG,알레그,mt
MAPNAME|ALEGRETE,ALEGRETE,알레그레테,mt
MAPNAME|ALEJSK,ALEJSK,알레이스크,mt
MAPNAME|ALEKSANDROV,ALEKSANDROV,알렉산드로프,mt
MAPNAME|ALEKSEYEVKA,ALEKSEYEVKA,알렉세옙카,mt
MAPNAME|ALEKSIN,ALEKSIN,알렉신,mt
MAPNAME|ALEKSINAC,ALEKSINAC,알렉시나치,mt
MAPNAME|ALESSANDRIA,ALESSANDRIA,알레산드리아,mt
MAPNAME|ALESUND,ALESUND,올레순,mt
MAPNAME|ALETA WENDO,ALETA WENDO,알레타웬도,mt
MAPNAME|ALEXANDRIA,ALEXANDRIA,알렉산드리아,mt
MAPNAME|ALEXANDROÚPOLIS,ALEXANDROÚPOLIS,알렉산드루폴리스,mt
MAPNAME|ALFENAS,ALFENAS,아우페나스,mt
MAPNAME|ALGECIRAS,ALGECIRAS,알헤시라스,mt
MAPNAME|ALI AL SALEM,ALI AL SALEM,알리알살렘,mt
MAPNAME|ALICANTE,ALICANTE,알리칸테,mt
MAPNAME|ALICE SPRINGS,ALICE SPRINGS,앨리스스프링스,mt
MAPNAME|ALIGARH,ALIGARH,알리가르,mt
MAPNAME|ALIGUDARZ,ALIGUDARZ,알리구다르즈,mt
MAPNAME|ALINGAS,ALINGAS,알링아스,mt
MAPNAME|ALIPUR DUAR,ALIPUR DUAR,알리푸르두아르,mt
MAPNAME|ALKMAAR,ALKMAAR,알크마르,mt
MAPNAME|ALLAHABAD,ALLAHABAD,알라하바드,mt
MAPNAME|ALLENTOWN,ALLENTOWN,앨런타운,mt
MAPNAME|ALLEPPEY,ALLEPPEY,알레피,mt
MAPNAME|ALMA,ALMA,알마,mt
MAPNAME|ALMADA,ALMADA,알마다,mt
MAPNAME|ALMANSA,ALMANSA,알만사,mt
MAPNAME|ALMARAZ,ALMARAZ,알마라스,mt
MAPNAME|ALMAT'A,ALMAT'A,알마타,mt
MAPNAME|ALMATY,ALMATY,알마티,mt
MAPNAME|ALMELO,ALMELO,알멜로,mt
MAPNAME|ALMENDRALEJO,ALMENDRALEJO,알멘드랄레호,mt
MAPNAME|ALMERE,ALMERE,알메러,mt
MAPNAME|ALMERÍA,ALMERÍA,알메리아,mt
MAPNAME|ALMOGORDO,ALMOGORDO,앨러모고도,mt
MAPNAME|ALMUÑÉCAR,ALMUÑÉCAR,알무녜카르,mt
MAPNAME|ALTA GARCIA,ALTA GARCIA,알타가르시아,mt
MAPNAME|ALTAGRACIA DE ORITUCO,ALTAGRACIA DE ORITUCO,알타그라시아데오리투코,mt
MAPNAME|ALTAI,ALTAI,알타이,mt
MAPNAME|ALTAJ,ALTAJ,알타이,mt
MAPNAME|ALTAMIRA,ALTAMIRA,알타미라,mt
MAPNAME|ALTAMONTE SPRING,ALTAMONTE SPRING,앨터몬트스프링스,mt
MAPNAME|ALTAMURA,ALTAMURA,알타무라,mt
MAPNAME|ALTAY,ALTAY,알타이,mt
MAPNAME|ALTON,ALTON,올턴,mt
MAPNAME|ALTOONA,ALTOONA,알투나,mt
MAPNAME|ALTUS,ALTUS,앨터스,mt
MAPNAME|ALUKANE,ALUKANE,알루카네,mt
MAPNAME|ALUR SETAR,ALUR SETAR,알로르스타르,mt
MAPNAME|ALWAR,ALWAR,알와르,mt
MAPNAME|ALXA,ALXA,아라산,mt
MAPNAME|ALYTUS,ALYTUS,알리투스,mt
MAPNAME|ALZIRA,ALZIRA,알시라,mt
MAPNAME|AM TIMAN,AM TIMAN,암티만,mt
MAPNAME|AMAGASAKI,AMAGASAKI,아마가사키,mt
MAPNAME|AMAGI,AMAGI,아마기,mt
MAPNAME|AMALAPURAM,AMALAPURAM,아말라푸람,mt
MAPNAME|AMALNER,AMALNER,아말네르,mt
MAPNAME|AMAN,AMAN,아만,mt
MAPNAME|AMANCIO,AMANCIO,아만시오,mt
MAPNAME|AMARILLO,AMARILLO,애머릴로,mt
MAPNAME|AMASYA,AMASYA,아마시아,mt
MAPNAME|AMBA GIYORGIS,AMBA GIYORGIS,암바기요르기스,mt
MAPNAME|AMBAJOGAR,AMBAJOGAR,암바조가르,mt
MAPNAME|AMBALA,AMBALA,암발라,mt
MAPNAME|AMBALAVAO,AMBALAVAO,암발라바오,mt
MAPNAME|AMBAM,AMBAM,암밤,mt
MAPNAME|AMBANJA,AMBANJA,암반자,mt
MAPNAME|AMBATO,AMBATO,암바토,mt
MAPNAME|AMBATOBOENY,AMBATOBOENY,암바토보에니,mt
MAPNAME|AMBATOFINADRAHANA,AMBATOFINADRAHANA,암바토피나드라하나,mt
MAPNAME|AMBATOLAMPY,AMBATOLAMPY,암바톨람피,mt
MAPNAME|AMBATONDRAZAKA,AMBATONDRAZAKA,암바톤드라자카,mt
MAPNAME|AMBIKAPUR,AMBIKAPUR,암비카푸르,mt
MAPNAME|AMBILOBE,AMBILOBE,암빌로베,mt
MAPNAME|AMBO,AMBO,암보,mt
MAPNAME|AMBODIFOTOTRA,AMBODIFOTOTRA,암보디포토트라,mt
MAPNAME|AMBON,AMBON,암본,mt
MAPNAME|AMBOSARY,AMBOSARY,암보사리,mt
MAPNAME|AMBOSITRA,AMBOSITRA,암보시트라,mt
MAPNAME|AMBOVOMBE,AMBOVOMBE,암보보음베,mt
MAPNAME|AMBUR,AMBUR,암부르,mt
MAPNAME|AMECA,AMECA,아메카,mt
MAPNAME|AMES,AMES,에임스,mt
MAPNAME|AMIENS,AMIENS,아미앵,mt
MAPNAME|AMINO,AMINO,아미노,mt
MAPNAME|AMMAN,AMMAN,암만,mt
MAPNAME|AMMASSALIK,AMMASSALIK,암마살리크,mt
MAPNAME|AMOL,AMOL,아몰,mt
MAPNAME|AMORI,AMORI,아모리,mt
MAPNAME|AMOZOC DE MOTA,AMOZOC DE MOTA,아모소크데모타,mt
MAPNAME|AMPANG,AMPANG,암팡,mt
MAPNAME|AMPANIHY,AMPANIHY,암파니히,mt
MAPNAME|AMPARAFARAVOLA,AMPARAFARAVOLA,암파라파라볼라,mt
MAPNAME|AMPARO,AMPARO,암파루,mt
MAPNAME|AMPOSTA,AMPOSTA,암포스타,mt
MAPNAME|AMRAN,AMRAN,암란,mt
MAPNAME|AMRAVATI,AMRAVATI,암라바티,mt
MAPNAME|AMRELI,AMRELI,암렐리,mt
MAPNAME|AMRITSAR,AMRITSAR,암리차르,mt
MAPNAME|AMROHA,AMROHA,암로하,mt
MAPNAME|AMSTELVEEN,AMSTELVEEN,암스텔베인,mt
MAPNAME|AMSTERDAM,AMSTERDAM,암스테르담,mt
MAPNAME|AN NAJAF,AN NAJAF,나자프,mt
MAPNAME|AN NASIRIYAH,AN NASIRIYAH,나시리야,mt
MAPNAME|AN NUHUD,AN NUHUD,누후드,mt
MAPNAME|ANACO,ANACO,아나코,mt
MAPNAME|ANADYR'-OOGOL'NYY,ANADYR'-OOGOL'NYY,아나디리우골니,mt
MAPNAME|ANAHEIM,ANAHEIM,애너하임,mt
MAPNAME|ANAKAPALLE,ANAKAPALLE,아나카팔레,mt
MAPNAME|ANAMUR,ANAMUR,아나무르,mt
MAPNAME|ANAN,ANAN,아난,mt
MAPNAME|ANAND,ANAND,아난드,mt
MAPNAME|ANANTAPUR,ANANTAPUR,아난타푸르,mt
MAPNAME|ANANTNAG,ANANTNAG,아난트나그,mt
MAPNAME|ANAPA,ANAPA,아나파,mt
MAPNAME|ANATUYA,ANATUYA,아나투야,mt
MAPNAME|ANCASTER,ANCASTER,앤캐스터,mt
MAPNAME|ANCHORAGE,ANCHORAGE,앵커리지,mt
MAPNAME|ANCONA,ANCONA,안코나,mt
MAPNAME|ANCUD,ANCUD,앙쿠드,mt
MAPNAME|ANDA,ANDA,안다,mt
MAPNAME|ANDAPA,ANDAPA,안다파,mt
MAPNAME|ANDENES,ANDENES,안데네스,mt
MAPNAME|ANDERSON,ANDERSON,앤더슨,mt
MAPNAME|ANDIJON,ANDIJON,안디잔,mt
MAPNAME|ANDILAMENA,ANDILAMENA,안딜라메나,mt
MAPNAME|ANDIMESHK,ANDIMESHK,안디메시크,mt
MAPNAME|ANDOANY,ANDOANY,안도아니,mt
MAPNAME|ANDONG,ANDONG,안동,mt
MAPNAME|ANDORRA LA VELLA,ANDORRA LA VELLA,안도라라베야,mt
MAPNAME|ANDOVER,ANDOVER,앤도버,mt
MAPNAME|ANDRADINA,ANDRADINA,안드라지나,mt
MAPNAME|ANDREAPOL,ANDREAPOL,안드레아폴,mt
MAPNAME|ANDREWS AFB,ANDREWS AFB,앤드루스공군기지,mt
MAPNAME|ANDRIA,ANDRIA,안드리아,mt
MAPNAME|ANDULO,ANDULO,안둘루,mt
MAPNAME|ANDÚJAR,ANDÚJAR,안두하르,mt
MAPNAME|ANGARSK,ANGARSK,앙가르스크,mt
MAPNAME|ANGELES,ANGELES,앙헬레스,mt
MAPNAME|ANGERS,ANGERS,앙제,mt
MAPNAME|ANGOCHE,ANGOCHE,앙고셰,mt
MAPNAME|ANGOL,ANGOL,앙골,mt
MAPNAME|ANGRA DO HEROÍSMO,ANGRA DO HEROÍSMO,앙그라두에로이스무,mt
MAPNAME|ANGRA DOS REIS,ANGRA DOS REIS,앙그라두스헤이스,mt
MAPNAME|ANGREN,ANGREN,앙그렌,mt
MAPNAME|ANIOZOROBE,ANIOZOROBE,아니오조로베,mt
MAPNAME|ANJANGAON,ANJANGAON,안잔가온,mt
MAPNAME|ANJAR,ANJAR,안자르,mt
MAPNAME|ANJU,ANJU,안주,mt
MAPNAME|ANKALESHWAR,ANKALESHWAR,앙켈레슈와르,mt
MAPNAME|ANKANG,ANKANG,안캉,mt
MAPNAME|ANKARA,ANKARA,앙카라,mt
MAPNAME|ANKAZOBE,ANKAZOBE,안카조베,mt
MAPNAME|ANKENY,ANKENY,앵키니,mt
MAPNAME|ANLOGA,ANLOGA,안로가,mt
MAPNAME|ANN ARBOR,ANN ARBOR,앤아버,mt
MAPNAME|ANNABA,ANNABA,안나바,mt
MAPNAME|ANNAKA,ANNAKA,안나카,mt
MAPNAME|ANNAPOLIS,ANNAPOLIS,애나폴리스,mt
MAPNAME|ANNECY,ANNECY,안시,mt
MAPNAME|ANNING,ANNING,안닝,mt
MAPNAME|ANNISTON,ANNISTON,애니스턴,mt
MAPNAME|ANQING,ANQING,안칭,mt
MAPNAME|ANSAI,ANSAI,안사이,mt
MAPNAME|ANSAN,ANSAN,안산,mt
MAPNAME|ANSHAN,ANSHAN,안산,mt
MAPNAME|ANSHUN,ANSHUN,안순,mt
MAPNAME|ANTAKYA,ANTAKYA,안타키아,mt
MAPNAME|ANTALAHA,ANTALAHA,안탈라하,mt
MAPNAME|ANTALYA,ANTALYA,안탈리아,mt
MAPNAME|ANTANANARIVO,ANTANANARIVO,안타나나리보,mt
MAPNAME|ANTEQUERA,ANTEQUERA,안테케라,mt
MAPNAME|ANTIBES,ANTIBES,앙티브,mt
MAPNAME|ANTIGUA,ANTIGUA,앤티가,mt
MAPNAME|ANTIOCH,ANTIOCH,앤티오크,mt
MAPNAME|ANTIPOLO,ANTIPOLO,안티폴로,mt
MAPNAME|ANTO ANTONIO DE JESUS,ANTO ANTONIO DE JESUS,안토니오데헤수스,mt
MAPNAME|ANTOFAGASTA,ANTOFAGASTA,안토파가스타,mt
MAPNAME|ANTRATSIT,ANTRATSIT,안트라치트,mt
MAPNAME|ANTSERANANA,ANTSERANANA,안치라나나,mt
MAPNAME|ANTSOHIHY,ANTSOHIHY,안초히히,mt
MAPNAME|ANTSRIABE,ANTSRIABE,안치라베,mt
MAPNAME|ANTWERP,ANTWERP,안트베르펜,mt
MAPNAME|ANTWERPEN,ANTWERPEN,안트베르펜,mt
MAPNAME|ANURADHAPURA,ANURADHAPURA,아누라다푸라,mt
MAPNAME|ANXIANG,ANXIANG,안샹,mt
MAPNAME|ANYAMA,ANYAMA,아냐마,mt
MAPNAME|ANYANG,ANYANG,안양,mt
MAPNAME|ANZHERO-SUDZHENSK,ANZHERO-SUDZHENSK,안제로수젠스크,mt
MAPNAME|ANÁPOLIS,ANÁPOLIS,아나폴리스,mt
MAPNAME|APACHE JUNCTION,APACHE JUNCTION,아파치정션,mt
MAPNAME|APARECIDA DE GOIANIA,APARECIDA DE GOIANIA,아파레시다지고이아니아,mt
MAPNAME|APARTADÓ,APARTADÓ,아파르타도,mt
MAPNAME|APATITY,APATITY,아파티티,mt
MAPNAME|APATZINGÁN,APATZINGÁN,아파칭간,mt
MAPNAME|APELDOORN,APELDOORN,아펠도른,mt
MAPNAME|APEX,APEX,에이펙스,mt
MAPNAME|APIZACO,APIZACO,아피사코,mt
MAPNAME|APOQUINDO,APOQUINDO,아포킨도,mt
MAPNAME|APOSTOLES,APOSTOLES,아포스톨레스,mt
MAPNAME|APPLETON,APPLETON,애플턴,mt
MAPNAME|APRILIA,APRILIA,아프릴리아,mt
MAPNAME|APUCARANA,APUCARANA,아푸카라나,mt
MAPNAME|AQSU,AQSU,아크수,mt
MAPNAME|AQTAU,AQTAU,아크타우,mt
MAPNAME|AQTÖBE,AQTÖBE,악토베,mt
MAPNAME|AQUIRAZ,AQUIRAZ,아키라스,mt
MAPNAME|AR RAMADI,AR RAMADI,라마디,mt
MAPNAME|AR RAMTHA,AR RAMTHA,람타,mt
MAPNAME|AR RAQQAH,AR RAQQAH,라카,mt
MAPNAME|AR RASS,AR RASS,라스,mt
MAPNAME|AR RIYAD,AR RIYAD,리야드,mt
MAPNAME|AR RUSTAQ,AR RUSTAQ,루스타크,mt
MAPNAME|AR RUTBAH,AR RUTBAH,루트바,mt
MAPNAME|AR'AR,AR'AR,아르아르,mt
MAPNAME|AR-RAHAD,AR-RAHAD,아르라하드,mt
MAPNAME|AR-RUSAYNS,AR-RUSAYNS,아르루사이스,mt
MAPNAME|ARA,ARA,아라,mt
MAPNAME|ARACAJU,ARACAJU,아라카주,mt
MAPNAME|ARACATI,ARACATI,아라카치,mt
MAPNAME|ARACATUBA,ARACATUBA,아라사투바,mt
MAPNAME|ARACRUZ,ARACRUZ,아라크루스,mt
MAPNAME|ARAD,ARAD,아라드,mt
MAPNAME|ARAGUAINA,ARAGUAINA,아라과이나,mt
MAPNAME|ARAGUARI,ARAGUARI,아라과리,mt
MAPNAME|ARAK,ARAK,아라크,mt
MAPNAME|ARAKKONAM,ARAKKONAM,아라코남,mt
MAPNAME|ARAL COUNTY,ARAL COUNTY,아랄현,mt
MAPNAME|ARAMBAGH,ARAMBAGH,아람바그,mt
MAPNAME|ARANAT,ARANAT,아라나트,mt
MAPNAME|ARANDA DE DUERO,ARANDA DE DUERO,아란다데두에로,mt
MAPNAME|ARANDAS,ARANDAS,아란다스,mt
MAPNAME|ARANI,ARANI,아라니,mt
MAPNAME|ARANJUEZ,ARANJUEZ,아란후에스,mt
MAPNAME|ARAPIRACA,ARAPIRACA,아라피라카,mt
MAPNAME|ARAPONGAS,ARAPONGAS,아라퐁가스,mt
MAPNAME|ARARANGUÁ,ARARANGUÁ,아라랑구아,mt
MAPNAME|ARARAQUARA,ARARAQUARA,아라라콰라,mt
MAPNAME|ARARAS,ARARAS,아라라스,mt
MAPNAME|ARARIA,ARARIA,아라리아,mt
MAPNAME|ARARIPINA,ARARIPINA,아라리피나,mt
MAPNAME|ARARUAMA,ARARUAMA,아라루아마,mt
MAPNAME|ARAUCA,ARAUCA,아라우카,mt
MAPNAME|ARAUCÁRIA,ARAUCÁRIA,아라우카리아,mt
MAPNAME|ARAWA,ARAWA,아라와,mt
MAPNAME|ARAXÁ,ARAXÁ,아라샤,mt
MAPNAME|ARBA MINCHI,ARBA MINCHI,아르바민치,mt
MAPNAME|ARCELIA,ARCELIA,아르셀리아,mt
MAPNAME|ARCOS DE LA FRONTERA,ARCOS DE LA FRONTERA,아르코스데라프론테라,mt
MAPNAME|ARCOVERDE,ARCOVERDE,아르쿠베르지,mt
MAPNAME|ARDABIL,ARDABIL,아르다빌,mt
MAPNAME|ARDAKAN,ARDAKAN,아르다칸,mt
MAPNAME|ARDESEN,ARDESEN,아르데센,mt
MAPNAME|ARDMORE,ARDMORE,아드모어,mt
MAPNAME|ARECIBO,ARECIBO,아레시보,mt
MAPNAME|AREKA,AREKA,아레카,mt
MAPNAME|ARENDAL,ARENDAL,아렌달,mt
MAPNAME|AREQUIPA,AREQUIPA,아레키파,mt
MAPNAME|ARERTI,ARERTI,아레르티,mt
MAPNAME|AREZA,AREZA,아레자,mt
MAPNAME|AREZZO,AREZZO,아레초,mt
MAPNAME|ARGENTEUIL,ARGENTEUIL,아르장퇴유,mt
MAPNAME|ARGOS,ARGOS,아르고스,mt
MAPNAME|ARICA,ARICA,아리카,mt
MAPNAME|ARIFWALA,ARIFWALA,아리프왈라,mt
MAPNAME|ARIMA,ARIMA,아리마,mt
MAPNAME|ARIQUEMES,ARIQUEMES,아리케메스,mt
MAPNAME|ARJONA,ARJONA,아르호나,mt
MAPNAME|ARKANSAS NUCLEAR ONE,ARKANSAS NUCLEAR ONE,아칸소핵발전소,mt
MAPNAME|ARKHANGELSK,ARKHANGELSK,아르한겔스크,mt
MAPNAME|ARKLOW,ARKLOW,아클로,mt
MAPNAME|ARLES,ARLES,아를,mt
MAPNAME|ARLINGTON,ARLINGTON,알링턴,mt
MAPNAME|ARLINGTON HEIGHTS,ARLINGTON HEIGHTS,알링턴하이츠,mt
MAPNAME|ARLIT,ARLIT,아를리트,mt
MAPNAME|ARLON,ARLON,아를롱,mt
MAPNAME|ARMADALE,ARMADALE,아마데일,mt
MAPNAME|ARMAVIR,ARMAVIR,아르마비르,mt
MAPNAME|ARMENIA,ARMENIA,아르메니아,mt
MAPNAME|ARMERSFOORT,ARMERSFOORT,아메르스포르트,mt
MAPNAME|ARNHEM,ARNHEM,아른험,mt
MAPNAME|ARNSBERG,ARNSBERG,아른스베르크,mt
MAPNAME|ARONA,ARONA,아로나,mt
MAPNAME|ARQALYK,ARQALYK,아르칼리크,mt
MAPNAME|ARRAS,ARRAS,아라스,mt
MAPNAME|ARRECIFE,ARRECIFE,아레시페,mt
MAPNAME|ARSEN'YEV,ARSEN'YEV,아르세니예프,mt
MAPNAME|ARSI NEGELE,ARSI NEGELE,아르시네겔레,mt
MAPNAME|ARTEIXO,ARTEIXO,아르테이쇼,mt
MAPNAME|ARTEMISA,ARTEMISA,아르테미사,mt
MAPNAME|ARTIGAS,ARTIGAS,아르티가스,mt
MAPNAME|ARTUX,ARTUX,아투스,mt
MAPNAME|ARTËM,ARTËM,아르툠,mt
MAPNAME|ARUA,ARUA,아루아,mt
MAPNAME|ARUPPUKKOTTAI,ARUPPUKKOTTAI,아룹푸코타이,mt
MAPNAME|ARUSHA,ARUSHA,아루샤,mt
MAPNAME|ARVAJCHHER,ARVAJCHHER,아르바이헤르,mt
MAPNAME|ARVIAT,ARVIAT,아르비아트,mt
MAPNAME|ARVIKA,ARVIKA,아르비카,mt
MAPNAME|ARYANAH,ARYANAH,아리아나,mt
MAPNAME|ARZAMAS,ARZAMAS,아르자마스,mt
MAPNAME|AS SALT,AS SALT,살트,mt
MAPNAME|AS SAMAWAH,AS SAMAWAH,사마와,mt
MAPNAME|AS SHARURAH,AS SHARURAH,샤루라,mt
MAPNAME|AS SIB,AS SIB,시브,mt
MAPNAME|AS SINBILLAWAYN,AS SINBILLAWAYN,신빌라윈,mt
MAPNAME|AS SULAYMANIYAH,AS SULAYMANIYAH,술라이마니야,mt
MAPNAME|AS SUWAYQ,AS SUWAYQ,수와이크,mt
MAPNAME|AS SUWAYS,AS SUWAYS,수웨이스,mt
MAPNAME|AS-SALLUM,AS-SALLUM,살룸,mt
MAPNAME|ASABA,ASABA,아사바,mt
MAPNAME|ASAHIKAWA,ASAHIKAWA,아사히카와,mt
MAPNAME|ASAN,ASAN,아산,mt
MAPNAME|ASANSOL,ASANSOL,아산솔,mt
MAPNAME|ASASA,ASASA,아사사,mt
MAPNAME|ASAYTA,ASAYTA,아사이타,mt
MAPNAME|ASBEST,ASBEST,아스베스트,mt
MAPNAME|ASCENSION,ASCENSION,어센션,mt
MAPNAME|ASCHAFFENBURG,ASCHAFFENBURG,아샤펜부르크,mt
MAPNAME|ASCOLI PICENO,ASCOLI PICENO,아스콜리피체노,mt
MAPNAME|ASEB,ASEB,아세브,mt
MAPNAME|ASELA,ASELA,아셀라,mt
MAPNAME|ASENOVGRAD,ASENOVGRAD,아세노브그라드,mt
MAPNAME|ASH SHARIQA,ASH SHARIQA,샤르자,mt
MAPNAME|ASH SHIHR,ASH SHIHR,시히르,mt
MAPNAME|ASH-SHALATIN,ASH-SHALATIN,샬라틴,mt
MAPNAME|ASH-SHIRQAT,ASH-SHIRQAT,시르카트,mt
MAPNAME|ASH=SHATRAH,ASH=SHATRAH,샤트라,mt
MAPNAME|ASHDOD,ASHDOD,아슈도드,mt
MAPNAME|ASHEBORO,ASHEBORO,애시버러,mt
MAPNAME|ASHEVILLE,ASHEVILLE,애슈빌,mt
MAPNAME|ASHFORD,ASHFORD,애시퍼드,mt
MAPNAME|ASHGABAT,ASHGABAT,아시가바트,mt
MAPNAME|ASHIKAGA,ASHIKAGA,아시카가,mt
MAPNAME|ASHLAND,ASHLAND,애슐랜드,mt
MAPNAME|ASHOKNAGAR,ASHOKNAGAR,아소크나가르,mt
MAPNAME|ASHQELON,ASHQELON,아슈켈론,mt
MAPNAME|ASINO,ASINO,아시노,mt
MAPNAME|ASKER,ASKER,아스케르,mt
MAPNAME|ASMERA,ASMERA,아스마라,mt
MAPNAME|ASOSA,ASOSA,아소사,mt
MAPNAME|ASSAMAKKA,ASSAMAKKA,아사마카,mt
MAPNAME|ASSEN,ASSEN,아선,mt
MAPNAME|ASSIS,ASSIS,아시스,mt
MAPNAME|ASTANA,ASTANA,아스타나,mt
MAPNAME|ASTI,ASTI,아스티,mt
MAPNAME|ASTRAKHAN,ASTRAKHAN,아스트라한,mt
MAPNAME|ASUNCIÓN,ASUNCIÓN,아순시온,mt
MAPNAME|ASWAN,ASWAN,아스완,mt
MAPNAME|ASYUT,ASYUT,아시우트,mt
MAPNAME|AT TA'IF,AT TA'IF,타이프,mt
MAPNAME|AT TAFILAH,AT TAFILAH,타필라,mt
MAPNAME|AT TARFAYAH,AT TARFAYAH,타르파야,mt
MAPNAME|AT TUR,AT TUR,투르,mt
MAPNAME|AT-TADAMAN,AT-TADAMAN,타다만,mt
MAPNAME|ATAKPAMÉ,ATAKPAMÉ,아타크파메,mt
MAPNAME|ATAQ,ATAQ,아타크,mt
MAPNAME|ATAR,ATAR,아타르,mt
MAPNAME|ATASCOSITO,ATASCOSITO,아타스코시토,mt
MAPNAME|ATAYE,ATAYE,아타예,mt
MAPNAME|ATBARAH,ATBARAH,아트바라,mt
MAPNAME|ATEBUBU,ATEBUBU,아테부부,mt
MAPNAME|ATHABASCA,ATHABASCA,애서배스카,mt
MAPNAME|ATHENS,ATHENS,아테네,mt
MAPNAME|ATHINAI,ATHINAI,아테네,mt
MAPNAME|ATHLONE,ATHLONE,애슬론,mt
MAPNAME|ATI,ATI,아티,mt
MAPNAME|ATIBAIA,ATIBAIA,아치바이아,mt
MAPNAME|ATLANTA,ATLANTA,애틀랜타,mt
MAPNAME|ATLANTIC CITY,ATLANTIC CITY,애틀랜틱시티,mt
MAPNAME|ATLIXCO,ATLIXCO,아틀릭스코,mt
MAPNAME|ATOTONILCO EL ALTO,ATOTONILCO EL ALTO,아토토닐코엘알토,mt
MAPNAME|ATOYAC DE ALVAREZ,ATOYAC DE ALVAREZ,아토야크데알바레스,mt
MAPNAME|ATTLEBORO,ATTLEBORO,애틀버러,mt
MAPNAME|ATTOCK,ATTOCK,아톡,mt
MAPNAME|ATTUR,ATTUR,아투르,mt
MAPNAME|ATUCHA,ATUCHA,아투차,mt
MAPNAME|ATWATER,ATWATER,애트워터,mt
MAPNAME|ATYRAU,ATYRAU,아티라우,mt
MAPNAME|AUBAGNE,AUBAGNE,오바뉴,mt
MAPNAME|AUBURN,AUBURN,오번,mt
MAPNAME|AUCKLAND,AUCKLAND,오클랜드,mt
MAPNAME|AUGSBURG,AUGSBURG,아우크스부르크,mt
MAPNAME|AUGUSTA,AUGUSTA,오거스타,mt
MAPNAME|AUGUSTDORF,AUGUSTDORF,아우구스트도르프,mt
MAPNAME|AUGUSTOW,AUGUSTOW,아우구스투프,mt
MAPNAME|AULNAY-SOUS-BOIS,AULNAY-SOUS-BOIS,올네수부아,mt
MAPNAME|AURAIYA,AURAIYA,아우라이야,mt
MAPNAME|AURANGABAD,AURANGABAD,아우랑가바드,mt
MAPNAME|AURORA,AURORA,오로라,mt
MAPNAME|AUSTIN,AUSTIN,오스틴,mt
MAPNAME|AUTLÁN DE NAVARRO,AUTLÁN DE NAVARRO,아우틀란데나바로,mt
MAPNAME|AVADI,AVADI,아바디,mt
MAPNAME|AVARÉ,AVARÉ,아바레,mt
MAPNAME|AVEIRO,AVEIRO,아베이루,mt
MAPNAME|AVELLINO,AVELLINO,아벨리노,mt
MAPNAME|AVIGNON,AVIGNON,아비뇽,mt
MAPNAME|AVILÉS,AVILÉS,아빌레스,mt
MAPNAME|AWASA,AWASA,아와사,mt
MAPNAME|AWASH SEBAT KILO,AWASH SEBAT KILO,아와시세바트킬로,mt
MAPNAME|AWATI,AWATI,아와티,mt
MAPNAME|AWBARI,AWBARI,우바리,mt
MAPNAME|AWEIL,AWEIL,아웨일,mt
MAPNAME|AWKA,AWKA,아우카,mt
MAPNAME|AXIM,AXIM,액심,mt
MAPNAME|AYACUCHO,AYACUCHO,아야쿠초,mt
MAPNAME|AYDIN,AYDIN,아이든,mt
MAPNAME|AYIKEL,AYIKEL,아이켈,mt
MAPNAME|AYR,AYR,에어,mt
MAPNAME|AYUTTHAYA,AYUTTHAYA,아유타야,mt
MAPNAME|AZ ZARQA,AZ ZARQA,자르카,mt
MAPNAME|AZ ZAWIYAH,AZ ZAWIYAH,자위야,mt
MAPNAME|AZ ZILFI,AZ ZILFI,질피,mt
MAPNAME|AZ-ZINTAN,AZ-ZINTAN,진탄,mt
MAPNAME|AZAMGARH,AZAMGARH,아자므가르,mt
MAPNAME|AZARE,AZARE,아자레,mt
MAPNAME|AZEMMOUR,AZEMMOUR,아제무르,mt
MAPNAME|AZOGUES,AZOGUES,아소게스,mt
MAPNAME|AZOV,AZOV,아조프,mt
MAPNAME|AZREW,AZREW,아즈루,mt
MAPNAME|AZUA DE COMPOSTELA,AZUA DE COMPOSTELA,아수아데콤포스텔라,mt
MAPNAME|AZUL,AZUL,아술,mt
MAPNAME|B'IR AL-'ABD,B'IR AL-'ABD,비르알아브드,mt
MAPNAME|BA'QUBAH,BA'QUBAH,바쿠바,mt
MAPNAME|BABAHOYO,BABAHOYO,바바오요,mt
MAPNAME|BABATI,BABATI,바바티,mt
MAPNAME|BABILE,BABILE,바빌레,mt
MAPNAME|BABOL,BABOL,바볼,mt
MAPNAME|BABOUA,BABOUA,바부아,mt
MAPNAME|BABRUYSK,BABRUYSK,바브루이스크,mt
MAPNAME|BAC NINH,BAC NINH,박닌,mt
MAPNAME|BACABAL,BACABAL,바카바우,mt
MAPNAME|BACAU,BACAU,바카우,mt
MAPNAME|BACKA PALANKA,BACKA PALANKA,바치카팔란카,mt
MAPNAME|BACKA TOPOLA,BACKA TOPOLA,바치카토폴라,mt
MAPNAME|BACOLOD,BACOLOD,바콜로드,mt
MAPNAME|BAD SALZUFLEN,BAD SALZUFLEN,바트잘츠우플렌,mt
MAPNAME|BADA,BADA,바다,mt
MAPNAME|BADA BARABIL,BADA BARABIL,바다바라빌,mt
MAPNAME|BADAGARA,BADAGARA,바다가라,mt
MAPNAME|BADAJOZ,BADAJOZ,바다호스,mt
MAPNAME|BADALONA,BADALONA,바달로나,mt
MAPNAME|BADEN-BADEN,BADEN-BADEN,바덴바덴,mt
MAPNAME|BADIN,BADIN,바딘,mt
MAPNAME|BADULLA,BADULLA,바둘라,mt
MAPNAME|BAERUM,BAERUM,배룸,mt
MAPNAME|BAFANG,BAFANG,바팡,mt
MAPNAME|BAFATÁ,BAFATÁ,바파타,mt
MAPNAME|BAFIA,BAFIA,바피아,mt
MAPNAME|BAFOUSSAM,BAFOUSSAM,바푸삼,mt
MAPNAME|BAFRA,BAFRA,바프라,mt
MAPNAME|BAFT,BAFT,바프트,mt
MAPNAME|BAGAHA,BAGAHA,바가하,mt
MAPNAME|BAGALKOT,BAGALKOT,바갈코트,mt
MAPNAME|BAGANCHANGAJ,BAGANCHANGAJ,바간창가이,mt
MAPNAME|BAGANUR,BAGANUR,바가누르,mt
MAPNAME|BAGHDAD,BAGHDAD,바그다드,mt
MAPNAME|BAGHERIA,BAGHERIA,바게리아,mt
MAPNAME|BAGHLAN,BAGHLAN,바글란,mt
MAPNAME|BAGO,BAGO,바고,mt
MAPNAME|BAGUIO,BAGUIO,바기오,mt
MAPNAME|BAGÉ,BAGÉ,바제,mt
MAPNAME|BAHADURAGARH,BAHADURAGARH,바하두르가르,mt
MAPNAME|BAHARAMPUR,BAHARAMPUR,바하람푸르,mt
MAPNAME|BAHAWALNAGAR,BAHAWALNAGAR,바하왈나가르,mt
MAPNAME|BAHAWALPUR,BAHAWALPUR,바하왈푸르,mt
MAPNAME|BAHERI,BAHERI,바헤리,mt
MAPNAME|BAHIA BLANCA,BAHIA BLANCA,바이아블랑카,mt
MAPNAME|BAHIA DE CARAQUEZ,BAHIA DE CARAQUEZ,바이아데카라케스,mt
MAPNAME|BAHIR DAR,BAHIR DAR,바히르다르,mt
MAPNAME|BAHLA,BAHLA,바흘라,mt
MAPNAME|BAHRAH,BAHRAH,바흐라,mt
MAPNAME|BAHRAICH,BAHRAICH,바흐라이치,mt
MAPNAME|BAIA MARE,BAIA MARE,바이아마레,mt
MAPNAME|BAIE-COMEAU,BAIE-COMEAU,베코모,mt
MAPNAME|BAIJI,BAIJI,바이지,mt
MAPNAME|BAIJIANTAN,BAIJIANTAN,바이젠탄,mt
MAPNAME|BAIKONUR COSMODROME,BAIKONUR COSMODROME,바이코누르우주기지,mt
MAPNAME|BAILUNDO,BAILUNDO,바일룬두,mt
MAPNAME|BAIMSDALE,BAIMSDALE,베언스데일,mt
MAPNAME|BAIQUAN,BAIQUAN,바이취안,mt
MAPNAME|BAISHUI,BAISHUI,바이수이,mt
MAPNAME|BAIYIN,BAIYIN,바이인,mt
MAPNAME|BAJA,BAJA,버여,mt
MAPNAME|BAJAH,BAJAH,바자,mt
MAPNAME|BAJANTOOROI,BAJANTOOROI,바얀토로이,mt
MAPNAME|BAJIL,BAJIL,바질,mt
MAPNAME|BAKERSFIELD,BAKERSFIELD,베이커즈필드,mt
MAPNAME|BAKHMUT,BAKHMUT,바흐무트,mt
MAPNAME|BAKO,BAKO,바코,mt
MAPNAME|BAKSAN,BAKSAN,박산,mt
MAPNAME|BAKU,BAKU,바쿠,mt
MAPNAME|BALA,BALA,발라,mt
MAPNAME|BALAD AFB,BALAD AFB,발라드공군기지,mt
MAPNAME|BALAGHAT,BALAGHAT,발라가트,mt
MAPNAME|BALAKHNA,BALAKHNA,발라흐나,mt
MAPNAME|BALAKOVO,BALAKOVO,발라코보,mt
MAPNAME|BALANGIR,BALANGIR,발랑기르,mt
MAPNAME|BALASHIKHA,BALASHIKHA,발라시하,mt
MAPNAME|BALASHOV,BALASHOV,발라쇼프,mt
MAPNAME|BALBOA,BALBOA,발보아,mt
MAPNAME|BALESHWAR,BALESHWAR,발레슈와르,mt
MAPNAME|BALIKESIR,BALIKESIR,발르케시르,mt
MAPNAME|BALIKPAPAN,BALIKPAPAN,발릭파판,mt
MAPNAME|BALISPUR,BALISPUR,발리스푸르,mt
MAPNAME|BALIUAG,BALIUAG,발리우아그,mt
MAPNAME|BALLARAT,BALLARAT,밸러랫,mt
MAPNAME|BALLARPUR,BALLARPUR,발라르푸르,mt
MAPNAME|BALLIA,BALLIA,발리아,mt
MAPNAME|BALLINA,BALLINA,밸리나,mt
MAPNAME|BALLWIN,BALLWIN,볼윈,mt
MAPNAME|BALLY,BALLY,밸리,mt
MAPNAME|BALLYMENA,BALLYMENA,밸리미나,mt
MAPNAME|BALOTRA,BALOTRA,발로트라,mt
MAPNAME|BALQASH,BALQASH,발하슈,mt
MAPNAME|BALRAMPUR,BALRAMPUR,발람푸르,mt
MAPNAME|BALSAS,BALSAS,바우사스,mt
MAPNAME|BALTI,BALTI,발치,mt
MAPNAME|BALTIJSK,BALTIJSK,발티스크,mt
MAPNAME|BALTIM,BALTIM,발팀,mt
MAPNAME|BALTIMORE,BALTIMORE,볼티모어,mt
MAPNAME|BALURGHAT,BALURGHAT,발루르가트,mt
MAPNAME|BALVI,BALVI,발비,mt
MAPNAME|BAM,BAM,밤,mt
MAPNAME|BAMA,BAMA,바마,mt
MAPNAME|BAMAKO,BAMAKO,바마코,mt
MAPNAME|BAMBARI,BAMBARI,밤바리,mt
MAPNAME|BAMBASI,BAMBASI,밤바시,mt
MAPNAME|BAMBERG,BAMBERG,밤베르크,mt
MAPNAME|BAMENDA,BAMENDA,바멘다,mt
MAPNAME|BAN PHAEO,BAN PHAEO,반패오,mt
MAPNAME|BAN PONG,BAN PONG,반퐁,mt
MAPNAME|BANDA,BANDA,반다,mt
MAPNAME|BANDA ACEH,BANDA ACEH,반다아체,mt
MAPNAME|BANDAR SERI BEGAWAN,BANDAR SERI BEGAWAN,반다르스리브가완,mt
MAPNAME|BANDAR-E ABBAS,BANDAR-E ABBAS,반다르아바스,mt
MAPNAME|BANDAR-E ANZALI,BANDAR-E ANZALI,반다르안잘리,mt
MAPNAME|BANDAR-E KANGAN,BANDAR-E KANGAN,반다르캉간,mt
MAPNAME|BANDAR-E LENGEH,BANDAR-E LENGEH,반다르렝게,mt
MAPNAME|BANDER-E MAHSHAHR,BANDER-E MAHSHAHR,반다르마샤흐르,mt
MAPNAME|BANDIRMA,BANDIRMA,반드르마,mt
MAPNAME|BANDJOUN,BANDJOUN,반주,mt
MAPNAME|BANDUNDU,BANDUNDU,반둔두,mt
MAPNAME|BANDUNG,BANDUNG,반둥,mt
MAPNAME|BANEH,BANEH,바네,mt
MAPNAME|BANFORA,BANFORA,반포라,mt
MAPNAME|BANGALORE,BANGALORE,방갈로르,mt
MAPNAME|BANGAON,BANGAON,방가온,mt
MAPNAME|BANGASSOU,BANGASSOU,방가수,mt
MAPNAME|BANGHAZI,BANGHAZI,벵가지,mt
MAPNAME|BANGOR,BANGOR,뱅고어,mt
MAPNAME|BANGUI,BANGUI,방기,mt
MAPNAME|BANHA,BANHA,반하,mt
MAPNAME|BANI,BANI,바니,mt
MAPNAME|BANI SUWAYF,BANI SUWAYF,베니수에프,mt
MAPNAME|BANI WALID,BANI WALID,바니왈리드,mt
MAPNAME|BANJA LUKA,BANJA LUKA,바냐루카,mt
MAPNAME|BANJARMASIN,BANJARMASIN,반자르마신,mt
MAPNAME|BANJUL,BANJUL,반줄,mt
MAPNAME|BANKURA,BANKURA,반쿠라,mt
MAPNAME|BANSKÁ BYSTRICA,BANSKÁ BYSTRICA,반스카비스트리차,mt
MAPNAME|BANSWARA,BANSWARA,반스와라,mt
MAPNAME|BANYO,BANYO,반요,mt
MAPNAME|BANYUWANGI,BANYUWANGI,반유왕이,mt
MAPNAME|BAO'AN,BAO'AN,바오안,mt
MAPNAME|BAODING,BAODING,바오딩,mt
MAPNAME|BAOJI,BAOJI,바오지,mt
MAPNAME|BAOQING,BAOQING,바오칭,mt
MAPNAME|BAORO,BAORO,바오로,mt
MAPNAME|BAOTOU,BAOTOU,바오터우,mt
MAPNAME|BAOYING,BAOYING,바오잉,mt
MAPNAME|BAPATLA,BAPATLA,바파틀라,mt
MAPNAME|BAQ'A,BAQ'A,바카,mt
MAPNAME|BAR,BAR,바르,mt
MAPNAME|BAR'UUT,BAR'UUT,바루트,mt
MAPNAME|BARA BANKI,BARA BANKI,바라방키,mt
MAPNAME|BARACALDO,BARACALDO,바라칼도,mt
MAPNAME|BARACOA,BARACOA,바라코아,mt
MAPNAME|BARAHONA,BARAHONA,바라오나,mt
MAPNAME|BARAMATI,BARAMATI,바라마티,mt
MAPNAME|BARAMULA,BARAMULA,바라물라,mt
MAPNAME|BARAN,BARAN,바란,mt
MAPNAME|BARANAVICY,BARANAVICY,바라나비치,mt
MAPNAME|BARAUT,BARAUT,바라우트,mt
MAPNAME|BARBACENA,BARBACENA,바르바세나,mt
MAPNAME|BARCELONA,BARCELONA,바르셀로나,mt
MAPNAME|BARCELOS,BARCELOS,바르셀루스,mt
MAPNAME|BARCLAYVILLE,BARCLAYVILLE,바클레이빌,mt
MAPNAME|BARDDHAMAN,BARDDHAMAN,바르다만,mt
MAPNAME|BARDEJOV,BARDEJOV,바르데요프,mt
MAPNAME|BARDOLI,BARDOLI,바르돌리,mt
MAPNAME|BARDUFOSS,BARDUFOSS,바르두포스,mt
MAPNAME|BAREILLY,BAREILLY,바레일리,mt
MAPNAME|BAREWA,BAREWA,바레와,mt
MAPNAME|BARGARH,BARGARH,바르가르,mt
MAPNAME|BARGEOD,BARGEOD,바르게오드,mt
MAPNAME|BARI,BARI,바리,mt
MAPNAME|BARIADI,BARIADI,바리아디,mt
MAPNAME|BARIKA,BARIKA,바리카,mt
MAPNAME|BARINAS,BARINAS,바리나스,mt
MAPNAME|BARIPADA,BARIPADA,바리파다,mt
MAPNAME|BARISAL,BARISAL,바리살,mt
MAPNAME|BARMER,BARMER,바르메르,mt
MAPNAME|BARNALA,BARNALA,바르날라,mt
MAPNAME|BARNAR,BARNAR,바르나르,mt
MAPNAME|BARNAUL,BARNAUL,바르나울,mt
MAPNAME|BARNEVELD,BARNEVELD,바르너펠트,mt
MAPNAME|BARNSLEY,BARNSLEY,반슬리,mt
MAPNAME|BARNSTABLE,BARNSTABLE,반스터블,mt
MAPNAME|BARQUISIMETO,BARQUISIMETO,바르키시메토,mt
MAPNAME|BARRA DO CORDA,BARRA DO CORDA,바하두코르다,mt
MAPNAME|BARRA DO DANDE,BARRA DO DANDE,바하두단데,mt
MAPNAME|BARRA DO GARCAS,BARRA DO GARCAS,바하두가르사스,mt
MAPNAME|BARRA DO PIRAI,BARRA DO PIRAI,바하두피라이,mt
MAPNAME|BARRA MANSA,BARRA MANSA,바하만사,mt
MAPNAME|BARRANCA,BARRANCA,바랑카,mt
MAPNAME|BARRANCABERMEJA,BARRANCABERMEJA,바란카베르메하,mt
MAPNAME|BARRANQUILLA,BARRANQUILLA,바랑키야,mt
MAPNAME|BARRECHID,BARRECHID,바레시드,mt
MAPNAME|BARREIRAS,BARREIRAS,바헤이라스,mt
MAPNAME|BARREIRO,BARREIRO,바헤이루,mt
MAPNAME|BARRETOS,BARRETOS,바헤투스,mt
MAPNAME|BARRIE,BARRIE,배리,mt
MAPNAME|BARRINGUN,BARRINGUN,배링건,mt
MAPNAME|BARROW-IN-FURNESS,BARROW-IN-FURNESS,배로인퍼니스,mt
MAPNAME|BARSI,BARSI,바르시,mt
MAPNAME|BARSIT,BARSIT,바르시트,mt
MAPNAME|BARSTOW,BARSTOW,바스토,mt
MAPNAME|BARTLESVILLE,BARTLESVILLE,바틀즈빌,mt
MAPNAME|BARUTA,BARUTA,바루타,mt
MAPNAME|BARYSAW,BARYSAW,바리사우,mt
MAPNAME|BASAVAKALYAN,BASAVAKALYAN,바사바칼리안,mt
MAPNAME|BASEL,BASEL,바젤,mt
MAPNAME|BASILDON,BASILDON,배질던,mt
MAPNAME|BASINGSTOKE,BASINGSTOKE,베이싱스토크,mt
MAPNAME|BASIRHAT,BASIRHAT,바시르하트,mt
MAPNAME|BASMAT,BASMAT,바스마트,mt
MAPNAME|BASODA,BASODA,바소다,mt
MAPNAME|BASOKO,BASOKO,바소코,mt
MAPNAME|BASSE SANTA SU,BASSE SANTA SU,바세산타수,mt
MAPNAME|BASSE-TERRE,BASSE-TERRE,바스테르,mt
MAPNAME|BASSEIN,BASSEIN,바세인,mt
MAPNAME|BASTI,BASTI,바스티,mt
MAPNAME|BAT'UMI,BAT'UMI,바투미,mt
MAPNAME|BATA,BATA,바타,mt
MAPNAME|BATALA,BATALA,바탈라,mt
MAPNAME|BATAM CENTER,BATAM CENTER,바탐센터,mt
MAPNAME|BATAN,BATAN,바탄,mt
MAPNAME|BATANG,BATANG,바탕,mt
MAPNAME|BATANGAS,BATANGAS,바탕가스,mt
MAPNAME|BATATAIS,BATATAIS,바타타이스,mt
MAPNAME|BATAYSK,BATAYSK,바타이스크,mt
MAPNAME|BATDÂMBÂNG,BATDÂMBÂNG,바탐방,mt
MAPNAME|BATH,BATH,배스,mt
MAPNAME|BATH IRON WORKS,BATH IRON WORKS,배스아이언웍스,mt
MAPNAME|BATHURST,BATHURST,배서스트,mt
MAPNAME|BATI,BATI,바티,mt
MAPNAME|BATMAN,BATMAN,바트만,mt
MAPNAME|BATNA,BATNA,바트나,mt
MAPNAME|BATON ROUGE,BATON ROUGE,배턴루지,mt
MAPNAME|BATOURI,BATOURI,바투리,mt
MAPNAME|BATTICALOA,BATTICALOA,바티칼로아,mt
MAPNAME|BATTIPAGLIA,BATTIPAGLIA,바티팔리아,mt
MAPNAME|BATTLE CREEK,BATTLE CREEK,배틀크리크,mt
MAPNAME|BATU PAHAT,BATU PAHAT,바투파핫,mt
MAPNAME|BAUBAU,BAUBAU,바우바우,mt
MAPNAME|BAUCAU,BAUCAU,바우카우,mt
MAPNAME|BAUCHI,BAUCHI,바우치,mt
MAPNAME|BAURU,BAURU,바우루,mt
MAPNAME|BAUSKA,BAUSKA,바우스카,mt
MAPNAME|BAWKU,BAWKU,바우쿠,mt
MAPNAME|BAWSHAR,BAWSHAR,바우샤르,mt
MAPNAME|BAXIAN,BAXIAN,바셴,mt
MAPNAME|BAY,BAY,베이,mt
MAPNAME|BAY CITY,BAY CITY,베이시티,mt
MAPNAME|BAYAMO,BAYAMO,바야모,mt
MAPNAME|BAYAMÓN,BAYAMÓN,바야몬,mt
MAPNAME|BAYAN,BAYAN,바얀,mt
MAPNAME|BAYANGA,BAYANGA,바양가,mt
MAPNAME|BAYANHONGOR,BAYANHONGOR,바얀홍고르,mt
MAPNAME|BAYAWAN,BAYAWAN,바야완,mt
MAPNAME|BAYDHABO,BAYDHABO,바이도아,mt
MAPNAME|BAYHAN,BAYHAN,바이한,mt
MAPNAME|BAYONNE,BAYONNE,바욘,mt
MAPNAME|BAYRAMALY,BAYRAMALY,바이라말리,mt
MAPNAME|BAYREUTH,BAYREUTH,바이로이트,mt
MAPNAME|BAYRUT,BAYRUT,베이루트,mt
MAPNAME|BAYT AL-FAQIH,BAYT AL-FAQIH,바이트알파키,mt
MAPNAME|BAYT LAHM,BAYT LAHM,베들레헴,mt
MAPNAME|BAYTOWN,BAYTOWN,베이타운,mt
MAPNAME|BEALANANA,BEALANANA,베알라나나,mt
MAPNAME|BEALE AFB,BEALE AFB,빌공군기지,mt
MAPNAME|BEAUFORT WEST,BEAUFORT WEST,보퍼트웨스트,mt
MAPNAME|BEAUMONT,BEAUMONT,보몬트,mt
MAPNAME|BEAUVAIS,BEAUVAIS,보베,mt
MAPNAME|BEAVER VALLEY,BEAVER VALLEY,비버밸리,mt
MAPNAME|BEAVERTON,BEAVERTON,비버턴,mt
MAPNAME|BEAWAR,BEAWAR,베아와르,mt
MAPNAME|BEBEDOURO,BEBEDOURO,베베두루,mt
MAPNAME|BECEJ,BECEJ,베체이,mt
MAPNAME|BEDELE,BEDELE,베델레,mt
MAPNAME|BEDESA,BEDESA,베데사,mt
MAPNAME|BEDFORD,BEDFORD,베드퍼드,mt
MAPNAME|BEER SHEVA,BEER SHEVA,베르셰바,mt
MAPNAME|BEGUSARAI,BEGUSARAI,베구사라이,mt
MAPNAME|BEHBAHAN,BEHBAHAN,베흐바한,mt
MAPNAME|BEHSHAHR,BEHSHAHR,베흐샤흐르,mt
MAPNAME|BEI'AN,BEI'AN,베이안,mt
MAPNAME|BEICHENG,BEICHENG,베이청,mt
MAPNAME|BEIGETOWN,BEIGETOWN,베이지타운,mt
MAPNAME|BEIHAI,BEIHAI,베이하이,mt
MAPNAME|BEIJING,BEIJING,베이징,mt
MAPNAME|BEIPIAO,BEIPIAO,베이퍄오,mt
MAPNAME|BEIRA,BEIRA,베이라,mt
MAPNAME|BEIZHEN,BEIZHEN,베이전,mt
MAPNAME|BEJA,BEJA,베자,mt
MAPNAME|BEJAIA,BEJAIA,베자이아,mt
MAPNAME|BEKABAD,BEKABAD,베카바드,mt
MAPNAME|BEKASI,BEKASI,베카시,mt
MAPNAME|BEKOJI,BEKOJI,베코지,mt
MAPNAME|BEL AIR,BEL AIR,벨에어,mt
MAPNAME|BELA,BELA,벨라,mt
MAPNAME|BELABO,BELABO,벨라보,mt
MAPNAME|BELAMPALLI,BELAMPALLI,벨람팔리,mt
MAPNAME|BELAWAN,BELAWAN,벨라완,mt
MAPNAME|BELAYA KALITVA,BELAYA KALITVA,벨라야칼리트바,mt
MAPNAME|BELCHATÓW,BELCHATÓW,베우하투프,mt
MAPNAME|BELEBEY,BELEBEY,벨레베이,mt
MAPNAME|BELFAST,BELFAST,벨파스트,mt
MAPNAME|BELFORT,BELFORT,벨포르,mt
MAPNAME|BELGAUM,BELGAUM,벨가움,mt
MAPNAME|BELGOROD,BELGOROD,벨고로드,mt
MAPNAME|BELIZE,BELIZE,벨리즈,mt
MAPNAME|BELL VILLE,BELL VILLE,벨빌,mt
MAPNAME|BELLA UNIÓN,BELLA UNIÓN,베야우니온,mt
MAPNAME|BELLA VISTA,BELLA VISTA,벨라비스타,mt
MAPNAME|BELLARY,BELLARY,벨라리,mt
MAPNAME|BELLEVILLE,BELLEVILLE,벨빌,mt
MAPNAME|BELLEVUE,BELLEVUE,벨뷰,mt
MAPNAME|BELLINGHAM,BELLINGHAM,벨링햄,mt
MAPNAME|BELMOPAN,BELMOPAN,벨모판,mt
MAPNAME|BELO HORIZONTE,BELO HORIZONTE,벨루오리손치,mt
MAPNAME|BELO JARDIM,BELO JARDIM,벨루자르징,mt
MAPNAME|BELOEIL,BELOEIL,벨뢰유,mt
MAPNAME|BELOGORSK,BELOGORSK,벨로고르스크,mt
MAPNAME|BELOIT,BELOIT,벨로이트,mt
MAPNAME|BELORECHENSK,BELORECHENSK,벨로레첸스크,mt
MAPNAME|BELORETSK,BELORETSK,벨로레츠크,mt
MAPNAME|BELOVO,BELOVO,벨로보,mt
MAPNAME|BELTON,BELTON,벨턴,mt
MAPNAME|BELUSHYA GUBA,BELUSHYA GUBA,벨루시야구바,mt
MAPNAME|BELVIDERE,BELVIDERE,벨비디어,mt
MAPNAME|BELÉM,BELÉM,벨렝,mt
MAPNAME|BELÉN DE ESCOBAR,BELÉN DE ESCOBAR,벨렌데에스코바르,mt
MAPNAME|BEN TRE,BEN TRE,벤쩨,mt
MAPNAME|BENAB,BENAB,베나브,mt
MAPNAME|BENBROOK,BENBROOK,벤브룩,mt
MAPNAME|BEND,BEND,벤드,mt
MAPNAME|BENDER CASSIM,BENDER CASSIM,벤데르카심,mt
MAPNAME|BENDIGO,BENDIGO,벤디고,mt
MAPNAME|BENDUGU,BENDUGU,벤두구,mt
MAPNAME|BENEVENTO,BENEVENTO,베네벤토,mt
MAPNAME|BENGBU,BENGBU,벙부,mt
MAPNAME|BENGKULU,BENGKULU,벵쿨루,mt
MAPNAME|BENGUELA,BENGUELA,벵겔라,mt
MAPNAME|BENGUERIR,BENGUERIR,벤게리르,mt
MAPNAME|BENI,BENI,베니,mt
MAPNAME|BENI MELLAL,BENI MELLAL,베니멜랄,mt
MAPNAME|BENICARLÓ,BENICARLÓ,베니카를로,mt
MAPNAME|BENIDROM,BENIDROM,베니도름,mt
MAPNAME|BENIN CITY,BENIN CITY,베닌시티,mt
MAPNAME|BENONI,BENONI,베노니,mt
MAPNAME|BENSONVILLE,BENSONVILLE,벤슨빌,mt
MAPNAME|BENTIU,BENTIU,벤티우,mt
MAPNAME|BENTO GONCALVES,BENTO GONCALVES,벤투곤살베스,mt
MAPNAME|BENTON,BENTON,벤턴,mt
MAPNAME|BENXI,BENXI,번시,mt
MAPNAME|BEOGRAD,BEOGRAD,베오그라드,mt
MAPNAME|BEPPU,BEPPU,벳푸,mt
MAPNAME|BERAT,BERAT,베라트,mt
MAPNAME|BERAZATEGUI,BERAZATEGUI,베라사테기,mt
MAPNAME|BERBERA,BERBERA,베르베라,mt
MAPNAME|BERBÉRATI,BERBÉRATI,베르베라티,mt
MAPNAME|BERCH,BERCH,베르크,mt
MAPNAME|BERDSK,BERDSK,베르드스크,mt
MAPNAME|BERDYANS'K,BERDYANS'K,베르댠스크,mt
MAPNAME|BERDYCHIV,BERDYCHIV,베르디체프,mt
MAPNAME|BEREKUM,BEREKUM,베레쿰,mt
MAPNAME|BEREZNIKI,BEREZNIKI,베레즈니키,mt
MAPNAME|BEREZOVKJJ,BEREZOVKJJ,베레조프키,mt
MAPNAME|BERGAMA,BERGAMA,베르가마,mt
MAPNAME|BERGAMO,BERGAMO,베르가모,mt
MAPNAME|BERGEN,BERGEN,베르겐,mt
MAPNAME|BERGEN OP ZOOM,BERGEN OP ZOOM,베르헌옵좀,mt
MAPNAME|BERGISCH GLADBACH,BERGISCH GLADBACH,베르기슈글라트바흐,mt
MAPNAME|BERGKAMEN,BERGKAMEN,베르크카멘,mt
MAPNAME|BERKANE,BERKANE,베르칸,mt
MAPNAME|BERKELEY,BERKELEY,버클리,mt
MAPNAME|BERLIN,BERLIN,베를린,mt
MAPNAME|BERMEJO,BERMEJO,베르메호,mt
MAPNAME|BERN,BERN,베른,mt
MAPNAME|BERTIOGA,BERTIOGA,베르티오가,mt
MAPNAME|BERTOUA,BERTOUA,베르투아,mt
MAPNAME|BERUNI,BERUNI,베루니,mt
MAPNAME|BERVERLEY,BERVERLEY,비벌리,mt
MAPNAME|BESALAMPY,BESALAMPY,베살람피,mt
MAPNAME|BESANÇON,BESANÇON,브장송,mt
MAPNAME|BESSEMER,BESSEMER,베서머,mt
MAPNAME|BETAFO,BETAFO,베타포,mt
MAPNAME|BETHEL PARK,BETHEL PARK,베설파크,mt
MAPNAME|BETHESDA,BETHESDA,베세즈다,mt
MAPNAME|BETHLEHEM,BETHLEHEM,베들레헴,mt
MAPNAME|BETIOKY,BETIOKY,베티오키,mt
MAPNAME|BETROKA,BETROKA,베트로카,mt
MAPNAME|BETTENDORF,BETTENDORF,베텐도프,mt
MAPNAME|BETTIAH,BETTIAH,베티아,mt
MAPNAME|BETUL,BETUL,베툴,mt
MAPNAME|BEYLA,BEYLA,베일라,mt
MAPNAME|BEYSEHIR,BEYSEHIR,베이셰히르,mt
MAPNAME|BEZERROS,BEZERROS,베제루스,mt
MAPNAME|BHADOHI,BHADOHI,바도히,mt
MAPNAME|BHADRAKH,BHADRAKH,바드라크,mt
MAPNAME|BHAGALPUR,BHAGALPUR,바갈푸르,mt
MAPNAME|BHAIRAB BAZAR,BHAIRAB BAZAR,바이랍바자르,mt
MAPNAME|BHAKKAR,BHAKKAR,바카르,mt
MAPNAME|BHANDARA,BHANDARA,반다라,mt
MAPNAME|BHARATPUR,BHARATPUR,바라트푸르,mt
MAPNAME|BHARUCH,BHARUCH,바루크,mt
MAPNAME|BHATAPARA,BHATAPARA,바타파라,mt
MAPNAME|BHATINDA,BHATINDA,바틴다,mt
MAPNAME|BHAVANI,BHAVANI,바바니,mt
MAPNAME|BHAVNAGAR,BHAVNAGAR,바브나가르,mt
MAPNAME|BHAWABIPATNA,BHAWABIPATNA,바와니파트나,mt
MAPNAME|BHILAI,BHILAI,빌라이,mt
MAPNAME|BHILWARA,BHILWARA,빌와라,mt
MAPNAME|BHIMAVARAM,BHIMAVARAM,비마바람,mt
MAPNAME|BHIND,BHIND,빈드,mt
MAPNAME|BHIWANI,BHIWANI,비와니,mt
MAPNAME|BHOLA,BHOLA,볼라,mt
MAPNAME|BHOPAL,BHOPAL,보팔,mt
MAPNAME|BHUBANESHWAR,BHUBANESHWAR,부바네스와르,mt
MAPNAME|BHUJ,BHUJ,부즈,mt
MAPNAME|BHUSAWAL,BHUSAWAL,부사발,mt
MAPNAME|BIALA PODLASKA,BIALA PODLASKA,비아와포들라스카,mt
MAPNAME|BIALYSTOK,BIALYSTOK,비아위스토크,mt
MAPNAME|BIBA,BIBA,비바,mt
MAPNAME|BIBALA,BIBALA,비발라,mt
MAPNAME|BIBLIS,BIBLIS,비블리스,mt
MAPNAME|BIDA,BIDA,비다,mt
MAPNAME|BIDAR,BIDAR,비다르,mt
MAPNAME|BIEL,BIEL,비엘,mt
MAPNAME|BIELEFELD,BIELEFELD,빌레펠트,mt
MAPNAME|BIELSKO-BIALA,BIELSKO-BIALA,비엘스코비아와,mt
MAPNAME|BIEN HOA,BIEN HOA,비엔호아,mt
MAPNAME|BIEN SON,BIEN SON,비엔손,mt
MAPNAME|BIG BEND,BIG BEND,빅벤드,mt
MAPNAME|BIG SPRING,BIG SPRING,빅스프링,mt
MAPNAME|BIHAC,BIHAC,비하치,mt
MAPNAME|BIHAR SHARIF,BIHAR SHARIF,비하르샤리프,mt
MAPNAME|BIJAPUR,BIJAPUR,비자푸르,mt
MAPNAME|BIJELJINA,BIJELJINA,비옐리나,mt
MAPNAME|BIJELO POLJE,BIJELO POLJE,비옐로폴례,mt
MAPNAME|BIJIE,BIJIE,비제,mt
MAPNAME|BIJNOR,BIJNOR,비즈노르,mt
MAPNAME|BIKANER,BIKANER,비카네르,mt
MAPNAME|BILA TSERKVA,BILA TSERKVA,빌라체르크바,mt
MAPNAME|BILAD BANI BU 'ALI,BILAD BANI BU 'ALI,빌라드바니부알리,mt
MAPNAME|BILBAO,BILBAO,빌바오,mt
MAPNAME|BILBAYS,BILBAYS,빌바이스,mt
MAPNAME|BILHOROD-DNISTROVS'KYY,BILHOROD-DNISTROVS'KYY,빌호로드드니스트롭스키,mt
MAPNAME|BILIBINO,BILIBINO,빌리비노,mt
MAPNAME|BILIMORA,BILIMORA,빌리모라,mt
MAPNAME|BILLINGS,BILLINGS,빌링스,mt
MAPNAME|BILOXI,BILOXI,빌럭시,mt
MAPNAME|BILQAS QISM-AWWAL,BILQAS QISM-AWWAL,빌카스키슴아우왈,mt
MAPNAME|BILTAR,BILTAR,빌타르,mt
MAPNAME|BIMBILLA,BIMBILLA,빔빌라,mt
MAPNAME|BIN ARUS,BIN ARUS,빈아루스,mt
MAPNAME|BIN QIRDAN,BIN QIRDAN,빈키르단,mt
MAPNAME|BINA-ETAWA,BINA-ETAWA,비나에타와,mt
MAPNAME|BINGA,BINGA,빙가,mt
MAPNAME|BINGHAMTON,BINGHAMTON,빙엄턴,mt
MAPNAME|BINGOL,BINGOL,빙괼,mt
MAPNAME|BINHAI,BINHAI,빈하이,mt
MAPNAME|BINJAI,BINJAI,빈자이,mt
MAPNAME|BINTULU,BINTULU,빈툴루,mt
MAPNAME|BINXIAN,BINXIAN,빈셴,mt
MAPNAME|BINZHOU,BINZHOU,빈저우,mt
MAPNAME|BIR,BIR,비르,mt
MAPNAME|BIRAK,BIRAK,비라크,mt
MAPNAME|BIRDSVILLE,BIRDSVILLE,버즈빌,mt
MAPNAME|BIRECIK,BIRECIK,비레지크,mt
MAPNAME|BIRGANJ,BIRGANJ,비르간즈,mt
MAPNAME|BIRIGUI,BIRIGUI,비리구이,mt
MAPNAME|BIRJAND,BIRJAND,비르잔드,mt
MAPNAME|BIRMINGHAM,BIRMINGHAM,버밍엄,mt
MAPNAME|BIRNIN KEBBI,BIRNIN KEBBI,비르닌케비,mt
MAPNAME|BIROBIDZHAN,BIROBIDZHAN,비로비잔,mt
MAPNAME|BISALPUR,BISALPUR,비살푸르,mt
MAPNAME|BISHKEK,BISHKEK,비슈케크,mt
MAPNAME|BISHKRA,BISHKRA,비슈크라,mt
MAPNAME|BISHNUPUR,BISHNUPUR,비슈누푸르,mt
MAPNAME|BISHO,BISHO,비쇼,mt
MAPNAME|BISHOFTU,BISHOFTU,비쇼프투,mt
MAPNAME|BISILG,BISILG,비실그,mt
MAPNAME|BISMARK,BISMARK,비스마르크,mt
MAPNAME|BISMIL,BISMIL,비스밀,mt
MAPNAME|BISSAU,BISSAU,비사우,mt
MAPNAME|BISTRITA,BISTRITA,비스트리차,mt
MAPNAME|BITLIS,BITLIS,비틀리스,mt
MAPNAME|BITOLA,BITOLA,비톨라,mt
MAPNAME|BITONTO,BITONTO,비톤토,mt
MAPNAME|BITUNG,BITUNG,비퉁,mt
MAPNAME|BIU,BIU,비우,mt
MAPNAME|BIYALA,BIYALA,비얄라,mt
MAPNAME|BIYSK,BIYSK,비이스크,mt
MAPNAME|BIZERTE,BIZERTE,비제르트,mt
MAPNAME|BJELOVAR,BJELOVAR,비옐로바르,mt
MAPNAME|BLACKALL,BLACKALL,블랙올,mt
MAPNAME|BLACKBURN,BLACKBURN,블랙번,mt
MAPNAME|BLACKPOOL,BLACKPOOL,블랙풀,mt
MAPNAME|BLACKSBURG,BLACKSBURG,블랙스버그,mt
MAPNAME|BLACKTOWN,BLACKTOWN,블랙타운,mt
MAPNAME|BLAGOEVGRAD,BLAGOEVGRAD,블라고에프그라드,mt
MAPNAME|BLAGOVESHCHENSK,BLAGOVESHCHENSK,블라고베셴스크,mt
MAPNAME|BLAINE,BLAINE,블레인,mt
MAPNAME|BLAMA,BLAMA,블라마,mt
MAPNAME|BLANCHARDSTOWN,BLANCHARDSTOWN,블랜처즈타운,mt
MAPNAME|BLANES,BLANES,블라네스,mt
MAPNAME|BLANGOUA,BLANGOUA,블랑구아,mt
MAPNAME|BLANTYRE,BLANTYRE,블랜타이어,mt
MAPNAME|BLAYAIS,BLAYAIS,블라예,mt
MAPNAME|BLENHEIM,BLENHEIM,블렌하임,mt
MAPNAME|BLIDA,BLIDA,블리다,mt
MAPNAME|BLOEMFONTEIN,BLOEMFONTEIN,블룸폰테인,mt
MAPNAME|BLOIS,BLOIS,블루아,mt
MAPNAME|BLOOMINGTON,BLOOMINGTON,블루밍턴,mt
MAPNAME|BLUEFIELDS,BLUEFIELDS,블루필즈,mt
MAPNAME|BLUMENAU,BLUMENAU,블루메나우,mt
MAPNAME|BLYTHE,BLYTHE,블라이드,mt
MAPNAME|BO,BO,보,mt
MAPNAME|BOA VISTA,BOA VISTA,보아비스타,mt
MAPNAME|BOBBILI,BOBBILI,보빌리,mt
MAPNAME|BOBO-DIOULASSO,BOBO-DIOULASSO,보보디울라소,mt
MAPNAME|BOCA CHICA,BOCA CHICA,보카치카,mt
MAPNAME|BOCA DEL RIO,BOCA DEL RIO,보카델리오,mt
MAPNAME|BOCA RATON,BOCA RATON,보카러톤,mt
MAPNAME|BOCARENGA,BOCARENGA,보카렝가,mt
MAPNAME|BOCHA,BOCHA,보차,mt
MAPNAME|BOCHOLT,BOCHOLT,보홀트,mt
MAPNAME|BOCHUM,BOCHUM,보훔,mt
MAPNAME|BODEN,BODEN,보덴,mt
MAPNAME|BODHAN,BODHAN,보단,mt
MAPNAME|BODINAYAKKANUR,BODINAYAKKANUR,보디나이야카누르,mt
MAPNAME|BODITI,BODITI,보디티,mt
MAPNAME|BODØ,BODØ,보되,mt
MAPNAME|BOFFA,BOFFA,보파,mt
MAPNAME|BOGALE,BOGALE,보갈레,mt
MAPNAME|BOGOR,BOGOR,보고르,mt
MAPNAME|BOGOTOL,BOGOTOL,보고톨,mt
MAPNAME|BOHICON,BOHICON,보히콘,mt
MAPNAME|BOISE,BOISE,보이시,mt
MAPNAME|BOJNURD,BOJNURD,보즈누르드,mt
MAPNAME|BOJONEGORA,BOJONEGORA,보조네고로,mt
MAPNAME|BOKARO,BOKARO,보카로,mt
MAPNAME|BOKI,BOKI,보키,mt
MAPNAME|BOKÉ,BOKÉ,보케,mt
MAPNAME|BOLE,BOLE,볼레,mt
MAPNAME|BOLGATANGA,BOLGATANGA,볼가탕가,mt
MAPNAME|BOLNISI,BOLNISI,볼니시,mt
MAPNAME|BOLOGNA,BOLOGNA,볼로냐,mt
MAPNAME|BOLPUR,BOLPUR,볼푸르,mt
MAPNAME|BOLTON,BOLTON,볼턴,mt
MAPNAME|BOLU,BOLU,볼루,mt
MAPNAME|BOLUO,BOLUO,보뤄,mt
MAPNAME|BOLVADIN,BOLVADIN,볼바딘,mt
MAPNAME|BOLZANO,BOLZANO,볼차노,mt
MAPNAME|BOM JESUS DA LAPA,BOM JESUS DA LAPA,봉제주스다라파,mt
MAPNAME|BOMA,BOMA,보마,mt
MAPNAME|BOMANG'OMBE,BOMANG'OMBE,보망옴베,mt
MAPNAME|BONAO,BONAO,보나오,mt
MAPNAME|BONDOUKOU,BONDOUKOU,봉두쿠,mt
MAPNAME|BONGAIGAON,BONGAIGAON,봉가이가온,mt
MAPNAME|BONGOR,BONGOR,봉고르,mt
MAPNAME|BONITA SPRINGS,BONITA SPRINGS,보니타스프링스,mt
MAPNAME|BONN,BONN,본,mt
MAPNAME|BONTAG,BONTAG,본타그,mt
MAPNAME|BONTHE,BONTHE,본테,mt
MAPNAME|BOPOLU,BOPOLU,보폴루,mt
MAPNAME|BOR,BOR,보르,mt
MAPNAME|BORAS,BORAS,보로스,mt
MAPNAME|BORAZJAN,BORAZJAN,보라즈잔,mt
MAPNAME|BORCA,BORCA,보르카,mt
MAPNAME|BORDEAUX,BORDEAUX,보르도,mt
MAPNAME|BORDJ BOU ARRERIDJ,BORDJ BOU ARRERIDJ,보르지부아레리지,mt
MAPNAME|BORDJ EL HOURAS,BORDJ EL HOURAS,보르지엘후라스,mt
MAPNAME|BORGA THANA,BORGA THANA,보르가타나,mt
MAPNAME|BORISOGLEBSK,BORISOGLEBSK,보리소글렙스크,mt
MAPNAME|BORISPOL',BORISPOL',보리스폴,mt
MAPNAME|BORIZINY,BORIZINY,보리지니,mt
MAPNAME|BORJOMI,BORJOMI,보르조미,mt
MAPNAME|BORLÄNGE,BORLÄNGE,보를렝에,mt
MAPNAME|BOROVICHI,BOROVICHI,보로비치,mt
MAPNAME|BORSAD,BORSAD,보르사드,mt
MAPNAME|BORSSELE,BORSSELE,보르설러,mt
MAPNAME|BORTALA,BORTALA,보르탈라,mt
MAPNAME|BORUJERD,BORUJERD,보루제르드,mt
MAPNAME|BOSCOMBE DOWN,BOSCOMBE DOWN,보스콤다운,mt
MAPNAME|BOSE,BOSE,바이써,mt
MAPNAME|BOSHAN,BOSHAN,보산,mt
MAPNAME|BOSSANGOA,BOSSANGOA,보상고아,mt
MAPNAME|BOSSIER CITY,BOSSIER CITY,보시어시티,mt
MAPNAME|BOSTON,BOSTON,보스턴,mt
MAPNAME|BOTAD,BOTAD,보타드,mt
MAPNAME|BOTKYRKA,BOTKYRKA,보트쉬르카,mt
MAPNAME|BOTOSANI,BOTOSANI,보토샤니,mt
MAPNAME|BOTOU,BOTOU,보터우,mt
MAPNAME|BOTUCATU,BOTUCATU,보투카투,mt
MAPNAME|BOU ARFA,BOU ARFA,부아르파,mt
MAPNAME|BOU SAÂDA,BOU SAÂDA,부사다,mt
MAPNAME|BOUAFLÉ,BOUAFLÉ,부아플레,mt
MAPNAME|BOUAKÉ,BOUAKÉ,부아케,mt
MAPNAME|BOUAR,BOUAR,부아르,mt
MAPNAME|BOUCA,BOUCA,부카,mt
MAPNAME|BOULDER,BOULDER,볼더,mt
MAPNAME|BOULOGNE-BILLANCOURT,BOULOGNE-BILLANCOURT,불로뉴비양쿠르,mt
MAPNAME|BOULOGNE-SUR-MER,BOULOGNE-SUR-MER,불로뉴쉬르메르,mt
MAPNAME|BOUNTIFUL,BOUNTIFUL,바운티풀,mt
MAPNAME|BOURG-EN-BRESSE,BOURG-EN-BRESSE,부르캉브레스,mt
MAPNAME|BOURGES,BOURGES,부르주,mt
MAPNAME|BOURNEMOUTH,BOURNEMOUTH,본머스,mt
MAPNAME|BOUTILIMIT,BOUTILIMIT,부틸리미트,mt
MAPNAME|BOWIE,BOWIE,보위,mt
MAPNAME|BOWLING GREEN,BOWLING GREEN,볼링그린,mt
MAPNAME|BOXIAN,BOXIAN,보셴,mt
MAPNAME|BOYNTON BEACH,BOYNTON BEACH,보인턴비치,mt
MAPNAME|BOZEMAN,BOZEMAN,보즈먼,mt
MAPNAME|BOZOUM,BOZOUM,보주,mt
MAPNAME|BOZÜYÜK,BOZÜYÜK,보쥐위크,mt
MAPNAME|BRADENTON,BRADENTON,브레이든턴,mt
MAPNAME|BRADFORD,BRADFORD,브래드퍼드,mt
MAPNAME|BRADWELL,BRADWELL,브래드웰,mt
MAPNAME|BRAGA,BRAGA,브라가,mt
MAPNAME|BRAGANCA,BRAGANCA,브라강사,mt
MAPNAME|BRAGANCA PAULISTA,BRAGANCA PAULISTA,브라강사파울리스타,mt
MAPNAME|BRAHMANBARIA,BRAHMANBARIA,브라만바리아,mt
MAPNAME|BRAHMAPUR,BRAHMAPUR,브라마푸르,mt
MAPNAME|BRAIDWOOD - LASALLE,BRAIDWOOD - LASALLE,브레이드우드라살,mt
MAPNAME|BRAILA,BRAILA,브러일라,mt
MAPNAME|BRAINE-L'ALLEUD,BRAINE-L'ALLEUD,브렌랄뢰,mt
MAPNAME|BRAINTREE,BRAINTREE,브레인트리,mt
MAPNAME|BRAJARAJNAGAR,BRAJARAJNAGAR,브라자라지나가르,mt
MAPNAME|BRAKPAN,BRAKPAN,브라크판,mt
MAPNAME|BRAMPTON,BRAMPTON,브램턴,mt
MAPNAME|BRANDENBURG,BRANDENBURG,브란덴부르크,mt
MAPNAME|BRANDON,BRANDON,브랜던,mt
MAPNAME|BRANTFORD,BRANTFORD,브랜트퍼드,mt
MAPNAME|BRASOV,BRASOV,브라쇼브,mt
MAPNAME|BRASÍLIA,BRASÍLIA,브라질리아,mt
MAPNAME|BRATISLAVA,BRATISLAVA,브라티슬라바,mt
MAPNAME|BRATSK,BRATSK,브라츠크,mt
MAPNAME|BRAUNSCHWEIG,BRAUNSCHWEIG,브라운슈바이크,mt
MAPNAME|BRAWLEY,BRAWLEY,브롤리,mt
MAPNAME|BRAY,BRAY,브레이,mt
MAPNAME|BRAZZAVILLE,BRAZZAVILLE,브라자빌,mt
MAPNAME|BRCKO,BRCKO,브르치코,mt
MAPNAME|BRDY,BRDY,브르디,mt
MAPNAME|BREDA,BREDA,브레다,mt
MAPNAME|BREDASDROP,BREDASDROP,브레다스도르프,mt
MAPNAME|BREGENZ,BREGENZ,브레겐츠,mt
MAPNAME|BREMEN,BREMEN,브레멘,mt
MAPNAME|BREMERHAVEN,BREMERHAVEN,브레머하펜,mt
MAPNAME|BREMERTON,BREMERTON,브레머턴,mt
MAPNAME|BRENTWOOD,BRENTWOOD,브렌트우드,mt
MAPNAME|BRESCIA,BRESCIA,브레시아,mt
MAPNAME|BREST,BREST,브레스트,mt
MAPNAME|BREVES,BREVES,브레베스,mt
MAPNAME|BRIA,BRIA,브리아,mt
MAPNAME|BRIATNAGAR,BRIATNAGAR,브리아트나가르,mt
MAPNAME|BRICK TOWNSHIP,BRICK TOWNSHIP,브릭타운십,mt
MAPNAME|BRIDGEND,BRIDGEND,브리지엔드,mt
MAPNAME|BRIDGEPORT,BRIDGEPORT,브리지포트,mt
MAPNAME|BRIDGETOWN,BRIDGETOWN,브리지타운,mt
MAPNAME|BRIGHTON,BRIGHTON,브라이턴,mt
MAPNAME|BRIKAMA,BRIKAMA,브리카마,mt
MAPNAME|BRINDISI,BRINDISI,브린디시,mt
MAPNAME|BRINI NKONNI,BRINI NKONNI,브리니은코니,mt
MAPNAME|BRISBANE,BRISBANE,브리즈번,mt
MAPNAME|BRISTOL,BRISTOL,브리스틀,mt
MAPNAME|BRITS,BRITS,브리츠,mt
MAPNAME|BRIVE-LA-GAILLARDE,BRIVE-LA-GAILLARDE,브리브라가야르드,mt
MAPNAME|BRNO,BRNO,브르노,mt
MAPNAME|BROCKTON,BROCKTON,브록턴,mt
MAPNAME|BROCKVILLE,BROCKVILLE,브록빌,mt
MAPNAME|BROKDORF,BROKDORF,브로크도르프,mt
MAPNAME|BROKEN ARROW,BROKEN ARROW,브로큰애로,mt
MAPNAME|BROKEN HILL,BROKEN HILL,브로큰힐,mt
MAPNAME|BRONDERSLEV,BRONDERSLEV,브뢴더슬레우,mt
MAPNAME|BROOKLYN PARK,BROOKLYN PARK,브루클린파크,mt
MAPNAME|BROOME,BROOME,브룸,mt
MAPNAME|BROVARY,BROVARY,브로바리,mt
MAPNAME|BROWNSVILLE,BROWNSVILLE,브라운즈빌,mt
MAPNAME|BRUCE,BRUCE,브루스,mt
MAPNAME|BRUGGE,BRUGGE,브뤼허,mt
MAPNAME|BRUMADO,BRUMADO,브루마두,mt
MAPNAME|BRUNSBÜTTEL,BRUNSBÜTTEL,브룬스뷔텔,mt
MAPNAME|BRUNSWICK,BRUNSWICK,브런즈윅,mt
MAPNAME|BRUSQUE,BRUSQUE,브루스키,mt
MAPNAME|BRUXELLES,BRUXELLES,브뤼셀,mt
MAPNAME|BRYANSK,BRYANSK,브랸스크,mt
MAPNAME|BU GHAYLAN,BU GHAYLAN,부가일란,mt
MAPNAME|BUALA,BUALA,부알라,mt
MAPNAME|BUBANZA,BUBANZA,부반자,mt
MAPNAME|BUCARAMANGA,BUCARAMANGA,부카라망가,mt
MAPNAME|BUCHANAN,BUCHANAN,뷰캐넌,mt
MAPNAME|BUCURESTI,BUCURESTI,부쿠레슈티,mt
MAPNAME|BUDAPEST,BUDAPEST,부다페스트,mt
MAPNAME|BUDAUN,BUDAUN,부다운,mt
MAPNAME|BUDËNNOVSK,BUDËNNOVSK,부됸놉스크,mt
MAPNAME|BUEA,BUEA,부에아,mt
MAPNAME|BUENAVENTURA,BUENAVENTURA,부에나벤투라,mt
MAPNAME|BUENOS AIRES,BUENOS AIRES,부에노스아이레스,mt
MAPNAME|BUFFALO,BUFFALO,버펄로,mt
MAPNAME|BUGA,BUGA,부가,mt
MAPNAME|BUGANT,BUGANT,부간트,mt
MAPNAME|BUGEY,BUGEY,뷔제,mt
MAPNAME|BUGUL'MA,BUGUL'MA,부굴마,mt
MAPNAME|BUGURUSLAN,BUGURUSLAN,부구루슬란,mt
MAPNAME|BUJANOVAC,BUJANOVAC,부야노바츠,mt
MAPNAME|BUJUMBURA,BUJUMBURA,부줌부라,mt
MAPNAME|BUKAMI,BUKAMI,부카미,mt
MAPNAME|BUKAN,BUKAN,부칸,mt
MAPNAME|BUKAVU,BUKAVU,부카부,mt
MAPNAME|BUKHORO,BUKHORO,부하로,mt
MAPNAME|BUKITTINGGI,BUKITTINGGI,부킷팅기,mt
MAPNAME|BUKOBA,BUKOBA,부코바,mt
MAPNAME|BULANDSHAHR,BULANDSHAHR,불란드샤르,mt
MAPNAME|BULAWAYO,BULAWAYO,불라와요,mt
MAPNAME|BULDANA,BULDANA,불다나,mt
MAPNAME|BULE HORA,BULE HORA,불레호라,mt
MAPNAME|BULEMBU,BULEMBU,불렘부,mt
MAPNAME|BULLHEAD CITY,BULLHEAD CITY,불헤드시티,mt
MAPNAME|BULUNGU,BULUNGU,불룬구,mt
MAPNAME|BUMBA,BUMBA,붐바,mt
MAPNAME|BUNBURY,BUNBURY,번버리,mt
MAPNAME|BUNDA,BUNDA,분다,mt
MAPNAME|BUNDABERG,BUNDABERG,번다버그,mt
MAPNAME|BUNDI,BUNDI,분디,mt
MAPNAME|BUNGOMA,BUNGOMA,붕고마,mt
MAPNAME|BUNIA,BUNIA,부니아,mt
MAPNAME|BUQAYQ,BUQAYQ,부카이크,mt
MAPNAME|BUR SA'ID,BUR SA'ID,부르사이드,mt
MAPNAME|BURAM,BURAM,부람,mt
MAPNAME|BURAO,BURAO,부라오,mt
MAPNAME|BURAYDAH,BURAYDAH,부라이다,mt
MAPNAME|BURAYU,BURAYU,부라유,mt
MAPNAME|BURBANK,BURBANK,버뱅크,mt
MAPNAME|BURDUR,BURDUR,부르두르,mt
MAPNAME|BUREWALA,BUREWALA,부레왈라,mt
MAPNAME|BURGALTAY,BURGALTAY,부르갈타이,mt
MAPNAME|BURGAS,BURGAS,부르가스,mt
MAPNAME|BURGOS,BURGOS,부르고스,mt
MAPNAME|BURHANPUR,BURHANPUR,부르한푸르,mt
MAPNAME|BURKE,BURKE,버크,mt
MAPNAME|BURLESON,BURLESON,벌리슨,mt
MAPNAME|BURLINGTON,BURLINGTON,벌링턴,mt
MAPNAME|BURNABY,BURNABY,버너비,mt
MAPNAME|BURNIE,BURNIE,버니,mt
MAPNAME|BURNLEY,BURNLEY,번리,mt
MAPNAME|BURNSVILLE,BURNSVILLE,번스빌,mt
MAPNAME|BURRIANA,BURRIANA,부리아나,mt
MAPNAME|BURSA,BURSA,부르사,mt
MAPNAME|BURURI,BURURI,부루리,mt
MAPNAME|BURY,BURY,베리,mt
MAPNAME|BUSAN,BUSAN,부산,mt
MAPNAME|BUSHEHR,BUSHEHR,부셰르,mt
MAPNAME|BUSIA,BUSIA,부시아,mt
MAPNAME|BUSSELTON,BUSSELTON,버셀턴,mt
MAPNAME|BUSTO ARSIZIO,BUSTO ARSIZIO,부스토아르시치오,mt
MAPNAME|BUTA,BUTA,부타,mt
MAPNAME|BUTAJIRA,BUTAJIRA,부타지라,mt
MAPNAME|BUTARE,BUTARE,부타레,mt
MAPNAME|BUTEMBO,BUTEMBO,부템보,mt
MAPNAME|BUTTE,BUTTE,뷰트,mt
MAPNAME|BUTTERWORTH,BUTTERWORTH,버터워스,mt
MAPNAME|BUTUAN,BUTUAN,부투안,mt
MAPNAME|BUTURLINOVKA,BUTURLINOVKA,부투를리놉카,mt
MAPNAME|BUTWAL,BUTWAL,부트왈,mt
MAPNAME|BUYNAKSK,BUYNAKSK,부이낙스크,mt
MAPNAME|BUZAU,BUZAU,부제우,mt
MAPNAME|BUZULUK,BUZULUK,부줄루크,mt
MAPNAME|BUÔN ME THUÔT,BUÔN ME THUÔT,부온마투옷,mt
MAPNAME|BYAROZA,BYAROZA,뱌로자,mt
MAPNAME|BYDGOSZCZ,BYDGOSZCZ,브이드고슈치,mt
MAPNAME|BYRON,BYRON,바이런,mt
MAPNAME|BYUMBA,BYUMBA,비움바,mt
MAPNAME|BÂRLAD,BÂRLAD,비를라드,mt
MAPNAME|BÄRDÄ,BÄRDÄ,바르다,mt
MAPNAME|BÉCHAR,BÉCHAR,베샤르,mt
MAPNAME|BÉKÉSCSABA,BÉKÉSCSABA,베케슈처버,mt
MAPNAME|BÉZIERS,BÉZIERS,베지에,mt
MAPNAME|CAAGUAZÚ,CAAGUAZÚ,카아구아수,mt
MAPNAME|CAALA,CAALA,카알라,mt
MAPNAME|CABAIGUAN,CABAIGUAN,카바이구안,mt
MAPNAME|CABANATUAN,CABANATUAN,카바나투안,mt
MAPNAME|CABEDELO,CABEDELO,카베델루,mt
MAPNAME|CABIMAS,CABIMAS,카비마스,mt
MAPNAME|CABINDA,CABINDA,카빈다,mt
MAPNAME|CABO,CABO,카부,mt
MAPNAME|CABO BOJADOR,CABO BOJADOR,카보보하도르,mt
MAPNAME|CABO FRIO,CABO FRIO,카부프리우,mt
MAPNAME|CABRA,CABRA,카브라,mt
MAPNAME|CABUCA,CABUCA,카부카,mt
MAPNAME|CACADOR,CACADOR,카사도르,mt
MAPNAME|CACAK,CACAK,차차크,mt
MAPNAME|CACAPAVA,CACAPAVA,카사파바,mt
MAPNAME|CACHOEIRA DO SUL,CACHOEIRA DO SUL,카쇼에이라두술,mt
MAPNAME|CACHOEIRAS DE MACACU,CACHOEIRAS DE MACACU,카쇼에이라스지마카쿠,mt
MAPNAME|CACHOEIRO DO ITAPEMIRIM,CACHOEIRO DO ITAPEMIRIM,카쇼에이루두이타페미링,mt
MAPNAME|CACOAL,CACOAL,카코알,mt
MAPNAME|CADARACHE/ITER,CADARACHE/ITER,카다라슈이터,mt
MAPNAME|CADEREYTA JIMÉNEZ,CADEREYTA JIMÉNEZ,카데레이타히메네스,mt
MAPNAME|CADIZ,CADIZ,카디스,mt
MAPNAME|CADWELL,CADWELL,캐드웰,mt
MAPNAME|CAEN,CAEN,캉,mt
MAPNAME|CAFUNFO,CAFUNFO,카푼푸,mt
MAPNAME|CAGAANNUUR,CAGAANNUUR,차강누르,mt
MAPNAME|CAGAYAN DE ORO,CAGAYAN DE ORO,카가얀데오로,mt
MAPNAME|CAGLIARI,CAGLIARI,칼리아리,mt
MAPNAME|CAGNES-SUR-MER,CAGNES-SUR-MER,카뉴쉬르메르,mt
MAPNAME|CAGUAS,CAGUAS,카과스,mt
MAPNAME|CAHAMA,CAHAMA,카하마,mt
MAPNAME|CAHUL,CAHUL,카훌,mt
MAPNAME|CAICÓ,CAICÓ,카이쿠,mt
MAPNAME|CAIRNS,CAIRNS,케언스,mt
MAPNAME|CAJAMARCA,CAJAMARCA,카하마르카,mt
MAPNAME|CAJAZEIRAS,CAJAZEIRAS,카자제이라스,mt
MAPNAME|CALABAR,CALABAR,칼라바르,mt
MAPNAME|CALABOZO,CALABOZO,칼라보소,mt
MAPNAME|CALAIS,CALAIS,칼레,mt
MAPNAME|CALAMA,CALAMA,칼라마,mt
MAPNAME|CALAMBA,CALAMBA,칼람바,mt
MAPNAME|CALAPAN,CALAPAN,칼라판,mt
MAPNAME|CALARASI,CALARASI,칼라라시,mt
MAPNAME|CALBAYOG,CALBAYOG,칼바요그,mt
MAPNAME|CALDAS DA RAINHA,CALDAS DA RAINHA,칼다스다하이냐,mt
MAPNAME|CALDAS NOVAS,CALDAS NOVAS,칼다스노바스,mt
MAPNAME|CALEDON,CALEDON,칼레던,mt
MAPNAME|CALETA OLIVIA,CALETA OLIVIA,칼레타올리비아,mt
MAPNAME|CALEXICO,CALEXICO,칼렉시코,mt
MAPNAME|CALGARY,CALGARY,캘거리,mt
MAPNAME|CALI,CALI,칼리,mt
MAPNAME|CALLAO,CALLAO,카야오,mt
MAPNAME|CALLAWAY,CALLAWAY,캘러웨이,mt
MAPNAME|CALOOCAN,CALOOCAN,칼로오칸,mt
MAPNAME|CALPE,CALPE,칼페,mt
MAPNAME|CALTANISSETTA,CALTANISSETTA,칼타니세타,mt
MAPNAME|CALVERT CLIFFS,CALVERT CLIFFS,캘버트클리프스,mt
MAPNAME|CALVIÁ,CALVIÁ,칼비아,mt
MAPNAME|CAM LÂM,CAM LÂM,깜람,mt
MAPNAME|CAM PHA,CAM PHA,깜파,mt
MAPNAME|CAMACARI,CAMACARI,카마사리,mt
MAPNAME|CAMACUPA,CAMACUPA,카마쿠파,mt
MAPNAME|CAMAGÜEY,CAMAGÜEY,카마궤이,mt
MAPNAME|CAMAJUANI-CAIBARIEN,CAMAJUANI-CAIBARIEN,카마후아니카이바리엔,mt
MAPNAME|CAMAQUA,CAMAQUA,카마쿠아,mt
MAPNAME|CAMARGO,CAMARGO,카마르고,mt
MAPNAME|CAMARILLO,CAMARILLO,카마릴로,mt
MAPNAME|CAMBORIÚ,CAMBORIÚ,캉보리우,mt
MAPNAME|CAMBRIDGE,CAMBRIDGE,케임브리지,mt
MAPNAME|CAMBRILS,CAMBRILS,캄브릴스,mt
MAPNAME|CAMBÉ,CAMBÉ,캉베,mt
MAPNAME|CAMDEN,CAMDEN,캠던,mt
MAPNAME|CAMENCA,CAMENCA,카멘카,mt
MAPNAME|CAMETÁ,CAMETÁ,카메타,mt
MAPNAME|CAMIRI,CAMIRI,카미리,mt
MAPNAME|CAMOCIM,CAMOCIM,카모심,mt
MAPNAME|CAMP ASHLAND,CAMP ASHLAND,캠프애슐랜드,mt
MAPNAME|CAMP BOWIE,CAMP BOWIE,캠프보위,mt
MAPNAME|CAMP CLARK,CAMP CLARK,캠프클라크,mt
MAPNAME|CAMP GRAYLING,CAMP GRAYLING,캠프그레일링,mt
MAPNAME|CAMP GUERNSEY,CAMP GUERNSEY,캠프건지,mt
MAPNAME|CAMP HARTELL,CAMP HARTELL,캠프하텔,mt
MAPNAME|CAMP KEYES,CAMP KEYES,캠프키스,mt
MAPNAME|CAMP MCCAIN,CAMP MCCAIN,캠프매케인,mt
MAPNAME|CAMP PERRY,CAMP PERRY,캠프페리,mt
MAPNAME|CAMP RILEA,CAMP RILEA,캠프릴리,mt
MAPNAME|CAMP RIPLEY,CAMP RIPLEY,캠프립리,mt
MAPNAME|CAMP WILLIAMS,CAMP WILLIAMS,캠프윌리엄스,mt
MAPNAME|CAMPBELL RIVER,CAMPBELL RIVER,캠벨리버,mt
MAPNAME|CAMPECHE,CAMPECHE,캄페체,mt
MAPNAME|CAMPINA,CAMPINA,캄피나,mt
MAPNAME|CAMPINA GRANDE,CAMPINA GRANDE,캄피나그란지,mt
MAPNAME|CAMPINAS,CAMPINAS,캄피나스,mt
MAPNAME|CAMPO BELO,CAMPO BELO,캄포벨루,mt
MAPNAME|CAMPO GRANDE,CAMPO GRANDE,캄포그란지,mt
MAPNAME|CAMPO MOURAO,CAMPO MOURAO,캄포모랑,mt
MAPNAME|CAMPOBASSO,CAMPOBASSO,캄포바소,mt
MAPNAME|CAMPOS DO JARDAO,CAMPOS DO JARDAO,캄푸스두자르동,mt
MAPNAME|CAMPOS DOS GOYTACAZES,CAMPOS DOS GOYTACAZES,캄푸스두스고이타카즈,mt
MAPNAME|CAMPOS ELISIOS,CAMPOS ELISIOS,캄푸스엘리지우스,mt
MAPNAME|CANAKKALE,CANAKKALE,차나칼레,mt
MAPNAME|CANAS,CANAS,카나스,mt
MAPNAME|CANBERRA,CANBERRA,캔버라,mt
MAPNAME|CANCÚN,CANCÚN,칸쿤,mt
MAPNAME|CANDEIAS,CANDEIAS,칸데이아스,mt
MAPNAME|CANDELARIA,CANDELARIA,칸델라리아,mt
MAPNAME|CANDON,CANDON,칸돈,mt
MAPNAME|CANGZHOU,CANGZHOU,창저우,mt
MAPNAME|CANINDÉ,CANINDÉ,카닌데,mt
MAPNAME|CANKIRI,CANKIRI,찬크르,mt
MAPNAME|CANKUZO,CANKUZO,캉쿠조,mt
MAPNAME|CANNES,CANNES,칸,mt
MAPNAME|CANNOCK,CANNOCK,캐녹,mt
MAPNAME|CANOAS,CANOAS,카노아스,mt
MAPNAME|CANSO,CANSO,캔소,mt
MAPNAME|CANTEMIR,CANTEMIR,칸테미르,mt
MAPNAME|CANTON,CANTON,캔턴,mt
MAPNAME|CAOXIAN,CAOXIAN,차오셴,mt
MAPNAME|CAP-HAITIEN,CAP-HAITIEN,카프아이시앵,mt
MAPNAME|CAPANEMA,CAPANEMA,카파네마,mt
MAPNAME|CAPE COAST,CAPE COAST,케이프코스트,mt
MAPNAME|CAPE CORAL,CAPE CORAL,케이프코럴,mt
MAPNAME|CAPE GIRARDEAU,CAPE GIRARDEAU,케이프지라도,mt
MAPNAME|CAPE SABLE ISLAND,CAPE SABLE ISLAND,케이프세이블섬,mt
MAPNAME|CAPE TOWN,CAPE TOWN,케이프타운,mt
MAPNAME|CAPIAPÓ,CAPIAPÓ,카피아포,mt
MAPNAME|CAPIATÁ,CAPIATÁ,카피아타,mt
MAPNAME|CARACAL,CARACAL,카라칼,mt
MAPNAME|CARACAS,CARACAS,카라카스,mt
MAPNAME|CARAGUATATUBA,CARAGUATATUBA,카라과타투바,mt
MAPNAME|CARAPICHAMA,CARAPICHAMA,카라피차마,mt
MAPNAME|CARAPICUIBA,CARAPICUIBA,카라피쿠이바,mt
MAPNAME|CARATINGA,CARATINGA,카라칭가,mt
MAPNAME|CARAVACA,CARAVACA,카라바카,mt
MAPNAME|CARAZINHO,CARAZINHO,카라징유,mt
MAPNAME|CARBALLO,CARBALLO,카르바요,mt
MAPNAME|CARBONDALE,CARBONDALE,카본데일,mt
MAPNAME|CARCASSONNE,CARCASSONNE,카르카손,mt
MAPNAME|CARDIFF,CARDIFF,카디프,mt
MAPNAME|CARIAMANGA,CARIAMANGA,카리아망가,mt
MAPNAME|CARIARI,CARIARI,카리아리,mt
MAPNAME|CARLETONVILLE,CARLETONVILLE,칼턴빌,mt
MAPNAME|CARLISLE,CARLISLE,칼라일,mt
MAPNAME|CARLOW,CARLOW,칼로,mt
MAPNAME|CARLSBAD,CARLSBAD,칼즈배드,mt
MAPNAME|CARMEL,CARMEL,카멜,mt
MAPNAME|CARMONA,CARMONA,카르모나,mt
MAPNAME|CARNOT,CARNOT,카르노,mt
MAPNAME|CAROLINA,CAROLINA,캐롤라이나,mt
MAPNAME|CARORA,CARORA,카로라,mt
MAPNAME|CARPENTERSVILLE,CARPENTERSVILLE,카펜터스빌,mt
MAPNAME|CARPI,CARPI,카르피,mt
MAPNAME|CARPINA,CARPINA,카르피나,mt
MAPNAME|CARROLLTON,CARROLLTON,캐럴턴,mt
MAPNAME|CARROLTON,CARROLTON,캐럴턴,mt
MAPNAME|CARSON CITY,CARSON CITY,카슨시티,mt
MAPNAME|CARTAGENA,CARTAGENA,카르타헤나,mt
MAPNAME|CARTAGO,CARTAGO,카르타고,mt
MAPNAME|CARTWRIGHT,CARTWRIGHT,카트라이트,mt
MAPNAME|CARUARU,CARUARU,카루아루,mt
MAPNAME|CARY,CARY,캐리,mt
MAPNAME|CARÚPANO,CARÚPANO,카루파노,mt
MAPNAME|CASA GRANDE,CASA GRANDE,카사그란데,mt
MAPNAME|CASCAVEL,CASCAVEL,카스카벨,mt
MAPNAME|CASERTA,CASERTA,카세르타,mt
MAPNAME|CASPER,CASPER,캐스퍼,mt
MAPNAME|CASTANHAL,CASTANHAL,카스타냘,mt
MAPNAME|CASTELLAMMARE,CASTELLAMMARE,카스텔람마레,mt
MAPNAME|CASTELLAMMARE DI STABIA,CASTELLAMMARE DI STABIA,카스텔람마레디스타비아,mt
MAPNAME|CASTELLÓN DE LA PLANA,CASTELLÓN DE LA PLANA,카스테욘데라플라나,mt
MAPNAME|CASTELO BRANCO,CASTELO BRANCO,카스텔루브랑쿠,mt
MAPNAME|CASTLE ROCK,CASTLE ROCK,캐슬록,mt
MAPNAME|CASTLEBAR,CASTLEBAR,캐슬바,mt
MAPNAME|CASTRES,CASTRES,카스트르,mt
MAPNAME|CASTRIES,CASTRIES,캐스트리스,mt
MAPNAME|CASTRO,CASTRO,카스트루,mt
MAPNAME|CASTRO-URDIALES,CASTRO-URDIALES,카스트로우르디알레스,mt
MAPNAME|CATACAMAS,CATACAMAS,카타카마스,mt
MAPNAME|CATAGUAZES,CATAGUAZES,카타과제스,mt
MAPNAME|CATALAO,CATALAO,카탈랑,mt
MAPNAME|CATAMARCA,CATAMARCA,카타마르카,mt
MAPNAME|CATAMAYO,CATAMAYO,카타마요,mt
MAPNAME|CATANDUVA,CATANDUVA,카탄두바,mt
MAPNAME|CATANIA,CATANIA,카타니아,mt
MAPNAME|CATANZARO,CATANZARO,카탄차로,mt
MAPNAME|CATAWBA,CATAWBA,커토바,mt
MAPNAME|CATCHIUNGO,CATCHIUNGO,카치웅고,mt
MAPNAME|CATTENOM,CATTENOM,카트놈,mt
MAPNAME|CAUAYAN,CAUAYAN,카우아얀,mt
MAPNAME|CAUCAIA,CAUCAIA,카우카이아,mt
MAPNAME|CAUCASIÁ,CAUCASIÁ,카우카시아,mt
MAPNAME|CAVAN,CAVAN,캐번,mt
MAPNAME|CAVE SPRING,CAVE SPRING,케이브스프링,mt
MAPNAME|CAXIAS,CAXIAS,카시아스,mt
MAPNAME|CAXIAS DO SUL,CAXIAS DO SUL,카시아스두술,mt
MAPNAME|CAXITO,CAXITO,카시투,mt
MAPNAME|CAYENNE,CAYENNE,카옌,mt
MAPNAME|CAZAUX,CAZAUX,카조,mt
MAPNAME|CAZOMBO,CAZOMBO,카좀보,mt
MAPNAME|CCERKEZKOY,CCERKEZKOY,체르케즈쾨이,mt
MAPNAME|CEBU,CEBU,세부,mt
MAPNAME|CEDAR FALLS,CEDAR FALLS,시더폴스,mt
MAPNAME|CEDAR RAPIDS,CEDAR RAPIDS,시더래피즈,mt
MAPNAME|CEGLÉD,CEGLÉD,체글레드,mt
MAPNAME|CELA,CELA,첼라,mt
MAPNAME|CELAYA,CELAYA,셀라야,mt
MAPNAME|CELJE,CELJE,첼예,mt
MAPNAME|CELLE,CELLE,첼레,mt
MAPNAME|CENTRAL MANCHESTER,CENTRAL MANCHESTER,센트럴맨체스터,mt
MAPNAME|CENTREVILLE,CENTREVILLE,센터빌,mt
MAPNAME|CEREPANOVO,CEREPANOVO,체레파노보,mt
MAPNAME|CERES,CERES,세레스,mt
MAPNAME|CERETÉ,CERETÉ,세레테,mt
MAPNAME|CERIGNOLA,CERIGNOLA,체리뇰라,mt
MAPNAME|CERNAVODA,CERNAVODA,체르나보다,mt
MAPNAME|CERRO DE PASCO,CERRO DE PASCO,세로데파스코,mt
MAPNAME|CERVELO,CERVELO,세르벨루,mt
MAPNAME|CESIS,CESIS,체시스,mt
MAPNAME|CESKA LIPA,CESKA LIPA,체스카리파,mt
MAPNAME|CESKÉ BUDEJOVICE,CESKÉ BUDEJOVICE,체스케부데요비체,mt
MAPNAME|CESSTOA CITY,CESSTOA CITY,세스토아시티,mt
MAPNAME|CEUTA,CEUTA,세우타,mt
MAPNAME|CEYHAN,CEYHAN,제이한,mt
MAPNAME|CFB BORDEN,CFB BORDEN,보든기지,mt
MAPNAME|CFB COLD LAKE,CFB COLD LAKE,콜드레이크기지,mt
MAPNAME|CFB COMOX,CFB COMOX,코목스기지,mt
MAPNAME|CFB GAGETOWN,CFB GAGETOWN,게이지타운기지,mt
MAPNAME|CFB GREENWOOD,CFB GREENWOOD,그린우드기지,mt
MAPNAME|CFB SHEARWATER,CFB SHEARWATER,시어워터기지,mt
MAPNAME|CFB SUFFIELD,CFB SUFFIELD,서필드기지,mt
MAPNAME|CFB VALCARTIER,CFB VALCARTIER,발카르티에기지,mt
MAPNAME|CHA-AM,CHA-AM,차암,mt
MAPNAME|CHACHOENGSAO,CHACHOENGSAO,차층사오,mt
MAPNAME|CHAGNI,CHAGNI,샤니,mt
MAPNAME|CHAIBASA,CHAIBASA,차이바사,mt
MAPNAME|CHAIYAPHUM,CHAIYAPHUM,차이야품,mt
MAPNAME|CHAJARI,CHAJARI,차하리,mt
MAPNAME|CHAKE CHAKE,CHAKE CHAKE,차케차케,mt
MAPNAME|CHAKWAL,CHAKWAL,차크왈,mt
MAPNAME|CHALCO DE DIAZ,CHALCO DE DIAZ,찰코데디아스,mt
MAPNAME|CHALISGAON,CHALISGAON,찰리스가온,mt
MAPNAME|CHALON-SUR-SAÔNE,CHALON-SUR-SAÔNE,샬롱쉬르손,mt
MAPNAME|CHAMAN,CHAMAN,차만,mt
MAPNAME|CHAMBÉRY,CHAMBÉRY,샹베리,mt
MAPNAME|CHAMPAIGN,CHAMPAIGN,챔페인,mt
MAPNAME|CHAMRAJNAGAR,CHAMRAJNAGAR,참라지나가르,mt
MAPNAME|CHANDAUSI,CHANDAUSI,찬다우시,mt
MAPNAME|CHANDIGARH,CHANDIGARH,찬디가르,mt
MAPNAME|CHANDIPUR,CHANDIPUR,찬디푸르,mt
MAPNAME|CHANDLER,CHANDLER,챈들러,mt
MAPNAME|CHANDPUR,CHANDPUR,찬드푸르,mt
MAPNAME|CHANDRAPUR,CHANDRAPUR,찬드라푸르,mt
MAPNAME|CHANG-HUA,CHANG-HUA,장화,mt
MAPNAME|CHANGCHUN,CHANGCHUN,창춘,mt
MAPNAME|CHANGDE,CHANGDE,창더,mt
MAPNAME|CHANGJI,CHANGJI,창지,mt
MAPNAME|CHANGLING,CHANGLING,창링,mt
MAPNAME|CHANGNING,CHANGNING,창닝,mt
MAPNAME|CHANGPING,CHANGPING,창핑,mt
MAPNAME|CHANGSHA,CHANGSHA,창사,mt
MAPNAME|CHANGSHU,CHANGSHU,창수,mt
MAPNAME|CHANGTU,CHANGTU,창투,mt
MAPNAME|CHANGWON,CHANGWON,창원,mt
MAPNAME|CHANGXING,CHANGXING,창싱,mt
MAPNAME|CHANGZHI,CHANGZHI,창즈,mt
MAPNAME|CHANGZHOU,CHANGZHOU,창저우,mt
MAPNAME|CHANNAPATNA,CHANNAPATNA,찬나파트나,mt
MAPNAME|CHANNELVIEW,CHANNELVIEW,채널뷰,mt
MAPNAME|CHANTHABURI,CHANTHABURI,짠타부리,mt
MAPNAME|CHANTILY,CHANTILY,샹티이,mt
MAPNAME|CHAO XIAN,CHAO XIAN,차오셴,mt
MAPNAME|CHAOYANG,CHAOYANG,차오양,mt
MAPNAME|CHAOZHOU,CHAOZHOU,차오저우,mt
MAPNAME|CHAPAYEVSK,CHAPAYEVSK,차파옙스크,mt
MAPNAME|CHAPECÓ,CHAPECÓ,샤페코,mt
MAPNAME|CHAPEL HILL,CHAPEL HILL,채플힐,mt
MAPNAME|CHAPELCROSS,CHAPELCROSS,채플크로스,mt
MAPNAME|CHAPRA,CHAPRA,차프라,mt
MAPNAME|CHARDZHOU,CHARDZHOU,차르조우,mt
MAPNAME|CHARIKAR,CHARIKAR,차리카르,mt
MAPNAME|CHARLEROI,CHARLEROI,샤를루아,mt
MAPNAME|CHARLESTON,CHARLESTON,찰스턴,mt
MAPNAME|CHARLEVILLE-MÉZIERS,CHARLEVILLE-MÉZIERS,샤를빌메지에르,mt
MAPNAME|CHARLOTTE,CHARLOTTE,샬럿,mt
MAPNAME|CHARLOTTESVILLE,CHARLOTTESVILLE,샬러츠빌,mt
MAPNAME|CHARLOTTETOWN,CHARLOTTETOWN,샬럿타운,mt
MAPNAME|CHARSADDA,CHARSADDA,차르사다,mt
MAPNAME|CHARTRES,CHARTRES,샤르트르,mt
MAPNAME|CHASCOMUS,CHASCOMUS,차스코무스,mt
MAPNAME|CHASKA,CHASKA,채스카,mt
MAPNAME|CHATAM,CHATAM,채텀,mt
MAPNAME|CHATANGA,CHATANGA,하탕가,mt
MAPNAME|CHATHAM,CHATHAM,채텀,mt
MAPNAME|CHATO,CHATO,차토,mt
MAPNAME|CHATTANOOGA,CHATTANOOGA,채터누가,mt
MAPNAME|CHAUK,CHAUK,차욱,mt
MAPNAME|CHAUMU,CHAUMU,차우무,mt
MAPNAME|CHAYKOVSKIY,CHAYKOVSKIY,차이콥스키,mt
MAPNAME|CHEB,CHEB,헤프,mt
MAPNAME|CHEBOKSARY,CHEBOKSARY,체복사리,mt
MAPNAME|CHEEKTOWAGA,CHEEKTOWAGA,치크토웨이가,mt
MAPNAME|CHEJU,CHEJU,제주,mt
MAPNAME|CHEKHOV,CHEKHOV,체호프,mt
MAPNAME|CHELENKO,CHELENKO,첼렌코,mt
MAPNAME|CHELM,CHELM,헤움,mt
MAPNAME|CHELMSFORD,CHELMSFORD,첼름스퍼드,mt
MAPNAME|CHELYABINSK,CHELYABINSK,첼랴빈스크,mt
MAPNAME|CHEMNITZ,CHEMNITZ,켐니츠,mt
MAPNAME|CHENCHA,CHENCHA,첸차,mt
MAPNAME|CHENGAPATTU,CHENGAPATTU,첸가파투,mt
MAPNAME|CHENGCHENG,CHENGCHENG,청청,mt
MAPNAME|CHENGDE,CHENGDE,청더,mt
MAPNAME|CHENGDU,CHENGDU,청두,mt
MAPNAME|CHENGHAI,CHENGHAI,청하이,mt
MAPNAME|CHENNAI,CHENNAI,첸나이,mt
MAPNAME|CHENXI,CHENXI,천시,mt
MAPNAME|CHENZHOU,CHENZHOU,천저우,mt
MAPNAME|CHEONAN,CHEONAN,천안,mt
MAPNAME|CHEONGJU,CHEONGJU,청주,mt
MAPNAME|CHEPÉN,CHEPÉN,체펜,mt
MAPNAME|CHERBOURG,CHERBOURG,셰르부르,mt
MAPNAME|CHEREMKHOVO,CHEREMKHOVO,체렘호보,mt
MAPNAME|CHEREPOVETS,CHEREPOVETS,체레포베츠,mt
MAPNAME|CHERKASY,CHERKASY,체르카시,mt
MAPNAME|CHERKESSK,CHERKESSK,체르케스크,mt
MAPNAME|CHERLENBAJAN,CHERLENBAJAN,체를렌바얀,mt
MAPNAME|CHERNIHIV,CHERNIHIV,체르니히우,mt
MAPNAME|CHERNIVTSI,CHERNIVTSI,체르니우치,mt
MAPNAME|CHERNOGORSK,CHERNOGORSK,체르노고르스크,mt
MAPNAME|CHERNYAKHOVSK,CHERNYAKHOVSK,체르냐홉스크,mt
MAPNAME|CHERVONOHRAD,CHERVONOHRAD,체르보노그라드,mt
MAPNAME|CHESAPEAKE,CHESAPEAKE,체서피크,mt
MAPNAME|CHESTER,CHESTER,체스터,mt
MAPNAME|CHESTERFIELD,CHESTERFIELD,체스터필드,mt
MAPNAME|CHETUMAL,CHETUMAL,체투말,mt
MAPNAME|CHEYENNE,CHEYENNE,샤이엔,mt
MAPNAME|CHHATARPUR,CHHATARPUR,차타르푸르,mt
MAPNAME|CHHIBRAMAU,CHHIBRAMAU,치브라마우,mt
MAPNAME|CHHINDWARA,CHHINDWARA,친드와라,mt
MAPNAME|CHIANG MAI,CHIANG MAI,치앙마이,mt
MAPNAME|CHIANG RAI,CHIANG RAI,치앙라이,mt
MAPNAME|CHIATURA,CHIATURA,치아투라,mt
MAPNAME|CHIAUTEMPAN,CHIAUTEMPAN,치아우템판,mt
MAPNAME|CHIAYI,CHIAYI,자이,mt
MAPNAME|CHIBA,CHIBA,지바,mt
MAPNAME|CHIBIA,CHIBIA,시비아,mt
MAPNAME|CHIBUTO,CHIBUTO,시부투,mt
MAPNAME|CHICAGO,CHICAGO,시카고,mt
MAPNAME|CHICAGO HEIGHTS,CHICAGO HEIGHTS,시카고하이츠,mt
MAPNAME|CHICHAWATNI,CHICHAWATNI,치차와트니,mt
MAPNAME|CHICHIBU,CHICHIBU,지치부,mt
MAPNAME|CHICHIJIMA,CHICHIJIMA,지치지마,mt
MAPNAME|CHICLANA DE LA FRONTERA,CHICLANA DE LA FRONTERA,치클라나데라프론테라,mt
MAPNAME|CHICLAYO,CHICLAYO,치클라요,mt
MAPNAME|CHICO,CHICO,치코,mt
MAPNAME|CHICOPEE,CHICOPEE,치커피,mt
MAPNAME|CHICOUTIMI,CHICOUTIMI,시쿠티미,mt
MAPNAME|CHICXULUB PUEBLO,CHICXULUB PUEBLO,칙술루브푸에블로,mt
MAPNAME|CHIDAMBARAM,CHIDAMBARAM,치담바람,mt
MAPNAME|CHIEFERA,CHIEFERA,키에페라,mt
MAPNAME|CHIETI,CHIETI,키에티,mt
MAPNAME|CHIFENG,CHIFENG,츠펑,mt
MAPNAME|CHIGORODÓ,CHIGORODÓ,치고로도,mt
MAPNAME|CHIGUAYANTE,CHIGUAYANTE,치과얀테,mt
MAPNAME|CHIHUAHUA,CHIHUAHUA,치와와,mt
MAPNAME|CHIKMAGULAR,CHIKMAGULAR,치크마갈루르,mt
MAPNAME|CHILAKALURUPET,CHILAKALURUPET,칠라칼루루페트,mt
MAPNAME|CHILAPA DE ALVAREZ,CHILAPA DE ALVAREZ,칠라파데알바레스,mt
MAPNAME|CHILECITO,CHILECITO,칠레시토,mt
MAPNAME|CHILILABOMBWE,CHILILABOMBWE,칠릴라봄웨,mt
MAPNAME|CHILLICOTHE,CHILLICOTHE,칠리코시,mt
MAPNAME|CHILLIWACK,CHILLIWACK,칠리왁,mt
MAPNAME|CHILLÁN,CHILLÁN,칠란,mt
MAPNAME|CHILPANCINGO,CHILPANCINGO,칠판싱고,mt
MAPNAME|CHIMALHUACÁN,CHIMALHUACÁN,치말와칸,mt
MAPNAME|CHIMALTENANGO,CHIMALTENANGO,치말테낭고,mt
MAPNAME|CHIMBOTE,CHIMBOTE,침보테,mt
MAPNAME|CHIMOIO,CHIMOIO,시모이우,mt
MAPNAME|CHINAKSEN,CHINAKSEN,치낙센,mt
MAPNAME|CHINANDEGA,CHINANDEGA,치난데가,mt
MAPNAME|CHINAUTLA,CHINAUTLA,치나우틀라,mt
MAPNAME|CHINCA ALTA,CHINCA ALTA,친차알타,mt
MAPNAME|CHINGOLA,CHINGOLA,칭골라,mt
MAPNAME|CHINGUAR,CHINGUAR,칭구아르,mt
MAPNAME|CHINHOYI,CHINHOYI,친호이,mt
MAPNAME|CHINIOT,CHINIOT,치니오트,mt
MAPNAME|CHINON,CHINON,시농,mt
MAPNAME|CHINSALI,CHINSALI,친살리,mt
MAPNAME|CHIOGGIA,CHIOGGIA,키오자,mt
MAPNAME|CHIPATA,CHIPATA,치파타,mt
MAPNAME|CHIQUIMULA,CHIQUIMULA,치키물라,mt
MAPNAME|CHIQUINQUIRÁ,CHIQUINQUIRÁ,치킨키라,mt
MAPNAME|CHIRALA,CHIRALA,치랄라,mt
MAPNAME|CHIRCHIQ,CHIRCHIQ,치르치크,mt
MAPNAME|CHIRO,CHIRO,치로,mt
MAPNAME|CHISASIBI,CHISASIBI,시사시비,mt
MAPNAME|CHISHTIAN MANDI,CHISHTIAN MANDI,치슈티안만디,mt
MAPNAME|CHISINAU,CHISINAU,키시너우,mt
MAPNAME|CHISTOPOL',CHISTOPOL',치스토폴,mt
MAPNAME|CHITA,CHITA,치타,mt
MAPNAME|CHITOSE,CHITOSE,지토세,mt
MAPNAME|CHITRADURGA,CHITRADURGA,치트라두르가,mt
MAPNAME|CHITRÉ,CHITRÉ,치트레,mt
MAPNAME|CHITTAGONG,CHITTAGONG,치타공,mt
MAPNAME|CHITTAURGARH,CHITTAURGARH,치토르가르,mt
MAPNAME|CHITTOOR,CHITTOOR,치토르,mt
MAPNAME|CHITUNGWIZA,CHITUNGWIZA,치퉁위자,mt
MAPNAME|CHIVACOA,CHIVACOA,치바코아,mt
MAPNAME|CHIVILCOY,CHIVILCOY,치빌코이,mt
MAPNAME|CHOCOPE,CHOCOPE,초코페,mt
MAPNAME|CHOKWÉ,CHOKWÉ,쇼쿠에,mt
MAPNAME|CHOLET,CHOLET,숄레,mt
MAPNAME|CHOLOMA,CHOLOMA,촐로마,mt
MAPNAME|CHOLULA DE RIVADABIA,CHOLULA DE RIVADABIA,촐룰라데리바다비아,mt
MAPNAME|CHOLUTECA,CHOLUTECA,촐루테카,mt
MAPNAME|CHOMA,CHOMA,초마,mt
MAPNAME|CHOMUTOV,CHOMUTOV,호무토프,mt
MAPNAME|CHON BURI,CHON BURI,촌부리,mt
MAPNAME|CHONE,CHONE,초네,mt
MAPNAME|CHONGJIN,CHONGJIN,청진,mt
MAPNAME|CHONGLONG,CHONGLONG,청룡,mt
MAPNAME|CHONGMING,CHONGMING,충밍,mt
MAPNAME|CHONGQING,CHONGQING,충칭,mt
MAPNAME|CHONGUP,CHONGUP,정읍,mt
MAPNAME|CHOPDA,CHOPDA,촙다,mt
MAPNAME|CHORNOMORSK,CHORNOMORSK,초르노모르스크,mt
MAPNAME|CHORZÓW,CHORZÓW,호주프,mt
MAPNAME|CHOSI,CHOSI,조시,mt
MAPNAME|CHOYBALSAN,CHOYBALSAN,초이발산,mt
MAPNAME|CHRISTCHURCH,CHRISTCHURCH,크라이스트처치,mt
MAPNAME|CHU-NAN,CHU-NAN,주난,mt
MAPNAME|CHU-TUNG,CHU-TUNG,주둥,mt
MAPNAME|CHUANSHA,CHUANSHA,촨사,mt
MAPNAME|CHUAR KANA,CHUAR KANA,추아르카나,mt
MAPNAME|CHUGUYEVKA,CHUGUYEVKA,추구옙카,mt
MAPNAME|CHUKO,CHUKO,추코,mt
MAPNAME|CHULA VISTA,CHULA VISTA,출라비스타,mt
MAPNAME|CHULUCANAS,CHULUCANAS,추루카나스,mt
MAPNAME|CHUM PHAE,CHUM PHAE,춤패,mt
MAPNAME|CHUMPHON,CHUMPHON,춤폰,mt
MAPNAME|CHUNCHEON,CHUNCHEON,춘천,mt
MAPNAME|CHUNG-LI,CHUNG-LI,중리,mt
MAPNAME|CHUR,CHUR,쿠어,mt
MAPNAME|CHURCHILL,CHURCHILL,처칠,mt
MAPNAME|CHURU,CHURU,추루,mt
MAPNAME|CHUSOVOY,CHUSOVOY,추소보이,mt
MAPNAME|CHUUK,CHUUK,추크,mt
MAPNAME|CHUXIONG,CHUXIONG,추슝,mt
MAPNAME|CHUZHOU,CHUZHOU,추저우,mt
MAPNAME|CHÂLONS-EN-CHAMPAGNE,CHÂLONS-EN-CHAMPAGNE,샬롱앙샹파뉴,mt
MAPNAME|CHÂTEAUGUAY,CHÂTEAUGUAY,샤토게,mt
MAPNAME|CHÂTEAUROUX,CHÂTEAUROUX,샤토루,mt
MAPNAME|CHÂU DOC,CHÂU DOC,쩌우독,mt
MAPNAME|CIANJUR,CIANJUR,치안주르,mt
MAPNAME|CIANORTE,CIANORTE,시아노르치,mt
MAPNAME|CIBINONG,CIBINONG,치비농,mt
MAPNAME|CICERO,CICERO,시서로,mt
MAPNAME|CIDADE OCIDENTAL,CIDADE OCIDENTAL,시다지오시덴탈,mt
MAPNAME|CIEGO DE ÁVILA,CIEGO DE ÁVILA,시에고데아빌라,mt
MAPNAME|CIENFUEGOS,CIENFUEGOS,시엔푸에고스,mt
MAPNAME|CIEZA,CIEZA,시에사,mt
MAPNAME|CIGAR LAKE,CIGAR LAKE,시가호,mt
MAPNAME|CIGDEMLI,CIGDEMLI,치데믈리,mt
MAPNAME|CIHUATLAN,CIHUATLAN,시와틀란,mt
MAPNAME|CIKAMPEK,CIKAMPEK,치캄펙,mt
MAPNAME|CILACAP,CILACAP,칠라차프,mt
MAPNAME|CIMAHI,CIMAHI,치마히,mt
MAPNAME|CINCINNATI,CINCINNATI,신시내티,mt
MAPNAME|CINTALAPA DE FIGUEROAZ,CINTALAPA DE FIGUEROAZ,신탈라파데피게로아스,mt
MAPNAME|CIPARAY,CIPARAY,치파라이,mt
MAPNAME|CIPUTAT,CIPUTAT,치푸탓,mt
MAPNAME|CIREBON,CIREBON,치르본,mt
MAPNAME|CITIBITOKE,CITIBITOKE,시티비토케,mt
MAPNAME|CITRUS HEIGHTS,CITRUS HEIGHTS,시트러스하이츠,mt
MAPNAME|CIUDAD ALTAMIRANO,CIUDAD ALTAMIRANO,시우다드알타미라노,mt
MAPNAME|CIUDAD APODACA,CIUDAD APODACA,시우다드아포다카,mt
MAPNAME|CIUDAD BOLIVAR,CIUDAD BOLIVAR,시우다드볼리바르,mt
MAPNAME|CIUDAD CONSTITUCIÓN,CIUDAD CONSTITUCIÓN,시우다드콘스티투시온,mt
MAPNAME|CIUDAD DE MÉXICO,CIUDAD DE MÉXICO,멕시코시티,mt
MAPNAME|CIUDAD DE MÉXICO ,CIUDAD DE MÉXICO ,멕시코시티,mt
MAPNAME|CIUDAD DEL CARMEN,CIUDAD DEL CARMEN,시우다드델카르멘,mt
MAPNAME|CIUDAD DEL ESTE,CIUDAD DEL ESTE,시우다드델에스테,mt
MAPNAME|CIUDAD DELICIAS,CIUDAD DELICIAS,시우다드델리시아스,mt
MAPNAME|CIUDAD GUAYANA,CIUDAD GUAYANA,시우다드과야나,mt
MAPNAME|CIUDAD GUZMÁN,CIUDAD GUZMÁN,시우다드구스만,mt
MAPNAME|CIUDAD JUÁREZ,CIUDAD JUÁREZ,시우다드후아레스,mt
MAPNAME|CIUDAD LÁZARO CÁRDENAS,CIUDAD LÁZARO CÁRDENAS,시우다드라사로카르데나스,mt
MAPNAME|CIUDAD MADERO,CIUDAD MADERO,시우다드마데로,mt
MAPNAME|CIUDAD MANTE,CIUDAD MANTE,시우다드만테,mt
MAPNAME|CIUDAD OBREGÓN,CIUDAD OBREGÓN,시우다드오브레곤,mt
MAPNAME|CIUDAD OJEDA,CIUDAD OJEDA,시우다드오헤다,mt
MAPNAME|CIUDAD REAL,CIUDAD REAL,시우다드레알,mt
MAPNAME|CIUDAD RIO BRAVO,CIUDAD RIO BRAVO,시우다드리오브라보,mt
MAPNAME|CIUDAD SANDINO,CIUDAD SANDINO,시우다드산디노,mt
MAPNAME|CIUDAD VALLES,CIUDAD VALLES,시우다드바예스,mt
MAPNAME|CIUDAD VICTORIA,CIUDAD VICTORIA,시우다드빅토리아,mt
MAPNAME|CIUDEDELA DE MENORCA,CIUDEDELA DE MENORCA,시우타델라데메노르카,mt
MAPNAME|CIVAUX,CIVAUX,시보,mt
MAPNAME|CIVITAVECCHIA,CIVITAVECCHIA,치비타베키아,mt
MAPNAME|CIXI,CIXI,츠시,mt
MAPNAME|CIZRE,CIZRE,지즈레,mt
MAPNAME|CIÉNAGA,CIÉNAGA,시에나가,mt
MAPNAME|CLACTON-ON-SEA,CLACTON-ON-SEA,클랙턴온시,mt
MAPNAME|CLARINGTON,CLARINGTON,클래링턴,mt
MAPNAME|CLARKSDALE,CLARKSDALE,클라크스데일,mt
MAPNAME|CLARKSVILLE,CLARKSVILLE,클라크스빌,mt
MAPNAME|CLEARWATER,CLEARWATER,클리어워터,mt
MAPNAME|CLEBURNE,CLEBURNE,클리번,mt
MAPNAME|CLERMONT-FERRAND,CLERMONT-FERRAND,클레르몽페랑,mt
MAPNAME|CLEVELAND,CLEVELAND,클리블랜드,mt
MAPNAME|CLINTON,CLINTON,클린턴,mt
MAPNAME|CLORINDA,CLORINDA,클로린다,mt
MAPNAME|CLOVIS,CLOVIS,클로비스,mt
MAPNAME|CLUJ-NAPOCA,CLUJ-NAPOCA,클루주나포카,mt
MAPNAME|COARI,COARI,코아리,mt
MAPNAME|COATEPEC,COATEPEC,코아테펙,mt
MAPNAME|COATZACOALCOS,COATZACOALCOS,코아트사코알코스,mt
MAPNAME|COBAN,COBAN,코반,mt
MAPNAME|COBAR,COBAR,코바,mt
MAPNAME|COBIJA,COBIJA,코비하,mt
MAPNAME|COCHABAMAA,COCHABAMAA,코차밤바,mt
MAPNAME|COCHIN,COCHIN,코친,mt
MAPNAME|COCKBURN TOWN,COCKBURN TOWN,콕번타운,mt
MAPNAME|CODÓ,CODÓ,코도,mt
MAPNAME|COEUR D'ALENE,COEUR D'ALENE,쾨르달렌,mt
MAPNAME|COFFS HARBOUR,COFFS HARBOUR,코프스하버,mt
MAPNAME|COFRENTES,COFRENTES,코프렌테스,mt
MAPNAME|COIHAIQUE,COIHAIQUE,코이아이케,mt
MAPNAME|COIMBATORE,COIMBATORE,코임바토르,mt
MAPNAME|COIMBRA,COIMBRA,코임브라,mt
MAPNAME|COJR,COJR,코지르,mt
MAPNAME|COJUTEPEQUE,COJUTEPEQUE,코후테페케,mt
MAPNAME|COLATINA,COLATINA,콜라치나,mt
MAPNAME|COLCHESTER,COLCHESTER,콜체스터,mt
MAPNAME|COLESBERG,COLESBERG,콜스버그,mt
MAPNAME|COLIMA,COLIMA,콜리마,mt
MAPNAME|COLINA,COLINA,콜리나,mt
MAPNAME|COLLADO VILLALBA,COLLADO VILLALBA,코야도비야알바,mt
MAPNAME|COLLEGE STATION,COLLEGE STATION,칼리지스테이션,mt
MAPNAME|COLLIERVILLE,COLLIERVILLE,콜리어빌,mt
MAPNAME|COLMAR,COLMAR,콜마르,mt
MAPNAME|COLOMBIA,COLOMBIA,콜롬비아,mt
MAPNAME|COLOMBO,COLOMBO,콜롬보,mt
MAPNAME|COLON,COLON,콜론,mt
MAPNAME|COLONIA,COLONIA,콜로니아,mt
MAPNAME|COLORADO SPRINGS,COLORADO SPRINGS,콜로라도스프링스,mt
MAPNAME|COLUMBIA,COLUMBIA,컬럼비아,mt
MAPNAME|COLUMBINE,COLUMBINE,컬럼바인,mt
MAPNAME|COLUMBUS,COLUMBUS,콜럼버스,mt
MAPNAME|COLUMBUS AFB,COLUMBUS AFB,콜럼버스공군기지,mt
MAPNAME|COLÓN,COLÓN,콜론,mt
MAPNAME|COMALCALCO,COMALCALCO,코말칼코,mt
MAPNAME|COMANCHE PEAK,COMANCHE PEAK,코만치피크,mt
MAPNAME|COMAYAGUA,COMAYAGUA,코마야과,mt
MAPNAME|COMILLA,COMILLA,코밀라,mt
MAPNAME|COMITÁN DE DOMINGUEZ,COMITÁN DE DOMINGUEZ,코미탄데도밍게스,mt
MAPNAME|COMMACK,COMMACK,코맥,mt
MAPNAME|COMO,COMO,코모,mt
MAPNAME|COMODORO RIVADAVIA,COMODORO RIVADAVIA,코모도로리바다비아,mt
MAPNAME|COMPIEGNE,COMPIEGNE,콩피에뉴,mt
MAPNAME|COMPOSTELA,COMPOSTELA,콤포스텔라,mt
MAPNAME|COMRAT,COMRAT,콤라트,mt
MAPNAME|CONAKRY,CONAKRY,코나크리,mt
MAPNAME|CONCEPCIÓN,CONCEPCIÓN,콘셉시온,mt
MAPNAME|CONCEPCIÓN DE LA VEGA,CONCEPCIÓN DE LA VEGA,콘셉시온데라베가,mt
MAPNAME|CONCEPCIÓN DEL URUGUAY,CONCEPCIÓN DEL URUGUAY,콘셉시온델우루과이,mt
MAPNAME|CONCORD,CONCORD,콩코드,mt
MAPNAME|CONCORDIA,CONCORDIA,콩코르디아,mt
MAPNAME|CONCÓRDIA,CONCÓRDIA,콩코르지아,mt
MAPNAME|CONDA,CONDA,콘다,mt
MAPNAME|CONGONHAS,CONGONHAS,콩고냐스,mt
MAPNAME|CONINGSBY,CONINGSBY,코닝스비,mt
MAPNAME|CONROE,CONROE,콘로,mt
MAPNAME|CONSELHEIRO LAFAIETE,CONSELHEIRO LAFAIETE,콘세예이루라파이에트,mt
MAPNAME|CONSOLACION DEL SUR,CONSOLACION DEL SUR,콘솔라시온델수르,mt
MAPNAME|CONSTANTA,CONSTANTA,콘스탄차,mt
MAPNAME|CONSTANTINE,CONSTANTINE,콩스탕틴,mt
MAPNAME|CONTAGEM,CONTAGEM,콘타젱,mt
MAPNAME|CONTAI,CONTAI,콘타이,mt
MAPNAME|CONTRAMAESTRE,CONTRAMAESTRE,콘트라마에스트레,mt
MAPNAME|CONWAY,CONWAY,콘웨이,mt
MAPNAME|COOKVILLE,COOKVILLE,쿡빌,mt
MAPNAME|COONOOR,COONOOR,쿠누르,mt
MAPNAME|COOPER,COOPER,쿠퍼,mt
MAPNAME|COPPERAS COVE,COPPERAS COVE,코퍼러스코브,mt
MAPNAME|COQUIMBO,COQUIMBO,코킴보,mt
MAPNAME|COQUITLAM,COQUITLAM,코퀴틀럼,mt
MAPNAME|CORAM,CORAM,코럼,mt
MAPNAME|CORCORAN,CORCORAN,코코런,mt
MAPNAME|CORINTH,CORINTH,코린스,mt
MAPNAME|CORK,CORK,코크,mt
MAPNAME|CORLU,CORLU,촐루,mt
MAPNAME|CORNER BROOK,CORNER BROOK,코너브룩,mt
MAPNAME|CORNWALL,CORNWALL,콘월,mt
MAPNAME|CORNÉLIO PROCÓPIO,CORNÉLIO PROCÓPIO,코르넬리우프로코피우,mt
MAPNAME|CORO,CORO,코로,mt
MAPNAME|CORONA,CORONA,코로나,mt
MAPNAME|CORONEL,CORONEL,코로넬,mt
MAPNAME|CORONEL FABRICIANO,CORONEL FABRICIANO,코로넬파브리시아누,mt
MAPNAME|CORONEL OVIEDO,CORONEL OVIEDO,코로넬오비에도,mt
MAPNAME|COROZAL,COROZAL,코로살,mt
MAPNAME|CORPUS CHRISTI,CORPUS CHRISTI,코퍼스크리스티,mt
MAPNAME|CORRIENTES,CORRIENTES,코리엔테스,mt
MAPNAME|CORSICANA,CORSICANA,코시카나,mt
MAPNAME|CORTÁZAR,CORTÁZAR,코르타사르,mt
MAPNAME|CORUM,CORUM,초룸,mt
MAPNAME|CORUMBÁ,CORUMBÁ,코룸바,mt
MAPNAME|CORVALLIS,CORVALLIS,코밸리스,mt
MAPNAME|COSENZA,COSENZA,코센차,mt
MAPNAME|COSMÓPOLIS,COSMÓPOLIS,코스모폴리스,mt
MAPNAME|COSTA MESA,COSTA MESA,코스타메사,mt
MAPNAME|COTABATO,COTABATO,코타바토,mt
MAPNAME|COTONOU,COTONOU,코토누,mt
MAPNAME|COTTAGE GROVE,COTTAGE GROVE,코티지그로브,mt
MAPNAME|COTTBUS,COTTBUS,코트부스,mt
MAPNAME|COTTESMORE,COTTESMORE,코츠모어,mt
MAPNAME|COTUI,COTUI,코투이,mt
MAPNAME|COUNCIL BLUFFS,COUNCIL BLUFFS,카운실블러프스,mt
MAPNAME|COVENTRY,COVENTRY,코벤트리,mt
MAPNAME|COVILHA,COVILHA,코비량,mt
MAPNAME|COVINGTON,COVINGTON,코빙턴,mt
MAPNAME|COX'S BAZAR,COX'S BAZAR,콕스바자르,mt
MAPNAME|COZUMEL,COZUMEL,코수멜,mt
MAPNAME|CRADOCK,CRADOCK,크레이독,mt
MAPNAME|CRAIGAVON,CRAIGAVON,크레이거번,mt
MAPNAME|CRAIOVA,CRAIOVA,크라이오바,mt
MAPNAME|CRATEÚS,CRATEÚS,크라테우스,mt
MAPNAME|CRAWLEY,CRAWLEY,크롤리,mt
MAPNAME|CREMONA,CREMONA,크레모나,mt
MAPNAME|CREVILLENTE,CREVILLENTE,크레비옌테,mt
MAPNAME|CREWE,CREWE,크루,mt
MAPNAME|CRICIÚMA,CRICIÚMA,크리시우마,mt
MAPNAME|CROTONE,CROTONE,크로토네,mt
MAPNAME|CRUAS,CRUAS,크뤼아스,mt
MAPNAME|CRUZ ALTA,CRUZ ALTA,크루스알타,mt
MAPNAME|CRUZ DAS ALMAS,CRUZ DAS ALMAS,크루스다스알마스,mt
MAPNAME|CRUZ DEL EJR,CRUZ DEL EJR,크루스델에르,mt
MAPNAME|CRUZEIRO DO SUL,CRUZEIRO DO SUL,크루제이루두수우,mt
MAPNAME|CRUZERIO,CRUZERIO,크루제리우,mt
MAPNAME|CRYSTAL LAKE,CRYSTAL LAKE,크리스털레이크,mt
MAPNAME|CRYSTAL RIVER,CRYSTAL RIVER,크리스털리버,mt
MAPNAME|CRÉTEIL,CRÉTEIL,크레테유,mt
MAPNAME|CUAMBA,CUAMBA,쿠암바,mt
MAPNAME|CUANGO,CUANGO,쿠앙고,mt
MAPNAME|CUAUHTÉMOC,CUAUHTÉMOC,콰우테목,mt
MAPNAME|CUAUTLA,CUAUTLA,콰우틀라,mt
MAPNAME|CUBUK,CUBUK,추부크,mt
MAPNAME|CUDDALORE,CUDDALORE,쿠달로르,mt
MAPNAME|CUDDAPAH,CUDDAPAH,쿠다파,mt
MAPNAME|CUENCA,CUENCA,쿠엥카,mt
MAPNAME|CUERNAVACA,CUERNAVACA,쿠에르나바카,mt
MAPNAME|CUIABÁ,CUIABÁ,쿠이아바,mt
MAPNAME|CUIDAD ACUNA,CUIDAD ACUNA,시우다드아쿠냐,mt
MAPNAME|CUKAI,CUKAI,추카이,mt
MAPNAME|CULIACÁN,CULIACÁN,쿨리아칸,mt
MAPNAME|CULLEREDO,CULLEREDO,쿠예레도,mt
MAPNAME|CUMANAYAGUA,CUMANAYAGUA,쿠마나야과,mt
MAPNAME|CUMANÁ,CUMANÁ,쿠마나,mt
MAPNAME|CUMBERLAND,CUMBERLAND,컴벌랜드,mt
MAPNAME|CUMBERLAND CITY,CUMBERLAND CITY,컴벌랜드시티,mt
MAPNAME|CUMBERNAULD,CUMBERNAULD,컴버놀드,mt
MAPNAME|CUMRA,CUMRA,춤라,mt
MAPNAME|CUNEO,CUNEO,쿠네오,mt
MAPNAME|CUPVILLE,CUPVILLE,쿠프빌,mt
MAPNAME|CURICÓ,CURICÓ,쿠리코,mt
MAPNAME|CURITIBA,CURITIBA,쿠리치바,mt
MAPNAME|CURTEA DE ARGES,CURTEA DE ARGES,쿠르테아데아르제슈,mt
MAPNAME|CURUZU CUATIA,CURUZU CUATIA,쿠루수쿠아티아,mt
MAPNAME|CUSCO,CUSCO,쿠스코,mt
MAPNAME|CUTRAL-CÓ,CUTRAL-CÓ,쿠트랄코,mt
MAPNAME|CUTTACK,CUTTACK,커택,mt
MAPNAME|CUXHAVEN,CUXHAVEN,쿡스하펜,mt
MAPNAME|CUYAHOGA FALLS,CUYAHOGA FALLS,쿠야호가폴스,mt
MAPNAME|CUZCO,CUZCO,쿠스코,mt
MAPNAME|CYANGUGU,CYANGUGU,시앙구구,mt
MAPNAME|CZESTOCHOWA,CZESTOCHOWA,쳉스토호바,mt
MAPNAME|Ciudad HIDALGO,Ciudad HIDALGO,시우다드이달고,mt
MAPNAME|CÁCERES,CÁCERES,카세레스,mt
MAPNAME|CÁDIZ,CÁDIZ,카디스,mt
MAPNAME|CÁRDEBAS,CÁRDEBAS,카르데바스,mt
MAPNAME|CÁRDENAS,CÁRDENAS,카르데나스,mt
MAPNAME|CÂN THO,CÂN THO,껀터,mt
MAPNAME|CÄLIABAD,CÄLIABAD,잘리아바드,mt
MAPNAME|CÓRDOBA,CÓRDOBA,코르도바,mt
MAPNAME|DA LAT,DA LAT,달랏,mt
MAPNAME|DA NANG,DA NANG,다낭,mt
MAPNAME|DA QAIDIM,DA QAIDIM,다카이딤,mt
MAPNAME|DA'AN,DA'AN,다안,mt
MAPNAME|DABAT,DABAT,다바트,mt
MAPNAME|DABHOI,DABHOI,다보이,mt
MAPNAME|DABO,DABO,다보,mt
MAPNAME|DABOLA,DABOLA,다볼라,mt
MAPNAME|DABRA,DABRA,다브라,mt
MAPNAME|DADRI,DADRI,다드리,mt
MAPNAME|DADU,DADU,다두,mt
MAPNAME|DAEGU,DAEGU,대구,mt
MAPNAME|DAEJON,DAEJON,대전,mt
MAPNAME|DAFENG,DAFENG,다펑,mt
MAPNAME|DAGANA,DAGANA,다가나,mt
MAPNAME|DAGUPAN,DAGUPAN,다구판,mt
MAPNAME|DAHOD,DAHOD,다호드,mt
MAPNAME|DAHUK,DAHUK,두호크,mt
MAPNAME|DAIHAN,DAIHAN,다이한,mt
MAPNAME|DAIRÛT,DAIRÛT,다이루트,mt
MAPNAME|DAKAR,DAKAR,다카르,mt
MAPNAME|DAKOVICA,DAKOVICA,자코비차,mt
MAPNAME|DALABA,DALABA,달라바,mt
MAPNAME|DALANDZADGAD,DALANDZADGAD,달란자드가드,mt
MAPNAME|DALE CITY,DALE CITY,데일시티,mt
MAPNAME|DALI,DALI,다리,mt
MAPNAME|DALIAN,DALIAN,다롄,mt
MAPNAME|DALINGHE,DALINGHE,다링허,mt
MAPNAME|DALLAS,DALLAS,댈러스,mt
MAPNAME|DALOA,DALOA,달로아,mt
MAPNAME|DALTERNGANJ,DALTERNGANJ,달터건지,mt
MAPNAME|DALTON,DALTON,돌턴,mt
MAPNAME|DALY CITY,DALY CITY,데일리시티,mt
MAPNAME|DAMANHUR,DAMANHUR,다만후르,mt
MAPNAME|DAMATURU,DAMATURU,다마투루,mt
MAPNAME|DAMBAI,DAMBAI,담바이,mt
MAPNAME|DAMGHAN,DAMGHAN,담간,mt
MAPNAME|DAMOH,DAMOH,다모,mt
MAPNAME|DAMONGO,DAMONGO,다몽고,mt
MAPNAME|DAMPIERRE,DAMPIERRE,당피에르,mt
MAPNAME|DANAO,DANAO,다나오,mt
MAPNAME|DANAPUR,DANAPUR,다나푸르,mt
MAPNAME|DANBURY,DANBURY,댄버리,mt
MAPNAME|DANDELI,DANDELI,단델리,mt
MAPNAME|DANDONG,DANDONG,단둥,mt
MAPNAME|DANGILA,DANGILA,단길라,mt
MAPNAME|DANGYANG,DANGYANG,당양,mt
MAPNAME|DANJIANGKOU,DANJIANGKOU,단장커우,mt
MAPNAME|DANLI,DANLI,단리,mt
MAPNAME|DANVILLE,DANVILLE,댄빌,mt
MAPNAME|DANXIAN,DANXIAN,단셴,mt
MAPNAME|DANYANG,DANYANG,단양,mt
MAPNAME|DAPAONG,DAPAONG,다파옹,mt
MAPNAME|DAPITAN,DAPITAN,다피탄,mt
MAPNAME|DAQING,DAQING,다칭,mt
MAPNAME|DAR ES SALAAM,DAR ES SALAAM,다르에스살람,mt
MAPNAME|DAR'A,DAR'A,다라,mt
MAPNAME|DAR-EL-BEIDA,DAR-EL-BEIDA,다르엘베이다,mt
MAPNAME|DARAW,DARAW,다라우,mt
MAPNAME|DARBHANGA,DARBHANGA,다르방가,mt
MAPNAME|DARCHAN,DARCHAN,다르항,mt
MAPNAME|DARJILING,DARJILING,다르질링,mt
MAPNAME|DARLINGTON,DARLINGTON,달링턴,mt
MAPNAME|DARMSTADT,DARMSTADT,다름슈타트,mt
MAPNAME|DARNAH,DARNAH,데르나,mt
MAPNAME|DARTFORD,DARTFORD,다트퍼드,mt
MAPNAME|DARU,DARU,다루,mt
MAPNAME|DARWIN,DARWIN,다윈,mt
MAPNAME|DASHHOWUZ,DASHHOWUZ,다쇼구즈,mt
MAPNAME|DASHIQIAO,DASHIQIAO,다스차오,mt
MAPNAME|DASKA,DASKA,다스카,mt
MAPNAME|DASMARINES,DASMARINES,다스마리냐스,mt
MAPNAME|DATIA,DATIA,다티아,mt
MAPNAME|DATONG,DATONG,다퉁,mt
MAPNAME|DAUGAVPILS,DAUGAVPILS,다우가우필스,mt
MAPNAME|DAULE,DAULE,다울레,mt
MAPNAME|DAUSA,DAUSA,다우사,mt
MAPNAME|DAVANGERE,DAVANGERE,다반게레,mt
MAPNAME|DAVAO,DAVAO,다바오,mt
MAPNAME|DAVENPORT,DAVENPORT,대븐포트,mt
MAPNAME|DAVID,DAVID,다비드,mt
MAPNAME|DAVIS,DAVIS,데이비스,mt
MAPNAME|DAVIS-BESSE,DAVIS-BESSE,데이비스베시,mt
MAPNAME|DAVIS-MONTHAN AFB,DAVIS-MONTHAN AFB,데이비스몬선공군기지,mt
MAPNAME|DAWA,DAWA,다와,mt
MAPNAME|DAWSON CITY,DAWSON CITY,도슨시티,mt
MAPNAME|DAXIAN,DAXIAN,다셴,mt
MAPNAME|DAXING,DAXING,다싱,mt
MAPNAME|DAYE,DAYE,다예,mt
MAPNAME|DAYONG,DAYONG,다융,mt
MAPNAME|DAYR AZ ZAWR,DAYR AZ ZAWR,데이르에즈조르,mt
MAPNAME|DAYTON,DAYTON,데이턴,mt
MAPNAME|DAYTONA BEACH,DAYTONA BEACH,데이토나비치,mt
MAPNAME|DAZHU,DAZHU,다주,mt
MAPNAME|DAZU,DAZU,다쭈,mt
MAPNAME|DE AAR,DE AAR,데아르,mt
MAPNAME|DE KALB,DE KALB,디캘브,mt
MAPNAME|DEAN FUNES,DEAN FUNES,데안푸네스,mt
MAPNAME|DEARBORN,DEARBORN,디어본,mt
MAPNAME|DEBARK,DEBARK,데바르크,mt
MAPNAME|DEBRE BIRHAN,DEBRE BIRHAN,데브레비르한,mt
MAPNAME|DEBRE MARK'OS,DEBRE MARK'OS,데브레마르코스,mt
MAPNAME|DEBRE TABOR,DEBRE TABOR,데브레타보르,mt
MAPNAME|DEBRECEN,DEBRECEN,데브레첸,mt
MAPNAME|DECATUR,DECATUR,디케이터,mt
MAPNAME|DECIN,DECIN,데친,mt
MAPNAME|DEDER,DEDER,데데르,mt
MAPNAME|DEDOPLISTSKARO,DEDOPLISTSKARO,데도플리스츠카로,mt
MAPNAME|DEGEH BUR,DEGEH BUR,데게부르,mt
MAPNAME|DEHRI,DEHRI,데흐리,mt
MAPNAME|DEHUI,DEHUI,더후이,mt
MAPNAME|DEK'EMHARE,DEK'EMHARE,데켐하레,mt
MAPNAME|DEKOA,DEKOA,데코아,mt
MAPNAME|DEL RIO,DEL RIO,델리오,mt
MAPNAME|DELANO,DELANO,딜레이노,mt
MAPNAME|DELAWARE,DELAWARE,델라웨어,mt
MAPNAME|DELHI,DELHI,델리,mt
MAPNAME|DELMENHORST,DELMENHORST,델멘호르스트,mt
MAPNAME|DELTONA,DELTONA,델토나,mt
MAPNAME|DEMBECHA,DEMBECHA,뎀베차,mt
MAPNAME|DEMBI DOLO,DEMBI DOLO,뎀비돌로,mt
MAPNAME|DEN HAAG,DEN HAAG,헤이그,mt
MAPNAME|DEN HELDER,DEN HELDER,덴헬더,mt
MAPNAME|DENGTA,DENGTA,덩타,mt
MAPNAME|DENGXIAN,DENGXIAN,덩셴,mt
MAPNAME|DENIA,DENIA,데니아,mt
MAPNAME|DENISON,DENISON,데니슨,mt
MAPNAME|DENIZLI,DENIZLI,데니즐리,mt
MAPNAME|DENOW,DENOW,데나우,mt
MAPNAME|DENPASAR,DENPASAR,덴파사르,mt
MAPNAME|DENTON,DENTON,덴턴,mt
MAPNAME|DENVER,DENVER,덴버,mt
MAPNAME|DEOBAND,DEOBAND,데오반드,mt
MAPNAME|DEOGHAR,DEOGHAR,데오가르,mt
MAPNAME|DEOLALI,DEOLALI,데올랄리,mt
MAPNAME|DEORIA,DEORIA,데오리아,mt
MAPNAME|DEPOK,DEPOK,드폭,mt
MAPNAME|DERA GHAZI KHAN,DERA GHAZI KHAN,데라가지칸,mt
MAPNAME|DERA ISMAIL KHAN,DERA ISMAIL KHAN,데라이스마일칸,mt
MAPNAME|DERBENT,DERBENT,데르벤트,mt
MAPNAME|DERBY,DERBY,더비,mt
MAPNAME|DERINCE,DERINCE,데린제,mt
MAPNAME|DES MOINES,DES MOINES,디모인,mt
MAPNAME|DES PLAINES,DES PLAINES,데스플레인스,mt
MAPNAME|DESCOBERTO,DESCOBERTO,지스코베르투,mt
MAPNAME|DESE,DESE,데세,mt
MAPNAME|DESOTO,DESOTO,데소토,mt
MAPNAME|DESSAU,DESSAU,데사우,mt
MAPNAME|DETMOLD,DETMOLD,데트몰트,mt
MAPNAME|DETROIT,DETROIT,디트로이트,mt
MAPNAME|DEVA,DEVA,데바,mt
MAPNAME|DEVENTER,DEVENTER,데벤터르,mt
MAPNAME|DEVILS LAKE,DEVILS LAKE,데빌스레이크,mt
MAPNAME|DEVONPORT,DEVONPORT,데번포트,mt
MAPNAME|DEWAS,DEWAS,데와스,mt
MAPNAME|DEWSBURY,DEWSBURY,듀스버리,mt
MAPNAME|DEXING,DEXING,더싱,mt
MAPNAME|DEYANG,DEYANG,더양,mt
MAPNAME|DEZFUL,DEZFUL,데즈풀,mt
MAPNAME|DEZHOU,DEZHOU,더저우,mt
MAPNAME|DHAKA,DHAKA,다카,mt
MAPNAME|DHAMAR,DHAMAR,다마르,mt
MAPNAME|DHAMTARI,DHAMTARI,담타리,mt
MAPNAME|DHANBAD,DHANBAD,단바드,mt
MAPNAME|DHANGARHI,DHANGARHI,당가디,mt
MAPNAME|DHAR,DHAR,다르,mt
MAPNAME|DHARAN BAZAR,DHARAN BAZAR,다란바자르,mt
MAPNAME|DHARAPURAM,DHARAPURAM,다라푸람,mt
MAPNAME|DHARMAPURI,DHARMAPURI,다르마푸리,mt
MAPNAME|DHARMAVARAM,DHARMAVARAM,다르마바람,mt
MAPNAME|DHAULPUR,DHAULPUR,돌푸르,mt
MAPNAME|DHENKANAL,DHENKANAL,덴카날,mt
MAPNAME|DHERA DUN,DHERA DUN,데라둔,mt
MAPNAME|DHI AS SUFAL,DHI AS SUFAL,디아스수팔,mt
MAPNAME|DHOLKA,DHOLKA,돌카,mt
MAPNAME|DHORAJI,DHORAJI,도라지,mt
MAPNAME|DHRANGADHRA,DHRANGADHRA,드랑가드라,mt
MAPNAME|DHUBURI,DHUBURI,두부리,mt
MAPNAME|DHULE,DHULE,둘레,mt
MAPNAME|DHULIAN,DHULIAN,둘리안,mt
MAPNAME|DIABLO CANYON,DIABLO CANYON,디아블로캐니언,mt
MAPNAME|DIAMPUR,DIAMPUR,디암푸르,mt
MAPNAME|DIAOBINGSHAN,DIAOBINGSHAN,댜오빙산,mt
MAPNAME|DIBRUGARH,DIBRUGARH,디브루가르,mt
MAPNAME|DIDCOT,DIDCOT,디드콧,mt
MAPNAME|DIEGO GARCIA,DIEGO GARCIA,디에고가르시아,mt
MAPNAME|DIEN BIEN PHU,DIEN BIEN PHU,디엔비엔푸,mt
MAPNAME|DIEPPE,DIEPPE,디에프,mt
MAPNAME|DIGOS,DIGOS,디고스,mt
MAPNAME|DIJON,DIJON,디종,mt
MAPNAME|DIKHIL,DIKHIL,디킬,mt
MAPNAME|DIKIRNIS,DIKIRNIS,디키르니스,mt
MAPNAME|DIKSON,DIKSON,딕손,mt
MAPNAME|DILA,DILA,딜라,mt
MAPNAME|DILI,DILI,딜리,mt
MAPNAME|DIMASHQ,DIMASHQ,다마스쿠스,mt
MAPNAME|DIMBOKRO,DIMBOKRO,딤보크로,mt
MAPNAME|DIMITROV,DIMITROV,디미트로프,mt
MAPNAME|DIMITROVGRAD,DIMITROVGRAD,디미트로브그라드,mt
MAPNAME|DIMONA,DIMONA,디모나,mt
MAPNAME|DINAJPUR,DINAJPUR,디나즈푸르,mt
MAPNAME|DINDIGUL,DINDIGUL,딘디굴,mt
MAPNAME|DINGUINRAYE,DINGUINRAYE,댕긴라예,mt
MAPNAME|DIOURBEL,DIOURBEL,지우르벨,mt
MAPNAME|DIPALPUR,DIPALPUR,디팔푸르,mt
MAPNAME|DIPHU,DIPHU,디푸,mt
MAPNAME|DIPOLOG,DIPOLOG,디폴로그,mt
MAPNAME|DIRE DAWA,DIRE DAWA,디레다와,mt
MAPNAME|DISA,DISA,디사,mt
MAPNAME|DISHNA,DISHNA,디시나,mt
MAPNAME|DISUQ,DISUQ,디수크,mt
MAPNAME|DIVINÓPOLIS,DIVINÓPOLIS,지비노폴리스,mt
MAPNAME|DIVNOGORSK,DIVNOGORSK,디브노고르스크,mt
MAPNAME|DIVO,DIVO,디보,mt
MAPNAME|DIYANA,DIYANA,디야나,mt
MAPNAME|DIYARBAKIR,DIYARBAKIR,디야르바크르,mt
MAPNAME|DJANET,DJANET,자넷,mt
MAPNAME|DJELFA,DJELFA,젤파,mt
MAPNAME|DJIBOUTI,DJIBOUTI,지부티,mt
MAPNAME|DJOUGOU,DJOUGOU,주구,mt
MAPNAME|DNIPRO,DNIPRO,드니프로,mt
MAPNAME|DO GONBADAN,DO GONBADAN,도곤바단,mt
MAPNAME|DO RUD,DO RUD,도루드,mt
MAPNAME|DOBA,DOBA,도바,mt
MAPNAME|DOBBINS ARB,DOBBINS ARB,도빈스공군기지,mt
MAPNAME|DOBRICH,DOBRICH,도브리치,mt
MAPNAME|DODGE CITY,DODGE CITY,다지시티,mt
MAPNAME|DODOLA,DODOLA,도돌라,mt
MAPNAME|DODOMA,DODOMA,도도마,mt
MAPNAME|DOEL,DOEL,둘,mt
MAPNAME|DOGUBAYAZUT,DOGUBAYAZUT,도우바야지트,mt
MAPNAME|DOLINSK,DOLINSK,돌린스크,mt
MAPNAME|DOLORES HIDALGO,DOLORES HIDALGO,돌로레스이달고,mt
MAPNAME|DOMBE GRANDE,DOMBE GRANDE,돔베그란데,mt
MAPNAME|DOMODEDOVO,DOMODEDOVO,도모데도보,mt
MAPNAME|DON BENITO,DON BENITO,돈베니토,mt
MAPNAME|DONALD C. COOK,DONALD C. COOK,도널드쿡,mt
MAPNAME|DONCASTER,DONCASTER,돈캐스터,mt
MAPNAME|DONDI,DONDI,돈디,mt
MAPNAME|DONDO,DONDO,돈도,mt
MAPNAME|DONETSK,DONETSK,도네츠크,mt
MAPNAME|DONGCHUAN,DONGCHUAN,둥촨,mt
MAPNAME|DONGFENG,DONGFENG,둥펑,mt
MAPNAME|DONGGANG,DONGGANG,둥강,mt
MAPNAME|DONGGUAN,DONGGUAN,둥관,mt
MAPNAME|DONGNING,DONGNING,둥닝,mt
MAPNAME|DONGOLA,DONGOLA,동골라,mt
MAPNAME|DONGPING,DONGPING,둥핑,mt
MAPNAME|DONGSHENG,DONGSHENG,둥성,mt
MAPNAME|DONGTAL,DONGTAL,동탈,mt
MAPNAME|DONGYING,DONGYING,둥잉,mt
MAPNAME|DONUZLAV,DONUZLAV,도누즐라프,mt
MAPNAME|DOOLOW,DOOLOW,돌로,mt
MAPNAME|DORBJILIN,DORBJILIN,도르브질린,mt
MAPNAME|DORDRECHT,DORDRECHT,도르드레흐트,mt
MAPNAME|DORI,DORI,도리,mt
MAPNAME|DOROHOI,DOROHOI,도로호이,mt
MAPNAME|DORSTEN,DORSTEN,도르스텐,mt
MAPNAME|DORTMUND,DORTMUND,도르트문트,mt
MAPNAME|DOS HERMANAS,DOS HERMANAS,도스에르마나스,mt
MAPNAME|DOSQUEBRADAS,DOSQUEBRADAS,도스케브라다스,mt
MAPNAME|DOSSO,DOSSO,도소,mt
MAPNAME|DOTHAN,DOTHAN,도선,mt
MAPNAME|DOUAI,DOUAI,두에,mt
MAPNAME|DOUALA,DOUALA,두알라,mt
MAPNAME|DOUGLAS,DOUGLAS,더글러스,mt
MAPNAME|DOUGLASVILLE,DOUGLASVILLE,더글러스빌,mt
MAPNAME|DOUNREAY,DOUNREAY,던레이,mt
MAPNAME|DOURADOS,DOURADOS,도우라두스,mt
MAPNAME|DOVER,DOVER,도버,mt
MAPNAME|DRACHTEN,DRACHTEN,드라흐턴,mt
MAPNAME|DRAMMEN,DRAMMEN,드람멘,mt
MAPNAME|DRAX,DRAX,드랙스,mt
MAPNAME|DRESDEN,DRESDEN,드레스덴,mt
MAPNAME|DROBETA-TURNU SEVERIN,DROBETA-TURNU SEVERIN,드로베타투르누세베린,mt
MAPNAME|DROGHEDA,DROGHEDA,드로이다,mt
MAPNAME|DROGOBYCH,DROGOBYCH,드로호비치,mt
MAPNAME|DRUMMONDVILLE,DRUMMONDVILLE,드러먼드빌,mt
MAPNAME|DRUZHKOVKA,DRUZHKOVKA,드루즈콥카,mt
MAPNAME|DRÁMA,DRÁMA,드라마,mt
MAPNAME|DSCHANG,DSCHANG,드샹,mt
MAPNAME|DUANE ARNOLD,DUANE ARNOLD,듀에인아널드,mt
MAPNAME|DUBA,DUBA,두바,mt
MAPNAME|DUBAYY,DUBAYY,두바이,mt
MAPNAME|DUBBO,DUBBO,더보,mt
MAPNAME|DUBLIN,DUBLIN,더블린,mt
MAPNAME|DUBNA,DUBNA,두브나,mt
MAPNAME|DUBNO,DUBNO,두브노,mt
MAPNAME|DUBREKA,DUBREKA,두브레카,mt
MAPNAME|DUBROVNIK,DUBROVNIK,두브로브니크,mt
MAPNAME|DUBTI,DUBTI,둡티,mt
MAPNAME|DUBUQUE,DUBUQUE,듀북,mt
MAPNAME|DUDINKA,DUDINKA,두딘카,mt
MAPNAME|DUDLEY,DUDLEY,더들리,mt
MAPNAME|DUISBURG,DUISBURG,뒤스부르크,mt
MAPNAME|DUITAMA,DUITAMA,두이타마,mt
MAPNAME|DUKOU,DUKOU,두커우,mt
MAPNAME|DULAN,DULAN,두란,mt
MAPNAME|DULANCHAN,DULANCHAN,둘란찬,mt
MAPNAME|DULUTH,DULUTH,덜루스,mt
MAPNAME|DUMA,DUMA,두마,mt
MAPNAME|DUMAGUETE,DUMAGUETE,두마게테,mt
MAPNAME|DUMAI,DUMAI,두마이,mt
MAPNAME|DUMBARTON,DUMBARTON,덤바턴,mt
MAPNAME|DUMILA,DUMILA,두밀라,mt
MAPNAME|DUMYAT,DUMYAT,두미야트,mt
MAPNAME|DUNAÚJVÁROS,DUNAÚJVÁROS,두나우이바로시,mt
MAPNAME|DUNCAN,DUNCAN,덩컨,mt
MAPNAME|DUND-US,DUND-US,둔드우스,mt
MAPNAME|DUNDALK,DUNDALK,던돌크,mt
MAPNAME|DUNDEE,DUNDEE,던디,mt
MAPNAME|DUNDO,DUNDO,둔두,mt
MAPNAME|DUNEDIN,DUNEDIN,더니든,mt
MAPNAME|DUNGENESS,DUNGENESS,던지니스,mt
MAPNAME|DUNHOU,DUNHOU,둔허우,mt
MAPNAME|DUNHUA,DUNHUA,둔화,mt
MAPNAME|DUNKERQUE,DUNKERQUE,됭케르크,mt
MAPNAME|DUNWOODY,DUNWOODY,던우디,mt
MAPNAME|DUPNICA,DUPNICA,두프니차,mt
MAPNAME|DUQUE DE CAXIAS,DUQUE DE CAXIAS,두키지카시아스,mt
MAPNAME|DURAME,DURAME,두라메,mt
MAPNAME|DURANGO,DURANGO,두랑고,mt
MAPNAME|DURAZNO,DURAZNO,두라스노,mt
MAPNAME|DURBAN,DURBAN,더반,mt
MAPNAME|DURBETE,DURBETE,두르베테,mt
MAPNAME|DURGAPUR,DURGAPUR,두르가푸르,mt
MAPNAME|DURHAM,DURHAM,더럼,mt
MAPNAME|DURRËS,DURRËS,두러스,mt
MAPNAME|DUSHANBE,DUSHANBE,두샨베,mt
MAPNAME|DUSHANZI,DUSHANZI,두산쯔,mt
MAPNAME|DUSHETI,DUSHETI,두셰티,mt
MAPNAME|DUYUN,DUYUN,두윈,mt
MAPNAME|DUZ,DUZ,두즈,mt
MAPNAME|DZERZHINSK,DZERZHINSK,제르진스크,mt
MAPNAME|DZHEZKAZGAN,DZHEZKAZGAN,제즈카즈간,mt
MAPNAME|DZHIDA,DZHIDA,지다,mt
MAPNAME|DZODZE,DZODZE,조조,mt
MAPNAME|DÉDOUGOU,DÉDOUGOU,데두구,mt
MAPNAME|DÖRTYOL,DÖRTYOL,되르티올,mt
MAPNAME|DÜREN,DÜREN,뒤렌,mt
MAPNAME|DÜSSELDORF,DÜSSELDORF,뒤셀도르프,mt
MAPNAME|DÜZCE,DÜZCE,뒤즈제,mt
MAPNAME|EAGAN,EAGAN,이건,mt
MAPNAME|EAGLE PASS,EAGLE PASS,이글패스,mt
MAPNAME|EAST KILBRIDE,EAST KILBRIDE,이스트킬브라이드,mt
MAPNAME|EAST LANSING,EAST LANSING,이스트랜싱,mt
MAPNAME|EAST LONDON,EAST LONDON,이스트런던,mt
MAPNAME|EAST MOLINE,EAST MOLINE,이스트몰린,mt
MAPNAME|EAST NAPLES,EAST NAPLES,이스트나폴리,mt
MAPNAME|EAST PROVIDENCE,EAST PROVIDENCE,이스트프로비던스,mt
MAPNAME|EAST ST LOUIS,EAST ST LOUIS,이스트세인트루이스,mt
MAPNAME|EASTBOURNE,EASTBOURNE,이스트본,mt
MAPNAME|EASTON,EASTON,이스턴,mt
MAPNAME|EAU CLAIRE,EAU CLAIRE,오클레어,mt
MAPNAME|EBELTOFT,EBELTOFT,에벨토프트,mt
MAPNAME|EBETSU,EBETSU,에베쓰,mt
MAPNAME|EBINAT,EBINAT,에비나트,mt
MAPNAME|EBOLAWA,EBOLAWA,에볼라와,mt
MAPNAME|ECATEPEC DE MORELOS,ECATEPEC DE MORELOS,에카테펙데모렐로스,mt
MAPNAME|ECH CHELIFF,ECH CHELIFF,셸리프,mt
MAPNAME|ECHENG,ECHENG,어청,mt
MAPNAME|ECHUCA,ECHUCA,에추카,mt
MAPNAME|ECMIADZIN,ECMIADZIN,에치미아진,mt
MAPNAME|ED DAEIN,ED DAEIN,에드다인,mt
MAPNAME|ED DUEIM,ED DUEIM,에드두에임,mt
MAPNAME|EDAPALLI,EDAPALLI,에다팔리,mt
MAPNAME|EDE,EDE,에데,mt
MAPNAME|EDEA,EDEA,에데아,mt
MAPNAME|EDINBURG,EDINBURG,에딘버그,mt
MAPNAME|EDINBURGH,EDINBURGH,에든버러,mt
MAPNAME|EDIRNE,EDIRNE,에디르네,mt
MAPNAME|EDISON,EDISON,에디슨,mt
MAPNAME|EDMOND,EDMOND,에드먼드,mt
MAPNAME|EDMONTON,EDMONTON,에드먼턴,mt
MAPNAME|EDWARDS AFB,EDWARDS AFB,에드워즈공군기지,mt
MAPNAME|EDWARDSVILLE,EDWARDSVILLE,에드워즈빌,mt
MAPNAME|EFFIUM,EFFIUM,에피움,mt
MAPNAME|EFFON ALAIYE,EFFON ALAIYE,에폰알라이예,mt
MAPNAME|EGER,EGER,에게르,mt
MAPNAME|EINDHOVEN,EINDHOVEN,에인트호번,mt
MAPNAME|EIRUNEPÉ,EIRUNEPÉ,에이루네페,mt
MAPNAME|EIVISSA,EIVISSA,에이비사,mt
MAPNAME|EJIDO,EJIDO,에히도,mt
MAPNAME|EJURA,EJURA,에주라,mt
MAPNAME|EKIBASTUZ,EKIBASTUZ,예키바스투즈,mt
MAPNAME|EL AAIUN,EL AAIUN,엘아이운,mt
MAPNAME|EL BAYADH,EL BAYADH,엘바야드,mt
MAPNAME|EL BOSQUE,EL BOSQUE,엘보스케,mt
MAPNAME|EL CAJON,EL CAJON,엘카혼,mt
MAPNAME|EL CARMEN DE BOLIVAR,EL CARMEN DE BOLIVAR,엘카르멘데볼리바르,mt
MAPNAME|EL DORADO,EL DORADO,엘도라도,mt
MAPNAME|EL EJIDO,EL EJIDO,엘에히도,mt
MAPNAME|EL EULMA,EL EULMA,엘울마,mt
MAPNAME|EL GOLEA,EL GOLEA,엘골레아,mt
MAPNAME|EL JADIDA,EL JADIDA,엘자디다,mt
MAPNAME|EL KELAA DES SRARHNA,EL KELAA DES SRARHNA,엘켈라데스스라나,mt
MAPNAME|EL MANAQIL,EL MANAQIL,엘마나킬,mt
MAPNAME|EL MANSHAH,EL MANSHAH,엘만샤,mt
MAPNAME|EL OBEID,EL OBEID,엘오베이드,mt
MAPNAME|EL OUED,EL OUED,엘우에드,mt
MAPNAME|EL PASO,EL PASO,엘패소,mt
MAPNAME|EL PROGRESO,EL PROGRESO,엘프로그레소,mt
MAPNAME|EL TIGRE,EL TIGRE,엘티그레,mt
MAPNAME|EL TOCUYO,EL TOCUYO,엘토쿠요,mt
MAPNAME|EL TRUNFO,EL TRUNFO,엘트룬포,mt
MAPNAME|EL VENDRELL,EL VENDRELL,엘벤드렐,mt
MAPNAME|EL VIGIA,EL VIGIA,엘비히아,mt
MAPNAME|ELAT,ELAT,에일라트,mt
MAPNAME|ELBASAN,ELBASAN,엘바산,mt
MAPNAME|ELBISTAN,ELBISTAN,엘비스탄,mt
MAPNAME|ELBLAG,ELBLAG,엘블롱크,mt
MAPNAME|ELCHE,ELCHE,엘체,mt
MAPNAME|ELDA,ELDA,엘다,mt
MAPNAME|ELDERSBURG,ELDERSBURG,엘더스버그,mt
MAPNAME|ELDORADO,ELDORADO,엘도라도,mt
MAPNAME|ELDORET,ELDORET,엘도레트,mt
MAPNAME|ELEKTROSTAL,ELEKTROSTAL,옐렉트로스탈,mt
MAPNAME|ELEVSIS,ELEVSIS,엘레프시스,mt
MAPNAME|ELGIN,ELGIN,엘긴,mt
MAPNAME|ELISTA,ELISTA,엘리스타,mt
MAPNAME|ELIZABETH,ELIZABETH,엘리자베스,mt
MAPNAME|ELIZABETHTOWN,ELIZABETHTOWN,엘리자베스타운,mt
MAPNAME|ELK,ELK,엘크,mt
MAPNAME|ELK GROVE,ELK GROVE,엘크그로브,mt
MAPNAME|ELK RIVER,ELK RIVER,엘크리버,mt
MAPNAME|ELKHART,ELKHART,엘크하트,mt
MAPNAME|ELLESMERE PORT,ELLESMERE PORT,엘즈미어포트,mt
MAPNAME|ELLICOTT CITY,ELLICOTT CITY,엘리콧시티,mt
MAPNAME|ELLIOT LAKE,ELLIOT LAKE,엘리엇레이크,mt
MAPNAME|ELLSWORTH AFB,ELLSWORTH AFB,엘스워스공군기지,mt
MAPNAME|ELMHURST,ELMHURST,엘름허스트,mt
MAPNAME|ELMIRA,ELMIRA,엘마이라,mt
MAPNAME|ELOY ALFARO,ELOY ALFARO,엘로이알파로,mt
MAPNAME|ELURU,ELURU,엘루루,mt
MAPNAME|ELYRIA,ELYRIA,엘리리아,mt
MAPNAME|ELÂZIG,ELÂZIG,엘라즈,mt
MAPNAME|EMAMSHAHR,EMAMSHAHR,이맘샤흐르,mt
MAPNAME|EMBU-GUACU,EMBU-GUACU,엠부과수,mt
MAPNAME|EMDEN,EMDEN,엠덴,mt
MAPNAME|EMMEN,EMMEN,엠멘,mt
MAPNAME|EMMIGANURU,EMMIGANURU,엠미가누루,mt
MAPNAME|EMPALME,EMPALME,엠팔메,mt
MAPNAME|EMPORIA,EMPORIA,엠포리아,mt
MAPNAME|ENA,ENA,에나,mt
MAPNAME|ENCARNACION,ENCARNACION,엔카르나시온,mt
MAPNAME|ENCARNACIÓN,ENCARNACIÓN,엔카르나시온,mt
MAPNAME|ENCHENG,ENCHENG,언청,mt
MAPNAME|ENDE,ENDE,엔데,mt
MAPNAME|ENERHODAR,ENERHODAR,에네르호다르,mt
MAPNAME|ENGEL'S,ENGEL'S,엥겔스,mt
MAPNAME|ENGLEWOOD,ENGLEWOOD,잉글우드,mt
MAPNAME|ENID,ENID,에니드,mt
MAPNAME|ENIWA,ENIWA,에니와,mt
MAPNAME|ENKÖPING,ENKÖPING,엔셰핑,mt
MAPNAME|ENNIS,ENNIS,에니스,mt
MAPNAME|ENSCHEDE,ENSCHEDE,엔스헤더,mt
MAPNAME|ENSENADA,ENSENADA,엔세나다,mt
MAPNAME|ENSENO,ENSENO,엔세노,mt
MAPNAME|ENSHI,ENSHI,언스,mt
MAPNAME|ENTEBBE,ENTEBBE,엔테베,mt
MAPNAME|ENTERPRISE,ENTERPRISE,엔터프라이즈,mt
MAPNAME|ENUGU,ENUGU,에누구,mt
MAPNAME|EPE,EPE,에페,mt
MAPNAME|EPSOM,EPSOM,엡섬,mt
MAPNAME|ER RACHIDIA,ER RACHIDIA,에르라시디아,mt
MAPNAME|ERBAA,ERBAA,에르바,mt
MAPNAME|ERCIS,ERCIS,에르지시,mt
MAPNAME|ERDEMLI,ERDEMLI,에르뎀리,mt
MAPNAME|ERDENET,ERDENET,에르데네트,mt
MAPNAME|EREGLI,EREGLI,에레글리,mt
MAPNAME|EREVAN,EREVAN,예레반,mt
MAPNAME|EREXIM,EREXIM,에레심,mt
MAPNAME|ERFURT,ERFURT,에르푸르트,mt
MAPNAME|ERIE,ERIE,이리,mt
MAPNAME|ERIKCITY,ERIKCITY,에릭시티,mt
MAPNAME|ERLANGEN,ERLANGEN,에를랑겐,mt
MAPNAME|ERMELO,ERMELO,에르멜로,mt
MAPNAME|ERMERA,ERMERA,에르메라,mt
MAPNAME|ERMOÚPOLIS,ERMOÚPOLIS,에르무폴리스,mt
MAPNAME|ERODE,ERODE,에로드,mt
MAPNAME|ERZINCAN,ERZINCAN,에르진잔,mt
MAPNAME|ERZURUM,ERZURUM,에르주룸,mt
MAPNAME|ESBJERG,ESBJERG,에스비에르,mt
MAPNAME|ESCADA,ESCADA,이스카다,mt
MAPNAME|ESCALANTE,ESCALANTE,에스칼란테,mt
MAPNAME|ESCH,ESCH,에슈,mt
MAPNAME|ESCHWEILER,ESCHWEILER,에슈바일러,mt
MAPNAME|ESCONDIDO,ESCONDIDO,에스콘디도,mt
MAPNAME|ESCUINTLA,ESCUINTLA,에스쿠인틀라,mt
MAPNAME|ESFAHAN,ESFAHAN,이스파한,mt
MAPNAME|ESIK,ESIK,에식,mt
MAPNAME|ESKILSTUNA,ESKILSTUNA,에스킬스투나,mt
MAPNAME|ESKISEHIR,ESKISEHIR,에스키셰히르,mt
MAPNAME|ESLAMABAD,ESLAMABAD,에슬라마바드,mt
MAPNAME|ESLAMSHAHR,ESLAMSHAHR,에슬람샤르,mt
MAPNAME|ESLÖV,ESLÖV,에슬뢰브,mt
MAPNAME|ESMERALDAS,ESMERALDAS,에스메랄다스,mt
MAPNAME|ESPARZA,ESPARZA,에스파르사,mt
MAPNAME|ESPERANCE,ESPERANCE,에스페랑스,mt
MAPNAME|ESPERANZA,ESPERANZA,에스페란사,mt
MAPNAME|ESPINAL,ESPINAL,에스피날,mt
MAPNAME|ESPOO,ESPOO,에스푸,mt
MAPNAME|ESQUEL,ESQUEL,에스케우,mt
MAPNAME|ESQUINA,ESQUINA,에스키나,mt
MAPNAME|ESSAOUIRA,ESSAOUIRA,에사우이라,mt
MAPNAME|ESSEN,ESSEN,에센,mt
MAPNAME|ESSLINGEN AM NECKAR,ESSLINGEN AM NECKAR,에슬링겐암네카어,mt
MAPNAME|ESTANCIA,ESTANCIA,에스탄시아,mt
MAPNAME|ESTE,ESTE,에스테,mt
MAPNAME|ESTELÍ,ESTELÍ,에스텔리,mt
MAPNAME|ESTEPONA,ESTEPONA,에스테포나,mt
MAPNAME|ETAH,ETAH,에타,mt
MAPNAME|ETAWAH,ETAWAH,에타와,mt
MAPNAME|EUCLID,EUCLID,유클리드,mt
MAPNAME|EUGENE,EUGENE,유진,mt
MAPNAME|EULESS,EULESS,율레스,mt
MAPNAME|EUNÁPOLIS,EUNÁPOLIS,에우나폴리스,mt
MAPNAME|EUREKA,EUREKA,유레카,mt
MAPNAME|EUSKIRCHEN,EUSKIRCHEN,오이스키르헨,mt
MAPNAME|EVANSTON,EVANSTON,에번스턴,mt
MAPNAME|EVANSVILLE,EVANSVILLE,에번즈빌,mt
MAPNAME|EVERETT,EVERETT,에버렛,mt
MAPNAME|EVOSMO,EVOSMO,에보스모,mt
MAPNAME|EXETER,EXETER,엑서터,mt
MAPNAME|EZHOU,EZHOU,어저우,mt
MAPNAME|F.E. WARREN,F.E. WARREN,워런,mt
MAPNAME|FA'ID,FA'ID,파이드,mt
MAPNAME|FACATATIVÁ,FACATATIVÁ,파카타티바,mt
MAPNAME|FAENZA,FAENZA,파엔차,mt
MAPNAME|FAGARAS,FAGARAS,파가라시,mt
MAPNAME|FAIRBANKS,FAIRBANKS,페어뱅크스,mt
MAPNAME|FAIRBAULT,FAIRBAULT,페어보,mt
MAPNAME|FAIRBORN,FAIRBORN,페어본,mt
MAPNAME|FAIRFIELD,FAIRFIELD,페어필드,mt
MAPNAME|FAIRVIEW,FAIRVIEW,페어뷰,mt
MAPNAME|FAISALABAD,FAISALABAD,파이살라바드,mt
MAPNAME|FAIZABAD,FAIZABAD,파이자바드,mt
MAPNAME|FAJARDO,FAJARDO,파하르도,mt
MAPNAME|FAKFAK,FAKFAK,파크파크,mt
MAPNAME|FALESTI,FALESTI,팔레슈티,mt
MAPNAME|FALKENBERG,FALKENBERG,팔켄베리,mt
MAPNAME|FALKIRK,FALKIRK,폴커크,mt
MAPNAME|FALKÖPING,FALKÖPING,팔셰핑,mt
MAPNAME|FALL RIVER,FALL RIVER,폴리버,mt
MAPNAME|FALLBROOK,FALLBROOK,폴브룩,mt
MAPNAME|FALUN,FALUN,팔룬,mt
MAPNAME|FANCISCO MORATO,FANCISCO MORATO,프란시스쿠모라투,mt
MAPNAME|FANDRIANA,FANDRIANA,판드리아나,mt
MAPNAME|FANGCHENG,FANGCHENG,팡청,mt
MAPNAME|FANGZHENG,FANGZHENG,팡정,mt
MAPNAME|FAQUS,FAQUS,파쿠스,mt
MAPNAME|FARAFANGANA,FARAFANGANA,파라팡가나,mt
MAPNAME|FARAFENNI,FARAFENNI,파라펜니,mt
MAPNAME|FARAH,FARAH,파라,mt
MAPNAME|FARANAH,FARANAH,파라나,mt
MAPNAME|FARDIPUR,FARDIPUR,파르디푸르,mt
MAPNAME|FARGO,FARGO,파고,mt
MAPNAME|FARIDABAD,FARIDABAD,파리다바드,mt
MAPNAME|FARIDKOT,FARIDKOT,파리드코트,mt
MAPNAME|FARIDPUR,FARIDPUR,파리드푸르,mt
MAPNAME|FARIMAN,FARIMAN,파리만,mt
MAPNAME|FARKHOR,FARKHOR,파르코르,mt
MAPNAME|FARLEY,FARLEY,팔리,mt
MAPNAME|FARMINGTON,FARMINGTON,파밍턴,mt
MAPNAME|FARO,FARO,파루,mt
MAPNAME|FARRUKHABAD,FARRUKHABAD,파루카바드,mt
MAPNAME|FARSHUT,FARSHUT,파르슈트,mt
MAPNAME|FASA,FASA,파사,mt
MAPNAME|FASTIV,FASTIV,파스티우,mt
MAPNAME|FATEHABAD,FATEHABAD,파테하바드,mt
MAPNAME|FATEHPUR,FATEHPUR,파테푸르,mt
MAPNAME|FATSA,FATSA,파트사,mt
MAPNAME|FAYA-LARGEAU,FAYA-LARGEAU,파야라르조,mt
MAPNAME|FAYETTEVILLE,FAYETTEVILLE,페이엇빌,mt
MAPNAME|FAZILKA,FAZILKA,파질카,mt
MAPNAME|FDÉRIK,FDÉRIK,프데리크,mt
MAPNAME|FEDERACION,FEDERACION,페데라시온,mt
MAPNAME|FEDERAL WAY,FEDERAL WAY,페더럴웨이,mt
MAPNAME|FEIRA DE SANTANA,FEIRA DE SANTANA,페이라지산타나,mt
MAPNAME|FELDKIRCH,FELDKIRCH,펠트키르히,mt
MAPNAME|FENGCHENG,FENGCHENG,펑청,mt
MAPNAME|FENGZHOU,FENGZHOU,펑저우,mt
MAPNAME|FENOARIVO ,FENOARIVO ,페노아리보,mt
MAPNAME|FEODOSIYA,FEODOSIYA,페오도시야,mt
MAPNAME|FERDOWS,FERDOWS,페르도스,mt
MAPNAME|FERGANA,FERGANA,페르가나,mt
MAPNAME|FERKÉSSÉDOUGOU,FERKÉSSÉDOUGOU,페르케세두구,mt
MAPNAME|FERMI,FERMI,페르미,mt
MAPNAME|FERNANDO NORONHA,FERNANDO NORONHA,페르난두지노로냐,mt
MAPNAME|FERNANDÓPOLIS,FERNANDÓPOLIS,페르난도폴리스,mt
MAPNAME|FERRARA,FERRARA,페라라,mt
MAPNAME|FERRENAFE,FERRENAFE,페레냐페,mt
MAPNAME|FERROL,FERROL,페롤,mt
MAPNAME|FES,FES,페스,mt
MAPNAME|FETESTI,FETESTI,페테슈티,mt
MAPNAME|FETHIYE,FETHIYE,페티예,mt
MAPNAME|FIANARANTSOA,FIANARANTSOA,피아나란초아,mt
MAPNAME|FIER,FIER,피에르,mt
MAPNAME|FIGUEIRA DA FOZ,FIGUEIRA DA FOZ,피게이라다포즈,mt
MAPNAME|FIGUERES,FIGUERES,피게레스,mt
MAPNAME|FIGUIL,FIGUIL,피길,mt
MAPNAME|FILAKIT,FILAKIT,필라키트,mt
MAPNAME|FINDLAY,FINDLAY,핀들리,mt
MAPNAME|FINOTE SELAM,FINOTE SELAM,피노테셀람,mt
MAPNAME|FIRENZE,FIRENZE,피렌체,mt
MAPNAME|FIROZABAD,FIROZABAD,피로자바드,mt
MAPNAME|FIROZPUR,FIROZPUR,피로즈푸르,mt
MAPNAME|FIRUZABAD,FIRUZABAD,피루자바드,mt
MAPNAME|FISH TOWN,FISH TOWN,피시타운,mt
MAPNAME|FISHERS,FISHERS,피셔스,mt
MAPNAME|FIUMICINO,FIUMICINO,피우미치노,mt
MAPNAME|FKIH BEN SALAH,FKIH BEN SALAH,프키벤살라,mt
MAPNAME|FLAGSTAFF,FLAGSTAFF,플래그스태프,mt
MAPNAME|FLENSBURG,FLENSBURG,플렌스부르크,mt
MAPNAME|FLINT,FLINT,플린트,mt
MAPNAME|FLORENCE,FLORENCE,플로렌스,mt
MAPNAME|FLORENCIA,FLORENCIA,플로렌시아,mt
MAPNAME|FLORES,FLORES,플로레스,mt
MAPNAME|FLORIANO,FLORIANO,플로리아누,mt
MAPNAME|FLORIANÓPOLIS,FLORIANÓPOLIS,플로리아노폴리스,mt
MAPNAME|FLORIDA,FLORIDA,플로리다,mt
MAPNAME|FLORISSANT,FLORISSANT,플로리선트,mt
MAPNAME|FLOWER MOUND,FLOWER MOUND,플라워마운드,mt
MAPNAME|FOCSANI,FOCSANI,폭샤니,mt
MAPNAME|FOGGIA,FOGGIA,포자,mt
MAPNAME|FOLIGNO,FOLIGNO,폴리뇨,mt
MAPNAME|FOLSOM,FOLSOM,폴섬,mt
MAPNAME|FOND DU LAC,FOND DU LAC,퐁뒤락,mt
MAPNAME|FONTANA,FONTANA,폰태나,mt
MAPNAME|FORECARIAH,FORECARIAH,포레카리아,mt
MAPNAME|FOREST HILLS,FOREST HILLS,포리스트힐스,mt
MAPNAME|FORLI,FORLI,포를리,mt
MAPNAME|FORMIGA,FORMIGA,포르미가,mt
MAPNAME|FORMOSA,FORMOSA,포르모사,mt
MAPNAME|FORT A. P. HILL,FORT A. P. HILL,포트에이피힐,mt
MAPNAME|FORT BENNING,FORT BENNING,포트베닝,mt
MAPNAME|FORT BLANDING,FORT BLANDING,포트블랜딩,mt
MAPNAME|FORT BLISS,FORT BLISS,포트블리스,mt
MAPNAME|FORT BRAGG,FORT BRAGG,포트브래그,mt
MAPNAME|FORT CALHOUN,FORT CALHOUN,포트칼훈,mt
MAPNAME|FORT CAMPBELL,FORT CAMPBELL,포트캠벨,mt
MAPNAME|FORT CARSON,FORT CARSON,포트카슨,mt
MAPNAME|FORT CHAFFEE,FORT CHAFFEE,포트채피,mt
MAPNAME|FORT CHURCHILL,FORT CHURCHILL,포트처칠,mt
MAPNAME|FORT COLLINS,FORT COLLINS,포트콜린스,mt
MAPNAME|FORT DIX,FORT DIX,포트딕스,mt
MAPNAME|FORT DODGE,FORT DODGE,포트다지,mt
MAPNAME|FORT DRUM,FORT DRUM,포트드럼,mt
MAPNAME|FORT ERIE,FORT ERIE,포트이리,mt
MAPNAME|FORT HOOD,FORT HOOD,포트후드,mt
MAPNAME|FORT HUACHUCA,FORT HUACHUCA,포트와추카,mt
MAPNAME|FORT INDIANTOWN,FORT INDIANTOWN,포트인디언타운,mt
MAPNAME|FORT IRWIN,FORT IRWIN,포트어윈,mt
MAPNAME|FORT JACKSON,FORT JACKSON,포트잭슨,mt
MAPNAME|FORT KNOX,FORT KNOX,포트녹스,mt
MAPNAME|FORT LAUDERDALE,FORT LAUDERDALE,포트로더데일,mt
MAPNAME|FORT LEAVENWORTH,FORT LEAVENWORTH,포트리븐워스,mt
MAPNAME|FORT LEONARD WOOD,FORT LEONARD WOOD,포트레너드우드,mt
MAPNAME|FORT LEWIS,FORT LEWIS,포트루이스,mt
MAPNAME|FORT MCCOY,FORT MCCOY,포트매코이,mt
MAPNAME|FORT MCMURRAY,FORT MCMURRAY,포트맥머리,mt
MAPNAME|FORT MCPHEARSON,FORT MCPHEARSON,포트맥퍼슨,mt
MAPNAME|FORT MEADE,FORT MEADE,포트미드,mt
MAPNAME|FORT MONMOUTH,FORT MONMOUTH,포트먼머스,mt
MAPNAME|FORT MYERS,FORT MYERS,포트마이어스,mt
MAPNAME|FORT POLK,FORT POLK,포트포크,mt
MAPNAME|FORT PORTAL,FORT PORTAL,포트포털,mt
MAPNAME|FORT RICHARDSON,FORT RICHARDSON,포트리처드슨,mt
MAPNAME|FORT RILEY,FORT RILEY,포트라일리,mt
MAPNAME|FORT RUCKER,FORT RUCKER,포트러커,mt
MAPNAME|FORT SAM HOUSTON,FORT SAM HOUSTON,포트샘휴스턴,mt
MAPNAME|FORT SHAFTER,FORT SHAFTER,포트섀프터,mt
MAPNAME|FORT SILL,FORT SILL,포트실,mt
MAPNAME|FORT SMITH,FORT SMITH,포트스미스,mt
MAPNAME|FORT STEWART,FORT STEWART,포트스튜어트,mt
MAPNAME|FORT WALTON BEACH,FORT WALTON BEACH,포트월턴비치,mt
MAPNAME|FORT WAYNE,FORT WAYNE,포트웨인,mt
MAPNAME|FORT WORTH,FORT WORTH,포트워스,mt
MAPNAME|FORT-DE-FRANCE,FORT-DE-FRANCE,포르드프랑스,mt
MAPNAME|FORTALEZA,FORTALEZA,포르탈레자,mt
MAPNAME|FOSHAN,FOSHAN,포산,mt
MAPNAME|FOUMBAN,FOUMBAN,푸움반,mt
MAPNAME|FOYA,FOYA,포야,mt
MAPNAME|FOZ DO IGUAÇU,FOZ DO IGUAÇU,포스두이구아수,mt
MAPNAME|FRAMANVILLE,FRAMANVILLE,프라망빌,mt
MAPNAME|FRAMINGHAM,FRAMINGHAM,프레이밍햄,mt
MAPNAME|FRANCA,FRANCA,프랑카,mt
MAPNAME|FRANCISCO BELTRAO,FRANCISCO BELTRAO,프란시스쿠벨트랑,mt
MAPNAME|FRANCISTOWN,FRANCISTOWN,프랜시스타운,mt
MAPNAME|FRANKENBERG,FRANKENBERG,프랑켄베르크,mt
MAPNAME|FRANKFORT,FRANKFORT,프랭크퍼트,mt
MAPNAME|FRANKFURT-MAIN,FRANKFURT-MAIN,프랑크푸르트,mt
MAPNAME|FRANKFURT-ODER,FRANKFURT-ODER,프랑크푸르트오데르,mt
MAPNAME|FRANKLIN,FRANKLIN,프랭클린,mt
MAPNAME|FRANKSTON,FRANKSTON,프랭스턴,mt
MAPNAME|FREDERICA,FREDERICA,프레데리카,mt
MAPNAME|FREDERICTON,FREDERICTON,프레더릭턴,mt
MAPNAME|FREDERIKSTED,FREDERIKSTED,프레데릭스테드,mt
MAPNAME|FREDRICK,FREDRICK,프레드릭,mt
MAPNAME|FREDRIKSHAVN,FREDRIKSHAVN,프레데릭샤운,mt
MAPNAME|FREDRIKSTAD,FREDRIKSTAD,프레드릭스타,mt
MAPNAME|FREEPORT,FREEPORT,프리포트,mt
MAPNAME|FREETOWN,FREETOWN,프리타운,mt
MAPNAME|FREIBURG,FREIBURG,프라이부르크,mt
MAPNAME|FREMONT,FREMONT,프리몬트,mt
MAPNAME|FRESNILLO,FRESNILLO,프레스니요,mt
MAPNAME|FRESNO,FRESNO,프레즈노,mt
MAPNAME|FRIA,FRIA,프리아,mt
MAPNAME|FRIAS,FRIAS,프리아스,mt
MAPNAME|FRIBOURG,FRIBOURG,프리부르,mt
MAPNAME|FRIEDRICHSHAFEN,FRIEDRICHSHAFEN,프리드리히스하펜,mt
MAPNAME|FRISCO,FRISCO,프리스코,mt
MAPNAME|FRUTAL,FRUTAL,프루탈,mt
MAPNAME|FRÉJUS,FRÉJUS,프레쥐스,mt
MAPNAME|FRÝDEK-MISTEK,FRÝDEK-MISTEK,프리데크미스테크,mt
MAPNAME|FUCHU,FUCHU,후추,mt
MAPNAME|FUENGIROLA,FUENGIROLA,푸엥히롤라,mt
MAPNAME|FUJI,FUJI,후지,mt
MAPNAME|FUJIEDA,FUJIEDA,후지에다,mt
MAPNAME|FUJIN,FUJIN,푸진,mt
MAPNAME|FUJIOKA,FUJIOKA,후지오카,mt
MAPNAME|FUJISAWA,FUJISAWA,후지사와,mt
MAPNAME|FUJIYOSHIDA,FUJIYOSHIDA,후지요시다,mt
MAPNAME|FUKANG,FUKANG,푸캉,mt
MAPNAME|FUKAYA,FUKAYA,후카야,mt
MAPNAME|FUKUCHIYAMA,FUKUCHIYAMA,후쿠치야마,mt
MAPNAME|FUKUE,FUKUE,후쿠에,mt
MAPNAME|FUKUI,FUKUI,후쿠이,mt
MAPNAME|FUKUNO,FUKUNO,후쿠노,mt
MAPNAME|FUKUOKA,FUKUOKA,후쿠오카,mt
MAPNAME|FUKUSHIMA,FUKUSHIMA,후쿠시마,mt
MAPNAME|FUKUYAMA,FUKUYAMA,후쿠야마,mt
MAPNAME|FULDA,FULDA,풀다,mt
MAPNAME|FULING,FULING,푸링,mt
MAPNAME|FULLERTON,FULLERTON,풀러턴,mt
MAPNAME|FUNABASHI,FUNABASHI,후나바시,mt
MAPNAME|FUNCHAL,FUNCHAL,푼샤우,mt
MAPNAME|FUNDACIÓN,FUNDACIÓN,푼다시온,mt
MAPNAME|FUNEHIKI,FUNEHIKI,후네히키,mt
MAPNAME|FUNING,FUNING,푸닝,mt
MAPNAME|FUNNING,FUNNING,푼닝,mt
MAPNAME|FUNTUA,FUNTUA,푼투아,mt
MAPNAME|FUNYAN BIRA,FUNYAN BIRA,푼얀비라,mt
MAPNAME|FUPING,FUPING,푸핑,mt
MAPNAME|FURUKAWA,FURUKAWA,후루카와,mt
MAPNAME|FUSAGASUGÁ,FUSAGASUGÁ,푸사가수가,mt
MAPNAME|FUSHUN,FUSHUN,푸순,mt
MAPNAME|FUSONG,FUSONG,푸쑹,mt
MAPNAME|FUTOG,FUTOG,푸토그,mt
MAPNAME|FUWAH,FUWAH,푸와,mt
MAPNAME|FUXIN,FUXIN,푸신,mt
MAPNAME|FUYANG,FUYANG,푸양,mt
MAPNAME|FUYU,FUYU,푸위,mt
MAPNAME|FUZHON,FUZHON,푸중,mt
MAPNAME|FUZHOU,FUZHOU,푸저우,mt
MAPNAME|FÜRTH,FÜRTH,퓌르트,mt
MAPNAME|GABELA,GABELA,가벨라,mt
MAPNAME|GABORONE,GABORONE,가보로네,mt
MAPNAME|GABRESKI ANGB,GABRESKI ANGB,가브레스키공군기지,mt
MAPNAME|GABROVO,GABROVO,가브로보,mt
MAPNAME|GADAG,GADAG,가다그,mt
MAPNAME|GADSDEN,GADSDEN,가즈던,mt
MAPNAME|GADWAL,GADWAL,가드왈,mt
MAPNAME|GAETA,GAETA,가에타,mt
MAPNAME|GAFSA,GAFSA,가프사,mt
MAPNAME|GAGNOA,GAGNOA,가뇨아,mt
MAPNAME|GAHANNA,GAHANNA,가해나,mt
MAPNAME|GAIBANDA,GAIBANDA,가이반다,mt
MAPNAME|GAINESVILLE,GAINESVILLE,게인즈빌,mt
MAPNAME|GAIRO,GAIRO,가이로,mt
MAPNAME|GAITHERSBURG,GAITHERSBURG,게이더스버그,mt
MAPNAME|GAIXIAN,GAIXIAN,가이셴,mt
MAPNAME|GALATI,GALATI,갈라치,mt
MAPNAME|GALESBURG,GALESBURG,게일즈버그,mt
MAPNAME|GALLATIN,GALLATIN,갤러틴,mt
MAPNAME|GALLE,GALLE,갈,mt
MAPNAME|GALVESTON,GALVESTON,갤버스턴,mt
MAPNAME|GALVEZ,GALVEZ,갈베스,mt
MAPNAME|GALWAY,GALWAY,골웨이,mt
MAPNAME|GAMA,GAMA,가마,mt
MAPNAME|GAMAGORI,GAMAGORI,가마고리,mt
MAPNAME|GAMBELA,GAMBELA,감벨라,mt
MAPNAME|GAMBORU (REPORTBUG),GAMBORU (REPORTBUG),감보루,mt
MAPNAME|GAMBOULA,GAMBOULA,감불라,mt
MAPNAME|GANAVEH,GANAVEH,가나베,mt
MAPNAME|GANDAJIKA,GANDAJIKA,간다지카,mt
MAPNAME|GANDER,GANDER,갠더,mt
MAPNAME|GANDHINAGAR,GANDHINAGAR,간디나가르,mt
MAPNAME|GANDÍA,GANDÍA,간디아,mt
MAPNAME|GANGANAGAR,GANGANAGAR,강가나가르,mt
MAPNAME|GANGAPUR,GANGAPUR,강가푸르,mt
MAPNAME|GANGARAMPUR,GANGARAMPUR,강가람푸르,mt
MAPNAME|GANGAWATI,GANGAWATI,강가와티,mt
MAPNAME|GANGNEUNG,GANGNEUNG,강릉,mt
MAPNAME|GANGOH,GANGOH,강오,mt
MAPNAME|GANNAN,GANNAN,간난,mt
MAPNAME|GANTA,GANTA,간타,mt
MAPNAME|GANZHOU,GANZHOU,간저우,mt
MAPNAME|GAO,GAO,가오,mt
MAPNAME|GAO'AN,GAO'AN,가오안,mt
MAPNAME|GAOMI,GAOMI,가오미,mt
MAPNAME|GAOSHAN,GAOSHAN,가오산,mt
MAPNAME|GAOUAL,GAOUAL,가우알,mt
MAPNAME|GAOXIAN,GAOXIAN,가오셴,mt
MAPNAME|GAOYOU,GAOYOU,가오유,mt
MAPNAME|GAOZHOU,GAOZHOU,가오저우,mt
MAPNAME|GAPAN,GAPAN,가판,mt
MAPNAME|GARANHUNS,GARANHUNS,가라뉴스,mt
MAPNAME|GARAPAN,GARAPAN,가라판,mt
MAPNAME|GARBSEN,GARBSEN,가르브젠,mt
MAPNAME|GARDABANI,GARDABANI,가르다바니,mt
MAPNAME|GARDEN CITY,GARDEN CITY,가든시티,mt
MAPNAME|GARISSA,GARISSA,가리사,mt
MAPNAME|GARLAND,GARLAND,갈런드,mt
MAPNAME|GAROUA,GAROUA,가루아,mt
MAPNAME|GARUT,GARUT,가루트,mt
MAPNAME|GARY,GARY,게리,mt
MAPNAME|GASHUA,GASHUA,가슈아,mt
MAPNAME|GASPÉ,GASPÉ,가스페,mt
MAPNAME|GASTONIA,GASTONIA,개스토니아,mt
MAPNAME|GATCHINA,GATCHINA,가치나,mt
MAPNAME|GAYA,GAYA,가야,mt
MAPNAME|GAZIANTEP,GAZIANTEP,가지안테프,mt
MAPNAME|GBADOLITE,GBADOLITE,바돌리테,mt
MAPNAME|GBARNGA,GBARNGA,바응가,mt
MAPNAME|GBOKO,GBOKO,보코,mt
MAPNAME|GDANSK,GDANSK,그단스크,mt
MAPNAME|GDYNIA,GDYNIA,그디니아,mt
MAPNAME|GEBZE,GEBZE,게브제,mt
MAPNAME|GEDEB,GEDEB,게데브,mt
MAPNAME|GEELONG,GEELONG,질롱,mt
MAPNAME|GEJIU,GEJIU,거주,mt
MAPNAME|GELA,GELA,젤라,mt
MAPNAME|GELEMSO,GELEMSO,겔렘소,mt
MAPNAME|GELENDZHIK,GELENDZHIK,겔렌지크,mt
MAPNAME|GELTA,GELTA,겔타,mt
MAPNAME|GEMENA,GEMENA,게메나,mt
MAPNAME|GEMLIK,GEMLIK,젬리크,mt
MAPNAME|GENDA WUHA,GENDA WUHA,겐다우하,mt
MAPNAME|GENEINA,GENEINA,게네이나,mt
MAPNAME|GENERAL ESCOBEDO,GENERAL ESCOBEDO,헤네랄에스코베도,mt
MAPNAME|GENERAL PICO,GENERAL PICO,헤네랄피코,mt
MAPNAME|GENERAL ROCO,GENERAL ROCO,헤네랄로코,mt
MAPNAME|GENERAL SAN MARTIN,GENERAL SAN MARTIN,헤네랄산마르틴,mt
MAPNAME|GENERAL SANTOS,GENERAL SANTOS,제너럴산토스,mt
MAPNAME|GENEVE,GENEVE,제네바,mt
MAPNAME|GENHE,GENHE,건허,mt
MAPNAME|GENKAI,GENKAI,겐카이,mt
MAPNAME|GENOVA,GENOVA,제노바,mt
MAPNAME|GENT,GENT,헨트,mt
MAPNAME|GENTILLY,GENTILLY,장티이,mt
MAPNAME|GEORGE,GEORGE,조지,mt
MAPNAME|GEORGE TOWN,GEORGE TOWN,조지타운,mt
MAPNAME|GEORGETOWN,GEORGETOWN,조지타운,mt
MAPNAME|GEORGIYEVSK,GEORGIYEVSK,게오르기옙스크,mt
MAPNAME|GERA,GERA,게라,mt
MAPNAME|GERALDTON,GERALDTON,제럴턴,mt
MAPNAME|GERMANTOWN,GERMANTOWN,저먼타운,mt
MAPNAME|GERMIKHA,GERMIKHA,게르미하,mt
MAPNAME|GETAFE,GETAFE,헤타페,mt
MAPNAME|GETXO,GETXO,헤초,mt
MAPNAME|GHAKHAR,GHAKHAR,가카르,mt
MAPNAME|GHANDHIDHAM,GHANDHIDHAM,간디담,mt
MAPNAME|GHARDAIA,GHARDAIA,가르다이아,mt
MAPNAME|GHAT,GHAT,가트,mt
MAPNAME|GHATAL,GHATAL,가탈,mt
MAPNAME|GHAYL BA WAZIR,GHAYL BA WAZIR,가일바와지르,mt
MAPNAME|GHAZIABAD,GHAZIABAD,가지아바드,mt
MAPNAME|GHAZNI,GHAZNI,가즈니,mt
MAPNAME|GHAZZAH,GHAZZAH,가자,mt
MAPNAME|GHENT,GHENT,헨트,mt
MAPNAME|GHEROGHE GHEORGHIU-DEJ,GHEROGHE GHEORGHIU-DEJ,게오르게게오르기우데지,mt
MAPNAME|GHOTKI,GHOTKI,고트키,mt
MAPNAME|GIBRALTAR,GIBRALTAR,지브롤터,mt
MAPNAME|GIDOLE,GIDOLE,기돌레,mt
MAPNAME|GIEßEN,GIEßEN,기센,mt
MAPNAME|GIFU,GIFU,기후,mt
MAPNAME|GIJÓN,GIJÓN,히혼,mt
MAPNAME|GILLAM,GILLAM,질럼,mt
MAPNAME|GILLETTE,GILLETTE,질레트,mt
MAPNAME|GILLINGHAM,GILLINGHAM,질링엄,mt
MAPNAME|GILROY,GILROY,길로이,mt
MAPNAME|GIMBI,GIMBI,김비,mt
MAPNAME|GIMHAE,GIMHAE,김해,mt
MAPNAME|GIMIBICHO,GIMIBICHO,기미비초,mt
MAPNAME|GIMJE,GIMJE,김제,mt
MAPNAME|GINCHI,GINCHI,긴치,mt
MAPNAME|GINGOOG,GINGOOG,깅오그,mt
MAPNAME|GINIR,GINIR,기니르,mt
MAPNAME|GINNA,GINNA,긴나,mt
MAPNAME|GIOIA DEL COLLE,GIOIA DEL COLLE,조이아델콜레,mt
MAPNAME|GIRARDOT,GIRARDOT,히라르도트,mt
MAPNAME|GIRESUN,GIRESUN,기레순,mt
MAPNAME|GIRIDIH,GIRIDIH,기리디,mt
MAPNAME|GIRONA,GIRONA,지로나,mt
MAPNAME|GISBORNE,GISBORNE,기스본,mt
MAPNAME|GISENYI,GISENYI,기세니,mt
MAPNAME|GISLAVED,GISLAVED,이슬라베드,mt
MAPNAME|GITARAMA,GITARAMA,기타라마,mt
MAPNAME|GITEGA,GITEGA,기테가,mt
MAPNAME|GIUGLIANO,GIUGLIANO,주글리아노,mt
MAPNAME|GIURGIU,GIURGIU,주르주,mt
MAPNAME|GJOVIK,GJOVIK,예비크,mt
MAPNAME|GJUMRI,GJUMRI,규므리,mt
MAPNAME|GLACE BAY,GLACE BAY,글레이스베이,mt
MAPNAME|GLADSTONE,GLADSTONE,글래드스턴,mt
MAPNAME|GLASGOW,GLASGOW,글래스고,mt
MAPNAME|GLASSMANOR,GLASSMANOR,글래스머너,mt
MAPNAME|GLAZOV,GLAZOV,글라조프,mt
MAPNAME|GLEN BURNIE,GLEN BURNIE,글렌버니,mt
MAPNAME|GLEN COVE,GLEN COVE,글렌코브,mt
MAPNAME|GLENDALE,GLENDALE,글렌데일,mt
MAPNAME|GLIFÁDHA,GLIFÁDHA,글리파다,mt
MAPNAME|GLIWICE,GLIWICE,글리비체,mt
MAPNAME|GLOGÓW,GLOGÓW,그워구프,mt
MAPNAME|GLOUCESTER,GLOUCESTER,글로스터,mt
MAPNAME|GNIEZNO,GNIEZNO,그니에즈노,mt
MAPNAME|GNJILANE,GNJILANE,그닐라네,mt
MAPNAME|GOBA,GOBA,고바,mt
MAPNAME|GOBERNADOR VIRASORO,GOBERNADOR VIRASORO,고베르나도르비라소로,mt
MAPNAME|GOBESA,GOBESA,고베사,mt
MAPNAME|GOBINDGARH,GOBINDGARH,고빈드가르,mt
MAPNAME|GODE,GODE,고데,mt
MAPNAME|GODHRA,GODHRA,고드라,mt
MAPNAME|GODOMEY,GODOMEY,고도메,mt
MAPNAME|GOESGEN,GOESGEN,괴스겐,mt
MAPNAME|GOIANA,GOIANA,고이아나,mt
MAPNAME|GOIANIA,GOIANIA,고이아니아,mt
MAPNAME|GOIANÉSIA,GOIANÉSIA,고이아네지아,mt
MAPNAME|GOJRA,GOJRA,고지라,mt
MAPNAME|GOKAK,GOKAK,고칵,mt
MAPNAME|GOLA GOKARANNATH,GOLA GOKARANNATH,골라고카란나트,mt
MAPNAME|GOLD COAST,GOLD COAST,골드코스트,mt
MAPNAME|GOLDSBORO,GOLDSBORO,골즈버러,mt
MAPNAME|GOLETA,GOLETA,골레타,mt
MAPNAME|GOLFECH,GOLFECH,골페슈,mt
MAPNAME|GOLMUD,GOLMUD,거얼무,mt
MAPNAME|GOMA,GOMA,고마,mt
MAPNAME|GOMBE,GOMBE,곰베,mt
MAPNAME|GONABAD,GONABAD,고나바드,mt
MAPNAME|GONAIVES,GONAIVES,고나이브,mt
MAPNAME|GONBAD-E QABUS,GONBAD-E QABUS,곤바데카부스,mt
MAPNAME|GONDA,GONDA,곤다,mt
MAPNAME|GONDAL,GONDAL,곤달,mt
MAPNAME|GONDER,GONDER,곤다르,mt
MAPNAME|GONDIA,GONDIA,곤디아,mt
MAPNAME|GONGAN,GONGAN,궁안,mt
MAPNAME|GONGHE,GONGHE,궁허,mt
MAPNAME|GONGJU,GONGJU,공주,mt
MAPNAME|GONGLIU,GONGLIU,궁류,mt
MAPNAME|GONGZHULING,GONGZHULING,궁주링,mt
MAPNAME|GONOURA,GONOURA,고노우라,mt
MAPNAME|GOOSE BAY,GOOSE BAY,구스베이,mt
MAPNAME|GOOSE CREEK,GOOSE CREEK,구스크리크,mt
MAPNAME|GOPALGANJ,GOPALGANJ,고팔간즈,mt
MAPNAME|GOPICHETTIPALAIYAM,GOPICHETTIPALAIYAM,고피체티팔라이얌,mt
MAPNAME|GORAKHPUR,GORAKHPUR,고라크푸르,mt
MAPNAME|GOREY,GOREY,고리,mt
MAPNAME|GORGAN,GORGAN,고르간,mt
MAPNAME|GORI,GORI,고리,mt
MAPNAME|GORNA ORYAKHOVITSA,GORNA ORYAKHOVITSA,고르나오랴호비차,mt
MAPNAME|GORNO-ALTAISK,GORNO-ALTAISK,고르노알타이스크,mt
MAPNAME|GOROKA,GOROKA,고로카,mt
MAPNAME|GORONTALO,GORONTALO,고론탈로,mt
MAPNAME|GORZÓW WIELKOPOLSKI,GORZÓW WIELKOPOLSKI,고주프비엘코폴스키,mt
MAPNAME|GOSEN,GOSEN,고센,mt
MAPNAME|GOSFORD,GOSFORD,고스퍼드,mt
MAPNAME|GOSHEN,GOSHEN,고셴,mt
MAPNAME|GOSHOGAWARA,GOSHOGAWARA,고쇼가와라,mt
MAPNAME|GOSTIVAR,GOSTIVAR,고스티바르,mt
MAPNAME|GOTENBA,GOTENBA,고텐바,mt
MAPNAME|GOUDA,GOUDA,하우다,mt
MAPNAME|GOVERNADOR VALADARES,GOVERNADOR VALADARES,고베르나도르발라다리스,mt
MAPNAME|GOYA,GOYA,고야,mt
MAPNAME|GRABOUW,GRABOUW,흐라바우,mt
MAPNAME|GRAFF-REINET,GRAFF-REINET,흐라프레이넷,mt
MAPNAME|GRAHAMSTOWN,GRAHAMSTOWN,그레이엄스타운,mt
MAPNAME|GRAJEWO,GRAJEWO,그라예보,mt
MAPNAME|GRANADA,GRANADA,그라나다,mt
MAPNAME|GRANADILLA DE ABONA,GRANADILLA DE ABONA,그라나디야데아보나,mt
MAPNAME|GRANBY,GRANBY,그랜비,mt
MAPNAME|GRAND FORKS,GRAND FORKS,그랜드포크스,mt
MAPNAME|GRAND GULF,GRAND GULF,그랜드걸프,mt
MAPNAME|GRAND ISLAND,GRAND ISLAND,그랜드아일랜드,mt
MAPNAME|GRAND JUNCTION,GRAND JUNCTION,그랜드정션,mt
MAPNAME|GRAND PRAIRIE,GRAND PRAIRIE,그랜드프레리,mt
MAPNAME|GRAND PRARIE,GRAND PRARIE,그랜드프레리,mt
MAPNAME|GRAND RAPIDS,GRAND RAPIDS,그랜드래피즈,mt
MAPNAME|GRANDVIEW,GRANDVIEW,그랜드뷰,mt
MAPNAME|GRANGER,GRANGER,그레인저,mt
MAPNAME|GRANITE CITY,GRANITE CITY,그래나이트시티,mt
MAPNAME|GRANOLLERS,GRANOLLERS,그라노예르스,mt
MAPNAME|GRANTS PASS,GRANTS PASS,그랜츠패스,mt
MAPNAME|GRAVATAI,GRAVATAI,그라바타이,mt
MAPNAME|GRAVATÁ,GRAVATÁ,그라바타,mt
MAPNAME|GRAVELINES,GRAVELINES,그라블린,mt
MAPNAME|GRAZ,GRAZ,그라츠,mt
MAPNAME|GREAT FALLS,GREAT FALLS,그레이트폴스,mt
MAPNAME|GREAT YARMOUTH,GREAT YARMOUTH,그레이트야머스,mt
MAPNAME|GREELEY,GREELEY,그릴리,mt
MAPNAME|GREEN,GREEN,그린,mt
MAPNAME|GREEN BAY,GREEN BAY,그린베이,mt
MAPNAME|GREENINGDON,GREENINGDON,그리닝던,mt
MAPNAME|GREENOCK,GREENOCK,그리녹,mt
MAPNAME|GREENSBORO,GREENSBORO,그린즈버러,mt
MAPNAME|GREENVILLE,GREENVILLE,그린빌,mt
MAPNAME|GREENWICH,GREENWICH,그리니치,mt
MAPNAME|GREENWOOD,GREENWOOD,그린우드,mt
MAPNAME|GREIFSWALD,GREIFSWALD,그라이프스발트,mt
MAPNAME|GRENAA,GRENAA,그레노,mt
MAPNAME|GRENOBLE,GRENOBLE,그르노블,mt
MAPNAME|GRESIK,GRESIK,그레식,mt
MAPNAME|GREVENBROICH,GREVENBROICH,그레펜브로이히,mt
MAPNAME|GRIFFIN,GRIFFIN,그리핀,mt
MAPNAME|GRIFFITH,GRIFFITH,그리피스,mt
MAPNAME|GRIMARI,GRIMARI,그리마리,mt
MAPNAME|GRIMSBY,GRIMSBY,그림즈비,mt
MAPNAME|GRINDSTED,GRINDSTED,그린스테드,mt
MAPNAME|GRISSOM ARB,GRISSOM ARB,그리섬공군기지,mt
MAPNAME|GRODNO,GRODNO,그로드노,mt
MAPNAME|GROGOL,GROGOL,그로골,mt
MAPNAME|GRONINGEN,GRONINGEN,흐로닝언,mt
MAPNAME|GRONNEDAL,GRONNEDAL,그뢴네달,mt
MAPNAME|GROOM LAKE,GROOM LAKE,그룸호,mt
MAPNAME|GROSSETO,GROSSETO,그로세토,mt
MAPNAME|GROTON,GROTON,그로턴,mt
MAPNAME|GROZNY,GROZNY,그로즈니,mt
MAPNAME|GRUDZIADZ,GRUDZIADZ,그루지옹츠,mt
MAPNAME|GUACARA,GUACARA,과카라,mt
MAPNAME|GUADALAJARA,GUADALAJARA,과달라하라,mt
MAPNAME|GUADALUPE,GUADALUPE,과달루페,mt
MAPNAME|GUAIBA,GUAIBA,과이바,mt
MAPNAME|GUAJARÁ-MIRIM,GUAJARÁ-MIRIM,과자라미링,mt
MAPNAME|GUALEGUAY,GUALEGUAY,괄레과이,mt
MAPNAME|GUALEGUAYCHÚ,GUALEGUAYCHÚ,괄레과이추,mt
MAPNAME|GUAMÚCHIL,GUAMÚCHIL,과무칠,mt
MAPNAME|GUANAJUATO,GUANAJUATO,과나후아토,mt
MAPNAME|GUANAMBI,GUANAMBI,과남비,mt
MAPNAME|GUANARE,GUANARE,과나레,mt
MAPNAME|GUANG'AN,GUANG'AN,광안,mt
MAPNAME|GUANGHAN,GUANGHAN,광한,mt
MAPNAME|GUANGSHUI,GUANGSHUI,광수이,mt
MAPNAME|GUANGYUAN,GUANGYUAN,광위안,mt
MAPNAME|GUANGZHOU,GUANGZHOU,광저우,mt
MAPNAME|GUANJING,GUANJING,관징,mt
MAPNAME|GUANKOU,GUANKOU,관커우,mt
MAPNAME|GUANTANAMO,GUANTANAMO,관타나모,mt
MAPNAME|GUANTÁNAMO,GUANTÁNAMO,관타나모,mt
MAPNAME|GUANYUN,GUANYUN,관윈,mt
MAPNAME|GUAPILES,GUAPILES,과필레스,mt
MAPNAME|GUARABIRA,GUARABIRA,과라비라,mt
MAPNAME|GUARAPARI,GUARAPARI,과라파리,mt
MAPNAME|GUARAPUAVA,GUARAPUAVA,과라푸아바,mt
MAPNAME|GUARATINGUETÁ,GUARATINGUETÁ,과라칭게타,mt
MAPNAME|GUARDA,GUARDA,과르다,mt
MAPNAME|GUARENAS,GUARENAS,과레나스,mt
MAPNAME|GUARUJÁ,GUARUJÁ,과루자,mt
MAPNAME|GUARULHOS,GUARULHOS,과룰류스,mt
MAPNAME|GUASAVE,GUASAVE,과사베,mt
MAPNAME|GUATEMALA,GUATEMALA,과테말라,mt
MAPNAME|GUAXUPÉ,GUAXUPÉ,과슈페,mt
MAPNAME|GUAYAMA,GUAYAMA,과야마,mt
MAPNAME|GUAYAQUIL,GUAYAQUIL,과야킬,mt
MAPNAME|GUAYARAMERIN,GUAYARAMERIN,과야라메린,mt
MAPNAME|GUBKIN,GUBKIN,구프킨,mt
MAPNAME|GUDIVADA,GUDIVADA,구디바다,mt
MAPNAME|GUDIYATTAM,GUDIYATTAM,구디야탐,mt
MAPNAME|GUDUR,GUDUR,구두르,mt
MAPNAME|GUELMA,GUELMA,겔마,mt
MAPNAME|GUELMIM,GUELMIM,겔밈,mt
MAPNAME|GUELPH,GUELPH,궬프,mt
MAPNAME|GUERCIF,GUERCIF,게르시프,mt
MAPNAME|GUERNSEY,GUERNSEY,건지,mt
MAPNAME|GUIANA SPACE CENTRE,GUIANA SPACE CENTRE,기아나우주센터,mt
MAPNAME|GUIBENE,GUIBENE,기베네,mt
MAPNAME|GUICHENG,GUICHENG,구이청,mt
MAPNAME|GUIDER,GUIDER,기데르,mt
MAPNAME|GUIDONIA MONTECELIO,GUIDONIA MONTECELIO,귀도니아몬테첼리오,mt
MAPNAME|GUILDFORD,GUILDFORD,길퍼드,mt
MAPNAME|GUILIN,GUILIN,구이린,mt
MAPNAME|GUIMARAES,GUIMARAES,기마랑이스,mt
MAPNAME|GUIPING,GUIPING,구이핑,mt
MAPNAME|GUISA,GUISA,기사,mt
MAPNAME|GUIXI,GUIXI,구이시,mt
MAPNAME|GUIYANG,GUIYANG,구이양,mt
MAPNAME|GUJAR KHAN,GUJAR KHAN,구자르칸,mt
MAPNAME|GUJRANWALA,GUJRANWALA,구즈란왈라,mt
MAPNAME|GUJURAT,GUJURAT,구자라트,mt
MAPNAME|GUKOVO,GUKOVO,구코보,mt
MAPNAME|GULARIYA,GULARIYA,굴라리야,mt
MAPNAME|GULBARGA,GULBARGA,굴바르가,mt
MAPNAME|GULFPORT,GULFPORT,걸프포트,mt
MAPNAME|GULISTON,GULISTON,굴리스탄,mt
MAPNAME|GULU,GULU,굴루,mt
MAPNAME|GUMI,GUMI,구미,mt
MAPNAME|GUMMERSBACH,GUMMERSBACH,구머스바흐,mt
MAPNAME|GUNA,GUNA,구나,mt
MAPNAME|GUNDREMMINGEN,GUNDREMMINGEN,군트레밍겐,mt
MAPNAME|GUNPO,GUNPO,군포,mt
MAPNAME|GUNSAN,GUNSAN,군산,mt
MAPNAME|GUNTAKAL,GUNTAKAL,군타칼,mt
MAPNAME|GUNTUR,GUNTUR,군투르,mt
MAPNAME|GUNUNGSITOLI,GUNUNGSITOLI,구눙시톨리,mt
MAPNAME|GURDASPUR,GURDASPUR,구르다스푸르,mt
MAPNAME|GURGOAN,GURGOAN,구르가온,mt
MAPNAME|GURI,GURI,구리,mt
MAPNAME|GURJAANI,GURJAANI,구르자아니,mt
MAPNAME|GURJEVSK,GURJEVSK,구리예프스크,mt
MAPNAME|GURUPI,GURUPI,구루피,mt
MAPNAME|GURUÉ,GURUÉ,구루에,mt
MAPNAME|GURVANBAJAN,GURVANBAJAN,구르반바얀,mt
MAPNAME|GUS'-KHRUSTAL'NYY,GUS'-KHRUSTAL'NYY,구스흐루스탈니,mt
MAPNAME|GUSAU,GUSAU,구사우,mt
MAPNAME|GUSEV,GUSEV,구세프,mt
MAPNAME|GUSHI,GUSHI,구스,mt
MAPNAME|GUSINOOZERSK,GUSINOOZERSK,구시노오제르스크,mt
MAPNAME|GUULIN,GUULIN,구울린,mt
MAPNAME|GUWAHATI,GUWAHATI,구와하티,mt
MAPNAME|GUÉCKÉDOU,GUÉCKÉDOU,게케두,mt
MAPNAME|GWADAR,GWADAR,과다르,mt
MAPNAME|GWALIOR,GWALIOR,괄리오르,mt
MAPNAME|GWANGJU,GWANGJU,광주,mt
MAPNAME|GWERU,GWERU,그웨루,mt
MAPNAME|GYEONGJU,GYEONGJU,경주,mt
MAPNAME|GYEONGSAN,GYEONGSAN,경산,mt
MAPNAME|GYULA,GYULA,줄러,mt
MAPNAME|GYZYLARBAT,GYZYLARBAT,기질라르바트,mt
MAPNAME|GYÖNGYÖS,GYÖNGYÖS,됭죄시,mt
MAPNAME|GYÖR,GYÖR,죄르,mt
MAPNAME|GÁLDAR,GÁLDAR,갈다르,mt
MAPNAME|GÄLLIVARE,GÄLLIVARE,옐리바레,mt
MAPNAME|GÄNCÄ,GÄNCÄ,간자,mt
MAPNAME|GÄVLE,GÄVLE,예블레,mt
MAPNAME|GÓMEZ PALACIO,GÓMEZ PALACIO,고메스팔라시오,mt
MAPNAME|GÖDÖLLÖ,GÖDÖLLÖ,괴되뢰,mt
MAPNAME|GÖLCÜK,GÖLCÜK,괼지크,mt
MAPNAME|GÖPPINGEN,GÖPPINGEN,괴핑겐,mt
MAPNAME|GÖRLITZ,GÖRLITZ,괴를리츠,mt
MAPNAME|GÖTEBORG,GÖTEBORG,예테보리,mt
MAPNAME|GÖTTINGEN,GÖTTINGEN,괴팅겐,mt
MAPNAME|GÖYÇAY,GÖYÇAY,괴이차이,mt
MAPNAME|GÜIGÜE,GÜIGÜE,구이게,mt
MAPNAME|GÜINES,GÜINES,구이네스,mt
MAPNAME|GÜTERSLOH,GÜTERSLOH,귀터슬로,mt
MAPNAME|HA GIANG,HA GIANG,하장,mt
MAPNAME|HA'IL,HA'IL,하일,mt
MAPNAME|HAARLEM,HAARLEM,하를럼,mt
MAPNAME|HABRA,HABRA,하브라,mt
MAPNAME|HACHIMAN,HACHIMAN,하치만,mt
MAPNAME|HACHINOHE,HACHINOHE,하치노헤,mt
MAPNAME|HACHIOJI,HACHIOJI,하치오지,mt
MAPNAME|HACIENDA SANTA FE,HACIENDA SANTA FE,아시엔다산타페,mt
MAPNAME|HADANO,HADANO,하다노,mt
MAPNAME|HADDAM NECK,HADDAM NECK,해덤넥,mt
MAPNAME|HADEJIA,HADEJIA,하데지아,mt
MAPNAME|HADERA,HADERA,하데라,mt
MAPNAME|HADERSLEV,HADERSLEV,하데르슬레우,mt
MAPNAME|HADIBOH,HADIBOH,하디보,mt
MAPNAME|HADITHA,HADITHA,하디사,mt
MAPNAME|HAEJU,HAEJU,해주,mt
MAPNAME|HAFAR AL BATIN,HAFAR AL BATIN,하파르알바틴,mt
MAPNAME|HAFIZABAD,HAFIZABAD,하피자바드,mt
MAPNAME|HAGATNA,HAGATNA,하갓냐,mt
MAPNAME|HAGEN,HAGEN,하겐,mt
MAPNAME|HAGERSTOWN,HAGERSTOWN,헤이거스타운,mt
MAPNAME|HAGI,HAGI,하기,mt
MAPNAME|HAHAJIMA,HAHAJIMA,하하지마,mt
MAPNAME|HAI DUONG,HAI DUONG,하이즈엉,mt
MAPNAME|HAI PHONG,HAI PHONG,하이퐁,mt
MAPNAME|HAI'AN,HAI'AN,하이안,mt
MAPNAME|HAICHENG,HAICHENG,하이청,mt
MAPNAME|HAIFA,HAIFA,하이파,mt
MAPNAME|HAIFENG,HAIFENG,하이펑,mt
MAPNAME|HAIJAH,HAIJAH,하이자,mt
MAPNAME|HAIKOU,HAIKOU,하이커우,mt
MAPNAME|HAILAR,HAILAR,하이라얼,mt
MAPNAME|HAILUN,HAILUN,하이룬,mt
MAPNAME|HAIXI,HAIXI,하이시,mt
MAPNAME|HAJDÚSZOBOSZLÓ,HAJDÚSZOBOSZLÓ,허이두소보슬로,mt
MAPNAME|HAJI ABAD,HAJI ABAD,하지아바드,mt
MAPNAME|HAJIPUR,HAJIPUR,하지푸르,mt
MAPNAME|HAKIMI,HAKIMI,하키미,mt
MAPNAME|HAKKÂRI,HAKKÂRI,하카리,mt
MAPNAME|HAKODATE,HAKODATE,하코다테,mt
MAPNAME|HALAB,HALAB,할라브,mt
MAPNAME|HALDEN,HALDEN,할덴,mt
MAPNAME|HALDIA,HALDIA,할디아,mt
MAPNAME|HALDWANI,HALDWANI,할드와니,mt
MAPNAME|HALIFAX,HALIFAX,핼리팩스,mt
MAPNAME|HALISAHAR,HALISAHAR,할리사하르,mt
MAPNAME|HALKIDA,HALKIDA,할키다,mt
MAPNAME|HALLE,HALLE,할레,mt
MAPNAME|HALLS CREEK,HALLS CREEK,홀스크리크,mt
MAPNAME|HALMSTAD,HALMSTAD,할름스타드,mt
MAPNAME|HALTON HILLS,HALTON HILLS,홀턴힐스,mt
MAPNAME|HAMADA,HAMADA,하마다,mt
MAPNAME|HAMADAN,HAMADAN,하메단,mt
MAPNAME|HAMAH,HAMAH,하마,mt
MAPNAME|HAMAMATSU,HAMAMATSU,하마마쓰,mt
MAPNAME|HAMAOKA,HAMAOKA,하마오카,mt
MAPNAME|HAMAR,HAMAR,하마르,mt
MAPNAME|HAMBURG,HAMBURG,함부르크,mt
MAPNAME|HAMELN,HAMELN,하멜른,mt
MAPNAME|HAMHUNG,HAMHUNG,함흥,mt
MAPNAME|HAMILTON,HAMILTON,해밀턴,mt
MAPNAME|HAMINA,HAMINA,하미나,mt
MAPNAME|HAMM,HAMM,함,mt
MAPNAME|HAMMAGUIR,HAMMAGUIR,함마기르,mt
MAPNAME|HAMMOND,HAMMOND,해먼드,mt
MAPNAME|HAMPSTEAD,HAMPSTEAD,햄스테드,mt
MAPNAME|HAMPTON BAYS,HAMPTON BAYS,햄프턴베이스,mt
MAPNAME|HANAM,HANAM,하남,mt
MAPNAME|HANAMAKI,HANAMAKI,하나마키,mt
MAPNAME|HANAU,HANAU,하나우,mt
MAPNAME|HANCHENG,HANCHENG,한청,mt
MAPNAME|HANCHUAN,HANCHUAN,한촨,mt
MAPNAME|HANDA,HANDA,한다,mt
MAPNAME|HANDAN,HANDAN,한단,mt
MAPNAME|HANDENI,HANDENI,한데니,mt
MAPNAME|HANFENG,HANFENG,한펑,mt
MAPNAME|HANFORD,HANFORD,핸퍼드,mt
MAPNAME|HANGA ROA,HANGA ROA,항가로아,mt
MAPNAME|HANGNAM,HANGNAM,흥남,mt
MAPNAME|HANGUZHAN,HANGUZHAN,한구잔,mt
MAPNAME|HANGZHOU,HANGZHOU,항저우,mt
MAPNAME|HANINGE,HANINGE,하닝에,mt
MAPNAME|HANNOVER,HANNOVER,하노버,mt
MAPNAME|HANOI,HANOI,하노이,mt
MAPNAME|HANSHOU,HANSHOU,한서우,mt
MAPNAME|HANSI,HANSI,한시,mt
MAPNAME|HANUMANGARH,HANUMANGARH,하누만가르,mt
MAPNAME|HANYANG,HANYANG,한양,mt
MAPNAME|HANZHONG,HANZHONG,한중,mt
MAPNAME|HAPUR,HAPUR,하푸르,mt
MAPNAME|HAQL,HAQL,학르,mt
MAPNAME|HARAD,HARAD,하라드,mt
MAPNAME|HARAMACHI,HARAMACHI,하라마치,mt
MAPNAME|HARAMAYA,HARAMAYA,하라마야,mt
MAPNAME|HARARE,HARARE,하라레,mt
MAPNAME|HARBIN,HARBIN,하얼빈,mt
MAPNAME|HARBU,HARBU,하르부,mt
MAPNAME|HARDA,HARDA,하르다,mt
MAPNAME|HARDENBERG,HARDENBERG,하르덴베르흐,mt
MAPNAME|HARDOI,HARDOI,하르도이,mt
MAPNAME|HARER,HARER,하라르,mt
MAPNAME|HARGEYSA,HARGEYSA,하르게이사,mt
MAPNAME|HARIDWAR,HARIDWAR,하리드와르,mt
MAPNAME|HARIPUR,HARIPUR,하리푸르,mt
MAPNAME|HARLINGEN,HARLINGEN,하를링겐,mt
MAPNAME|HARLOW,HARLOW,할로,mt
MAPNAME|HARO ADI,HARO ADI,하로아디,mt
MAPNAME|HARPER,HARPER,하퍼,mt
MAPNAME|HARRISBURG,HARRISBURG,해리스버그,mt
MAPNAME|HARRISON,HARRISON,해리슨,mt
MAPNAME|HARRISONBURG,HARRISONBURG,해리슨버그,mt
MAPNAME|HARROGATE,HARROGATE,해러게이트,mt
MAPNAME|HARSIN,HARSIN,하르신,mt
MAPNAME|HARSTAD,HARSTAD,하르스타,mt
MAPNAME|HARTFORD,HARTFORD,하트퍼드,mt
MAPNAME|HARTISHEK,HARTISHEK,하르티셰크,mt
MAPNAME|HARTLEPOOL,HARTLEPOOL,하틀풀,mt
MAPNAME|HARUNABAD,HARUNABAD,하루나바드,mt
MAPNAME|HASAMA,HASAMA,하사마,mt
MAPNAME|HASANPUR,HASANPUR,하산푸르,mt
MAPNAME|HASHIMOTO,HASHIMOTO,하시모토,mt
MAPNAME|HASILPUR,HASILPUR,하실푸르,mt
MAPNAME|HASSAN,HASSAN,하산,mt
MAPNAME|HASSELT,HASSELT,하설트,mt
MAPNAME|HASTINGS,HASTINGS,헤이스팅스,mt
MAPNAME|HAT YAI,HAT YAI,핫야이,mt
MAPNAME|HATCH,HATCH,해치,mt
MAPNAME|HATHRAS,HATHRAS,하트라스,mt
MAPNAME|HATO MAYOR,HATO MAYOR,아토마요르,mt
MAPNAME|HATSUKAICHI,HATSUKAICHI,하쓰카이치,mt
MAPNAME|HATTIESBURG,HATTIESBURG,해티즈버그,mt
MAPNAME|HAUGESUND,HAUGESUND,하우게순,mt
MAPNAME|HAVELI,HAVELI,하벨리,mt
MAPNAME|HAVELOCK,HAVELOCK,해블록,mt
MAPNAME|HAVERHILL,HAVERHILL,헤이버힐,mt
MAPNAME|HAVERI,HAVERI,하베리,mt
MAPNAME|HAVIROV,HAVIROV,하비르조프,mt
MAPNAME|HAWARDEN,HAWARDEN,하워든,mt
MAPNAME|HAWMAT AS SUQ,HAWMAT AS SUQ,하우마트아스수크,mt
MAPNAME|HAWSH ISA,HAWSH ISA,하우시이사,mt
MAPNAME|HAWTAH BANU TAMIM,HAWTAH BANU TAMIM,하우타바누타밈,mt
MAPNAME|HAYMA,HAYMA,하이마,mt
MAPNAME|HAYWARD,HAYWARD,헤이워드,mt
MAPNAME|HAZARIBAG,HAZARIBAG,하자리바그,mt
MAPNAME|HEARST,HEARST,허스트,mt
MAPNAME|HEBI,HEBI,허비,mt
MAPNAME|HEBRON,HEBRON,헤브론,mt
MAPNAME|HECHI,HECHI,허츠,mt
MAPNAME|HECHUAN,HECHUAN,허촨,mt
MAPNAME|HEDARU,HEDARU,헤다루,mt
MAPNAME|HEERLEN,HEERLEN,헤이를런,mt
MAPNAME|HEFEI,HEFEI,허페이,mt
MAPNAME|HEGANG,HEGANG,허강,mt
MAPNAME|HEIDELBERG,HEIDELBERG,하이델베르크,mt
MAPNAME|HEIDENHEIM,HEIDENHEIM,하이덴하임,mt
MAPNAME|HEIHE,HEIHE,헤이허,mt
MAPNAME|HEILBRONN,HEILBRONN,하일브론,mt
MAPNAME|HEINOLA,HEINOLA,헤이놀라,mt
MAPNAME|HEISHAN,HEISHAN,헤이산,mt
MAPNAME|HEJIANG,HEJIANG,허장,mt
MAPNAME|HEJIE,HEJIE,허제,mt
MAPNAME|HEJING,HEJING,허징,mt
MAPNAME|HELENA,HELENA,헬레나,mt
MAPNAME|HELLÍN,HELLÍN,옐린,mt
MAPNAME|HELMOND,HELMOND,헬몬트,mt
MAPNAME|HELONG,HELONG,허룽,mt
MAPNAME|HELSINGBORG,HELSINGBORG,헬싱보리,mt
MAPNAME|HELSINGOR,HELSINGOR,헬싱괴르,mt
MAPNAME|HELSINKI,HELSINKI,헬싱키,mt
MAPNAME|HEMET,HEMET,히멧,mt
MAPNAME|HENDERSON,HENDERSON,헨더슨,mt
MAPNAME|HENDERSONVILLE,HENDERSONVILLE,헨더슨빌,mt
MAPNAME|HENGELO,HENGELO,헹엘로,mt
MAPNAME|HENGSHUI,HENGSHUI,헝수이,mt
MAPNAME|HENGYANG,HENGYANG,헝양,mt
MAPNAME|HENGZHOU,HENGZHOU,헝저우,mt
MAPNAME|HENZADA,HENZADA,헨자다,mt
MAPNAME|HEPU,HEPU,허푸,mt
MAPNAME|HERAT,HERAT,헤라트,mt
MAPNAME|HEREFORD,HEREFORD,헤리퍼드,mt
MAPNAME|HERFORD,HERFORD,헤르포르트,mt
MAPNAME|HERMANAUS,HERMANAUS,헤르마너스,mt
MAPNAME|HERMOSILLO,HERMOSILLO,에르모시요,mt
MAPNAME|HERNE,HERNE,헤르네,mt
MAPNAME|HERNING,HERNING,헤르닝,mt
MAPNAME|HEROICA CABORCA,HEROICA CABORCA,에로이카카보르카,mt
MAPNAME|HEROICA GUAYMAS,HEROICA GUAYMAS,에로이카과이마스,mt
MAPNAME|HEROICA NOGALES,HEROICA NOGALES,에로이카노갈레스,mt
MAPNAME|HEROICA ZITÁCUARO,HEROICA ZITÁCUARO,에로이카시타콰로,mt
MAPNAME|HERVEY BAY,HERVEY BAY,하비베이,mt
MAPNAME|HESPERIA,HESPERIA,헤스페리아,mt
MAPNAME|HETAUA,HETAUA,헤타우아,mt
MAPNAME|HEYANG,HEYANG,허양,mt
MAPNAME|HEYSHAM,HEYSHAM,헤이섬,mt
MAPNAME|HEYUAN,HEYUAN,허위안,mt
MAPNAME|HEZE,HEZE,허쩌,mt
MAPNAME|HICKORY,HICKORY,히코리,mt
MAPNAME|HIDALGO DEL PARRAL,HIDALGO DEL PARRAL,이달고델파라,mt
MAPNAME|HIGASHI-OSAKA,HIGASHI-OSAKA,히가시오사카,mt
MAPNAME|HIGASHIHIROSHIMA,HIGASHIHIROSHIMA,히가시히로시마,mt
MAPNAME|HIGASHINE,HIGASHINE,히가시네,mt
MAPNAME|HIGH POINT,HIGH POINT,하이포인트,mt
MAPNAME|HIGH WYCOMBE,HIGH WYCOMBE,하이위컴,mt
MAPNAME|HIGHLAND PARK,HIGHLAND PARK,하이랜드파크,mt
MAPNAME|HIKARI,HIKARI,히카리,mt
MAPNAME|HIKONE,HIKONE,히코네,mt
MAPNAME|HILDESHEIM,HILDESHEIM,힐데스하임,mt
MAPNAME|HILF,HILF,힐프,mt
MAPNAME|HILLEROD,HILLEROD,힐러뢰,mt
MAPNAME|HILLSBORO,HILLSBORO,힐스버러,mt
MAPNAME|HILO,HILO,힐로,mt
MAPNAME|HILVERSUM,HILVERSUM,힐베르쉼,mt
MAPNAME|HIMA,HIMA,히마,mt
MAPNAME|HIMAMAYLAN,HIMAMAYLAN,히마마일란,mt
MAPNAME|HIMATNAGAR,HIMATNAGAR,히마트나가르,mt
MAPNAME|HIMEJI,HIMEJI,히메지,mt
MAPNAME|HIMS,HIMS,홈스,mt
MAPNAME|HINDAUN,HINDAUN,힌다운,mt
MAPNAME|HINDUPUR,HINDUPUR,힌두푸르,mt
MAPNAME|HINESVILLE,HINESVILLE,하인스빌,mt
MAPNAME|HINGANGHAT,HINGANGHAT,힝안가트,mt
MAPNAME|HINGOLI,HINGOLI,힝골리,mt
MAPNAME|HINKLEY POINT,HINKLEY POINT,힝클리포인트,mt
MAPNAME|HIRAKATA,HIRAKATA,히라카타,mt
MAPNAME|HIRARA,HIRARA,히라라,mt
MAPNAME|HIROSAKI,HIROSAKI,히로사키,mt
MAPNAME|HIROSHIMA,HIROSHIMA,히로시마,mt
MAPNAME|HISAR,HISAR,히사르,mt
MAPNAME|HIT,HIT,히트,mt
MAPNAME|HITA,HITA,히타,mt
MAPNAME|HITACHI,HITACHI,히타치,mt
MAPNAME|HJORRING,HJORRING,요링,mt
MAPNAME|HLATIKULU,HLATIKULU,흘라티쿨루,mt
MAPNAME|HLOTSE CAMP,HLOTSE CAMP,홀로체캠프,mt
MAPNAME|HO,HO,호,mt
MAPNAME|HOBARA-YANAGAWA,HOBARA-YANAGAWA,호바라야나가와,mt
MAPNAME|HOBART,HOBART,호바트,mt
MAPNAME|HOBBS,HOBBS,홉스,mt
MAPNAME|HOBRO,HOBRO,호브로,mt
MAPNAME|HOEDSPRUIT,HOEDSPRUIT,후드스프라위트,mt
MAPNAME|HOEME,HOEME,호에메,mt
MAPNAME|HOEMUN,HOEMUN,회문,mt
MAPNAME|HOFU,HOFU,호후,mt
MAPNAME|HOHHOT,HOHHOT,후허하오터,mt
MAPNAME|HOKOTA,HOKOTA,호코타,mt
MAPNAME|HOKTEMBERYAN,HOKTEMBERYAN,옥템베랸,mt
MAPNAME|HOLBAEK,HOLBAEK,홀베크,mt
MAPNAME|HOLBROOK,HOLBROOK,홀브룩,mt
MAPNAME|HOLDISKY,HOLDISKY,홀디스키,mt
MAPNAME|HOLGUIN,HOLGUIN,올긴,mt
MAPNAME|HOLLAND,HOLLAND,홀랜드,mt
MAPNAME|HOLLISTER,HOLLISTER,홀리스터,mt
MAPNAME|HOLLOLA,HOLLOLA,홀롤라,mt
MAPNAME|HOLLYWOOD,HOLLYWOOD,할리우드,mt
MAPNAME|HOLSTEBRO,HOLSTEBRO,홀스테브로,mt
MAPNAME|HOLSTEINSBORG,HOLSTEINSBORG,홀스테인스보르,mt
MAPNAME|HOMEL,HOMEL,호멜,mt
MAPNAME|HOMER,HOMER,호머,mt
MAPNAME|HOMESTEAD,HOMESTEAD,홈스테드,mt
MAPNAME|HONDO,HONDO,혼도,mt
MAPNAME|HONEFOSS,HONEFOSS,회네포스,mt
MAPNAME|HONG KONG,HONG KONG,홍콩,mt
MAPNAME|HONGHU,HONGHU,훙후,mt
MAPNAME|HONIARA,HONIARA,호니아라,mt
MAPNAME|HONJO,HONJO,혼조,mt
MAPNAME|HONOLULU,HONOLULU,호놀룰루,mt
MAPNAME|HOOGEVEEN,HOOGEVEEN,호헤번,mt
MAPNAME|HOORN,HOORN,호른,mt
MAPNAME|HOOUMI,HOOUMI,호우미,mt
MAPNAME|HOOVER,HOOVER,후버,mt
MAPNAME|HOOVER DAM,HOOVER DAM,후버댐,mt
MAPNAME|HOPEWELL,HOPEWELL,호프웰,mt
MAPNAME|HOPKINSVILLE,HOPKINSVILLE,홉킨스빌,mt
MAPNAME|HORKI,HORKI,호르키,mt
MAPNAME|HORLIVKA,HORLIVKA,호를리우카,mt
MAPNAME|HORSENS,HORSENS,호르센스,mt
MAPNAME|HORSHOLM,HORSHOLM,호르스홀름,mt
MAPNAME|HORTA,HORTA,오르타,mt
MAPNAME|HOSAENA,HOSAENA,호사에나,mt
MAPNAME|HOSHANGABAD,HOSHANGABAD,호샹가바드,mt
MAPNAME|HOSHIARPUR,HOSHIARPUR,호시아르푸르,mt
MAPNAME|HOSPET,HOSPET,호스펫,mt
MAPNAME|HOSUR,HOSUR,호수르,mt
MAPNAME|HOT SPRINGS,HOT SPRINGS,핫스프링스,mt
MAPNAME|HOTAKA,HOTAKA,호타카,mt
MAPNAME|HOTAN,HOTAN,허톈,mt
MAPNAME|HOUMA,HOUMA,후마,mt
MAPNAME|HOUSTON,HOUSTON,휴스턴,mt
MAPNAME|HRADEC KRÁLOVÉ,HRADEC KRÁLOVÉ,흐라데츠크랄로베,mt
MAPNAME|HSIN-CHU,HSIN-CHU,신주,mt
MAPNAME|HSIN-TIEN,HSIN-TIEN,신뎬,mt
MAPNAME|HUA HIN,HUA HIN,후아힌,mt
MAPNAME|HUA-LIEN,HUA-LIEN,화롄,mt
MAPNAME|HUACHO,HUACHO,와초,mt
MAPNAME|HUADIAN,HUADIAN,화뎬,mt
MAPNAME|HUAI'AN,HUAI'AN,화이안,mt
MAPNAME|HUAIBEI,HUAIBEI,화이베이,mt
MAPNAME|HUAIHUA,HUAIHUA,화이화,mt
MAPNAME|HUAINAN,HUAINAN,화이난,mt
MAPNAME|HUAIREN,HUAIREN,화이런,mt
MAPNAME|HUAIYANG,HUAIYANG,화이양,mt
MAPNAME|HUAIYUAN,HUAIYUAN,화이위안,mt
MAPNAME|HUAJUAPAN DE LEÓN,HUAJUAPAN DE LEÓN,와후아판데레온,mt
MAPNAME|HUALIN,HUALIN,화린,mt
MAPNAME|HUAMANTLA,HUAMANTLA,와만틀라,mt
MAPNAME|HUAMBO,HUAMBO,우암부,mt
MAPNAME|HUANAN,HUANAN,화난,mt
MAPNAME|HUANCAYO,HUANCAYO,완카요,mt
MAPNAME|HUANGCHUAN,HUANGCHUAN,황촨,mt
MAPNAME|HUANGMEI,HUANGMEI,황메이,mt
MAPNAME|HUANGPI,HUANGPI,황피,mt
MAPNAME|HUANGSHI,HUANGSHI,황스,mt
MAPNAME|HUANGYAN,HUANGYAN,황옌,mt
MAPNAME|HUANGZHOU,HUANGZHOU,황저우,mt
MAPNAME|HUANREN,HUANREN,환런,mt
MAPNAME|HUAQUILLAS,HUAQUILLAS,와키야스,mt
MAPNAME|HUARAL,HUARAL,와랄,mt
MAPNAME|HUARAZ,HUARAZ,와라스,mt
MAPNAME|HUARONG,HUARONG,화룽,mt
MAPNAME|HUAUCHINANGO,HUAUCHINANGO,와우치낭고,mt
MAPNAME|HUAYIN,HUAYIN,화인,mt
MAPNAME|HUAYING,HUAYING,화잉,mt
MAPNAME|HUAZHOU,HUAZHOU,화저우,mt
MAPNAME|HUBER HEIGHTS,HUBER HEIGHTS,휴버하이츠,mt
MAPNAME|HUBLI-DHARWAD,HUBLI-DHARWAD,후블리다르와드,mt
MAPNAME|HUDDERSFIELD,HUDDERSFIELD,허더즈필드,mt
MAPNAME|HUDDINGE,HUDDINGE,후딩에,mt
MAPNAME|HUDIKSVALL,HUDIKSVALL,후딕스발,mt
MAPNAME|HUE,HUE,후에,mt
MAPNAME|HUEJUTLA DE REYES,HUEJUTLA DE REYES,웨후틀라데레예스,mt
MAPNAME|HUELVA,HUELVA,우엘바,mt
MAPNAME|HUESCA,HUESCA,우에스카,mt
MAPNAME|HUETAMO DE NUNEZ,HUETAMO DE NUNEZ,우에타모데누녜스,mt
MAPNAME|HUICHENG,HUICHENG,후이청,mt
MAPNAME|HUICHON,HUICHON,회천,mt
MAPNAME|HUINAN,HUINAN,후이난,mt
MAPNAME|HUIOXAI,HUIOXAI,후이옥사이,mt
MAPNAME|HUIZHOU,HUIZHOU,후이저우,mt
MAPNAME|HULAN,HULAN,후란,mt
MAPNAME|HULIN,HULIN,후린,mt
MAPNAME|HULL,HULL,헐,mt
MAPNAME|HULL-GATINEAU,HULL-GATINEAU,헐가티노,mt
MAPNAME|HULUDAU,HULUDAU,후루다오,mt
MAPNAME|HULWAN,HULWAN,헬완,mt
MAPNAME|HUMENNÉ,HUMENNÉ,후멘네,mt
MAPNAME|HUMORA,HUMORA,후모라,mt
MAPNAME|HUNCHUN,HUNCHUN,훈춘,mt
MAPNAME|HUNEDOARA,HUNEDOARA,후네도아라,mt
MAPNAME|HUNJIANG,HUNJIANG,훈장,mt
MAPNAME|HUNTINGTON,HUNTINGTON,헌팅턴,mt
MAPNAME|HUNTINGTON BEACH,HUNTINGTON BEACH,헌팅턴비치,mt
MAPNAME|HUNTSVILLE,HUNTSVILLE,헌츠빌,mt
MAPNAME|HUOCHENG,HUOCHENG,훠청,mt
MAPNAME|HUOQIU,HUOQIU,훠추,mt
MAPNAME|HURUTA,HURUTA,후루타,mt
MAPNAME|HUSI,HUSI,후시,mt
MAPNAME|HUTCHINSON,HUTCHINSON,허친슨,mt
MAPNAME|HUTUBI,HUTUBI,후투비,mt
MAPNAME|HUZHOU,HUZHOU,후저우,mt
MAPNAME|HUÁNUCO,HUÁNUCO,우아누코,mt
MAPNAME|HWANGE,HWANGE,황게,mt
MAPNAME|HWASUN,HWASUN,화순,mt
MAPNAME|HYDERABAD,HYDERABAD,하이데라바드,mt
MAPNAME|HYERES,HYERES,이에르,mt
MAPNAME|HYESAN,HYESAN,혜산,mt
MAPNAME|HYUGA,HYUGA,휴가,mt
MAPNAME|HYVINKÄÄ,HYVINKÄÄ,휘빈카,mt
MAPNAME|HÄMEENLINNA,HÄMEENLINNA,해메엔린나,mt
MAPNAME|HÄSSLEHOLM,HÄSSLEHOLM,헤슬레홀름,mt
MAPNAME|HÓDMEZÖVÁSÁRHELY,HÓDMEZÖVÁSÁRHELY,호드메죄버샤르헤이,mt
MAPNAME|HÔNG GAI,HÔNG GAI,홍가이,mt
MAPNAME|HÜRTH,HÜRTH,휘르트,mt
MAPNAME|IASI,IASI,야시,mt
MAPNAME|IBADAN,IBADAN,이바단,mt
MAPNAME|IBAGUÉ,IBAGUÉ,이바게,mt
MAPNAME|IBARRA,IBARRA,이바라,mt
MAPNAME|IBB,IBB,이브,mt
MAPNAME|IBBENBÜREN,IBBENBÜREN,입벤뷔렌,mt
MAPNAME|IBIPORA,IBIPORA,이비포라,mt
MAPNAME|IBIRITÉ,IBIRITÉ,이비리테,mt
MAPNAME|IBITINGA,IBITINGA,이비칭가,mt
MAPNAME|IBUSUKI,IBUSUKI,이부스키,mt
MAPNAME|ICA,ICA,이카,mt
MAPNAME|ICARA,ICARA,이카라,mt
MAPNAME|ICHALKARANJI,ICHALKARANJI,이찰카란지,mt
MAPNAME|ICHHLAMPUR,ICHHLAMPUR,이츨람푸르,mt
MAPNAME|ICHIKAWA,ICHIKAWA,이치카와,mt
MAPNAME|ICHINOMIYA,ICHINOMIYA,이치노미야,mt
MAPNAME|ICHINOSEKI,ICHINOSEKI,이치노세키,mt
MAPNAME|IDAHO FALLS,IDAHO FALLS,아이다호폴스,mt
MAPNAME|IDFU,IDFU,에드푸,mt
MAPNAME|IDIOFA,IDIOFA,이디오파,mt
MAPNAME|IDKU,IDKU,이드쿠,mt
MAPNAME|IDLIB,IDLIB,이들리브,mt
MAPNAME|IFAKARA,IFAKARA,이파카라,mt
MAPNAME|IFANADIANA,IFANADIANA,이파나디아나,mt
MAPNAME|IFE,IFE,이페,mt
MAPNAME|IGANGA,IGANGA,이간가,mt
MAPNAME|IGARASSU,IGARASSU,이가라수,mt
MAPNAME|IGBOHO,IGBOHO,이그보호,mt
MAPNAME|IGDIR,IGDIR,으으드르,mt
MAPNAME|IGUALA,IGUALA,이괄라,mt
MAPNAME|IGUALADA,IGUALADA,이괄라다,mt
MAPNAME|IGUATU,IGUATU,이과투,mt
MAPNAME|IHOSY,IHOSY,이호시,mt
MAPNAME|IIDA,IIDA,이이다,mt
MAPNAME|IINEGÖL,IINEGÖL,이네괼,mt
MAPNAME|IISALMI,IISALMI,이이살미,mt
MAPNAME|IIZUKA,IIZUKA,이이즈카,mt
MAPNAME|IJEBU IGBO,IJEBU IGBO,이제부이그보,mt
MAPNAME|IJEBU ODE,IJEBU ODE,이제부오데,mt
MAPNAME|IJUI,IJUI,이주이,mt
MAPNAME|IJUIN,IJUIN,이주인,mt
MAPNAME|IKARE-AKOKO,IKARE-AKOKO,이카레아코코,mt
MAPNAME|IKATA,IKATA,이카타,mt
MAPNAME|IKERRE,IKERRE,이케레,mt
MAPNAME|IKIRE,IKIRE,이키레,mt
MAPNAME|IKIRUN,IKIRUN,이키룬,mt
MAPNAME|IKOM,IKOM,이콤,mt
MAPNAME|IKONGO,IKONGO,이콩고,mt
MAPNAME|IKORODU,IKORODU,이코로두,mt
MAPNAME|IKOT EKPENE,IKOT EKPENE,이코트엑페네,mt
MAPNAME|IKSAN,IKSAN,익산,mt
MAPNAME|ILA,ILA,일라,mt
MAPNAME|ILAM,ILAM,일람,mt
MAPNAME|ILAWE EKITI,ILAWE EKITI,일라웨에키티,mt
MAPNAME|ILEBO,ILEBO,일레보,mt
MAPNAME|ILESA,ILESA,일레샤,mt
MAPNAME|ILHÉUS,ILHÉUS,일례우스,mt
MAPNAME|ILIGAN,ILIGAN,일리간,mt
MAPNAME|ILKAL,ILKAL,일칼,mt
MAPNAME|ILO,ILO,일로,mt
MAPNAME|ILOBU,ILOBU,일로부,mt
MAPNAME|ILOILO,ILOILO,일로일로,mt
MAPNAME|ILORIN,ILORIN,일로린,mt
MAPNAME|ILULA,ILULA,일룰라,mt
MAPNAME|ILWA MASOKO,ILWA MASOKO,일와마소코,mt
MAPNAME|IMABARI,IMABARI,이마바리,mt
MAPNAME|IMAICHI,IMAICHI,이마이치,mt
MAPNAME|IMARI,IMARI,이마리,mt
MAPNAME|IMATRA,IMATRA,이마트라,mt
MAPNAME|IMOLA,IMOLA,이몰라,mt
MAPNAME|IMPERATRIZ,IMPERATRIZ,임페라트리스,mt
MAPNAME|IMPHAL,IMPHAL,임팔,mt
MAPNAME|IMSILI,IMSILI,임실리,mt
MAPNAME|IN GUEZZAM,IN GUEZZAM,인게잠,mt
MAPNAME|IN SALAH,IN SALAH,인살라,mt
MAPNAME|INA,INA,이나,mt
MAPNAME|INAZAWA,INAZAWA,이나자와,mt
MAPNAME|INCA,INCA,잉카,mt
MAPNAME|INCHON,INCHON,인천,mt
MAPNAME|INDABA GUNA,INDABA GUNA,인다바구나,mt
MAPNAME|INDAIAL,INDAIAL,인다이아우,mt
MAPNAME|INDAIATUBA,INDAIATUBA,인다이아투바,mt
MAPNAME|INDEPENDENCE,INDEPENDENCE,인디펜던스,mt
MAPNAME|INDIAN POINT,INDIAN POINT,인디언포인트,mt
MAPNAME|INDIANAPOLIS,INDIANAPOLIS,인디애나폴리스,mt
MAPNAME|INDIJA,INDIJA,인지야,mt
MAPNAME|INDIO,INDIO,인디오,mt
MAPNAME|INDORE,INDORE,인도르,mt
MAPNAME|INDRAMAYU,INDRAMAYU,인드라마유,mt
MAPNAME|INGLEWOOD,INGLEWOOD,잉글우드,mt
MAPNAME|INGOLSTADT,INGOLSTADT,잉골슈타트,mt
MAPNAME|INGRAJ BAZAR,INGRAJ BAZAR,잉그라지바자르,mt
MAPNAME|INHAMBANE,INHAMBANE,이냠바네,mt
MAPNAME|INHUMAS,INHUMAS,이누마스,mt
MAPNAME|INISA,INISA,이니사,mt
MAPNAME|INKISI,INKISI,인키시,mt
MAPNAME|INNSBRUCK,INNSBRUCK,인스브루크,mt
MAPNAME|INONGO,INONGO,이농고,mt
MAPNAME|INOWROCLAW,INOWROCLAW,이노브로츠와프,mt
MAPNAME|INTICHO,INTICHO,인티초,mt
MAPNAME|INUVIK,INUVIK,이누빅,mt
MAPNAME|INVERCARGILL,INVERCARGILL,인버카길,mt
MAPNAME|INVERNESS,INVERNESS,인버네스,mt
MAPNAME|IOWA CITY,IOWA CITY,아이오와시티,mt
MAPNAME|IOÁNNINA,IOÁNNINA,이오아니나,mt
MAPNAME|IPATINGA,IPATINGA,이파팅가,mt
MAPNAME|IPIALES,IPIALES,이피알레스,mt
MAPNAME|IPOH,IPOH,이포,mt
MAPNAME|IPOJUCA,IPOJUCA,이포주카,mt
MAPNAME|IPSWICH,IPSWICH,입스위치,mt
MAPNAME|IQALUIT,IQALUIT,이칼루이트,mt
MAPNAME|IQUIQUE,IQUIQUE,이키케,mt
MAPNAME|IQUITOS,IQUITOS,이키토스,mt
MAPNAME|IRANSHAHR,IRANSHAHR,이란샤흐르,mt
MAPNAME|IRAPUATO,IRAPUATO,이라푸아토,mt
MAPNAME|IRATI,IRATI,이라치,mt
MAPNAME|IRBID,IRBID,이르비드,mt
MAPNAME|IRBIL,IRBIL,에르빌,mt
MAPNAME|IRECE,IRECE,이레세,mt
MAPNAME|IRIGA,IRIGA,이리가,mt
MAPNAME|IRINGA,IRINGA,이링가,mt
MAPNAME|IRKUTSK,IRKUTSK,이르쿠츠크,mt
MAPNAME|IRVINE,IRVINE,어바인,mt
MAPNAME|IRVING,IRVING,어빙,mt
MAPNAME|IRÁKLION,IRÁKLION,이라클리온,mt
MAPNAME|IRÚN,IRÚN,이룬,mt
MAPNAME|ISABELA,ISABELA,이사벨라,mt
MAPNAME|ISAHAYA,ISAHAYA,이사하야,mt
MAPNAME|ISANGEL,ISANGEL,이상겔,mt
MAPNAME|ISAWA,ISAWA,이사와,mt
MAPNAME|ISE,ISE,이세,mt
MAPNAME|ISERLOHN,ISERLOHN,이저론,mt
MAPNAME|ISESAKI,ISESAKI,이세사키,mt
MAPNAME|ISEYIN,ISEYIN,이세인,mt
MAPNAME|ISFARA,ISFARA,이스파라,mt
MAPNAME|ISHIGAKI,ISHIGAKI,이시가키,mt
MAPNAME|ISHIKARI,ISHIKARI,이시카리,mt
MAPNAME|ISHIM,ISHIM,이심,mt
MAPNAME|ISHIOKA,ISHIOKA,이시오카,mt
MAPNAME|ISHNOMAKI,ISHNOMAKI,이시노마키,mt
MAPNAME|ISHURDI,ISHURDI,이슈르디,mt
MAPNAME|ISIRO,ISIRO,이시로,mt
MAPNAME|ISKENDERUN,ISKENDERUN,이스켄데룬,mt
MAPNAME|ISKITIM,ISKITIM,이스키팀,mt
MAPNAME|ISLAMABAD,ISLAMABAD,이슬라마바드,mt
MAPNAME|ISNA,ISNA,이스나,mt
MAPNAME|ISPARTA,ISPARTA,이스파르타,mt
MAPNAME|ISTANBUL,ISTANBUL,이스탄불,mt
MAPNAME|ITABAIANA,ITABAIANA,이타바이아나,mt
MAPNAME|ITABERABA,ITABERABA,이타베라바,mt
MAPNAME|ITABIRA,ITABIRA,이타비라,mt
MAPNAME|ITABORAI,ITABORAI,이타보라이,mt
MAPNAME|ITABUNA,ITABUNA,이타부나,mt
MAPNAME|ITAGUAI,ITAGUAI,이타과이,mt
MAPNAME|ITAGÜÍ,ITAGÜÍ,이타구이,mt
MAPNAME|ITAITUBA,ITAITUBA,이타이투바,mt
MAPNAME|ITAJAI,ITAJAI,이타자이,mt
MAPNAME|ITAJUBÁ,ITAJUBÁ,이타주바,mt
MAPNAME|ITAMARAJU,ITAMARAJU,이타마라주,mt
MAPNAME|ITANHAÉM,ITANHAÉM,이타냉,mt
MAPNAME|ITAPECERICA,ITAPECERICA,이타페세리카,mt
MAPNAME|ITAPERUNA,ITAPERUNA,이타페루나,mt
MAPNAME|ITAPETINGA,ITAPETINGA,이타페칭가,mt
MAPNAME|ITAPETININGA,ITAPETININGA,이타페치닝가,mt
MAPNAME|ITAPEVA,ITAPEVA,이타페바,mt
MAPNAME|ITAPEVI,ITAPEVI,이타페비,mt
MAPNAME|ITAPIPOCA,ITAPIPOCA,이타피포카,mt
MAPNAME|ITAPIRA,ITAPIRA,이타피라,mt
MAPNAME|ITAQUATIARA,ITAQUATIARA,이타콰치아라,mt
MAPNAME|ITARARÉ,ITARARÉ,이타라레,mt
MAPNAME|ITARSI,ITARSI,이타르시,mt
MAPNAME|ITATIBA,ITATIBA,이타치바,mt
MAPNAME|ITAÚNA,ITAÚNA,이타우나,mt
MAPNAME|ITEYA,ITEYA,이테야,mt
MAPNAME|ITEZHI-TEZHI,ITEZHI-TEZHI,이테지테지,mt
MAPNAME|ITHACA,ITHACA,이타카,mt
MAPNAME|ITO,ITO,이토,mt
MAPNAME|ITOIGAWA,ITOIGAWA,이토이가와,mt
MAPNAME|ITU,ITU,이투,mt
MAPNAME|ITUIUTABA,ITUIUTABA,이투이우타바,mt
MAPNAME|ITUMBIARA,ITUMBIARA,이툼비아라,mt
MAPNAME|ITZUZAINGO,ITZUZAINGO,이투사잉고,mt
MAPNAME|IVANO-FRANKIVS'K,IVANO-FRANKIVS'K,이바노프란키우스크,mt
MAPNAME|IVANOVO,IVANOVO,이바노보,mt
MAPNAME|IVHEVSK,IVHEVSK,이제프스크,mt
MAPNAME|IWAKI,IWAKI,이와키,mt
MAPNAME|IWAKUNI,IWAKUNI,이와쿠니,mt
MAPNAME|IWAMIZAWA,IWAMIZAWA,이와미자와,mt
MAPNAME|IWATA,IWATA,이와타,mt
MAPNAME|IWO,IWO,이워,mt
MAPNAME|IXTAPA,IXTAPA,익스타파,mt
MAPNAME|IXTAPALUCA,IXTAPALUCA,익스타팔루카,mt
MAPNAME|IXTLAN DEL RIO,IXTLAN DEL RIO,익스틀란델리오,mt
MAPNAME|IZEH,IZEH,이제,mt
MAPNAME|IZKI,IZKI,이즈키,mt
MAPNAME|IZMAYIL,IZMAYIL,이즈마일,mt
MAPNAME|IZMIR,IZMIR,이즈미르,mt
MAPNAME|IZMIT,IZMIT,이즈미트,mt
MAPNAME|IZUHARA,IZUHARA,이즈하라,mt
MAPNAME|IZUMI,IZUMI,이즈미,mt
MAPNAME|IZUMO,IZUMO,이즈모,mt
MAPNAME|IZYUM,IZYUM,이지움,mt
MAPNAME|IZÚCAR DE MATAMOROS,IZÚCAR DE MATAMOROS,이수카르데마타모로스,mt
MAPNAME|JA'AR,JA'AR,자르,mt
MAPNAME|JABALPUR,JABALPUR,자발푸르,mt
MAPNAME|JABALYAH,JABALYAH,자발리야,mt
MAPNAME|JABLONEC NAD NISOU,JABLONEC NAD NISOU,야블로네츠나드니소우,mt
MAPNAME|JABOATAO,JABOATAO,자보아탕,mt
MAPNAME|JABOTICABAL,JABOTICABAL,자보치카바우,mt
MAPNAME|JACAREI,JACAREI,자카레이,mt
MAPNAME|JACKSON,JACKSON,잭슨,mt
MAPNAME|JACKSONVILLE,JACKSONVILLE,잭슨빌,mt
MAPNAME|JACKSONVILLE BEACH,JACKSONVILLE BEACH,잭슨빌비치,mt
MAPNAME|JACMEL,JACMEL,자크멜,mt
MAPNAME|JACOBABAD,JACOBABAD,자코바바드,mt
MAPNAME|JACOBINA,JACOBINA,자코비나,mt
MAPNAME|JACONA DE PLANCARTE,JACONA DE PLANCARTE,하코나데플란카르테,mt
MAPNAME|JACUNDÁ,JACUNDÁ,자쿤다,mt
MAPNAME|JADABPUR,JADABPUR,자다브푸르,mt
MAPNAME|JAFFNA,JAFFNA,자프나,mt
MAPNAME|JAGDALPUR,JAGDALPUR,자그달푸르,mt
MAPNAME|JAGEL,JAGEL,야겔,mt
MAPNAME|JAGODINA,JAGODINA,야고디나,mt
MAPNAME|JAGRAON,JAGRAON,자그라온,mt
MAPNAME|JAGTIAL,JAGTIAL,자그티알,mt
MAPNAME|JAGUEY GRANDE,JAGUEY GRANDE,하게이그란데,mt
MAPNAME|JAHANABAD,JAHANABAD,자하나바드,mt
MAPNAME|JAHANGIRABAD,JAHANGIRABAD,자항기라바드,mt
MAPNAME|JAHROM,JAHROM,자흐롬,mt
MAPNAME|JAIPUR,JAIPUR,자이푸르,mt
MAPNAME|JAIPUR HAT,JAIPUR HAT,자이푸르하트,mt
MAPNAME|JAISALMER,JAISALMER,자이살메르,mt
MAPNAME|JAKARTA,JAKARTA,자카르타,mt
MAPNAME|JAKOBSTAD,JAKOBSTAD,야콥스타드,mt
MAPNAME|JALAGON,JALAGON,잘라곤,mt
MAPNAME|JALAL-ABAD,JALAL-ABAD,잘랄아바드,mt
MAPNAME|JALALABAD,JALALABAD,잘랄라바드,mt
MAPNAME|JALAPA,JALAPA,할라파,mt
MAPNAME|JALAPUR,JALAPUR,잘라푸르,mt
MAPNAME|JALAUN,JALAUN,잘라운,mt
MAPNAME|JALES,JALES,잘리스,mt
MAPNAME|JALIB ASH SHUYUKH,JALIB ASH SHUYUKH,잘리브아슈슈유크,mt
MAPNAME|JALINGO,JALINGO,잘링고,mt
MAPNAME|JALNA,JALNA,잘나,mt
MAPNAME|JALOSTOTITLAN,JALOSTOTITLAN,할로스토티틀란,mt
MAPNAME|JALPAIGURI,JALPAIGURI,잘파이구리,mt
MAPNAME|JAM,JAM,잠,mt
MAPNAME|JAMAAME,JAMAAME,자마메,mt
MAPNAME|JAMALPUR,JAMALPUR,자말푸르,mt
MAPNAME|JAMBI,JAMBI,잠비,mt
MAPNAME|JAMBOL,JAMBOL,얌볼,mt
MAPNAME|JAMESTOWN,JAMESTOWN,제임스타운,mt
MAPNAME|JAMKHANDI,JAMKHANDI,잠칸디,mt
MAPNAME|JAMMU,JAMMU,잠무,mt
MAPNAME|JAMNAGAR,JAMNAGAR,잠나가르,mt
MAPNAME|JAMPUR,JAMPUR,잠푸르,mt
MAPNAME|JAMSA,JAMSA,얌사,mt
MAPNAME|JAMSHEDPUR,JAMSHEDPUR,잠셰드푸르,mt
MAPNAME|JAMUI,JAMUI,자무이,mt
MAPNAME|JANAKPUR,JANAKPUR,자나크푸르,mt
MAPNAME|JANAÚBA,JANAÚBA,자나우바,mt
MAPNAME|JANESVILLE,JANESVILLE,제인즈빌,mt
MAPNAME|JANGIPUR,JANGIPUR,장기푸르,mt
MAPNAME|JAORA,JAORA,자오라,mt
MAPNAME|JARAGUÁ DO SUL,JARAGUÁ DO SUL,자라과두술,mt
MAPNAME|JARAMANAH,JARAMANAH,자라마나,mt
MAPNAME|JARANWALA,JARANWALA,자란왈라,mt
MAPNAME|JARASH,JARASH,제라시,mt
MAPNAME|JARJIS,JARJIS,자르지스,mt
MAPNAME|JARKENT,JARKENT,자르켄트,mt
MAPNAME|JAROCIN,JAROCIN,야로친,mt
MAPNAME|JASTRZEBIE ZDRÓJ,JASTRZEBIE ZDRÓJ,야스트셰비에즈드루이,mt
MAPNAME|JATAI,JATAI,자타이,mt
MAPNAME|JATANI,JATANI,자타니,mt
MAPNAME|JATIBONICO,JATIBONICO,하티보니코,mt
MAPNAME|JAUNPUR,JAUNPUR,자운푸르,mt
MAPNAME|JAWORZNO,JAWORZNO,야보주노,mt
MAPNAME|JAYAPURA,JAYAPURA,자야푸라,mt
MAPNAME|JAYPUR,JAYPUR,자이푸르,mt
MAPNAME|JAÉN,JAÉN,하엔,mt
MAPNAME|JAÚ,JAÚ,자우,mt
MAPNAME|JEFFERSON CITY,JEFFERSON CITY,제퍼슨시티,mt
MAPNAME|JEFFERSONTOWN,JEFFERSONTOWN,제퍼슨타운,mt
MAPNAME|JEKABPILS,JEKABPILS,예카브필스,mt
MAPNAME|JELENIA GÓRA,JELENIA GÓRA,옐레니아구라,mt
MAPNAME|JELGAVA,JELGAVA,옐가바,mt
MAPNAME|JEMBER,JEMBER,점버,mt
MAPNAME|JENA,JENA,예나,mt
MAPNAME|JEONJU,JEONJU,전주,mt
MAPNAME|JEPARA,JEPARA,즈파라,mt
MAPNAME|JEQUIÉ,JEQUIÉ,제키에,mt
MAPNAME|JEREZ DE GARCIA SALINAS,JEREZ DE GARCIA SALINAS,헤레스데가르시아살리나스,mt
MAPNAME|JEREZ DE LA FRONTERA,JEREZ DE LA FRONTERA,헤레스데라프론테라,mt
MAPNAME|JERSEY,JERSEY,저지,mt
MAPNAME|JESSORE,JESSORE,제소르,mt
MAPNAME|JESÚS MARIA,JESÚS MARIA,헤수스마리아,mt
MAPNAME|JETPUR,JETPUR,제트푸르,mt
MAPNAME|JHAGRAM,JHAGRAM,자그람,mt
MAPNAME|JHANG SADAR,JHANG SADAR,장사다르,mt
MAPNAME|JHANSI,JHANSI,잔시,mt
MAPNAME|JHARSUGUDA,JHARSUGUDA,자르수구다,mt
MAPNAME|JHELUM,JHELUM,젤룸,mt
MAPNAME|JHENIDA,JHENIDA,제니다,mt
MAPNAME|JHUNJHUNUN,JHUNJHUNUN,중중누,mt
MAPNAME|JI'AN,JI'AN,지안,mt
MAPNAME|JI-PARANÁ,JI-PARANÁ,지파라나,mt
MAPNAME|JIADING,JIADING,자딩,mt
MAPNAME|JIAMUSI,JIAMUSI,자무쓰,mt
MAPNAME|JIAN'OU,JIAN'OU,젠어우,mt
MAPNAME|JIANDE,JIANDE,젠더,mt
MAPNAME|JIANGDU,JIANGDU,장두,mt
MAPNAME|JIANGJIA'AN,JIANGJIA'AN,장자안,mt
MAPNAME|JIANGMEN,JIANGMEN,장먼,mt
MAPNAME|JIANGYOU,JIANGYOU,장유,mt
MAPNAME|JIANHU,JIANHU,젠후,mt
MAPNAME|JIANLI,JIANLI,젠리,mt
MAPNAME|JIANPING,JIANPING,젠핑,mt
MAPNAME|JIANYANG,JIANYANG,젠양,mt
MAPNAME|JIAOHE,JIAOHE,자오허,mt
MAPNAME|JIAOJIANG,JIAOJIANG,자오장,mt
MAPNAME|JIAONAN,JIAONAN,자오난,mt
MAPNAME|JIAOXIAN,JIAOXIAN,자오셴,mt
MAPNAME|JIAOZUO,JIAOZUO,자오쭤,mt
MAPNAME|JIASHI,JIASHI,자스,mt
MAPNAME|JIAXING,JIAXING,자싱,mt
MAPNAME|JIAYUGUAN,JIAYUGUAN,자위관,mt
MAPNAME|JIDDAH,JIDDAH,제다,mt
MAPNAME|JIDONG,JIDONG,지둥,mt
MAPNAME|JIEXIU,JIEXIU,제슈,mt
MAPNAME|JIEYANG,JIEYANG,제양,mt
MAPNAME|JIGUANI,JIGUANI,지과니,mt
MAPNAME|JIHLAVA,JIHLAVA,이흘라바,mt
MAPNAME|JIJEL,JIJEL,지젤,mt
MAPNAME|JIJIGA,JIJIGA,지지가,mt
MAPNAME|JILIN,JILIN,지린,mt
MAPNAME|JIMA,JIMA,지마,mt
MAPNAME|JIMETA,JIMETA,지메타,mt
MAPNAME|JIMO,JIMO,지모,mt
MAPNAME|JIMUSA'ER,JIMUSA'ER,지무사얼,mt
MAPNAME|JINAGJIN,JINAGJIN,진장,mt
MAPNAME|JINAN,JINAN,지난,mt
MAPNAME|JINCHENG,JINCHENG,진청,mt
MAPNAME|JINCHUAN,JINCHUAN,진촨,mt
MAPNAME|JIND,JIND,진드,mt
MAPNAME|JINGDEZHEN,JINGDEZHEN,징더전,mt
MAPNAME|JINGHE,JINGHE,징허,mt
MAPNAME|JINGMEN,JINGMEN,징먼,mt
MAPNAME|JINGSHAN,JINGSHAN,징산,mt
MAPNAME|JINHAE,JINHAE,진해,mt
MAPNAME|JINHUA,JINHUA,진화,mt
MAPNAME|JINING,JINING,지닝,mt
MAPNAME|JINJA,JINJA,진자,mt
MAPNAME|JINJU,JINJU,진주,mt
MAPNAME|JINKA,JINKA,진카,mt
MAPNAME|JINOTEPE,JINOTEPE,히노테페,mt
MAPNAME|JINSHAN,JINSHAN,진산,mt
MAPNAME|JINSHI,JINSHI,진스,mt
MAPNAME|JINTA,JINTA,진타,mt
MAPNAME|JINXI,JINXI,진시,mt
MAPNAME|JINZHOU,JINZHOU,진저우,mt
MAPNAME|JIPIJAPA,JIPIJAPA,히피하파,mt
MAPNAME|JIQUILPAN DE JUAREZ,JIQUILPAN DE JUAREZ,히킬판데후아레스,mt
MAPNAME|JIRJA,JIRJA,기르가,mt
MAPNAME|JIROFT,JIROFT,지로프트,mt
MAPNAME|JISHOU,JISHOU,지서우,mt
MAPNAME|JIUJIANG,JIUJIANG,주장,mt
MAPNAME|JIUQUAN,JIUQUAN,주취안,mt
MAPNAME|JIUTAI,JIUTAI,주타이,mt
MAPNAME|JIXI,JIXI,지시,mt
MAPNAME|JIXIAN,JIXIAN,지셴,mt
MAPNAME|JIYUAN,JIYUAN,지위안,mt
MAPNAME|JIZAN,JIZAN,지잔,mt
MAPNAME|JIZZAKH,JIZZAKH,지자흐,mt
MAPNAME|JOBABO,JOBABO,호바보,mt
MAPNAME|JODHPUR,JODHPUR,조드푸르,mt
MAPNAME|JOENSUU,JOENSUU,요엔수,mt
MAPNAME|JOETSU,JOETSU,조에쓰,mt
MAPNAME|JOHANNESBURG,JOHANNESBURG,요하네스버그,mt
MAPNAME|JOHNSON CITY,JOHNSON CITY,존슨시티,mt
MAPNAME|JOHOR BAHARU,JOHOR BAHARU,조호르바루,mt
MAPNAME|JOINVILLE,JOINVILLE,조인빌리,mt
MAPNAME|JOLIET,JOLIET,졸리엣,mt
MAPNAME|JOLIETTE,JOLIETTE,졸리에트,mt
MAPNAME|JOLO,JOLO,홀로,mt
MAPNAME|JOMBANG,JOMBANG,좀방,mt
MAPNAME|JONAVA,JONAVA,요나바,mt
MAPNAME|JONESBORO,JONESBORO,존스버러,mt
MAPNAME|JOPLIN,JOPLIN,조플린,mt
MAPNAME|JORHAT,JORHAT,조르하트,mt
MAPNAME|JOS,JOS,조스,mt
MAPNAME|JOVELLANOS,JOVELLANOS,호베야노스,mt
MAPNAME|JOÃO PESSOA,JOÃO PESSOA,주앙페소아,mt
MAPNAME|JUAZEIRO,JUAZEIRO,주아제이루,mt
MAPNAME|JUAZERIO,JUAZERIO,주아제리오,mt
MAPNAME|JUBA,JUBA,주바,mt
MAPNAME|JUBAYT,JUBAYT,주바이트,mt
MAPNAME|JUCHITÁN DE ZARAGOZA,JUCHITÁN DE ZARAGOZA,후치탄데사라고사,mt
MAPNAME|JUIGALPA,JUIGALPA,후이갈파,mt
MAPNAME|JUIZ DE FORA,JUIZ DE FORA,주이스지포라,mt
MAPNAME|JULIACA,JULIACA,훌리아카,mt
MAPNAME|JULLUNDUR,JULLUNDUR,줄룬두르,mt
MAPNAME|JUMILLA,JUMILLA,후미야,mt
MAPNAME|JUNAGADH,JUNAGADH,주나가드,mt
MAPNAME|JUNDIAÍ,JUNDIAÍ,준지아이,mt
MAPNAME|JUNDUBAH,JUNDUBAH,준두바,mt
MAPNAME|JUNEAU,JUNEAU,주노,mt
MAPNAME|JUNIN,JUNIN,후닌,mt
MAPNAME|JUPITER,JUPITER,주피터,mt
MAPNAME|JURMALA,JURMALA,유르말라,mt
MAPNAME|JUTICALPA,JUTICALPA,후티칼파,mt
MAPNAME|JUVENTINO ROSAS,JUVENTINO ROSAS,후벤티노로사스,mt
MAPNAME|JYVÄSKYLA,JYVÄSKYLA,위베스퀼레,mt
MAPNAME|JÁTIVA,JÁTIVA,하티바,mt
MAPNAME|JÁVEA,JÁVEA,하베아,mt
MAPNAME|JÄRFALLA,JÄRFALLA,예르팔라,mt
MAPNAME|JÄRVENPÄÄ,JÄRVENPÄÄ,예르벤페,mt
MAPNAME|JÖNKÖPING,JÖNKÖPING,옌셰핑,mt
MAPNAME|K'EBRI DEHAR,K'EBRI DEHAR,케브리데하르,mt
MAPNAME|K'UT'AISI,K'UT'AISI,쿠타이시,mt
MAPNAME|KAA-CHEM,KAA-CHEM,카켐,mt
MAPNAME|KABALA,KABALA,카발라,mt
MAPNAME|KABALE,KABALE,카발레,mt
MAPNAME|KABALO,KABALO,카발로,mt
MAPNAME|KABANKALAN,KABANKALAN,카반칼란,mt
MAPNAME|KABINDA,KABINDA,카빈다,mt
MAPNAME|KABO,KABO,카보,mt
MAPNAME|KABUGA,KABUGA,카부가,mt
MAPNAME|KABUL,KABUL,카불,mt
MAPNAME|KABWE,KABWE,카브웨,mt
MAPNAME|KACHKANAR,KACHKANAR,카치카나르,mt
MAPNAME|KADAIYANALLUR,KADAIYANALLUR,카다이야날루르,mt
MAPNAME|KADIRI,KADIRI,카디리,mt
MAPNAME|KADIRLI,KADIRLI,카디를리,mt
MAPNAME|KADOMA,KADOMA,카도마,mt
MAPNAME|KADUNA,KADUNA,카두나,mt
MAPNAME|KADUQLI,KADUQLI,카둘리,mt
MAPNAME|KAELE,KAELE,카엘레,mt
MAPNAME|KAESONG,KAESONG,개성,mt
MAPNAME|KAF,KAF,카프,mt
MAPNAME|KAFR AD DAWWAR,KAFR AD DAWWAR,카프르다우와르,mt
MAPNAME|KAFR ASH SHAYKH,KAFR ASH SHAYKH,카프르엘셰이크,mt
MAPNAME|KAFR AZ ZAYYAT,KAFR AZ ZAYYAT,카프르엘자이야트,mt
MAPNAME|KAFUE,KAFUE,카푸에,mt
MAPNAME|KAGA-BANDORO,KAGA-BANDORO,카가반도로,mt
MAPNAME|KAGAN,KAGAN,카간,mt
MAPNAME|KAGOSHIMA,KAGOSHIMA,가고시마,mt
MAPNAME|KAHAMA,KAHAMA,카하마,mt
MAPNAME|KAHNUJ,KAHNUJ,카흐누즈,mt
MAPNAME|KAHRAMANMARAS,KAHRAMANMARAS,카흐라만마라시,mt
MAPNAME|KAHROR PAKKA,KAHROR PAKKA,카흐로르팍카,mt
MAPNAME|KAHULUI,KAHULUI,카훌루이,mt
MAPNAME|KAIFENG,KAIFENG,카이펑,mt
MAPNAME|KAIGA,KAIGA,카이가,mt
MAPNAME|KAILAHUN,KAILAHUN,카일라훈,mt
MAPNAME|KAILI,KAILI,카이리,mt
MAPNAME|KAILU,KAILU,카이루,mt
MAPNAME|KAIPING,KAIPING,카이핑,mt
MAPNAME|KAIRANA,KAIRANA,카이라나,mt
MAPNAME|KAISERSLAUTERN,KAISERSLAUTERN,카이저슬라우테른,mt
MAPNAME|KAITHAL,KAITHAL,카이탈,mt
MAPNAME|KAIYUAN,KAIYUAN,카이위안,mt
MAPNAME|KAJAANI,KAJAANI,카야니,mt
MAPNAME|KAJANG,KAJANG,카장,mt
MAPNAME|KAKAMEGA,KAKAMEGA,카카메가,mt
MAPNAME|KAKAMIGAHARA,KAKAMIGAHARA,가카미가하라,mt
MAPNAME|KAKAYDY,KAKAYDY,카카이디,mt
MAPNAME|KAKINADA,KAKINADA,카키나다,mt
MAPNAME|KAKOGAWA,KAKOGAWA,가코가와,mt
MAPNAME|KALAMAZOO,KALAMAZOO,칼라마주,mt
MAPNAME|KALAMÁTA,KALAMÁTA,칼라마타,mt
MAPNAME|KALAR,KALAR,칼라르,mt
MAPNAME|KALASIN,KALASIN,칼라신,mt
MAPNAME|KALEMIE,KALEMIE,칼레미,mt
MAPNAME|KALEMYO,KALEMYO,칼레먀,mt
MAPNAME|KALGOORLIE-BOULDER,KALGOORLIE-BOULDER,칼굴리볼더,mt
MAPNAME|KALIMA,KALIMA,칼리마,mt
MAPNAME|KALININ,KALININ,칼리닌,mt
MAPNAME|KALININGRAD,KALININGRAD,칼리닌그라드,mt
MAPNAME|KALINKAVICY,KALINKAVICY,칼린카비치,mt
MAPNAME|KALISZ,KALISZ,칼리시,mt
MAPNAME|KALMAR,KALMAR,칼마르,mt
MAPNAME|KALMUNAI,KALMUNAI,칼무나이,mt
MAPNAME|KALNA,KALNA,칼나,mt
MAPNAME|KALOL,KALOL,칼롤,mt
MAPNAME|KALUDERICA,KALUDERICA,칼루데리차,mt
MAPNAME|KALUGA,KALUGA,칼루가,mt
MAPNAME|KALULUSHI,KALULUSHI,칼룰루시,mt
MAPNAME|KALUNDBORG,KALUNDBORG,칼룬보르,mt
MAPNAME|KALUSH,KALUSH,칼루시,mt
MAPNAME|KALUTARA,KALUTARA,칼루타라,mt
MAPNAME|KALYAN,KALYAN,칼리안,mt
MAPNAME|KAM'YANETS-PODIL'S'KYI,KAM'YANETS-PODIL'S'KYI,카먀네츠포딜스키,mt
MAPNAME|KAMA,KAMA,카마,mt
MAPNAME|KAMAISHI,KAMAISHI,가마이시,mt
MAPNAME|KAMAKURA,KAMAKURA,가마쿠라,mt
MAPNAME|KAMAKWIE,KAMAKWIE,카마크위,mt
MAPNAME|KAMALIA,KAMALIA,카말리아,mt
MAPNAME|KAMAREDDI,KAMAREDDI,카마레디,mt
MAPNAME|KAMBAM,KAMBAM,캄밤,mt
MAPNAME|KAMBIA,KAMBIA,캄비아,mt
MAPNAME|KAMBOVE,KAMBOVE,캄보베,mt
MAPNAME|KAMEN',KAMEN',카멘,mt
MAPNAME|KAMENSK-SHAKHTINSKIY,KAMENSK-SHAKHTINSKIY,카멘스크샤흐틴스키,mt
MAPNAME|KAMENSK-URAL'SKIY,KAMENSK-URAL'SKIY,카멘스크우랄스키,mt
MAPNAME|KAMEYAMA,KAMEYAMA,가메야마,mt
MAPNAME|KAMIANSKE,KAMIANSKE,카먄스케,mt
MAPNAME|KAMINA,KAMINA,카미나,mt
MAPNAME|KAMISU,KAMISU,가미스,mt
MAPNAME|KAMLOOPS,KAMLOOPS,캠루프스,mt
MAPNAME|KAMOJIMA,KAMOJIMA,가모지마,mt
MAPNAME|KAMOKI,KAMOKI,카모키,mt
MAPNAME|KAMPALA,KAMPALA,캄팔라,mt
MAPNAME|KAMPHAENG PHET,KAMPHAENG PHET,캄팽펫,mt
MAPNAME|KAMPÓNG SAÔM,KAMPÓNG SAÔM,캄퐁솜,mt
MAPNAME|KAMRA,KAMRA,캄라,mt
MAPNAME|KAMSAR,KAMSAR,캄사르,mt
MAPNAME|KAMTHI,KAMTHI,캄티,mt
MAPNAME|KAMYSHIN,KAMYSHIN,카미신,mt
MAPNAME|KAN-ONJI,KAN-ONJI,간온지,mt
MAPNAME|KANANGA,KANANGA,카낭가,mt
MAPNAME|KANAZAWA,KANAZAWA,가나자와,mt
MAPNAME|KANCHANABURI,KANCHANABURI,칸차나부리,mt
MAPNAME|KANCHIPURAM,KANCHIPURAM,칸치푸람,mt
MAPNAME|KANDAHAR,KANDAHAR,칸다하르,mt
MAPNAME|KANDALAKSHA,KANDALAKSHA,칸달락샤,mt
MAPNAME|KANDHKOT,KANDHKOT,칸드코트,mt
MAPNAME|KANDI,KANDI,칸디,mt
MAPNAME|KANDUKUR,KANDUKUR,칸두쿠르,mt
MAPNAME|KANDY,KANDY,캔디,mt
MAPNAME|KANG-SHAN,KANG-SHAN,강산,mt
MAPNAME|KANGAR,KANGAR,캉가르,mt
MAPNAME|KANGASALA,KANGASALA,칸가살라,mt
MAPNAME|KANGAVAR,KANGAVAR,캉가바르,mt
MAPNAME|KANGGYE,KANGGYE,강계,mt
MAPNAME|KANGPING,KANGPING,캉핑,mt
MAPNAME|KANIAMA,KANIAMA,카니아마,mt
MAPNAME|KANKAKEE,KANKAKEE,캔카키,mt
MAPNAME|KANKAN,KANKAN,캉캉,mt
MAPNAME|KANNAPOLIS,KANNAPOLIS,캐나폴리스,mt
MAPNAME|KANNAUJ,KANNAUJ,카나우지,mt
MAPNAME|KANO,KANO,카노,mt
MAPNAME|KANOYA,KANOYA,가노야,mt
MAPNAME|KANPUR,KANPUR,칸푸르,mt
MAPNAME|KANSAS CITY,KANSAS CITY,캔자스시티,mt
MAPNAME|KANSK,KANSK,칸스크,mt
MAPNAME|KANTANG,KANTANG,칸탕,mt
MAPNAME|KANUMA,KANUMA,가누마,mt
MAPNAME|KANYE,KANYE,카냐,mt
MAPNAME|KAOHSIUNG,KAOHSIUNG,가오슝,mt
MAPNAME|KAOLACK,KAOLACK,카올라크,mt
MAPNAME|KAOMA,KAOMA,카오마,mt
MAPNAME|KAPALIMÉ,KAPALIMÉ,카팔리메,mt
MAPNAME|KAPAN,KAPAN,카판,mt
MAPNAME|KAPFENBERG,KAPFENBERG,카펜베르크,mt
MAPNAME|KAPIRI MPOSHI,KAPIRI MPOSHI,카피리음포시,mt
MAPNAME|KAPOETA,KAPOETA,카포에타,mt
MAPNAME|KAPOSVÁR,KAPOSVÁR,커포슈바르,mt
MAPNAME|KAPTAIMUKH,KAPTAIMUKH,카프타이무크,mt
MAPNAME|KAPURTHALA,KAPURTHALA,카푸르탈라,mt
MAPNAME|KAPUSTIN YAR,KAPUSTIN YAR,카푸스틴야르,mt
MAPNAME|KAPUTA,KAPUTA,카푸타,mt
MAPNAME|KARA-BALTA,KARA-BALTA,카라발타,mt
MAPNAME|KARABÜK,KARABÜK,카라뷔크,mt
MAPNAME|KARACABEY,KARACABEY,카라자베이,mt
MAPNAME|KARACHI,KARACHI,카라치,mt
MAPNAME|KARAD,KARAD,카라드,mt
MAPNAME|KARAIKAL,KARAIKAL,카라이칼,mt
MAPNAME|KARAIKKUDI,KARAIKKUDI,카라이쿠디,mt
MAPNAME|KARAJ,KARAJ,카라지,mt
MAPNAME|KARAKOL,KARAKOL,카라콜,mt
MAPNAME|KARAKÖSE,KARAKÖSE,카라쾨세,mt
MAPNAME|KARAMAN,KARAMAN,카라만,mt
MAPNAME|KARAMAY,KARAMAY,커라마이,mt
MAPNAME|KARANJA,KARANJA,카란자,mt
MAPNAME|KARASUK,KARASUK,카라숙,mt
MAPNAME|KARAULI,KARAULI,카라울리,mt
MAPNAME|KARAWANG,KARAWANG,카라왕,mt
MAPNAME|KARBALA,KARBALA,카르발라,mt
MAPNAME|KARDITSA,KARDITSA,카르디차,mt
MAPNAME|KARDZALI,KARDZALI,키르잘리,mt
MAPNAME|KARGIIK,KARGIIK,카르기크,mt
MAPNAME|KARIMGANJ,KARIMGANJ,카림간지,mt
MAPNAME|KARIMNAGAR,KARIMNAGAR,카림나가르,mt
MAPNAME|KARLOVAC,KARLOVAC,카를로바츠,mt
MAPNAME|KARLOVY VARY,KARLOVY VARY,카를로비바리,mt
MAPNAME|KARLSHAMN,KARLSHAMN,카를스함,mt
MAPNAME|KARLSKOGA,KARLSKOGA,카를스쿠가,mt
MAPNAME|KARLSKRONA,KARLSKRONA,카를스크로나,mt
MAPNAME|KARLSRUHE,KARLSRUHE,카를스루에,mt
MAPNAME|KARLSTAD,KARLSTAD,카를스타드,mt
MAPNAME|KARMI'EL,KARMI'EL,카르미엘,mt
MAPNAME|KARNAL,KARNAL,카르날,mt
MAPNAME|KARNPLAY,KARNPLAY,카른플레이,mt
MAPNAME|KARS,KARS,카르스,mt
MAPNAME|KARUR,KARUR,카루르,mt
MAPNAME|KARUTU,KARUTU,카루투,mt
MAPNAME|KARUZI,KARUZI,카루지,mt
MAPNAME|KARWAR,KARWAR,카르와르,mt
MAPNAME|KAS,KAS,카슈,mt
MAPNAME|KASAMA,KASAMA,카사마,mt
MAPNAME|KASAOKA,KASAOKA,가사오카,mt
MAPNAME|KASARAGOD,KASARAGOD,카사라고드,mt
MAPNAME|KASEDA,KASEDA,가세다,mt
MAPNAME|KASESE,KASESE,카세세,mt
MAPNAME|KASHAN,KASHAN,카샨,mt
MAPNAME|KASHI,KASHI,카스,mt
MAPNAME|KASHIHARA,KASHIHARA,가시하라,mt
MAPNAME|KASHIPUR,KASHIPUR,카시푸르,mt
MAPNAME|KASHIWA,KASHIWA,가시와,mt
MAPNAME|KASHIWAZAKI,KASHIWAZAKI,가시와자키,mt
MAPNAME|KASHMAR,KASHMAR,카슈마르,mt
MAPNAME|KASIM,KASIM,카심,mt
MAPNAME|KASLI,KASLI,카슬리,mt
MAPNAME|KASONGO,KASONGO,카송고,mt
MAPNAME|KASPI,KASPI,카스피,mt
MAPNAME|KASPIYSK,KASPIYSK,카스피스크,mt
MAPNAME|KASSALA,KASSALA,카살라,mt
MAPNAME|KASSEL,KASSEL,카셀,mt
MAPNAME|KASTAMONU,KASTAMONU,카스타모누,mt
MAPNAME|KASUGA,KASUGA,가스가,mt
MAPNAME|KASUGAI,KASUGAI,가스가이,mt
MAPNAME|KASUKABE,KASUKABE,가스카베,mt
MAPNAME|KASULU,KASULU,카술루,mt
MAPNAME|KASUR,KASUR,카수르,mt
MAPNAME|KATEGAWA,KATEGAWA,가테가와,mt
MAPNAME|KATERINI,KATERINI,카테리니,mt
MAPNAME|KATESHI,KATESHI,카테시,mt
MAPNAME|KATETE,KATETE,카테테,mt
MAPNAME|KATHMANDU,KATHMANDU,카트만두,mt
MAPNAME|KATHRINE,KATHRINE,캐서린,mt
MAPNAME|KATIHAR,KATIHAR,카티하르,mt
MAPNAME|KATIMA MULILO,KATIMA MULILO,카티마물릴로,mt
MAPNAME|KATIOLA,KATIOLA,카티올라,mt
MAPNAME|KATORO,KATORO,카토로,mt
MAPNAME|KATOWICE,KATOWICE,카토비체,mt
MAPNAME|KATOYA,KATOYA,카토야,mt
MAPNAME|KATSINA,KATSINA,카치나,mt
MAPNAME|KATTANKUDI,KATTANKUDI,카탄쿠디,mt
MAPNAME|KATTAQURGHON,KATTAQURGHON,카타쿠르간,mt
MAPNAME|KAUNAS,KAUNAS,카우나스,mt
MAPNAME|KAVADARCI,KAVADARCI,카바다르치,mt
MAPNAME|KAVALI,KAVALI,카발리,mt
MAPNAME|KAVIENG,KAVIENG,카비엥,mt
MAPNAME|KAVÁLA,KAVÁLA,카발라,mt
MAPNAME|KAWACHINAGANO,KAWACHINAGANO,가와치나가노,mt
MAPNAME|KAWAGOE,KAWAGOE,가와고에,mt
MAPNAME|KAWAMBWA,KAWAMBWA,카왐바,mt
MAPNAME|KAWANOE,KAWANOE,가와노에,mt
MAPNAME|KAYA,KAYA,카야,mt
MAPNAME|KAYANKULAM,KAYANKULAM,카얀쿨람,mt
MAPNAME|KAYANZA,KAYANZA,카얀자,mt
MAPNAME|KAYES,KAYES,카예스,mt
MAPNAME|KAYSERI,KAYSERI,카이세리,mt
MAPNAME|KAZAN,KAZAN,카잔,mt
MAPNAME|KAZANLAK,KAZANLAK,카잔러크,mt
MAPNAME|KAZERUN,KAZERUN,카제룬,mt
MAPNAME|KAZINCBARCIKA,KAZINCBARCIKA,커진츠버르치커,mt
MAPNAME|KAZO,KAZO,카조,mt
MAPNAME|KAÉDI,KAÉDI,카에디,mt
MAPNAME|KEARNEY,KEARNEY,커니,mt
MAPNAME|KEBUMEN,KEBUMEN,크부멘,mt
MAPNAME|KECSKEMÉT,KECSKEMÉT,케치케메트,mt
MAPNAME|KEDAINIAI,KEDAINIAI,케다이니아이,mt
MAPNAME|KEDIRI,KEDIRI,크디리,mt
MAPNAME|KEDOUGOU,KEDOUGOU,케두구,mt
MAPNAME|KEDZIERZYN-KOZLE,KEDZIERZYN-KOZLE,켄지진코젤레,mt
MAPNAME|KEENE,KEENE,킨,mt
MAPNAME|KEFFI,KEFFI,케피,mt
MAPNAME|KELANG,KELANG,클랑,mt
MAPNAME|KELE,KELE,켈레,mt
MAPNAME|KELOWNA,KELOWNA,켈로나,mt
MAPNAME|KELUANG,KELUANG,클루앙,mt
MAPNAME|KEMEROVO,KEMEROVO,케메로보,mt
MAPNAME|KEMI,KEMI,케미,mt
MAPNAME|KEMISE,KEMISE,케미세,mt
MAPNAME|KEMPTEN,KEMPTEN,켐프텐,mt
MAPNAME|KENAI,KENAI,케나이,mt
MAPNAME|KENDALL,KENDALL,켄들,mt
MAPNAME|KENDARI,KENDARI,켄다리,mt
MAPNAME|KENEMA,KENEMA,케네마,mt
MAPNAME|KENETHAO,KENETHAO,켄타오,mt
MAPNAME|KENG TUNG,KENG TUNG,켕퉁,mt
MAPNAME|KENITRA,KENITRA,케니트라,mt
MAPNAME|KENNEDY SPACE CENTER,KENNEDY SPACE CENTER,케네디우주센터,mt
MAPNAME|KENNER,KENNER,케너,mt
MAPNAME|KENNESAW,KENNESAW,케너소,mt
MAPNAME|KENNEWICK,KENNEWICK,케너윅,mt
MAPNAME|KENORA,KENORA,케노라,mt
MAPNAME|KENOSHA,KENOSHA,케노샤,mt
MAPNAME|KENT,KENT,켄트,mt
MAPNAME|KENTAU,KENTAU,켄타우,mt
MAPNAME|KENTWOOD,KENTWOOD,켄트우드,mt
MAPNAME|KERCH,KERCH,케르치,mt
MAPNAME|KEREN,KEREN,케렌,mt
MAPNAME|KERICHO,KERICHO,케리초,mt
MAPNAME|KERMAN,KERMAN,케르만,mt
MAPNAME|KERMANSHAH,KERMANSHAH,케르만샤,mt
MAPNAME|KERNSVILLE,KERNSVILLE,커넌스빌,mt
MAPNAME|KEROUANE,KEROUANE,케루안,mt
MAPNAME|KERPEN,KERPEN,케르펜,mt
MAPNAME|KERRVILLE,KERRVILLE,커빌,mt
MAPNAME|KERSA,KERSA,케르사,mt
MAPNAME|KESAN,KESAN,케샨,mt
MAPNAME|KESENNUMA,KESENNUMA,게센누마,mt
MAPNAME|KESHAN,KESHAN,커산,mt
MAPNAME|KESHOD,KESHOD,케쇼드,mt
MAPNAME|KESWICK,KESWICK,케직,mt
MAPNAME|KETTERING,KETTERING,케터링,mt
MAPNAME|KEY WEST,KEY WEST,키웨스트,mt
MAPNAME|KHABAROVSK,KHABAROVSK,하바롭스크,mt
MAPNAME|KHAIRPUR,KHAIRPUR,카이르푸르,mt
MAPNAME|KHALÁNDRION,KHALÁNDRION,칼란드리온,mt
MAPNAME|KHAMBHAT,KHAMBHAT,캄바트,mt
MAPNAME|KHAMGAON,KHAMGAON,캄가온,mt
MAPNAME|KHAMIS MUSHAYT,KHAMIS MUSHAYT,하미스무샤이트,mt
MAPNAME|KHAMMAM,KHAMMAM,캄맘,mt
MAPNAME|KHAMR,KHAMR,하므르,mt
MAPNAME|KHANABAD,KHANABAD,하나바드,mt
MAPNAME|KHANDWA,KHANDWA,칸드와,mt
MAPNAME|KHANEWAL,KHANEWAL,카네왈,mt
MAPNAME|KHANIÁ,KHANIÁ,하니아,mt
MAPNAME|KHANNA,KHANNA,칸나,mt
MAPNAME|KHANPUR,KHANPUR,칸푸르,mt
MAPNAME|KHANTY-MANSIYSK,KHANTY-MANSIYSK,한티만시스크,mt
MAPNAME|KHARAGPUR,KHARAGPUR,카라그푸르,mt
MAPNAME|KHARGA,KHARGA,하르가,mt
MAPNAME|KHARGON,KHARGON,카르곤,mt
MAPNAME|KHARIAN,KHARIAN,카리안,mt
MAPNAME|KHARKIV,KHARKIV,하르키우,mt
MAPNAME|KHARTSYZSK,KHARTSYZSK,하르트시즈크,mt
MAPNAME|KHASAB,KHASAB,하사브,mt
MAPNAME|KHASAVYURT,KHASAVYURT,하사뷰르트,mt
MAPNAME|KHASHIM AL-QIRBAH,KHASHIM AL-QIRBAH,하슈므알키르바,mt
MAPNAME|KHASHURI,KHASHURI,하슈리,mt
MAPNAME|KHASKOVO,KHASKOVO,하스코보,mt
MAPNAME|KHATAULI,KHATAULI,카타울리,mt
MAPNAME|KHAWR FAKKAN,KHAWR FAKKAN,코르파칸,mt
MAPNAME|KHEMIS MILIANA,KHEMIS MILIANA,켐미스밀리아나,mt
MAPNAME|KHENCHELA,KHENCHELA,켄첼라,mt
MAPNAME|KHENIFRA,KHENIFRA,케니프라,mt
MAPNAME|KHERSON,KHERSON,헤르손,mt
MAPNAME|KHIMKI,KHIMKI,힘키,mt
MAPNAME|KHIOS,KHIOS,히오스,mt
MAPNAME|KHLONG LUANG,KHLONG LUANG,클롱루앙,mt
MAPNAME|KHMEL'NYTS'KYY,KHMEL'NYTS'KYY,흐멜니츠키,mt
MAPNAME|KHMELNITSKIY,KHMELNITSKIY,흐멜니츠키,mt
MAPNAME|KHOLM,KHOLM,홀름,mt
MAPNAME|KHOMEYN,KHOMEYN,호메이니,mt
MAPNAME|KHON KAEN,KHON KAEN,콘캔,mt
MAPNAME|KHONI,KHONI,호니,mt
MAPNAME|KHOPOTI,KHOPOTI,호포티,mt
MAPNAME|KHORRAMABAD,KHORRAMABAD,호람아바드,mt
MAPNAME|KHORRAMSHAHR,KHORRAMSHAHR,호람샤르,mt
MAPNAME|KHORUGH,KHORUGH,호로그,mt
MAPNAME|KHRUSTALNYI,KHRUSTALNYI,흐루스탈니,mt
MAPNAME|KHUJAND,KHUJAND,후잔드,mt
MAPNAME|KHULNA,KHULNA,쿨나,mt
MAPNAME|KHURJA,KHURJA,쿠르자,mt
MAPNAME|KHUSHAB,KHUSHAB,쿠샤브,mt
MAPNAME|KHUZDAR,KHUZDAR,쿠즈다르,mt
MAPNAME|KHVAF,KHVAF,흐바프,mt
MAPNAME|KHVOY,KHVOY,호이,mt
MAPNAME|KIBAIGWA,KIBAIGWA,키바이그와,mt
MAPNAME|KIBONDO,KIBONDO,키본도,mt
MAPNAME|KIBUNGO,KIBUNGO,키붕고,mt
MAPNAME|KICEVO,KICEVO,키체보,mt
MAPNAME|KIDAPAWAN,KIDAPAWAN,키다파완,mt
MAPNAME|KIDDERMINSTER,KIDDERMINSTER,키더민스터,mt
MAPNAME|KIEL,KIEL,킬,mt
MAPNAME|KIELCE,KIELCE,키엘체,mt
MAPNAME|KIFA,KIFA,키파,mt
MAPNAME|KIGALI,KIGALI,키갈리,mt
MAPNAME|KIGOMA,KIGOMA,키고마,mt
MAPNAME|KIKINDA,KIKINDA,키킨다,mt
MAPNAME|KIKUYO,KIKUYO,기쿠요,mt
MAPNAME|KIKWIT,KIKWIT,키퀴트,mt
MAPNAME|KILIS,KILIS,킬리스,mt
MAPNAME|KILKENNY,KILKENNY,킬케니,mt
MAPNAME|KILLARNEY,KILLARNEY,킬라니,mt
MAPNAME|KILLEEN,KILLEEN,킬린,mt
MAPNAME|KILMARNOCK,KILMARNOCK,킬마녹,mt
MAPNAME|KILOSA,KILOSA,킬로사,mt
MAPNAME|KIMAAM,KIMAAM,키마암,mt
MAPNAME|KIMBE,KIMBE,킴베,mt
MAPNAME|KIMBERLEY,KIMBERLEY,킴벌리,mt
MAPNAME|KIMCHAEK,KIMCHAEK,김책,mt
MAPNAME|KIMPESE,KIMPESE,킴페세,mt
MAPNAME|KIMRY,KIMRY,킴리,mt
MAPNAME|KINDIA,KINDIA,킨디아,mt
MAPNAME|KINDU,KINDU,킨두,mt
MAPNAME|KINEL,KINEL,키넬,mt
MAPNAME|KINESHMA,KINESHMA,키네슈마,mt
MAPNAME|KING ABDULLAH II,KING ABDULLAH II,킹압둘라2세,mt
MAPNAME|KING KHALID,KING KHALID,킹할리드,mt
MAPNAME|KINGISEPP,KINGISEPP,킹기세프,mt
MAPNAME|KINGS BAY,KINGS BAY,킹스베이,mt
MAPNAME|KINGSPORT,KINGSPORT,킹스포트,mt
MAPNAME|KINGSTON,KINGSTON,킹스턴,mt
MAPNAME|KINGSVILLE,KINGSVILLE,킹스빌,mt
MAPNAME|KINGWOOD,KINGWOOD,킹우드,mt
MAPNAME|KINKHAN,KINKHAN,킨칸,mt
MAPNAME|KINSHASA,KINSHASA,킨샤사,mt
MAPNAME|KINSTON,KINSTON,킨스턴,mt
MAPNAME|KIPUSHI,KIPUSHI,키푸시,mt
MAPNAME|KIRAKIRA,KIRAKIRA,키라키라,mt
MAPNAME|KIRATPUR,KIRATPUR,키라트푸르,mt
MAPNAME|KIRBI,KIRBI,키르비,mt
MAPNAME|KIRIKKALE,KIRIKKALE,키리칼레,mt
MAPNAME|KIRISHI,KIRISHI,키리시,mt
MAPNAME|KIRITIMATI,KIRITIMATI,키리티마티,mt
MAPNAME|KIRKCALDY,KIRKCALDY,커콜디,mt
MAPNAME|KIRKKONUMMI,KIRKKONUMMI,키르코누미,mt
MAPNAME|KIRKLARELI,KIRKLARELI,크르클라렐리,mt
MAPNAME|KIRKUK,KIRKUK,키르쿠크,mt
MAPNAME|KIRKWALL,KIRKWALL,커크월,mt
MAPNAME|KIROV,KIROV,키로프,mt
MAPNAME|KIROVHRAD,KIROVHRAD,키로보흐라드,mt
MAPNAME|KIROVO-CHEPETSK,KIROVO-CHEPETSK,키로보체페츠크,mt
MAPNAME|KIRSEHIR,KIRSEHIR,크르셰히르,mt
MAPNAME|KIRUNA,KIRUNA,키루나,mt
MAPNAME|KIRUNDO,KIRUNDO,키룬도,mt
MAPNAME|KIRYU,KIRYU,기류,mt
MAPNAME|KISANGANI,KISANGANI,키상가니,mt
MAPNAME|KISARAN,KISARAN,키사란,mt
MAPNAME|KISARAZU,KISARAZU,기사라즈,mt
MAPNAME|KISELËVSK,KISELËVSK,키셀료프스크,mt
MAPNAME|KISH,KISH,키시,mt
MAPNAME|KISHANGANG,KISHANGANG,키샨간지,mt
MAPNAME|KISHANGARH,KISHANGARH,키샨가르,mt
MAPNAME|KISHI,KISHI,기시,mt
MAPNAME|KISHIWADA,KISHIWADA,기시와다,mt
MAPNAME|KISHKUNFÉLEGYHÁZA,KISHKUNFÉLEGYHÁZA,키슈쿤펠레지하저,mt
MAPNAME|KISHORGANJ,KISHORGANJ,키쇼르간지,mt
MAPNAME|KISII,KISII,키시,mt
MAPNAME|KISLOVODSK,KISLOVODSK,키슬로보츠크,mt
MAPNAME|KISMAAYO,KISMAAYO,키스마요,mt
MAPNAME|KISSIDOUGOU,KISSIDOUGOU,키시두구,mt
MAPNAME|KISSIMMEE,KISSIMMEE,키시미,mt
MAPNAME|KISUMU,KISUMU,키수무,mt
MAPNAME|KITAHIROCHIMA,KITAHIROCHIMA,기타히로시마,mt
MAPNAME|KITAKAMI,KITAKAMI,기타카미,mt
MAPNAME|KITAKATA,KITAKATA,기타카타,mt
MAPNAME|KITALE,KITALE,키탈레,mt
MAPNAME|KITAMI,KITAMI,기타미,mt
MAPNAME|KITAYUSHU,KITAYUSHU,기타규슈,mt
MAPNAME|KITCHENER,KITCHENER,키치너,mt
MAPNAME|KITGUM,KITGUM,키트굼,mt
MAPNAME|KITWE,KITWE,키트웨,mt
MAPNAME|KIZILTEPE,KIZILTEPE,크즐테페,mt
MAPNAME|KJACHTA,KJACHTA,캬흐타,mt
MAPNAME|KLADNO,KLADNO,클라드노,mt
MAPNAME|KLAENG,KLAENG,클랭,mt
MAPNAME|KLAGENFURT,KLAGENFURT,클라겐푸르트,mt
MAPNAME|KLAIPEDA,KLAIPEDA,클라이페다,mt
MAPNAME|KLAMATH FALLS,KLAMATH FALLS,클래머스폴스,mt
MAPNAME|KLATEN,KLATEN,클라텐,mt
MAPNAME|KLERKSDORP,KLERKSDORP,클레르크스도르프,mt
MAPNAME|KLIMOVSK,KLIMOVSK,클리모프스크,mt
MAPNAME|KLIN,KLIN,클린,mt
MAPNAME|KLINTSY,KLINTSY,클린치,mt
MAPNAME|KNIN,KNIN,크닌,mt
MAPNAME|KNJAZEVAC,KNJAZEVAC,크냐제바츠,mt
MAPNAME|KNOX,KNOX,녹스,mt
MAPNAME|KNOXVILLE,KNOXVILLE,녹스빌,mt
MAPNAME|KO SAMUI,KO SAMUI,코사무이,mt
MAPNAME|KOBAYASHI,KOBAYASHI,고바야시,mt
MAPNAME|KOBE,KOBE,고베,mt
MAPNAME|KOBENHAVN,KOBENHAVN,코펜하겐,mt
MAPNAME|KOBLENZ,KOBLENZ,코블렌츠,mt
MAPNAME|KOBO,KOBO,코보,mt
MAPNAME|KOBRYN,KOBRYN,코브린,mt
MAPNAME|KOBULETI,KOBULETI,코불레티,mt
MAPNAME|KOCANI,KOCANI,코차니,mt
MAPNAME|KOCH BIHAR,KOCH BIHAR,쿠치비하르,mt
MAPNAME|KOCHI,KOCHI,고치,mt
MAPNAME|KODIAK,KODIAK,코디액,mt
MAPNAME|KODIIVKA,KODIIVKA,코디이우카,mt
MAPNAME|KODOK,KODOK,코독,mt
MAPNAME|KOFORIDUA,KOFORIDUA,코포리두아,mt
MAPNAME|KOFU,KOFU,고후,mt
MAPNAME|KOGA,KOGA,고가,mt
MAPNAME|KOGE,KOGE,고게,mt
MAPNAME|KOHAT,KOHAT,코하트,mt
MAPNAME|KOHIMA,KOHIMA,코히마,mt
MAPNAME|KOHTLA-JÄRVE,KOHTLA-JÄRVE,코흐틀라예르베,mt
MAPNAME|KOIDE,KOIDE,고이데,mt
MAPNAME|KOIDU,KOIDU,코이두,mt
MAPNAME|KOKKOLA,KOKKOLA,코콜라,mt
MAPNAME|KOKOMO,KOKOMO,코코모,mt
MAPNAME|KOKOPO,KOKOPO,코코포,mt
MAPNAME|KOKSAN,KOKSAN,곡산,mt
MAPNAME|KOKUBU,KOKUBU,고쿠부,mt
MAPNAME|KOL'COVO,KOL'COVO,콜초보,mt
MAPNAME|KOLADIBA,KOLADIBA,콜라디바,mt
MAPNAME|KOLDA,KOLDA,콜다,mt
MAPNAME|KOLDING,KOLDING,콜링,mt
MAPNAME|KOLHAPUR,KOLHAPUR,콜라푸르,mt
MAPNAME|KOLIN,KOLIN,콜린,mt
MAPNAME|KOLKATA,KOLKATA,콜카타,mt
MAPNAME|KOLLEGAL,KOLLEGAL,콜레갈,mt
MAPNAME|KOLOMNA,KOLOMNA,콜롬나,mt
MAPNAME|KOLOMYYA,KOLOMYYA,콜로미야,mt
MAPNAME|KOLPINO,KOLPINO,콜피노,mt
MAPNAME|KOLWEZI,KOLWEZI,콜웨지,mt
MAPNAME|KOMATSU,KOMATSU,고마쓰,mt
MAPNAME|KOMATSUSHIMA,KOMATSUSHIMA,고마쓰시마,mt
MAPNAME|KOMBOLCHA,KOMBOLCHA,콤볼차,mt
MAPNAME|KOMORO,KOMORO,고모로,mt
MAPNAME|KOMOTINI,KOMOTINI,코모티니,mt
MAPNAME|KOMSOMOL'SK,KOMSOMOL'SK,콤소몰스크,mt
MAPNAME|KOMSOMOLSK-NA-AMURE,KOMSOMOLSK-NA-AMURE,콤소몰스크나아무레,mt
MAPNAME|KOMÁRNO,KOMÁRNO,코마르노,mt
MAPNAME|KONCH,KONCH,콘치,mt
MAPNAME|KONDOA,KONDOA,콘도아,mt
MAPNAME|KONDOZ,KONDOZ,쿤두즈,mt
MAPNAME|KONGGAR,KONGGAR,콩가르,mt
MAPNAME|KONGOLO,KONGOLO,콩골로,mt
MAPNAME|KONGSBERG,KONGSBERG,콩스베르그,mt
MAPNAME|KONIBODOM,KONIBODOM,코니보돔,mt
MAPNAME|KONIN,KONIN,코닌,mt
MAPNAME|KONOSU,KONOSU,고노스,mt
MAPNAME|KONOTOP,KONOTOP,코노톱,mt
MAPNAME|KONSTANTINOVKA,KONSTANTINOVKA,콘스탄티노프카,mt
MAPNAME|KONSTANZ,KONSTANZ,콘스탄츠,mt
MAPNAME|KONTAGORA,KONTAGORA,콘타고라,mt
MAPNAME|KONYA,KONYA,콘야,mt
MAPNAME|KONÉ,KONÉ,코네,mt
MAPNAME|KOPARGAON,KOPARGAON,코파르가온,mt
MAPNAME|KOPER,KOPER,코페르,mt
MAPNAME|KOPEYSK,KOPEYSK,코페이스크,mt
MAPNAME|KOPPAL,KOPPAL,코팔,mt
MAPNAME|KORAPUT,KORAPUT,코라푸트,mt
MAPNAME|KORATLA,KORATLA,코라틀라,mt
MAPNAME|KORBA,KORBA,코르바,mt
MAPNAME|KORCË,KORCË,코르처,mt
MAPNAME|KOREM,KOREM,코렘,mt
MAPNAME|KORHOGO,KORHOGO,코르호고,mt
MAPNAME|KORI,KORI,코리,mt
MAPNAME|KORIYAMA,KORIYAMA,고리야마,mt
MAPNAME|KORLA,KORLA,쿠얼러,mt
MAPNAME|KOROGWE,KOROGWE,코로그웨,mt
MAPNAME|KORONADAL,KORONADAL,코로나달,mt
MAPNAME|KORONÍS,KORONÍS,코로니스,mt
MAPNAME|KOROR,KOROR,코로르,mt
MAPNAME|KOROSTEN',KOROSTEN',코로스텐,mt
MAPNAME|KORTRIJL,KORTRIJL,코르트레이크,mt
MAPNAME|KOS,KOS,코스,mt
MAPNAME|KOSHIGAYA,KOSHIGAYA,고시가야,mt
MAPNAME|KOSHOKU,KOSHOKU,고쇼쿠,mt
MAPNAME|KOSICE,KOSICE,코시체,mt
MAPNAME|KOSOVSKA MITROVICA,KOSOVSKA MITROVICA,코소프스카미트로비차,mt
MAPNAME|KOSTI,KOSTI,코스티,mt
MAPNAME|KOSTROMA,KOSTROMA,코스트로마,mt
MAPNAME|KOSZALIN,KOSZALIN,코샬린,mt
MAPNAME|KOT ADDU,KOT ADDU,코트아두,mt
MAPNAME|KOT KAPURA,KOT KAPURA,코트카푸라,mt
MAPNAME|KOTA,KOTA,코타,mt
MAPNAME|KOTA BAHARU,KOTA BAHARU,코타바루,mt
MAPNAME|KOTA KINABALU,KOTA KINABALU,코타키나발루,mt
MAPNAME|KOTHAPET,KOTHAPET,코타펫,mt
MAPNAME|KOTKA,KOTKA,코트카,mt
MAPNAME|KOTLAS,KOTLAS,코틀라스,mt
MAPNAME|KOTRI,KOTRI,코트리,mt
MAPNAME|KOTTAGUDEM,KOTTAGUDEM,코타구뎀,mt
MAPNAME|KOTTAYAM,KOTTAYAM,코타얌,mt
MAPNAME|KOUANGO,KOUANGO,쿠앙고,mt
MAPNAME|KOUBIA,KOUBIA,쿠비아,mt
MAPNAME|KOUDOUGOU,KOUDOUGOU,쿠두구,mt
MAPNAME|KOUMAC,KOUMAC,쿠마크,mt
MAPNAME|KOUMRA,KOUMRA,쿰라,mt
MAPNAME|KOUNDARA,KOUNDARA,쿤다라,mt
MAPNAME|KOURIBGA,KOURIBGA,쿠리브가,mt
MAPNAME|KOUROU,KOUROU,쿠루,mt
MAPNAME|KOUROUSSA,KOUROUSSA,쿠루사,mt
MAPNAME|KOUSSERI,KOUSSERI,쿠세리,mt
MAPNAME|KOUVOLA,KOUVOLA,코우볼라,mt
MAPNAME|KOVEL',KOVEL',코벨,mt
MAPNAME|KOVILPATTI,KOVILPATTI,코빌파티,mt
MAPNAME|KOVIN,KOVIN,코빈,mt
MAPNAME|KOVROV,KOVROV,코브로프,mt
MAPNAME|KOZAN,KOZAN,코잔,mt
MAPNAME|KOZEL'SK,KOZEL'SK,코젤스크,mt
MAPNAME|KOZHIKODE,KOZHIKODE,코지코드,mt
MAPNAME|KOZLODUY,KOZLODUY,코즐로두이,mt
MAPNAME|KOZÁNI,KOZÁNI,코자니,mt
MAPNAME|KRAGUJEVAC,KRAGUJEVAC,크라구예바츠,mt
MAPNAME|KRAKÓW,KRAKÓW,크라쿠프,mt
MAPNAME|KRALJEVO,KRALJEVO,크랄레보,mt
MAPNAME|KRAMATORS'K,KRAMATORS'K,크라마토르스크,mt
MAPNAME|KRANJ,KRANJ,크라니,mt
MAPNAME|KRASLAVA,KRASLAVA,크라슬라바,mt
MAPNAME|KRASNOBSK,KRASNOBSK,크라스놉스크,mt
MAPNAME|KRASNODAR,KRASNODAR,크라스노다르,mt
MAPNAME|KRASNOKAMENSK,KRASNOKAMENSK,크라스노카멘스크,mt
MAPNAME|KRASNOKAMSK,KRASNOKAMSK,크라스노캄스크,mt
MAPNAME|KRASNOTUR'INSK,KRASNOTUR'INSK,크라스노투린스크,mt
MAPNAME|KRASNOYARSK,KRASNOYARSK,크라스노야르스크,mt
MAPNAME|KREFELD,KREFELD,크레펠트,mt
MAPNAME|KREMENCHUK,KREMENCHUK,크레멘추크,mt
MAPNAME|KREMS,KREMS,크렘스,mt
MAPNAME|KRISHNAGIRI,KRISHNAGIRI,크리슈나기리,mt
MAPNAME|KRISHNANAGAR,KRISHNANAGAR,크리슈나나가르,mt
MAPNAME|KRISTIANSAND,KRISTIANSAND,크리스티안산,mt
MAPNAME|KRISTIANSTAD,KRISTIANSTAD,크리스티안스타드,mt
MAPNAME|KRISTIANSUND,KRISTIANSUND,크리스티안순,mt
MAPNAME|KRONG KAÔH KONG,KRONG KAÔH KONG,코콩,mt
MAPNAME|KROONSTAD,KROONSTAD,크론스타트,mt
MAPNAME|KROPOTKIN,KROPOTKIN,크로폿킨,mt
MAPNAME|KRSKO,KRSKO,크르슈코,mt
MAPNAME|KRUEMMEL,KRUEMMEL,크륌멜,mt
MAPNAME|KRUGERDORP,KRUGERDORP,크루거스도르프,mt
MAPNAME|KRUNG THEP,KRUNG THEP,방콕,mt
MAPNAME|KRUSEVAC,KRUSEVAC,크루셰바츠,mt
MAPNAME|KRYCHAW,KRYCHAW,크리차우,mt
MAPNAME|KRYMSK,KRYMSK,크림스크,mt
MAPNAME|KRYVYY RIH,KRYVYY RIH,크리비리흐,mt
MAPNAME|KRÂCHÉH,KRÂCHÉH,크라체,mt
MAPNAME|KSAR EL BOUKHARI,KSAR EL BOUKHARI,크사르엘부카리,mt
MAPNAME|KSAR EL KEBIR,KSAR EL KEBIR,크사르엘케비르,mt
MAPNAME|KSTOVO,KSTOVO,크스토보,mt
MAPNAME|KUALA DUNGUN,KUALA DUNGUN,쿠알라둥군,mt
MAPNAME|KUALA LUMPUR,KUALA LUMPUR,쿠알라룸푸르,mt
MAPNAME|KUALA TERENGGANU,KUALA TERENGGANU,쿠알라트렝가누,mt
MAPNAME|KUANDIAN,KUANDIAN,콴뎬,mt
MAPNAME|KUANTAN,KUANTAN,쿠안탄,mt
MAPNAME|KUBINKA,KUBINKA,쿠빈카,mt
MAPNAME|KUCHAMAN,KUCHAMAN,쿠차만,mt
MAPNAME|KUCHING,KUCHING,쿠칭,mt
MAPNAME|KUCHYNA,KUCHYNA,쿠치나,mt
MAPNAME|KUDUS,KUDUS,쿠두스,mt
MAPNAME|KUGLUKTUK,KUGLUKTUK,쿠글룩툭,mt
MAPNAME|KUHDASHT,KUHDASHT,쿠흐다슈트,mt
MAPNAME|KUITO,KUITO,쿠이토,mt
MAPNAME|KUKATPALLI,KUKATPALLI,쿠카트팔리,mt
MAPNAME|KUKI,KUKI,구키,mt
MAPNAME|KUKËS,KUKËS,쿠케스,mt
MAPNAME|KULDIGA,KULDIGA,쿨디가,mt
MAPNAME|KULIM,KULIM,쿨림,mt
MAPNAME|KULOB,KULOB,쿨롭,mt
MAPNAME|KULTI,KULTI,쿨티,mt
MAPNAME|KUMAGAYA,KUMAGAYA,구마가야,mt
MAPNAME|KUMAMOTO,KUMAMOTO,구마모토,mt
MAPNAME|KUMANOVO,KUMANOVO,쿠마노보,mt
MAPNAME|KUMARKALI,KUMARKALI,쿠마르칼리,mt
MAPNAME|KUMASI,KUMASI,쿠마시,mt
MAPNAME|KUMBA,KUMBA,쿰바,mt
MAPNAME|KUMBAKONAM,KUMBAKONAM,쿰바코남,mt
MAPNAME|KUMBO,KUMBO,쿰보,mt
MAPNAME|KUMERTAU,KUMERTAU,쿠메르타우,mt
MAPNAME|KUMUL,KUMUL,하미,mt
MAPNAME|KUNDLA,KUNDLA,쿤들라,mt
MAPNAME|KUNES,KUNES,쿠네스,mt
MAPNAME|KUNGARA,KUNGARA,쿤가라,mt
MAPNAME|KUNGSBACKA,KUNGSBACKA,쿵스바카,mt
MAPNAME|KUNGUR,KUNGUR,쿤구르,mt
MAPNAME|KUNGÄLV,KUNGÄLV,쿵엘브,mt
MAPNAME|KUNINGAN,KUNINGAN,쿠닝안,mt
MAPNAME|KUNMING,KUNMING,쿤밍,mt
MAPNAME|KUNNAMKAULAM,KUNNAMKAULAM,쿤나므쿨람,mt
MAPNAME|KUNSHAN,KUNSHAN,쿤산,mt
MAPNAME|KUOPIO,KUOPIO,쿠오피오,mt
MAPNAME|KUPANG,KUPANG,쿠팡,mt
MAPNAME|KUQA,KUQA,쿠처,mt
MAPNAME|KURASHIKI,KURASHIKI,구라시키,mt
MAPNAME|KURAYOSHI,KURAYOSHI,구라요시,mt
MAPNAME|KURE,KURE,구레,mt
MAPNAME|KURGAN,KURGAN,쿠르간,mt
MAPNAME|KURIGRAM,KURIGRAM,쿠리그람,mt
MAPNAME|KURIKKA,KURIKKA,쿠리카,mt
MAPNAME|KURIL AIRFIELD,KURIL AIRFIELD,쿠릴비행장,mt
MAPNAME|KURIL'SK,KURIL'SK,쿠릴스크,mt
MAPNAME|KURNOOL,KURNOOL,쿠르눌,mt
MAPNAME|KUROISO,KUROISO,구로이소,mt
MAPNAME|KURSK,KURSK,쿠르스크,mt
MAPNAME|KURUME,KURUME,구루메,mt
MAPNAME|KUSADASI,KUSADASI,쿠샤다스,mt
MAPNAME|KUSATSU,KUSATSU,구사쓰,mt
MAPNAME|KUSHEVSKAYA,KUSHEVSKAYA,쿠셰프스카야,mt
MAPNAME|KUSHIRO,KUSHIRO,구시로,mt
MAPNAME|KUSONG,KUSONG,구성,mt
MAPNAME|KUTNO,KUTNO,쿠트노,mt
MAPNAME|KUYERA-NEGELE,KUYERA-NEGELE,쿠예라네겔레,mt
MAPNAME|KUYTUN,KUYTUN,쿠이툰,mt
MAPNAME|KUZNETSK,KUZNETSK,쿠즈네츠크,mt
MAPNAME|KVARELI,KVARELI,크바렐리,mt
MAPNAME|KWAJALEIN,KWAJALEIN,콰잘렌,mt
MAPNAME|KWEKWE,KWEKWE,쿠웨쿠웨,mt
MAPNAME|KWIDZYN,KWIDZYN,크비진,mt
MAPNAME|KYELA,KYELA,키엘라,mt
MAPNAME|KYIV,KYIV,키이우,mt
MAPNAME|KYOTO,KYOTO,교토,mt
MAPNAME|KYUSTENDIL,KYUSTENDIL,키우스텐딜,mt
MAPNAME|KYYIV,KYYIV,키이우,mt
MAPNAME|KYZYL,KYZYL,크즐,mt
MAPNAME|KYZYL-KYYA,KYZYL-KYYA,키질키야,mt
MAPNAME|KZYL-ORDA,KZYL-ORDA,크즐오르다,mt
MAPNAME|KÂHTA,KÂHTA,카흐타,mt
MAPNAME|KÂMPÓNG CHAM,KÂMPÓNG CHAM,캄퐁참,mt
MAPNAME|KÂMPÓNG CHHNANG,KÂMPÓNG CHHNANG,캄퐁치낭,mt
MAPNAME|KÂMPÓNG THUM,KÂMPÓNG THUM,캄퐁톰,mt
MAPNAME|KÂMPÔT,KÂMPÔT,캄폿,mt
MAPNAME|KÄRDLA,KÄRDLA,케르들라,mt
MAPNAME|KÉLO,KÉLO,켈로,mt
MAPNAME|KÖKSHETAU,KÖKSHETAU,쾨크셰타우,mt
MAPNAME|KÖLN,KÖLN,쾰른,mt
MAPNAME|KÜTAHYA,KÜTAHYA,퀴타히아,mt
MAPNAME|L'AQUILA,L'AQUILA,라퀼라,mt
MAPNAME|L'VIV,L'VIV,리비우,mt
MAPNAME|LA BARCA,LA BARCA,라바르카,mt
MAPNAME|LA CARLOTA,LA CARLOTA,라카를로타,mt
MAPNAME|LA CEIBA,LA CEIBA,라세이바,mt
MAPNAME|LA CHAUX-DE-FONDS,LA CHAUX-DE-FONDS,라쇼드퐁,mt
MAPNAME|LA CHORRERA,LA CHORRERA,라초레라,mt
MAPNAME|LA CORUÑA,LA CORUÑA,라코루냐,mt
MAPNAME|LA COSSE,LA COSSE,라코스,mt
MAPNAME|LA DORADA,LA DORADA,라도라다,mt
MAPNAME|LA FALDA,LA FALDA,라팔다,mt
MAPNAME|LA FORTUNA,LA FORTUNA,라포르투나,mt
MAPNAME|LA HABANA,LA HABANA,아바나,mt
MAPNAME|LA LIBERTAD,LA LIBERTAD,라리베르타드,mt
MAPNAME|LA LOUVIERE,LA LOUVIERE,라루비에르,mt
MAPNAME|LA LÍNEA,LA LÍNEA,라리네아,mt
MAPNAME|LA OROTAVA,LA OROTAVA,라오로타바,mt
MAPNAME|LA PAZ,LA PAZ,라파스,mt
MAPNAME|LA PIEDAD DE CABADAS,LA PIEDAD DE CABADAS,라피에다드데카바다스,mt
MAPNAME|LA PLATA,LA PLATA,라플라타,mt
MAPNAME|LA PORTE,LA PORTE,라포트,mt
MAPNAME|LA QUIACA,LA QUIACA,라키아카,mt
MAPNAME|LA RINCONADA,LA RINCONADA,라린코나다,mt
MAPNAME|LA RIOJA,LA RIOJA,라리오하,mt
MAPNAME|LA ROCHELLE,LA ROCHELLE,라로셸,mt
MAPNAME|LA ROMANA,LA ROMANA,라로마나,mt
MAPNAME|LA SERENA,LA SERENA,라세레나,mt
MAPNAME|LA SEYNE-SUR-MER,LA SEYNE-SUR-MER,라센쉬르메르,mt
MAPNAME|LA SPEZIA,LA SPEZIA,라스페치아,mt
MAPNAME|LA TRONCAL,LA TRONCAL,라트론칼,mt
MAPNAME|LA VICTORIA,LA VICTORIA,라빅토리아,mt
MAPNAME|LA-ROCHE-SUR-LYON,LA-ROCHE-SUR-LYON,라로슈쉬르용,mt
MAPNAME|LABINSK,LABINSK,라빈스크,mt
MAPNAME|LABRADOR CITY,LABRADOR CITY,래브라도시티,mt
MAPNAME|LABUHA,LABUHA,라부하,mt
MAPNAME|LABÉ,LABÉ,라베,mt
MAPNAME|LADNUN,LADNUN,라드눈,mt
MAPNAME|LADYSMITH,LADYSMITH,레이디스미스,mt
MAPNAME|LAE,LAE,라에,mt
MAPNAME|LAFAYETTE,LAFAYETTE,라파예트,mt
MAPNAME|LAFIA,LAFIA,라피아,mt
MAPNAME|LAGARTO,LAGARTO,라가르투,mt
MAPNAME|LAGDO,LAGDO,라그도,mt
MAPNAME|LAGHOUAT,LAGHOUAT,라그와트,mt
MAPNAME|LAGOA DA PRATA,LAGOA DA PRATA,라고아다프라타,mt
MAPNAME|LAGOA REAL,LAGOA REAL,라고아헤알,mt
MAPNAME|LAGOS,LAGOS,라고스,mt
MAPNAME|LAGOS DE MORENO,LAGOS DE MORENO,라고스데모레노,mt
MAPNAME|LAGRANGE,LAGRANGE,라그랜지,mt
MAPNAME|LAGUNA BEACH,LAGUNA BEACH,라구나비치,mt
MAPNAME|LAGUNA VERDE,LAGUNA VERDE,라구나베르데,mt
MAPNAME|LAHAD DATU,LAHAD DATU,라하드다투,mt
MAPNAME|LAHARPUR,LAHARPUR,라하르푸르,mt
MAPNAME|LAHAT,LAHAT,라핫,mt
MAPNAME|LAHIJ,LAHIJ,라히지,mt
MAPNAME|LAHIJAN,LAHIJAN,라히잔,mt
MAPNAME|LAHORE,LAHORE,라호르,mt
MAPNAME|LAHTI,LAHTI,라흐티,mt
MAPNAME|LAIBELA,LAIBELA,랄리벨라,mt
MAPNAME|LAIBIN,LAIBIN,라이빈,mt
MAPNAME|LAIKIPIA,LAIKIPIA,라이키피아,mt
MAPNAME|LAIWU,LAIWU,라이우,mt
MAPNAME|LAIYANG,LAIYANG,라이양,mt
MAPNAME|LAIZHOU,LAIZHOU,라이저우,mt
MAPNAME|LAJEADO,LAJEADO,라자두,mt
MAPNAME|LAJES,LAJES,라제스,mt
MAPNAME|LAKATORO,LAKATORO,라카토로,mt
MAPNAME|LAKE CHARLES,LAKE CHARLES,레이크찰스,mt
MAPNAME|LAKE HAVASU CITY,LAKE HAVASU CITY,레이크하바수시티,mt
MAPNAME|LAKE JACKSON,LAKE JACKSON,레이크잭슨,mt
MAPNAME|LAKE MACQUARIE,LAKE MACQUARIE,레이크맥쿼리,mt
MAPNAME|LAKE ZURICH,LAKE ZURICH,레이크취리히,mt
MAPNAME|LAKELAND,LAKELAND,레이클랜드,mt
MAPNAME|LAKESHORE,LAKESHORE,레이크쇼어,mt
MAPNAME|LAKEVILLE,LAKEVILLE,레이크빌,mt
MAPNAME|LAKEWOOD,LAKEWOOD,레이크우드,mt
MAPNAME|LAKHIMPUR,LAKHIMPUR,라키힘푸르,mt
MAPNAME|LAKSAO,LAKSAO,락사오,mt
MAPNAME|LALITPUR,LALITPUR,랄리트푸르,mt
MAPNAME|LAMA-KARA,LAMA-KARA,라마카라,mt
MAPNAME|LAMBARÉNÉ,LAMBARÉNÉ,랑바레네,mt
MAPNAME|LAMBASA,LAMBASA,람바사,mt
MAPNAME|LAMBAYEQUE,LAMBAYEQUE,람바예케,mt
MAPNAME|LAMBERT FIELD,LAMBERT FIELD,램버트필드,mt
MAPNAME|LAMERD,LAMERD,라메르드,mt
MAPNAME|LAMEZIA TERME,LAMEZIA TERME,라메치아테르메,mt
MAPNAME|LAMIA,LAMIA,라미아,mt
MAPNAME|LAMPANG,LAMPANG,람팡,mt
MAPNAME|LAMPHUN,LAMPHUN,람푼,mt
MAPNAME|LANAI,LANAI,라나이,mt
MAPNAME|LANCASHIRE,LANCASHIRE,랭커셔,mt
MAPNAME|LANCASTER,LANCASTER,랭커스터,mt
MAPNAME|LAND O' LAKES,LAND O' LAKES,랜드오레이크스,mt
MAPNAME|LANDSHUT,LANDSHUT,란츠후트,mt
MAPNAME|LANDSKRONA,LANDSKRONA,란스크로나,mt
MAPNAME|LANGARUD,LANGARUD,랑가루드,mt
MAPNAME|LANGELANDSFORTET,LANGELANDSFORTET,랑엘란스포르테트,mt
MAPNAME|LANGFANG,LANGFANG,랑팡,mt
MAPNAME|LANGLEY,LANGLEY,랭글리,mt
MAPNAME|LANGLEY AFB,LANGLEY AFB,랭글리공군기지,mt
MAPNAME|LANGSA,LANGSA,랑사,mt
MAPNAME|LANNION,LANNION,라니옹,mt
MAPNAME|LANSING,LANSING,랜싱,mt
MAPNAME|LANXI,LANXI,란시,mt
MAPNAME|LANZHOU,LANZHOU,란저우,mt
MAPNAME|LANÚS,LANÚS,라누스,mt
MAPNAME|LAO CAI,LAO CAI,라오카이,mt
MAPNAME|LAOAG,LAOAG,라오아그,mt
MAPNAME|LAOHEKOU,LAOHEKOU,라오허커우,mt
MAPNAME|LAPALCE,LAPALCE,라팔세,mt
MAPNAME|LAPPEENRANTA,LAPPEENRANTA,라펜란타,mt
MAPNAME|LAR,LAR,라르,mt
MAPNAME|LARABANGA,LARABANGA,라라방가,mt
MAPNAME|LARACHE,LARACHE,라라슈,mt
MAPNAME|LARAMIE,LARAMIE,래러미,mt
MAPNAME|LAREDO,LAREDO,라레도,mt
MAPNAME|LARKANA,LARKANA,라르카나,mt
MAPNAME|LARNACA,LARNACA,라르나카,mt
MAPNAME|LARVIK,LARVIK,라르비크,mt
MAPNAME|LAS CHOAPAS,LAS CHOAPAS,라스초아파스,mt
MAPNAME|LAS CRUCES,LAS CRUCES,라스크루세스,mt
MAPNAME|LAS PALMAS,LAS PALMAS,라스팔마스,mt
MAPNAME|LAS TABLAS,LAS TABLAS,라스타블라스,mt
MAPNAME|LAS TUNAS,LAS TUNAS,라스투나스,mt
MAPNAME|LAS VEGAS,LAS VEGAS,라스베이거스,mt
MAPNAME|LASANG,LASANG,라상,mt
MAPNAME|LASHIO,LASHIO,라시오,mt
MAPNAME|LASHKAR GAH,LASHKAR GAH,라슈카르가,mt
MAPNAME|LATA,LATA,라타,mt
MAPNAME|LATACUNGA,LATACUNGA,라타쿵가,mt
MAPNAME|LATINA,LATINA,라티나,mt
MAPNAME|LATUR,LATUR,라투르,mt
MAPNAME|LAUGHLIN AFB,LAUGHLIN AFB,러플린공군기지,mt
MAPNAME|LAUNCESTON,LAUNCESTON,론서스턴,mt
MAPNAME|LAURO DE FREITAS,LAURO DE FREITAS,라우루지프레이타스,mt
MAPNAME|LAUSANNE,LAUSANNE,로잔,mt
MAPNAME|LAUTOKA,LAUTOKA,라우토카,mt
MAPNAME|LAVAL,LAVAL,라발,mt
MAPNAME|LAVRAS,LAVRAS,라브라스,mt
MAPNAME|LAWRENCE,LAWRENCE,로런스,mt
MAPNAME|LAWRENCEVILLE,LAWRENCEVILLE,로런스빌,mt
MAPNAME|LAWTON,LAWTON,로턴,mt
MAPNAME|LAYLÁ,LAYLÁ,라일라,mt
MAPNAME|LAYTON,LAYTON,레이턴,mt
MAPNAME|LE HAVRE,LE HAVRE,르아브르,mt
MAPNAME|LE MANS,LE MANS,르망,mt
MAPNAME|LEAGUE CITY,LEAGUE CITY,리그시티,mt
MAPNAME|LEBANON,LEBANON,레바논,mt
MAPNAME|LEBRIJA,LEBRIJA,레브리하,mt
MAPNAME|LECCE,LECCE,레체,mt
MAPNAME|LECHENG,LECHENG,러청,mt
MAPNAME|LEDONG,LEDONG,러둥,mt
MAPNAME|LEE'S SUMMIT,LEE'S SUMMIT,리스서밋,mt
MAPNAME|LEEDS,LEEDS,리즈,mt
MAPNAME|LEEMING,LEEMING,리밍,mt
MAPNAME|LEER,LEER,레어,mt
MAPNAME|LEESBURG,LEESBURG,리즈버그,mt
MAPNAME|LEEUWARDEN,LEEUWARDEN,레이우아르던,mt
MAPNAME|LEGASPI,LEGASPI,레가스피,mt
MAPNAME|LEGIONOWO,LEGIONOWO,레기오노보,mt
MAPNAME|LEGNICA,LEGNICA,레그니차,mt
MAPNAME|LEH,LEH,레,mt
MAPNAME|LEIAH,LEIAH,레이아,mt
MAPNAME|LEICESTER,LEICESTER,레스터,mt
MAPNAME|LEIDEN,LEIDEN,레이던,mt
MAPNAME|LEIPZIG,LEIPZIG,라이프치히,mt
MAPNAME|LEIRIA,LEIRIA,레이리아,mt
MAPNAME|LEIYANG,LEIYANG,레이양,mt
MAPNAME|LEIZHOU,LEIZHOU,레이저우,mt
MAPNAME|LELYSTAD,LELYSTAD,렐리스타트,mt
MAPNAME|LEME,LEME,레메,mt
MAPNAME|LEMESÓS,LEMESÓS,레메소스,mt
MAPNAME|LEMNOS,LEMNOS,림노스,mt
MAPNAME|LENCÓIS PAULISTA,LENCÓIS PAULISTA,렌소이스파울리스타,mt
MAPNAME|LENEXA,LENEXA,르넥사,mt
MAPNAME|LENGSHUIJIANG,LENGSHUIJIANG,렁수이장,mt
MAPNAME|LENGSHUITAN,LENGSHUITAN,렁수이탄,mt
MAPNAME|LENINOGORSK,LENINOGORSK,레니노고르스크,mt
MAPNAME|LENINSK-KUZNETSKIY,LENINSK-KUZNETSKIY,레닌스크쿠즈네츠키,mt
MAPNAME|LENSK,LENSK,렌스크,mt
MAPNAME|LEOBEN,LEOBEN,레오벤,mt
MAPNAME|LEOPOLDINA,LEOPOLDINA,레오폴지나,mt
MAPNAME|LEPING,LEPING,러핑,mt
MAPNAME|LERNVIG,LERNVIG,레른비그,mt
MAPNAME|LERUM,LERUM,레룸,mt
MAPNAME|LERWICK,LERWICK,러윅,mt
MAPNAME|LES CAYES,LES CAYES,레카유,mt
MAPNAME|LESHAN,LESHAN,러산,mt
MAPNAME|LESKOVAC,LESKOVAC,레스코바츠,mt
MAPNAME|LESOSIBIRSK,LESOSIBIRSK,레소시비르스크,mt
MAPNAME|LESZNO,LESZNO,레슈노,mt
MAPNAME|LETHBRIDGE,LETHBRIDGE,레스브리지,mt
MAPNAME|LETICIA,LETICIA,레티시아,mt
MAPNAME|LETUNG,LETUNG,레퉁,mt
MAPNAME|LEUCHARS,LEUCHARS,루커스,mt
MAPNAME|LEUVEN,LEUVEN,뢰번,mt
MAPNAME|LEVERKUSEN,LEVERKUSEN,레버쿠젠,mt
MAPNAME|LEVICE,LEVICE,레비체,mt
MAPNAME|LEVITTOWN,LEVITTOWN,레빗타운,mt
MAPNAME|LEWISTON,LEWISTON,루이스턴,mt
MAPNAME|LEWISVILLE,LEWISVILLE,루이스빌,mt
MAPNAME|LEXINGTON,LEXINGTON,렉싱턴,mt
MAPNAME|LEÓN,LEÓN,레온,mt
MAPNAME|LHASA,LHASA,라싸,mt
MAPNAME|LHOKSEUMAWE,LHOKSEUMAWE,록스마웨,mt
MAPNAME|LIANCHENG,LIANCHENG,롄청,mt
MAPNAME|LIANGLU,LIANGLU,량루,mt
MAPNAME|LIANHE,LIANHE,롄허,mt
MAPNAME|LIANYUAN,LIANYUAN,롄위안,mt
MAPNAME|LIANYUNGANG,LIANYUNGANG,롄윈강,mt
MAPNAME|LIAOCHENG,LIAOCHENG,랴오청,mt
MAPNAME|LIAOYANG,LIAOYANG,랴오양,mt
MAPNAME|LIAOYUAN,LIAOYUAN,랴오위안,mt
MAPNAME|LIBENGE,LIBENGE,리벵게,mt
MAPNAME|LIBEREC,LIBEREC,리베레츠,mt
MAPNAME|LIBERIA,LIBERIA,라이베리아,mt
MAPNAME|LIBREVILLE,LIBREVILLE,리브르빌,mt
MAPNAME|LICHINGA,LICHINGA,리싱가,mt
MAPNAME|LIDA,LIDA,리다,mt
MAPNAME|LIDKÖPING,LIDKÖPING,리드쾨핑,mt
MAPNAME|LIEGE,LIEGE,리에주,mt
MAPNAME|LIEPAJA,LIEPAJA,리에파야,mt
MAPNAME|LIEVARDE,LIEVARDE,리에바르데,mt
MAPNAME|LIGAO,LIGAO,리가오,mt
MAPNAME|LIHUE,LIHUE,리휴,mt
MAPNAME|LIJIANG,LIJIANG,리장,mt
MAPNAME|LIKASI,LIKASI,리카시,mt
MAPNAME|LILING,LILING,리링,mt
MAPNAME|LILLE,LILLE,릴,mt
MAPNAME|LILONGWE,LILONGWE,릴롱궤,mt
MAPNAME|LIMA,LIMA,리마,mt
MAPNAME|LIMBAZI,LIMBAZI,림바지,mt
MAPNAME|LIMBE,LIMBE,림베,mt
MAPNAME|LIMEIRA,LIMEIRA,리메이라,mt
MAPNAME|LIMERICK,LIMERICK,리머릭,mt
MAPNAME|LIMOEIRO,LIMOEIRO,리모에이루,mt
MAPNAME|LIMOGES,LIMOGES,리모주,mt
MAPNAME|LIMOUS,LIMOUS,리무스,mt
MAPNAME|LIMÓN,LIMÓN,리몬,mt
MAPNAME|LINARES,LINARES,리나레스,mt
MAPNAME|LINCOLN,LINCOLN,링컨,mt
MAPNAME|LINCOLN PARK,LINCOLN PARK,링컨파크,mt
MAPNAME|LINDEN,LINDEN,린든,mt
MAPNAME|LINDI,LINDI,린디,mt
MAPNAME|LINEVO,LINEVO,리네보,mt
MAPNAME|LINFEN,LINFEN,린펀,mt
MAPNAME|LINGAO,LINGAO,린가오,mt
MAPNAME|LINGEN,LINGEN,링겐,mt
MAPNAME|LINGSHAN,LINGSHAN,링산,mt
MAPNAME|LINGYUAN,LINGYUAN,링위안,mt
MAPNAME|LINHAI,LINHAI,린하이,mt
MAPNAME|LINHARES,LINHARES,리냐리스,mt
MAPNAME|LINHE,LINHE,린허,mt
MAPNAME|LINKOU,LINKOU,린커우,mt
MAPNAME|LINKÖPING,LINKÖPING,린셰핑,mt
MAPNAME|LINPING,LINPING,린핑,mt
MAPNAME|LINQING,LINQING,린칭,mt
MAPNAME|LINS,LINS,링스,mt
MAPNAME|LINXIA,LINXIA,린샤,mt
MAPNAME|LINYI,LINYI,린이,mt
MAPNAME|LINZ,LINZ,린츠,mt
MAPNAME|LIPA,LIPA,리파,mt
MAPNAME|LIPETSK,LIPETSK,리페츠크,mt
MAPNAME|LIPPSTADT,LIPPSTADT,립슈타트,mt
MAPNAME|LIPTOVSKÝ MIKULÁS,LIPTOVSKÝ MIKULÁS,리프토프스키미쿨라시,mt
MAPNAME|LIQUICA,LIQUICA,리키사,mt
MAPNAME|LIRA,LIRA,리라,mt
MAPNAME|LISALA,LISALA,리살라,mt
MAPNAME|LISBOA,LISBOA,리스본,mt
MAPNAME|LISBURN,LISBURN,리즈번,mt
MAPNAME|LISHAN,LISHAN,리산,mt
MAPNAME|LISHU,LISHU,리수,mt
MAPNAME|LISICHANSK,LISICHANSK,리시찬스크,mt
MAPNAME|LISKI,LISKI,리스키,mt
MAPNAME|LISMORE,LISMORE,리스모어,mt
MAPNAME|LITTLE ROCK,LITTLE ROCK,리틀록,mt
MAPNAME|LIUHE,LIUHE,류허,mt
MAPNAME|LIUPANSHUI,LIUPANSHUI,류판수이,mt
MAPNAME|LIUYANG,LIUYANG,류양,mt
MAPNAME|LIVERMORE,LIVERMORE,리버모어,mt
MAPNAME|LIVERPOOL,LIVERPOOL,리버풀,mt
MAPNAME|LIVINGSTON,LIVINGSTON,리빙스턴,mt
MAPNAME|LIVINGSTONE,LIVINGSTONE,리빙스턴,mt
MAPNAME|LIVNY,LIVNY,리브니,mt
MAPNAME|LIVONIA,LIVONIA,리보니아,mt
MAPNAME|LIVORNO,LIVORNO,리보르노,mt
MAPNAME|LIXIAN,LIXIAN,리셴,mt
MAPNAME|LIYANG,LIYANG,리양,mt
MAPNAME|LJUBLJANA,LJUBLJANA,류블랴나,mt
MAPNAME|LLANELLI,LLANELLI,슬라넬리,mt
MAPNAME|LLEIDA,LLEIDA,예이다,mt
MAPNAME|LLOUBOMO,LLOUBOMO,루보모,mt
MAPNAME|LLUCHMAYOR,LLUCHMAYOR,유크마요르,mt
MAPNAME|LO-TUNG,LO-TUNG,뤄둥,mt
MAPNAME|LOBATSE,LOBATSE,로바체,mt
MAPNAME|LOBITO,LOBITO,로비투,mt
MAPNAME|LOCKPORT,LOCKPORT,락포트,mt
MAPNAME|LODEYNOYE-POLE,LODEYNOYE-POLE,로데이노예폴레,mt
MAPNAME|LODHRAN,LODHRAN,로드란,mt
MAPNAME|LODI,LODI,로디,mt
MAPNAME|LODJA,LODJA,로자,mt
MAPNAME|LODWAR,LODWAR,로드와르,mt
MAPNAME|LOGAN,LOGAN,로건,mt
MAPNAME|LOGIYA,LOGIYA,로기야,mt
MAPNAME|LOGROÑO,LOGROÑO,로그로뇨,mt
MAPNAME|LOHJA,LOHJA,로하,mt
MAPNAME|LOJA,LOJA,로하,mt
MAPNAME|LOKBATAN,LOKBATAN,록바탄,mt
MAPNAME|LOKOSSA,LOKOSSA,로코사,mt
MAPNAME|LOLA,LOLA,롤라,mt
MAPNAME|LOMAS DE ZAMORA,LOMAS DE ZAMORA,로마스데사모라,mt
MAPNAME|LOMPOC,LOMPOC,롬폭,mt
MAPNAME|LOMZA,LOMZA,우옴자,mt
MAPNAME|LOMÉ,LOMÉ,로메,mt
MAPNAME|LONAVALE,LONAVALE,로나발레,mt
MAPNAME|LONDON,LONDON,런던,mt
MAPNAME|LONDONDERRY,LONDONDERRY,런던데리,mt
MAPNAME|LONDRINA,LONDRINA,롱드리나,mt
MAPNAME|LONG BRANCH,LONG BRANCH,롱브랜치,mt
MAPNAME|LONG XUYEN,LONG XUYEN,롱쑤옌,mt
MAPNAME|LONGANA,LONGANA,롱가나,mt
MAPNAME|LONGBEACH,LONGBEACH,롱비치,mt
MAPNAME|LONGCHANG,LONGCHANG,룽창,mt
MAPNAME|LONGFORD,LONGFORD,롱퍼드,mt
MAPNAME|LONGJIANG,LONGJIANG,룽장,mt
MAPNAME|LONGJING,LONGJING,룽징,mt
MAPNAME|LONGKOU,LONGKOU,룽커우,mt
MAPNAME|LONGLAC,LONGLAC,롱락,mt
MAPNAME|LONGMONT,LONGMONT,롱몬트,mt
MAPNAME|LONGREACH,LONGREACH,롱리치,mt
MAPNAME|LONGUEUIL,LONGUEUIL,롱괴유,mt
MAPNAME|LONGVIEW,LONGVIEW,롱뷰,mt
MAPNAME|LONGYAN,LONGYAN,룽옌,mt
MAPNAME|LONGYEARBYEN,LONGYEARBYEN,롱위어비엔,mt
MAPNAME|LOPI BURI,LOPI BURI,롭부리,mt
MAPNAME|LORAIN,LORAIN,로레인,mt
MAPNAME|LORCA,LORCA,로르카,mt
MAPNAME|LORENA,LORENA,로레나,mt
MAPNAME|LORENGAU,LORENGAU,로렝가우,mt
MAPNAME|LORICA,LORICA,로리카,mt
MAPNAME|LORIENT,LORIENT,로리앙,mt
MAPNAME|LOS ALAMOS,LOS ALAMOS,로스앨러모스,mt
MAPNAME|LOS ANDES,LOS ANDES,로스안데스,mt
MAPNAME|LOS ANGELES,LOS ANGELES,로스앤젤레스,mt
MAPNAME|LOS BANOS,LOS BANOS,로스바뇨스,mt
MAPNAME|LOS LLANOS DE ARIDANE,LOS LLANOS DE ARIDANE,로스야노스데아리다네,mt
MAPNAME|LOS MOCHIS,LOS MOCHIS,로스모치스,mt
MAPNAME|LOS PALOS,LOS PALOS,로스팔로스,mt
MAPNAME|LOS REYES DE SALGADO,LOS REYES DE SALGADO,로스레예스데살가도,mt
MAPNAME|LOS TEQUES,LOS TEQUES,로스테케스,mt
MAPNAME|LOS ÁNGELES,LOS ÁNGELES,로스앙헬레스,mt
MAPNAME|LOSSIEMOUTH,LOSSIEMOUTH,로시머스,mt
MAPNAME|LOUANG PHRABANG,LOUANG PHRABANG,루앙프라방,mt
MAPNAME|LOUDI,LOUDI,러우디,mt
MAPNAME|LOUGA,LOUGA,루가,mt
MAPNAME|LOUGHREA,LOUGHREA,로크리,mt
MAPNAME|LOUIS TRICHARDT,LOUIS TRICHARDT,루이트리하르트,mt
MAPNAME|LOUISVILLE,LOUISVILLE,루이빌,mt
MAPNAME|LOUM,LOUM,룸,mt
MAPNAME|LOVECH,LOVECH,로베치,mt
MAPNAME|LOVELAND,LOVELAND,러블랜드,mt
MAPNAME|LOVIISA,LOVIISA,로비사,mt
MAPNAME|LOWELL,LOWELL,로웰,mt
MAPNAME|LOWESTOFT,LOWESTOFT,로스토프트,mt
MAPNAME|LOZOVAYA,LOZOVAYA,로조바야,mt
MAPNAME|LU'AN,LU'AN,루안,mt
MAPNAME|LUANDA,LUANDA,루안다,mt
MAPNAME|LUANGNAMTHA,LUANGNAMTHA,루앙남타,mt
MAPNAME|LUANSHYA,LUANSHYA,루안시야,mt
MAPNAME|LUAU,LUAU,루아우,mt
MAPNAME|LUBANGO,LUBANGO,루방고,mt
MAPNAME|LUBBOCK,LUBBOCK,러벅,mt
MAPNAME|LUBIN,LUBIN,루빈,mt
MAPNAME|LUBLIN,LUBLIN,루블린,mt
MAPNAME|LUBNY,LUBNY,루브니,mt
MAPNAME|LUBUKLINGGAU,LUBUKLINGGAU,루북링가우,mt
MAPNAME|LUBUMBASHI,LUBUMBASHI,루붐바시,mt
MAPNAME|LUCAPA,LUCAPA,루카파,mt
MAPNAME|LUCCA,LUCCA,루카,mt
MAPNAME|LUCENA,LUCENA,루세나,mt
MAPNAME|LUCKEESARAI,LUCKEESARAI,라키사라이,mt
MAPNAME|LUCKNOW,LUCKNOW,러크나우,mt
MAPNAME|LUDHIANA,LUDHIANA,루디아나,mt
MAPNAME|LUDWIGSBURG,LUDWIGSBURG,루트비히스부르크,mt
MAPNAME|LUENA,LUENA,루에나,mt
MAPNAME|LUFENG,LUFENG,루펑,mt
MAPNAME|LUFKIN,LUFKIN,러프킨,mt
MAPNAME|LUGANVILLE,LUGANVILLE,루간빌,mt
MAPNAME|LUGO,LUGO,루고,mt
MAPNAME|LUGOJ,LUGOJ,루고지,mt
MAPNAME|LUGOVOE,LUGOVOE,루고보예,mt
MAPNAME|LUHANS'K,LUHANS'K,루한스크,mt
MAPNAME|LUHE,LUHE,루허,mt
MAPNAME|LUHOE,LUHOE,루호에,mt
MAPNAME|LUIPERDSVALLEI,LUIPERDSVALLEI,라위퍼르스발레이,mt
MAPNAME|LUIZHOU,LUIZHOU,류저우,mt
MAPNAME|LUJIANG,LUJIANG,루장,mt
MAPNAME|LUJÁN,LUJÁN,루한,mt
MAPNAME|LUJÁN DE CUYO,LUJÁN DE CUYO,루한데쿠요,mt
MAPNAME|LUKE AFB,LUKE AFB,루크공군기지,mt
MAPNAME|LUKULU,LUKULU,루쿨루,mt
MAPNAME|LULEA,LULEA,룰레오,mt
MAPNAME|LULIANG,LULIANG,뤼량,mt
MAPNAME|LUMAME,LUMAME,루마메,mt
MAPNAME|LUMBALA,LUMBALA,룸발라,mt
MAPNAME|LUMBERTON,LUMBERTON,럼버턴,mt
MAPNAME|LUMUT,LUMUT,루뭇,mt
MAPNAME|LUND,LUND,룬드,mt
MAPNAME|LUNDAZI,LUNDAZI,룬다지,mt
MAPNAME|LUNENBURG COUNTY,LUNENBURG COUNTY,루넌버그군,mt
MAPNAME|LUNSAR,LUNSAR,룬사르,mt
MAPNAME|LUOYANG,LUOYANG,뤄양,mt
MAPNAME|LUPENI,LUPENI,루페니,mt
MAPNAME|LUSAKA,LUSAKA,루사카,mt
MAPNAME|LUSHNJE,LUSHNJE,루시녜,mt
MAPNAME|LUSHOTO,LUSHOTO,루쇼토,mt
MAPNAME|LUTON,LUTON,루턴,mt
MAPNAME|LUTS'K,LUTS'K,루츠크,mt
MAPNAME|LUWINGU,LUWINGU,루윙구,mt
MAPNAME|LUXEMBURG,LUXEMBURG,룩셈부르크,mt
MAPNAME|LUZERN,LUZERN,루체른,mt
MAPNAME|LUZHOU,LUZHOU,루저우,mt
MAPNAME|LUZIÂNIA,LUZIÂNIA,루지아니아,mt
MAPNAME|LVIV,LVIV,리비우,mt
MAPNAME|LYNCHBURG,LYNCHBURG,린치버그,mt
MAPNAME|LYNN,LYNN,린,mt
MAPNAME|LYON,LYON,리옹,mt
MAPNAME|LYS'VA,LYS'VA,리스바,mt
MAPNAME|LYUBERTSY,LYUBERTSY,류베르치,mt
MAPNAME|LÁRISA,LÁRISA,라리사,mt
MAPNAME|LÄKÄRAN,LÄKÄRAN,렌케란,mt
MAPNAME|LÉON,LÉON,레옹,mt
MAPNAME|LÉVIS,LÉVIS,레비,mt
MAPNAME|LÓDZ,LÓDZ,우치,mt
MAPNAME|LÜBECK,LÜBECK,뤼베크,mt
MAPNAME|LÜDENSCHEID,LÜDENSCHEID,뤼덴샤이트,mt
MAPNAME|LÜDERITZ,LÜDERITZ,뤼데리츠,mt
MAPNAME|LÜLEBURGAZ,LÜLEBURGAZ,뤼레부르가즈,mt
MAPNAME|LÜNEBURG,LÜNEBURG,뤼네부르크,mt
MAPNAME|M'BANZA-KONGO,M'BANZA-KONGO,음반자콩고,mt
MAPNAME|M'SILA,M'SILA,므실라,mt
MAPNAME|MA'DABA,MA'DABA,마다바,mt
MAPNAME|MA'RIB,MA'RIB,마리브,mt
MAPNAME|MAAMBA,MAAMBA,마암바,mt
MAPNAME|MAANSHAN,MAANSHAN,마안산,mt
MAPNAME|MAARIANHAMINA,MAARIANHAMINA,마리에함,mt
MAPNAME|MAASIN,MAASIN,마아신,mt
MAPNAME|MAASTRICHT,MAASTRICHT,마스트리흐트,mt
MAPNAME|MABALACAT,MABALACAT,마발라캇,mt
MAPNAME|MACAPÁ,MACAPÁ,마카파,mt
MAPNAME|MACARA,MACARA,마카라,mt
MAPNAME|MACAS,MACAS,마카스,mt
MAPNAME|MACAU,MACAU,마카오,mt
MAPNAME|MACAÉ,MACAÉ,마카에,mt
MAPNAME|MACCLESFIELD,MACCLESFIELD,매클즈필드,mt
MAPNAME|MACEIÓ,MACEIÓ,마세이오,mt
MAPNAME|MACENTA,MACENTA,마센타,mt
MAPNAME|MACHAKOS,MACHAKOS,마차코스,mt
MAPNAME|MACHALA,MACHALA,마찰라,mt
MAPNAME|MACHENG,MACHENG,마청,mt
MAPNAME|MACHESNEY PARK,MACHESNEY PARK,매체스니파크,mt
MAPNAME|MACHILIPATNAM,MACHILIPATNAM,마칠리파트남,mt
MAPNAME|MACHIQUES,MACHIQUES,마치케스,mt
MAPNAME|MACKAY,MACKAY,매카이,mt
MAPNAME|MACON,MACON,메이컨,mt
MAPNAME|MADANAPALLE,MADANAPALLE,마다나팔레,mt
MAPNAME|MADANG,MADANG,마당,mt
MAPNAME|MADANIN,MADANIN,마다닌,mt
MAPNAME|MADERA,MADERA,마데라,mt
MAPNAME|MADGAON,MADGAON,마드가온,mt
MAPNAME|MADHUBANI,MADHUBANI,마두바니,mt
MAPNAME|MADINA,MADINA,마디나,mt
MAPNAME|MADISON,MADISON,매디슨,mt
MAPNAME|MADIUN,MADIUN,마디운,mt
MAPNAME|MADONA,MADONA,마도나,mt
MAPNAME|MADRAS,MADRAS,마드라스,mt
MAPNAME|MADRID,MADRID,마드리드,mt
MAPNAME|MADURAI,MADURAI,마두라이,mt
MAPNAME|MAE SOT,MAE SOT,매솟,mt
MAPNAME|MAEBASHI,MAEBASHI,마에바시,mt
MAPNAME|MAEVATANANA,MAEVATANANA,마에바타나나,mt
MAPNAME|MAFETENG,MAFETENG,마페텡,mt
MAPNAME|MAFINGA,MAFINGA,마핑가,mt
MAPNAME|MAFRA,MAFRA,마프라,mt
MAPNAME|MAGADAN,MAGADAN,마가단,mt
MAPNAME|MAGANGUÉ,MAGANGUÉ,마강게,mt
MAPNAME|MAGBA,MAGBA,마그바,mt
MAPNAME|MAGDEBURG,MAGDEBURG,마그데부르크,mt
MAPNAME|MAGELANG,MAGELANG,마겔랑,mt
MAPNAME|MAGHAGHAH,MAGHAGHAH,마가가,mt
MAPNAME|MAGHNIA,MAGHNIA,마그니아,mt
MAPNAME|MAGNITOGORSK,MAGNITOGORSK,마그니토고르스크,mt
MAPNAME|MAGUBURAKA,MAGUBURAKA,마구부라카,mt
MAPNAME|MAGWAY,MAGWAY,마그웨,mt
MAPNAME|MAGÉ,MAGÉ,마제,mt
MAPNAME|MAHA SARAKHAM,MAHA SARAKHAM,마하사라캄,mt
MAPNAME|MAHABAD,MAHABAD,마하바드,mt
MAPNAME|MAHABO,MAHABO,마하보,mt
MAPNAME|MAHAJANGA,MAHAJANGA,마하장가,mt
MAPNAME|MAHALAPYE,MAHALAPYE,마할라피,mt
MAPNAME|MAHANORO,MAHANORO,마하노로,mt
MAPNAME|MAHATTAT AL HAFIF,MAHATTAT AL HAFIF,마핫타트알하피프,mt
MAPNAME|MAHBUBNAGAR,MAHBUBNAGAR,마흐부브나가르,mt
MAPNAME|MAHENDRANAGAR,MAHENDRANAGAR,마헨드라나가르,mt
MAPNAME|MAHESANA,MAHESANA,마헤사나,mt
MAPNAME|MAHILYOW,MAHILYOW,마힐료우,mt
MAPNAME|MAHOBA,MAHOBA,마호바,mt
MAPNAME|MAHUVA,MAHUVA,마후바,mt
MAPNAME|MAHÓN,MAHÓN,마온,mt
MAPNAME|MAIA,MAIA,마이아,mt
MAPNAME|MAICAO,MAICAO,마이카오,mt
MAPNAME|MAIDENHEAD,MAIDENHEAD,메이든헤드,mt
MAPNAME|MAIDUGURI,MAIDUGURI,마이두구리,mt
MAPNAME|MAILSI,MAILSI,마일시,mt
MAPNAME|MAINPURI,MAINPURI,마인푸리,mt
MAPNAME|MAINTIRANO,MAINTIRANO,마인티라노,mt
MAPNAME|MAINZ,MAINZ,마인츠,mt
MAPNAME|MAIQUETIA,MAIQUETIA,마이케티아,mt
MAPNAME|MAIRENA DEL ALJARAFE,MAIRENA DEL ALJARAFE,마이레나델알하라페,mt
MAPNAME|MAIRIPORA,MAIRIPORA,마이리포라,mt
MAPNAME|MAITLAND,MAITLAND,메이틀랜드,mt
MAPNAME|MAIZURU,MAIZURU,마이즈루,mt
MAPNAME|MAKAMBA,MAKAMBA,마캄바,mt
MAPNAME|MAKAMBAKO,MAKAMBAKO,마캄바코,mt
MAPNAME|MAKASAR,MAKASAR,마카사르,mt
MAPNAME|MAKENI,MAKENI,마케니,mt
MAPNAME|MAKHACHKALA,MAKHACHKALA,마하치칼라,mt
MAPNAME|MAKIIVKA,MAKIIVKA,마키이우카,mt
MAPNAME|MAKIT,MAKIT,마키트,mt
MAPNAME|MAKKAH,MAKKAH,메카,mt
MAPNAME|MAKOKOU,MAKOKOU,마코쿠,mt
MAPNAME|MAKONGOROSI,MAKONGOROSI,마콩고로시,mt
MAPNAME|MAKOUA,MAKOUA,마쿠아,mt
MAPNAME|MAKRANA,MAKRANA,마크라나,mt
MAPNAME|MAKSEGRIT,MAKSEGRIT,막세그리트,mt
MAPNAME|MAKURDI,MAKURDI,마쿠르디,mt
MAPNAME|MALABO,MALABO,말라보,mt
MAPNAME|MALADZYECHNA,MALADZYECHNA,말라디예치나,mt
MAPNAME|MALAKAL,MALAKAL,말라칼,mt
MAPNAME|MALAMBO,MALAMBO,말람보,mt
MAPNAME|MALANG,MALANG,말랑,mt
MAPNAME|MALANJE,MALANJE,말랑제,mt
MAPNAME|MALANVILLE,MALANVILLE,말랑빌,mt
MAPNAME|MALAPPURAM,MALAPPURAM,말라푸람,mt
MAPNAME|MALARD,MALARD,말라르드,mt
MAPNAME|MALATYA,MALATYA,말라티아,mt
MAPNAME|MALAUT,MALAUT,말라우트,mt
MAPNAME|MALAYBALAY,MALAYBALAY,말라이발라이,mt
MAPNAME|MALAYER,MALAYER,말라예르,mt
MAPNAME|MALBORK,MALBORK,말보르크,mt
MAPNAME|MALDONADO,MALDONADO,말도나도,mt
MAPNAME|MALEGAON,MALEGAON,말레가온,mt
MAPNAME|MALER KOTLA,MALER KOTLA,말레르코틀라,mt
MAPNAME|MALI,MALI,말리,mt
MAPNAME|MALIANA,MALIANA,말리아나,mt
MAPNAME|MALINDI,MALINDI,말린디,mt
MAPNAME|MALKAPUR,MALKAPUR,말카푸르,mt
MAPNAME|MALKERNS,MALKERNS,말케른스,mt
MAPNAME|MALLAWI,MALLAWI,말라위,mt
MAPNAME|MALLOW,MALLOW,맬로,mt
MAPNAME|MALMO,MALMO,말뫼,mt
MAPNAME|MALMSLÄTT,MALMSLÄTT,말름슬렛,mt
MAPNAME|MALOLOS,MALOLOS,말롤로스,mt
MAPNAME|MALÉ,MALÉ,말레,mt
MAPNAME|MAMFE,MAMFE,맘페,mt
MAPNAME|MAMOU,MAMOU,마무,mt
MAPNAME|MAMOUDZOU,MAMOUDZOU,마무주,mt
MAPNAME|MAMPIKONY,MAMPIKONY,맘피코니,mt
MAPNAME|MAN,MAN,만,mt
MAPNAME|MANACAPURU,MANACAPURU,마나카푸루,mt
MAPNAME|MANACOR,MANACOR,마나코르,mt
MAPNAME|MANADO,MANADO,마나도,mt
MAPNAME|MANAGUA,MANAGUA,마나과,mt
MAPNAME|MANAJARY,MANAJARY,마나자리,mt
MAPNAME|MANAKARA,MANAKARA,마나카라,mt
MAPNAME|MANANARA AVAATRA,MANANARA AVAATRA,마나나라아바트라,mt
MAPNAME|MANAS,MANAS,마나스,mt
MAPNAME|MANASSAS,MANASSAS,매너새스,mt
MAPNAME|MANATUTO,MANATUTO,마나투투,mt
MAPNAME|MANAUS,MANAUS,마나우스,mt
MAPNAME|MANAVGAT,MANAVGAT,마나브가트,mt
MAPNAME|MANBUK,MANBUK,만북,mt
MAPNAME|MANCHERAL,MANCHERAL,만체랄,mt
MAPNAME|MANCHESTER,MANCHESTER,맨체스터,mt
MAPNAME|MANDALAY,MANDALAY,만달레이,mt
MAPNAME|MANDALGOV',MANDALGOV',만달고비,mt
MAPNAME|MANDERA,MANDERA,만데라,mt
MAPNAME|MANDEVILLE,MANDEVILLE,맨더빌,mt
MAPNAME|MANDI BAHAUDDIN,MANDI BAHAUDDIN,만디바하우딘,mt
MAPNAME|MANDIA DABWALI,MANDIA DABWALI,만디다브왈리,mt
MAPNAME|MANDIANA,MANDIANA,만디아나,mt
MAPNAME|MANDISATRA,MANDISATRA,만디사트라,mt
MAPNAME|MANDSAUR,MANDSAUR,만드사우르,mt
MAPNAME|MANDURAH,MANDURAH,맨더라,mt
MAPNAME|MANDYA,MANDYA,만디아,mt
MAPNAME|MANEAH,MANEAH,마네아,mt
MAPNAME|MANFALUT,MANFALUT,만팔루트,mt
MAPNAME|MANFREDONIA,MANFREDONIA,만프레도니아,mt
MAPNAME|MANGALDAN,MANGALDAN,만갈단,mt
MAPNAME|MANGALIA,MANGALIA,망갈리아,mt
MAPNAME|MANGALORE,MANGALORE,망갈로르,mt
MAPNAME|MANGROL,MANGROL,망그롤,mt
MAPNAME|MANHATTAN,MANHATTAN,맨해튼,mt
MAPNAME|MANHUACU,MANHUACU,마뉴아수,mt
MAPNAME|MANICARAGUA,MANICARAGUA,마니카라과,mt
MAPNAME|MANILA,MANILA,마닐라,mt
MAPNAME|MANISA,MANISA,마니사,mt
MAPNAME|MANITOWOC,MANITOWOC,매니토웍,mt
MAPNAME|MANIWA,MANIWA,마니와,mt
MAPNAME|MANIZALES,MANIZALES,마니살레스,mt
MAPNAME|MANJA,MANJA,만자,mt
MAPNAME|MANJAKANADIANA,MANJAKANADIANA,만자카디아나,mt
MAPNAME|MANKATO,MANKATO,맨케이토,mt
MAPNAME|MANMAD,MANMAD,만마드,mt
MAPNAME|MANNARGUDI,MANNARGUDI,만나르구디,mt
MAPNAME|MANNHEIM,MANNHEIM,만하임,mt
MAPNAME|MANOKWARI,MANOKWARI,마노콰리,mt
MAPNAME|MANONO,MANONO,마노노,mt
MAPNAME|MANRESA,MANRESA,만레사,mt
MAPNAME|MANSA,MANSA,만사,mt
MAPNAME|MANSEHRA,MANSEHRA,만세라,mt
MAPNAME|MANSFIELD,MANSFIELD,맨스필드,mt
MAPNAME|MANTA,MANTA,만타,mt
MAPNAME|MANTECA,MANTECA,맨티카,mt
MAPNAME|MANTES-LA-JOLIE,MANTES-LA-JOLIE,망트라졸리,mt
MAPNAME|MANTSALA,MANTSALA,만트살라,mt
MAPNAME|MANUKAU,MANUKAU,마누카우,mt
MAPNAME|MANYAME,MANYAME,마냐메,mt
MAPNAME|MANZANILLO,MANZANILLO,만사니요,mt
MAPNAME|MANZHOULI,MANZHOULI,만저우리,mt
MAPNAME|MANZIL BU RUQAYBAH,MANZIL BU RUQAYBAH,만질부루카이바,mt
MAPNAME|MANZINI,MANZINI,만지니,mt
MAPNAME|MAO,MAO,마오,mt
MAPNAME|MAOMING,MAOMING,마오밍,mt
MAPNAME|MAOURA,MAOURA,마우라,mt
MAPNAME|MAPLE RIDGE,MAPLE RIDGE,메이플리지,mt
MAPNAME|MAPUTO,MAPUTO,마푸투,mt
MAPNAME|MAPUTSOE,MAPUTSOE,마푸초에,mt
MAPNAME|MAR DEL PLATA,MAR DEL PLATA,마르델플라타,mt
MAPNAME|MARABÁ,MARABÁ,마라바,mt
MAPNAME|MARACAIBO,MARACAIBO,마라카이보,mt
MAPNAME|MARACAY,MARACAY,마라카이,mt
MAPNAME|MARADI,MARADI,마라디,mt
MAPNAME|MARAGHEH,MARAGHEH,마라게,mt
MAPNAME|MARALBEXI,MARALBEXI,마랄베시,mt
MAPNAME|MARANA,MARANA,마라나,mt
MAPNAME|MARAND,MARAND,마란드,mt
MAPNAME|MARANGUAPE,MARANGUAPE,마랑구아피,mt
MAPNAME|MARAWI,MARAWI,마라위,mt
MAPNAME|MARAWI'A,MARAWI'A,마라위아,mt
MAPNAME|MARBELLA,MARBELLA,마르베야,mt
MAPNAME|MARBLE FALLS,MARBLE FALLS,마블폴스,mt
MAPNAME|MARBURG,MARBURG,마르부르크,mt
MAPNAME|MARCHE-EN-FAMENNE,MARCHE-EN-FAMENNE,마르슈앙파멘,mt
MAPNAME|MARDAN,MARDAN,마르단,mt
MAPNAME|MARDIN,MARDIN,마르딘,mt
MAPNAME|MARGATE,MARGATE,마게이트,mt
MAPNAME|MARGHILON,MARGHILON,마르길론,mt
MAPNAME|MARHANETS',MARHANETS',마르하네츠,mt
MAPNAME|MARIANAO,MARIANAO,마리아나오,mt
MAPNAME|MARIARA,MARIARA,마리아라,mt
MAPNAME|MARIBOR,MARIBOR,마리보르,mt
MAPNAME|MARICÁ,MARICÁ,마리카,mt
MAPNAME|MARIDI,MARIDI,마리디,mt
MAPNAME|MARIETTA,MARIETTA,매리에타,mt
MAPNAME|MARIINSK,MARIINSK,마린스크,mt
MAPNAME|MARIJAMPOLE,MARIJAMPOLE,마리암폴레,mt
MAPNAME|MARIKINA,MARIKINA,마리키나,mt
MAPNAME|MARILIA,MARILIA,마릴리아,mt
MAPNAME|MARINGÁ,MARINGÁ,마링가,mt
MAPNAME|MARINHA GRANDE,MARINHA GRANDE,마리냐그란드,mt
MAPNAME|MARION,MARION,매리언,mt
MAPNAME|MARITUBA,MARITUBA,마리투바,mt
MAPNAME|MARIUPOL',MARIUPOL',마리우폴,mt
MAPNAME|MARIVAN,MARIVAN,마리반,mt
MAPNAME|MARIVELES,MARIVELES,마리벨레스,mt
MAPNAME|MARK,MARK,마르크,mt
MAPNAME|MARKA,MARKA,마르카,mt
MAPNAME|MARKAPUR,MARKAPUR,마르카푸르,mt
MAPNAME|MARKHAM,MARKHAM,마컴,mt
MAPNAME|MARL,MARL,마를,mt
MAPNAME|MARLBOROUGH,MARLBOROUGH,말버러,mt
MAPNAME|MARMAGAO,MARMAGAO,마르마가오,mt
MAPNAME|MARNEULI,MARNEULI,마르네울리,mt
MAPNAME|MAROANSETRA,MAROANSETRA,마루안세트라,mt
MAPNAME|MARONDERA,MARONDERA,마론데라,mt
MAPNAME|MAROVOAY,MAROVOAY,마루부아이,mt
MAPNAME|MARRAKECH,MARRAKECH,마라케시,mt
MAPNAME|MARRAKESH,MARRAKESH,마라케시,mt
MAPNAME|MARRERO,MARRERO,마레로,mt
MAPNAME|MARSA MATRUH,MARSA MATRUH,마르사마트루,mt
MAPNAME|MARSALA,MARSALA,마르살라,mt
MAPNAME|MARSEILLE,MARSEILLE,마르세유,mt
MAPNAME|MARSH HARBOUR,MARSH HARBOUR,마시하버,mt
MAPNAME|MARSHALL,MARSHALL,마셜,mt
MAPNAME|MARSHALTOWN,MARSHALTOWN,마셜타운,mt
MAPNAME|MARTIGUES,MARTIGUES,마르티그,mt
MAPNAME|MARTIN,MARTIN,마르틴,mt
MAPNAME|MARTINEZ,MARTINEZ,마르티네스,mt
MAPNAME|MARTINEZ DE LA TORRE,MARTINEZ DE LA TORRE,마르티네스데라토레,mt
MAPNAME|MARTOS,MARTOS,마르토스,mt
MAPNAME|MARUGAME,MARUGAME,마루가메,mt
MAPNAME|MARV DASHT,MARV DASHT,마르브다슈트,mt
MAPNAME|MARY,MARY,마리,mt
MAPNAME|MARYBOROUGH,MARYBOROUGH,메리버러,mt
MAPNAME|MARYVILLE,MARYVILLE,메리빌,mt
MAPNAME|MASAKA,MASAKA,마사카,mt
MAPNAME|MASAKIN,MASAKIN,마사킨,mt
MAPNAME|MASAN,MASAN,마산,mt
MAPNAME|MASASI,MASASI,마사시,mt
MAPNAME|MASAYA,MASAYA,마사야,mt
MAPNAME|MASBATE,MASBATE,마스바테,mt
MAPNAME|MASERU,MASERU,마세루,mt
MAPNAME|MASHHAD,MASHHAD,마슈하드,mt
MAPNAME|MASINDI,MASINDI,마신디,mt
MAPNAME|MASIRAH,MASIRAH,마시라,mt
MAPNAME|MASJED-E SOLEYMAN,MASJED-E SOLEYMAN,마스제데솔레이만,mt
MAPNAME|MASON,MASON,메이슨,mt
MAPNAME|MASON CITY,MASON CITY,메이슨시티,mt
MAPNAME|MASQAT,MASQAT,무스카트,mt
MAPNAME|MASSA,MASSA,마사,mt
MAPNAME|MASSAWA,MASSAWA,마사와,mt
MAPNAME|MASSILLON,MASSILLON,매실런,mt
MAPNAME|MASTAGA,MASTAGA,마스타가,mt
MAPNAME|MASTERTON,MASTERTON,마스터턴,mt
MAPNAME|MASUDA,MASUDA,마스다,mt
MAPNAME|MASUKU,MASUKU,마스쿠,mt
MAPNAME|MASVINGO,MASVINGO,마스빙고,mt
MAPNAME|MATADI,MATADI,마타디,mt
MAPNAME|MATAGALPA,MATAGALPA,마타갈파,mt
MAPNAME|MATALA,MATALA,마탈라,mt
MAPNAME|MATALE,MATALE,마탈레,mt
MAPNAME|MATAM,MATAM,마탐,mt
MAPNAME|MATAMOROS,MATAMOROS,마타모로스,mt
MAPNAME|MATANZAS,MATANZAS,마탄사스,mt
MAPNAME|MATAO,MATAO,마탕,mt
MAPNAME|MATARAM,MATARAM,마타람,mt
MAPNAME|MATARÓ,MATARÓ,마타로,mt
MAPNAME|MATEHUALA,MATEHUALA,마테우알라,mt
MAPNAME|MATERA,MATERA,마테라,mt
MAPNAME|MATHURA,MATHURA,마투라,mt
MAPNAME|MATINSBURG,MATINSBURG,마틴스버그,mt
MAPNAME|MATLI,MATLI,마틀리,mt
MAPNAME|MATOLA,MATOLA,마톨라,mt
MAPNAME|MATOSINHOS,MATOSINHOS,마토지뉴시,mt
MAPNAME|MATSUBASE,MATSUBASE,마쓰바세,mt
MAPNAME|MATSUE,MATSUE,마쓰에,mt
MAPNAME|MATSUMOTO,MATSUMOTO,마쓰모토,mt
MAPNAME|MATSUSAKA,MATSUSAKA,마쓰사카,mt
MAPNAME|MATSUYAMA,MATSUYAMA,마쓰야마,mt
MAPNAME|MATTHEWS,MATTHEWS,매튜스,mt
MAPNAME|MATTRU JONG,MATTRU JONG,마트루종,mt
MAPNAME|MATUNDO,MATUNDO,마툰도,mt
MAPNAME|MATURIN,MATURIN,마투린,mt
MAPNAME|MAU,MAU,마우,mt
MAPNAME|MAU RANIPUR,MAU RANIPUR,마우라니푸르,mt
MAPNAME|MAVINGA,MAVINGA,마빙가,mt
MAPNAME|MAWANA,MAWANA,마와나,mt
MAPNAME|MAXIXE,MAXIXE,마시셰,mt
MAPNAME|MAY CADERA,MAY CADERA,마이카데라,mt
MAPNAME|MAY PEN,MAY PEN,메이펜,mt
MAPNAME|MAYAGÜEZ,MAYAGÜEZ,마야게스,mt
MAPNAME|MAYCHEW,MAYCHEW,마이추,mt
MAPNAME|MAYKOP,MAYKOP,마이코프,mt
MAPNAME|MAYMYO,MAYMYO,메이묘,mt
MAPNAME|MAYNA,MAYNA,마이나,mt
MAPNAME|MAYURAM,MAYURAM,마이우람,mt
MAPNAME|MAZAR-E SHARIF,MAZAR-E SHARIF,마자르이샤리프,mt
MAPNAME|MAZARRÓN,MAZARRÓN,마사론,mt
MAPNAME|MAZATLÁN,MAZATLÁN,마사틀란,mt
MAPNAME|MAZEIKIAI,MAZEIKIAI,마제이키아이,mt
MAPNAME|MAZYR',MAZYR',모지르,mt
MAPNAME|MBABANE,MBABANE,음바바네,mt
MAPNAME|MBAIKI,MBAIKI,음바이키,mt
MAPNAME|MBAKÉ,MBAKÉ,음바케,mt
MAPNAME|MBALA,MBALA,음발라,mt
MAPNAME|MBALE,MBALE,음발레,mt
MAPNAME|MBALMAYO,MBALMAYO,음발마요,mt
MAPNAME|MBANDAKA,MBANDAKA,음반다카,mt
MAPNAME|MBANZA-NGUNGU,MBANZA-NGUNGU,음반자웅구,mt
MAPNAME|MBARARA,MBARARA,음바라라,mt
MAPNAME|MBEYA,MBEYA,음베야,mt
MAPNAME|MBINGA,MBINGA,음빙가,mt
MAPNAME|MBOMBELA,MBOMBELA,음봄벨라,mt
MAPNAME|MBOUDA,MBOUDA,음부다,mt
MAPNAME|MBOUR,MBOUR,음부르,mt
MAPNAME|MBUGUNI,MBUGUNI,음부구니,mt
MAPNAME|MBUJI-MAYI,MBUJI-MAYI,음부지마이,mt
MAPNAME|MBULU,MBULU,음불루,mt
MAPNAME|MCALLEN,MCALLEN,맥앨런,mt
MAPNAME|MCARTHUR LAKE,MCARTHUR LAKE,맥아더호,mt
MAPNAME|MCCLEAN LAKE,MCCLEAN LAKE,맥클린호,mt
MAPNAME|MCCONNELL AFB,MCCONNELL AFB,맥코널공군기지,mt
MAPNAME|MCHENRY,MCHENRY,맥헨리,mt
MAPNAME|MCKINNEY,MCKINNEY,맥키니,mt
MAPNAME|MCLEAN,MCLEAN,맥린,mt
MAPNAME|MCMINNVILLE,MCMINNVILLE,맥민빌,mt
MAPNAME|MDANTSANE,MDANTSANE,음단차네,mt
MAPNAME|MEADOW LAKES,MEADOW LAKES,메도레이크스,mt
MAPNAME|MEAUX,MEAUX,모,mt
MAPNAME|MECHANICSVILLE,MECHANICSVILLE,메커닉스빌,mt
MAPNAME|MECHELEN,MECHELEN,메헬렌,mt
MAPNAME|MECHERIA,MECHERIA,메셰리아,mt
MAPNAME|MEDAN,MEDAN,메단,mt
MAPNAME|MEDELLIN,MEDELLIN,메데인,mt
MAPNAME|MEDELLÍN,MEDELLÍN,메데인,mt
MAPNAME|MEDFORD,MEDFORD,메드퍼드,mt
MAPNAME|MEDGIDIA,MEDGIDIA,메지디아,mt
MAPNAME|MEDIAS,MEDIAS,메디아시,mt
MAPNAME|MEDICINE HAT,MEDICINE HAT,메디신햇,mt
MAPNAME|MEDINA YORO FOULAH,MEDINA YORO FOULAH,메디나요로풀라,mt
MAPNAME|MEDINIPUR,MEDINIPUR,미드나푸르,mt
MAPNAME|MEERUT,MEERUT,메러트,mt
MAPNAME|MEHAL MEDA,MEHAL MEDA,메할메다,mt
MAPNAME|MEHONI,MEHONI,메호니,mt
MAPNAME|MEIGANGA,MEIGANGA,메이강가,mt
MAPNAME|MEIHEKOU,MEIHEKOU,메이허커우,mt
MAPNAME|MEIKA RAFA,MEIKA RAFA,메이카라파,mt
MAPNAME|MEIKTILA,MEIKTILA,메이크틸라,mt
MAPNAME|MEISHAN,MEISHAN,메이산,mt
MAPNAME|MEIXIAN,MEIXIAN,메이셴,mt
MAPNAME|MEK'ELE,MEK'ELE,메켈레,mt
MAPNAME|MEKI,MEKI,메키,mt
MAPNAME|MEKNES,MEKNES,메크네스,mt
MAPNAME|MELAKA,MELAKA,믈라카,mt
MAPNAME|MELBOURNE,MELBOURNE,멜버른,mt
MAPNAME|MELEUZ,MELEUZ,믈뢰,mt
MAPNAME|MELIPILLA,MELIPILLA,멜리피야,mt
MAPNAME|MELITOPOL',MELITOPOL',멜리토폴,mt
MAPNAME|MELO,MELO,멜로,mt
MAPNAME|MELONG,MELONG,멜롱,mt
MAPNAME|MELTON,MELTON,멜턴,mt
MAPNAME|MEMPHIS,MEMPHIS,멤피스,mt
MAPNAME|MENA,MENA,메나,mt
MAPNAME|MENDEN,MENDEN,멘덴,mt
MAPNAME|MENDI,MENDI,멘디,mt
MAPNAME|MENDOZA,MENDOZA,멘도사,mt
MAPNAME|MENEMEN,MENEMEN,메네멘,mt
MAPNAME|MENOMONEE FALLS,MENOMONEE FALLS,메노모니폴스,mt
MAPNAME|MENONQUE,MENONQUE,메농케,mt
MAPNAME|MENTOR,MENTOR,멘터,mt
MAPNAME|MENTOUGOU,MENTOUGOU,멘투구,mt
MAPNAME|MEQUON,MEQUON,미콴,mt
MAPNAME|MERAK,MERAK,메라크,mt
MAPNAME|MERAUKE,MERAUKE,메라우케,mt
MAPNAME|MERAWI,MERAWI,메라위,mt
MAPNAME|MERCED,MERCED,머세드,mt
MAPNAME|MERCEDES,MERCEDES,메르세데스,mt
MAPNAME|MERGUI,MERGUI,메르귀,mt
MAPNAME|MERIDEN,MERIDEN,메리든,mt
MAPNAME|MERIDIAN,MERIDIAN,메리디언,mt
MAPNAME|MERLO,MERLO,메를로,mt
MAPNAME|MERRITT ISLAND,MERRITT ISLAND,메리트아일랜드,mt
MAPNAME|MERSA,MERSA,메르사,mt
MAPNAME|MERSIN,MERSIN,메르신,mt
MAPNAME|MERTHYR TYDFIL,MERTHYR TYDFIL,머서티드빌,mt
MAPNAME|MERU,MERU,메루,mt
MAPNAME|MERV,MERV,메르브,mt
MAPNAME|MERZIFON,MERZIFON,메르지폰,mt
MAPNAME|MESA,MESA,메사,mt
MAPNAME|MESQUITE,MESQUITE,메스키트,mt
MAPNAME|MESSAAD,MESSAAD,메사드,mt
MAPNAME|MESSINA,MESSINA,메시나,mt
MAPNAME|METAIRIE,METAIRIE,메터리,mt
MAPNAME|METEMA YOHANIS,METEMA YOHANIS,메테마요하니스,mt
MAPNAME|METEPEC,METEPEC,메테펙,mt
MAPNAME|METHUEN,METHUEN,메투언,mt
MAPNAME|METRO,METRO,메트로,mt
MAPNAME|METTUPPALAIYAM,METTUPPALAIYAM,메투팔라이얌,mt
MAPNAME|METTUR,METTUR,메투르,mt
MAPNAME|METU,METU,메투,mt
MAPNAME|METZ,METZ,메스,mt
MAPNAME|MEXIAN,MEXIAN,메시안,mt
MAPNAME|MEXICALI,MEXICALI,멕시칼리,mt
MAPNAME|MEYBOD,MEYBOD,메이보드,mt
MAPNAME|MEYMANEH,MEYMANEH,메이마네,mt
MAPNAME|MEZCALES,MEZCALES,메스칼레스,mt
MAPNAME|MEZHDURECHENSK,MEZHDURECHENSK,메즈두레첸스크,mt
MAPNAME|MHLUME,MHLUME,믈루메,mt
MAPNAME|MHOW,MHOW,모우,mt
MAPNAME|MIABI,MIABI,미아비,mt
MAPNAME|MIAMI,MIAMI,마이애미,mt
MAPNAME|MIAMI BEACH,MIAMI BEACH,마이애미비치,mt
MAPNAME|MIAN CHANNUN,MIAN CHANNUN,미안찬눈,mt
MAPNAME|MIANDRIVAZO,MIANDRIVAZO,미안드리바조,mt
MAPNAME|MIANEH,MIANEH,미아네,mt
MAPNAME|MIANWALI,MIANWALI,미안왈리,mt
MAPNAME|MIANYANG,MIANYANG,몐양,mt
MAPNAME|MIANZHU,MIANZHU,몐주,mt
MAPNAME|MIAO-LI,MIAO-LI,먀오리,mt
MAPNAME|MIASS,MIASS,먀스,mt
MAPNAME|MICHALOVCE,MICHALOVCE,미할로프체,mt
MAPNAME|MICHIGAN CITY,MICHIGAN CITY,미시간시티,mt
MAPNAME|MICHURINSK,MICHURINSK,미추린스크,mt
MAPNAME|MIDDELBURG,MIDDELBURG,미델뷔르흐,mt
MAPNAME|MIDDLESBROUGH,MIDDLESBROUGH,미들즈브러,mt
MAPNAME|MIDDLETOWN,MIDDLETOWN,미들타운,mt
MAPNAME|MIDELT,MIDELT,미델트,mt
MAPNAME|MIDLAND,MIDLAND,미들랜드,mt
MAPNAME|MIDWAY ISLAND,MIDWAY ISLAND,미드웨이섬,mt
MAPNAME|MIDWEST CITY,MIDWEST CITY,미드웨스트시티,mt
MAPNAME|MIDYAT,MIDYAT,미디야트,mt
MAPNAME|MIELEC,MIELEC,미엘레츠,mt
MAPNAME|MIERCUREA-CIUC,MIERCUREA-CIUC,미에르쿠레아취크,mt
MAPNAME|MIESO,MIESO,미에소,mt
MAPNAME|MIKHAYLOVKA,MIKHAYLOVKA,미하일롭카,mt
MAPNAME|MIKKELI,MIKKELI,미켈리,mt
MAPNAME|MIKUMI,MIKUMI,미쿠미,mt
MAPNAME|MILAGRO,MILAGRO,밀라그로,mt
MAPNAME|MILANO,MILANO,밀라노,mt
MAPNAME|MILDURA,MILDURA,밀두라,mt
MAPNAME|MILE,MILE,마일,mt
MAPNAME|MILE 91,MILE 91,마일91,mt
MAPNAME|MILFORD,MILFORD,밀퍼드,mt
MAPNAME|MILLEROVO,MILLEROVO,밀레로보,mt
MAPNAME|MILLVILLE,MILLVILLE,밀빌,mt
MAPNAME|MILTON,MILTON,밀턴,mt
MAPNAME|MILTON KEYNES,MILTON KEYNES,밀턴케인스,mt
MAPNAME|MILUO,MILUO,미뤄,mt
MAPNAME|MILWAUKEE,MILWAUKEE,밀워키,mt
MAPNAME|MINA,MINA,미나,mt
MAPNAME|MINAKUCHI,MINAKUCHI,미나쿠치,mt
MAPNAME|MINAS,MINAS,미나스,mt
MAPNAME|MINATITLÁN,MINATITLÁN,미나티틀란,mt
MAPNAME|MINDELO,MINDELO,민델루,mt
MAPNAME|MINERAL'NYYE VODY,MINERAL'NYYE VODY,미네랄니예보디,mt
MAPNAME|MINGAORA,MINGAORA,밍고라,mt
MAPNAME|MINGGUANG,MINGGUANG,밍광,mt
MAPNAME|MINGÄÇEVIR,MINGÄÇEVIR,밍게체비르,mt
MAPNAME|MINHE,MINHE,민허,mt
MAPNAME|MINNEAPOLIS,MINNEAPOLIS,미니애폴리스,mt
MAPNAME|MINNETONKA,MINNETONKA,미네통카,mt
MAPNAME|MINOT,MINOT,마이넛,mt
MAPNAME|MINOT AFB,MINOT AFB,마이넛공군기지,mt
MAPNAME|MINSK,MINSK,민스크,mt
MAPNAME|MINSK MAZOWIECKI,MINSK MAZOWIECKI,민스크마조비에츠키,mt
MAPNAME|MINUF,MINUF,미누프,mt
MAPNAME|MINUSINSK,MINUSINSK,미누신스크,mt
MAPNAME|MINYA AL-QAMH,MINYA AL-QAMH,민야알캄,mt
MAPNAME|MIRA BHAYANDAR,MIRA BHAYANDAR,미라바얀다르,mt
MAPNAME|MIRANDA DE EBRO,MIRANDA DE EBRO,미란다데에브로,mt
MAPNAME|MIRBAT,MIRBAT,미르바트,mt
MAPNAME|MIRHOROD,MIRHOROD,미르호로드,mt
MAPNAME|MIRI,MIRI,미리,mt
MAPNAME|MIRIALGUDA,MIRIALGUDA,미리얄구다,mt
MAPNAME|MIRIM,MIRIM,미림,mt
MAPNAME|MIRNYJ,MIRNYJ,미르니,mt
MAPNAME|MIROSLAWIEC,MIROSLAWIEC,미로스와비에츠,mt
MAPNAME|MIRPUR,MIRPUR,미르푸르,mt
MAPNAME|MIRPUR KHAS,MIRPUR KHAS,미르푸르카스,mt
MAPNAME|MIRPUR MATHELO,MIRPUR MATHELO,미르푸르마텔로,mt
MAPNAME|MIRYANG,MIRYANG,밀양,mt
MAPNAME|MIRZAPUR,MIRZAPUR,미르자푸르,mt
MAPNAME|MISAWA,MISAWA,미사와,mt
MAPNAME|MISHAN,MISHAN,미산,mt
MAPNAME|MISKOLC,MISKOLC,미슈콜츠,mt
MAPNAME|MISRATAH,MISRATAH,미스라타,mt
MAPNAME|MISSION,MISSION,미션,mt
MAPNAME|MISSION BEND,MISSION BEND,미션벤드,mt
MAPNAME|MISSISSAUGA,MISSISSAUGA,미시소거,mt
MAPNAME|MISSOULA,MISSOULA,미줄라,mt
MAPNAME|MISSOURI CITY,MISSOURI CITY,미주리시티,mt
MAPNAME|MIT  GHAMR,MIT  GHAMR,미트감르,mt
MAPNAME|MITILÍNI,MITILÍNI,미틸리니,mt
MAPNAME|MITO,MITO,미토,mt
MAPNAME|MITÚ,MITÚ,미투,mt
MAPNAME|MIYAKO,MIYAKO,미야코,mt
MAPNAME|MIYAKONOJO,MIYAKONOJO,미야코노조,mt
MAPNAME|MIYAZAKI,MIYAZAKI,미야자키,mt
MAPNAME|MIYOSHI,MIYOSHI,미요시,mt
MAPNAME|MIZAN,MIZAN,미잔,mt
MAPNAME|MIZUSAWA,MIZUSAWA,미즈사와,mt
MAPNAME|MKOANI,MKOANI,음코아니,mt
MAPNAME|MKUSHI,MKUSHI,음쿠시,mt
MAPNAME|MLADÁ BOLESLAV,MLADÁ BOLESLAV,믈라다볼레슬라프,mt
MAPNAME|MLIMBA,MLIMBA,믈림바,mt
MAPNAME|MMABATHO,MMABATHO,음마바토,mt
MAPNAME|MO I RANA,MO I RANA,모이라나,mt
MAPNAME|MOA,MOA,모아,mt
MAPNAME|MOBA,MOBA,모바,mt
MAPNAME|MOBARA,MOBARA,모바라,mt
MAPNAME|MOBILE,MOBILE,모빌,mt
MAPNAME|MOCA,MOCA,모카,mt
MAPNAME|MOCAMBIQUE,MOCAMBIQUE,모잠비크,mt
MAPNAME|MOCHOVCE,MOCHOVCE,모초프체,mt
MAPNAME|MOCHUDI,MOCHUDI,모추디,mt
MAPNAME|MOCOCA,MOCOCA,모코카,mt
MAPNAME|MODASA,MODASA,모다사,mt
MAPNAME|MODENA,MODENA,모데나,mt
MAPNAME|MODESTO,MODESTO,모데스토,mt
MAPNAME|MODINAGAR,MODINAGAR,모디나가르,mt
MAPNAME|MOFARENO BEKILY,MOFARENO BEKILY,모파레노베킬리,mt
MAPNAME|MOGA,MOGA,모가,mt
MAPNAME|MOGI DAS CRUZES,MOGI DAS CRUZES,모지다스크루지스,mt
MAPNAME|MOGI-GUACU,MOGI-GUACU,모지과수,mt
MAPNAME|MOGOK,MOGOK,모곡,mt
MAPNAME|MOHALES HOEK,MOHALES HOEK,모할레스훅,mt
MAPNAME|MOHAMMEDIA,MOHAMMEDIA,모하메디아,mt
MAPNAME|MOHE,MOHE,모허,mt
MAPNAME|MOJO,MOJO,모조,mt
MAPNAME|MOJOKERTO,MOJOKERTO,모조케르토,mt
MAPNAME|MOKA,MOKA,모카,mt
MAPNAME|MOKAMEH,MOKAMEH,모카메,mt
MAPNAME|MOKOLO,MOKOLO,모콜로,mt
MAPNAME|MOKPO,MOKPO,목포,mt
MAPNAME|MOLEPOLOLE,MOLEPOLOLE,몰레폴롤레,mt
MAPNAME|MOLFETTA,MOLFETTA,몰페타,mt
MAPNAME|MOLINA DE SEGURA,MOLINA DE SEGURA,몰리나데세구라,mt
MAPNAME|MOLINE,MOLINE,몰린,mt
MAPNAME|MOMBASA,MOMBASA,몸바사,mt
MAPNAME|MONCALIERI,MONCALIERI,몬칼리에리,mt
MAPNAME|MONCHEGORSK,MONCHEGORSK,몬체고르스크,mt
MAPNAME|MONCLOVA,MONCLOVA,몬클로바,mt
MAPNAME|MONCORÓ,MONCORÓ,몬코로,mt
MAPNAME|MONCTON,MONCTON,멍크턴,mt
MAPNAME|MONGO,MONGO,몽고,mt
MAPNAME|MONGU,MONGU,몽구,mt
MAPNAME|MONROE,MONROE,먼로,mt
MAPNAME|MONROEVILLE,MONROEVILLE,먼로빌,mt
MAPNAME|MONROVIA,MONROVIA,몬로비아,mt
MAPNAME|MONS,MONS,몽스,mt
MAPNAME|MONT-DE-MARSAN,MONT-DE-MARSAN,몽드마르상,mt
MAPNAME|MONTANA,MONTANA,몬태나,mt
MAPNAME|MONTANGU,MONTANGU,몬탕구,mt
MAPNAME|MONTAUBAN,MONTAUBAN,몽토방,mt
MAPNAME|MONTE CARMELO,MONTE CARMELO,몬테카르멜루,mt
MAPNAME|MONTEGO BAY,MONTEGO BAY,몬테고베이,mt
MAPNAME|MONTELIBANO,MONTELIBANO,몬텔리바노,mt
MAPNAME|MONTEMORELOS,MONTEMORELOS,몬테모렐로스,mt
MAPNAME|MONTENEGRO,MONTENEGRO,몬테네그로,mt
MAPNAME|MONTEPUEZ,MONTEPUEZ,몬테푸에스,mt
MAPNAME|MONTEREY,MONTEREY,몬터레이,mt
MAPNAME|MONTERIA,MONTERIA,몬테리아,mt
MAPNAME|MONTERO,MONTERO,몬테로,mt
MAPNAME|MONTEROS,MONTEROS,몬테로스,mt
MAPNAME|MONTERREY,MONTERREY,몬테레이,mt
MAPNAME|MONTES CLAROS,MONTES CLAROS,몬치스클라루스,mt
MAPNAME|MONTEVIDEO,MONTEVIDEO,몬테비데오,mt
MAPNAME|MONTGOMERY,MONTGOMERY,몽고메리,mt
MAPNAME|MONTICELLO,MONTICELLO,몬티첼로,mt
MAPNAME|MONTILLA,MONTILLA,몬티야,mt
MAPNAME|MONTLUÇON,MONTLUÇON,몽뤼송,mt
MAPNAME|MONTPELIER,MONTPELIER,몬트필리어,mt
MAPNAME|MONTPELLIER,MONTPELLIER,몽펠리에,mt
MAPNAME|MONTRÉAL,MONTRÉAL,몬트리올,mt
MAPNAME|MONTVALVO,MONTVALVO,몬트발보,mt
MAPNAME|MONYWA,MONYWA,몽유와,mt
MAPNAME|MONZA,MONZA,몬차,mt
MAPNAME|MONZE,MONZE,몬제,mt
MAPNAME|MOODY AFB,MOODY AFB,무디공군기지,mt
MAPNAME|MOORHEAD,MOORHEAD,무어헤드,mt
MAPNAME|MOOROOPNA,MOOROOPNA,무루프나,mt
MAPNAME|MOORPARK,MOORPARK,무어파크,mt
MAPNAME|MOOSE JAW,MOOSE JAW,무스조,mt
MAPNAME|MOOSONEE,MOOSONEE,무소니,mt
MAPNAME|MOPTI,MOPTI,몹티,mt
MAPNAME|MOQUEGUA,MOQUEGUA,모케과,mt
MAPNAME|MORA,MORA,모라,mt
MAPNAME|MORADABAD,MORADABAD,모라다바드,mt
MAPNAME|MORAMANGA,MORAMANGA,모라만가,mt
MAPNAME|MORATUWA,MORATUWA,모라투와,mt
MAPNAME|MORBI,MORBI,모르비,mt
MAPNAME|MORECAMBE,MORECAMBE,모어캠,mt
MAPNAME|MOREE,MOREE,모리,mt
MAPNAME|MOREHEAD CITY,MOREHEAD CITY,모어헤드시티,mt
MAPNAME|MORELIA,MORELIA,모렐리아,mt
MAPNAME|MORENA,MORENA,모레나,mt
MAPNAME|MORENO VALLEY,MORENO VALLEY,모레노밸리,mt
MAPNAME|MORGAN HILL,MORGAN HILL,모건힐,mt
MAPNAME|MORGANTOWN,MORGANTOWN,모건타운,mt
MAPNAME|MORIOKA,MORIOKA,모리오카,mt
MAPNAME|MORO,MORO,모로,mt
MAPNAME|MOROGORO,MOROGORO,모로고로,mt
MAPNAME|MOROMBE,MOROMBE,모롬베,mt
MAPNAME|MORONDAVA,MORONDAVA,모론다바,mt
MAPNAME|MORONI,MORONI,모로니,mt
MAPNAME|MOROZOVSK,MOROZOVSK,모로좁스크,mt
MAPNAME|MORRISTOWN,MORRISTOWN,모리스타운,mt
MAPNAME|MORÓN,MORÓN,모론,mt
MAPNAME|MORÓN DE LA FRONTERA,MORÓN DE LA FRONTERA,모론데라프론테라,mt
MAPNAME|MOSCOW,MOSCOW,모스크바,mt
MAPNAME|MOSHI,MOSHI,모시,mt
MAPNAME|MOSKVA,MOSKVA,모스크바,mt
MAPNAME|MOSONMAGYARÓVÁR,MOSONMAGYARÓVÁR,모숀머저로바르,mt
MAPNAME|MOSS,MOSS,모스,mt
MAPNAME|MOSSEL BAY,MOSSEL BAY,모셀베이,mt
MAPNAME|MOST,MOST,모스트,mt
MAPNAME|MOSTAGANEM,MOSTAGANEM,모스타가넴,mt
MAPNAME|MOSTAR,MOSTAR,모스타르,mt
MAPNAME|MOTA,MOTA,모타,mt
MAPNAME|MOTALA,MOTALA,모탈라,mt
MAPNAME|MOTIHARI,MOTIHARI,모티하리,mt
MAPNAME|MOTRIL,MOTRIL,모트릴,mt
MAPNAME|MOUASKAR,MOUASKAR,무아스카르,mt
MAPNAME|MOUHMMADIA,MOUHMMADIA,무함마디아,mt
MAPNAME|MOULINS,MOULINS,물랭,mt
MAPNAME|MOULMEIN,MOULMEIN,몰먀잉,mt
MAPNAME|MOUNDOU,MOUNDOU,문두,mt
MAPNAME|MOUNT GAMBIER,MOUNT GAMBIER,마운트갬비어,mt
MAPNAME|MOUNT HAGEN,MOUNT HAGEN,마운트하겐,mt
MAPNAME|MOUNT ISA,MOUNT ISA,마운트아이사,mt
MAPNAME|MOUNT PLEASANT,MOUNT PLEASANT,마운트플레전트,mt
MAPNAME|MOUNT PLEASENT,MOUNT PLEASENT,마운트플레전트,mt
MAPNAME|MOUNT VERNON,MOUNT VERNON,마운트버넌,mt
MAPNAME|MOUNTAIN HOME AFB,MOUNTAIN HOME AFB,마운틴홈공군기지,mt
MAPNAME|MOUSCRON,MOUSCRON,무스크롱,mt
MAPNAME|MOYALE,MOYALE,모얄레,mt
MAPNAME|MOYEMBA,MOYEMBA,모옘바,mt
MAPNAME|MOYOBAMBA,MOYOBAMBA,모요밤바,mt
MAPNAME|MOYU,MOYU,모위,mt
MAPNAME|MOZDOK,MOZDOK,모즈도크,mt
MAPNAME|MPANDA,MPANDA,음판다,mt
MAPNAME|MPIKA,MPIKA,음피카,mt
MAPNAME|MPULUNGU,MPULUNGU,음풀룽구,mt
MAPNAME|MPWAPWA,MPWAPWA,음푸아푸아,mt
MAPNAME|MTWARA,MTWARA,음트와라,mt
MAPNAME|MUANDA,MUANDA,무안다,mt
MAPNAME|MUAR,MUAR,무아르,mt
MAPNAME|MUBARAKPUR,MUBARAKPUR,무바라크푸르,mt
MAPNAME|MUBI,MUBI,무비,mt
MAPNAME|MUDANJIANG,MUDANJIANG,무단장,mt
MAPNAME|MUDON,MUDON,무돈,mt
MAPNAME|MUFULIRA,MUFULIRA,무풀리라,mt
MAPNAME|MUGHAL SARAI,MUGHAL SARAI,무갈사라이,mt
MAPNAME|MUGLA,MUGLA,무을라,mt
MAPNAME|MUHEZA,MUHEZA,무헤자,mt
MAPNAME|MUIKA,MUIKA,무이카,mt
MAPNAME|MUKACHËVO,MUKACHËVO,무카체보,mt
MAPNAME|MUKILTEO,MUKILTEO,무킬티오,mt
MAPNAME|MUKTSAR,MUKTSAR,묵트사르,mt
MAPNAME|MULHOUSE,MULHOUSE,뮐루즈,mt
MAPNAME|MULING,MULING,무링,mt
MAPNAME|MULLINGAR,MULLINGAR,멀링거,mt
MAPNAME|MULONGO,MULONGO,물롱고,mt
MAPNAME|MULTAN,MULTAN,물탄,mt
MAPNAME|MUMBAI,MUMBAI,뭄바이,mt
MAPNAME|MUMBWA,MUMBWA,뭄브와,mt
MAPNAME|MUNAKATA,MUNAKATA,무나카타,mt
MAPNAME|MUNCAR,MUNCAR,문카르,mt
MAPNAME|MUNCIE,MUNCIE,먼시,mt
MAPNAME|MUNDELEIN,MUNDELEIN,먼덜라인,mt
MAPNAME|MUNGER,MUNGER,뭉게르,mt
MAPNAME|MUNOZ,MUNOZ,무뇨스,mt
MAPNAME|MUQDISHO,MUQDISHO,모가디슈,mt
MAPNAME|MURCIA,MURCIA,무르시아,mt
MAPNAME|MURFREESBORO,MURFREESBORO,머프리즈버러,mt
MAPNAME|MURIAÉ,MURIAÉ,무리아에,mt
MAPNAME|MURIDKE,MURIDKE,무리드케,mt
MAPNAME|MURMANSK,MURMANSK,무르만스크,mt
MAPNAME|MUROM,MUROM,무롬,mt
MAPNAME|MURORAM,MURORAM,무로란,mt
MAPNAME|MURRAY BRIDGE,MURRAY BRIDGE,머리브리지,mt
MAPNAME|MURRIETA,MURRIETA,무리에타,mt
MAPNAME|MURWARA,MURWARA,무르와라,mt
MAPNAME|MURZUQ,MURZUQ,무르주크,mt
MAPNAME|MUS,MUS,무슈,mt
MAPNAME|MUSA,MUSA,무사,mt
MAPNAME|MUSCATINE,MUSCATINE,머스카틴,mt
MAPNAME|MUSKEGON,MUSKEGON,머스키건,mt
MAPNAME|MUSKOGEE,MUSKOGEE,머스코기,mt
MAPNAME|MUSOMA,MUSOMA,무소마,mt
MAPNAME|MUSTAFAKEMALPASA,MUSTAFAKEMALPASA,무스타파케말파샤,mt
MAPNAME|MUT,MUT,무트,mt
MAPNAME|MUTARE,MUTARE,무타레,mt
MAPNAME|MUTINGLUPA,MUTINGLUPA,무틴루파,mt
MAPNAME|MUTSAMUDU,MUTSAMUDU,무차무두,mt
MAPNAME|MUTSO,MUTSO,무초,mt
MAPNAME|MUYINGA,MUYINGA,무잉가,mt
MAPNAME|MUZAFFARNAGAR,MUZAFFARNAGAR,무자파르나가르,mt
MAPNAME|MUZAFFARPUR,MUZAFFARPUR,무자파르푸르,mt
MAPNAME|MWANGA,MWANGA,음왕가,mt
MAPNAME|MWANSABOMBWE,MWANSABOMBWE,음완사봄베,mt
MAPNAME|MWANZA,MWANZA,음완자,mt
MAPNAME|MWARO,MWARO,음와로,mt
MAPNAME|MWEKA,MWEKA,음웨카,mt
MAPNAME|MWENE-DITU,MWENE-DITU,음웬디투,mt
MAPNAME|MWENSE,MWENSE,음웬세,mt
MAPNAME|MWINLUNGA,MWINLUNGA,음윈룽가,mt
MAPNAME|MY THO,MY THO,미토,mt
MAPNAME|MYINGYAN,MYINGYAN,민잔,mt
MAPNAME|MYITKYINA,MYITKYINA,미치나,mt
MAPNAME|MYKOLAYIV,MYKOLAYIV,미콜라이우,mt
MAPNAME|MYMENSINGH,MYMENSINGH,마이멘싱,mt
MAPNAME|MYRTLE BEACH,MYRTLE BEACH,머틀비치,mt
MAPNAME|MYSORE,MYSORE,마이소르,mt
MAPNAME|MYTISHCHI,MYTISHCHI,미티시,mt
MAPNAME|MZUZU,MZUZU,음주주,mt
MAPNAME|MÁLAGA,MÁLAGA,말라가,mt
MAPNAME|MÉDÉA,MÉDÉA,메데아,mt
MAPNAME|MÉRIDA,MÉRIDA,메리다,mt
MAPNAME|MÉRIGNAC,MÉRIGNAC,메리냐크,mt
MAPNAME|MÍRSÍNI,MÍRSÍNI,미르시니,mt
MAPNAME|MÓSTOLES,MÓSTOLES,모스톨레스,mt
MAPNAME|MÖNCHENGLADBACH,MÖNCHENGLADBACH,묀헨글라트바흐,mt
MAPNAME|MÖRÖN,MÖRÖN,뫼릉,mt
MAPNAME|MÜNCHEN,MÜNCHEN,뮌헨,mt
MAPNAME|MÜNSTER,MÜNSTER,뮌스터,mt
MAPNAME|N'GAOUNDÉRÉ,N'GAOUNDÉRÉ,응가운데레,mt
MAPNAME|NA'IN,NA'IN,나인,mt
MAPNAME|NABARI,NABARI,나바리,mt
MAPNAME|NABEREZHNYYE CHELNY,NABEREZHNYYE CHELNY,나베레즈니예첼니,mt
MAPNAME|NABHA,NABHA,나바,mt
MAPNAME|NABUL,NABUL,나불,mt
MAPNAME|NABULUS,NABULUS,나블루스,mt
MAPNAME|NACALA,NACALA,나칼라,mt
MAPNAME|NACOGDOCHES,NACOGDOCHES,내커도치스,mt
MAPNAME|NADIAD,NADIAD,나디아드,mt
MAPNAME|NADOR,NADOR,나도르,mt
MAPNAME|NADZAB,NADZAB,나드자브,mt
MAPNAME|NAESTVED,NAESTVED,네스트베드,mt
MAPNAME|NAGA,NAGA,나가,mt
MAPNAME|NAGAHAMA,NAGAHAMA,나가하마,mt
MAPNAME|NAGANO,NAGANO,나가노,mt
MAPNAME|NAGAOKA,NAGAOKA,나가오카,mt
MAPNAME|NAGAPPATTINAM,NAGAPPATTINAM,나가파티남,mt
MAPNAME|NAGASAKI,NAGASAKI,나가사키,mt
MAPNAME|NAGATO,NAGATO,나가토,mt
MAPNAME|NAGAUR,NAGAUR,나고르,mt
MAPNAME|NAGDA,NAGDA,나그다,mt
MAPNAME|NAGERCOIL,NAGERCOIL,나게르코일,mt
MAPNAME|NAGINA,NAGINA,나기나,mt
MAPNAME|NAGO,NAGO,나고,mt
MAPNAME|NAGOYA,NAGOYA,나고야,mt
MAPNAME|NAGPUR,NAGPUR,나그푸르,mt
MAPNAME|NAGQU,NAGQU,나취,mt
MAPNAME|NAGUA,NAGUA,나과,mt
MAPNAME|NAGYKANIZSA,NAGYKANIZSA,너지카니저,mt
MAPNAME|NAHA,NAHA,나하,mt
MAPNAME|NAHARIYYA,NAHARIYYA,나하리야,mt
MAPNAME|NAHAVAND,NAHAVAND,나하반드,mt
MAPNAME|NAIROBI,NAIROBI,나이로비,mt
MAPNAME|NAJAFABAD,NAJAFABAD,나자파바드,mt
MAPNAME|NAJIBABAD,NAJIBABAD,나지바바드,mt
MAPNAME|NAJRAN,NAJRAN,나지란,mt
MAPNAME|NAJU,NAJU,나주,mt
MAPNAME|NAK'FA,NAK'FA,낙파,mt
MAPNAME|NAKA,NAKA,나카,mt
MAPNAME|NAKANO,NAKANO,나카노,mt
MAPNAME|NAKATSU,NAKATSU,나카쓰,mt
MAPNAME|NAKATSUGAWA,NAKATSUGAWA,나카쓰가와,mt
MAPNAME|NAKHODKA,NAKHODKA,나홋카,mt
MAPNAME|NAKHON PATHOM,NAKHON PATHOM,나콘파톰,mt
MAPNAME|NAKHON RATCHASIMA,NAKHON RATCHASIMA,나콘라차시마,mt
MAPNAME|NAKHON SAWAN,NAKHON SAWAN,나콘사완,mt
MAPNAME|NAKHON SI THAMMARAT,NAKHON SI THAMMARAT,나콘시탐마랏,mt
MAPNAME|NAKONDE,NAKONDE,나콘데,mt
MAPNAME|NAKSKOV,NAKSKOV,낙스코우,mt
MAPNAME|NAKURU,NAKURU,나쿠루,mt
MAPNAME|NAL'CHIK,NAL'CHIK,날치크,mt
MAPNAME|NALAJCH,NALAJCH,날라이흐,mt
MAPNAME|NALERIGU,NALERIGU,날레리구,mt
MAPNAME|NALGONDA,NALGONDA,날곤다,mt
MAPNAME|NALUT,NALUT,날루트,mt
MAPNAME|NAM DINH,NAM DINH,남딘,mt
MAPNAME|NAMAKKAL,NAMAKKAL,나마칼,mt
MAPNAME|NAMANGAN,NAMANGAN,나망간,mt
MAPNAME|NAMBEK,NAMBEK,남벡,mt
MAPNAME|NAMIBE,NAMIBE,나미베,mt
MAPNAME|NAMLEA,NAMLEA,남레아,mt
MAPNAME|NAMPA,NAMPA,남파,mt
MAPNAME|NAMPO,NAMPO,남포,mt
MAPNAME|NAMPULA,NAMPULA,남풀라,mt
MAPNAME|NAMUR,NAMUR,나뮈르,mt
MAPNAME|NAN,NAN,난,mt
MAPNAME|NANAIMO,NANAIMO,나나이모,mt
MAPNAME|NANAO,NANAO,나나오,mt
MAPNAME|NANCHANG,NANCHANG,난창,mt
MAPNAME|NANCHONG,NANCHONG,난충,mt
MAPNAME|NANCY,NANCY,낭시,mt
MAPNAME|NANDED,NANDED,난데드,mt
MAPNAME|NANDURBAR,NANDURBAR,난두르바르,mt
MAPNAME|NANDYAL,NANDYAL,난댤,mt
MAPNAME|NANGA-EBOKO,NANGA-EBOKO,낭가에보코,mt
MAPNAME|NANHUI,NANHUI,난후이,mt
MAPNAME|NANISIVIK,NANISIVIK,나니시빅,mt
MAPNAME|NANJING,NANJING,난징,mt
MAPNAME|NANKANA SAHIB,NANKANA SAHIB,난카나사히브,mt
MAPNAME|NANKOKU,NANKOKU,난고쿠,mt
MAPNAME|NANNING,NANNING,난닝,mt
MAPNAME|NANPING,NANPING,난핑,mt
MAPNAME|NANSIO,NANSIO,난시오,mt
MAPNAME|NANTES,NANTES,낭트,mt
MAPNAME|NANTONG,NANTONG,난퉁,mt
MAPNAME|NANTOU,NANTOU,난터우,mt
MAPNAME|NANXIAN,NANXIAN,난셴,mt
MAPNAME|NANYANG,NANYANG,난양,mt
MAPNAME|NANZHANG,NANZHANG,난장,mt
MAPNAME|NANZHAO,NANZHAO,난자오,mt
MAPNAME|NAOGAON,NAOGAON,나오가온,mt
MAPNAME|NAPA,NAPA,나파,mt
MAPNAME|NAPALGANJ,NAPALGANJ,네팔간지,mt
MAPNAME|NAPERVILLE,NAPERVILLE,네이퍼빌,mt
MAPNAME|NAPIER,NAPIER,네이피어,mt
MAPNAME|NAPOLI,NAPOLI,나폴리,mt
MAPNAME|NAQADEH,NAQADEH,나가데,mt
MAPNAME|NARA,NARA,나라,mt
MAPNAME|NARANJAL,NARANJAL,나란할,mt
MAPNAME|NARASARAOPET,NARASARAOPET,나라사라오펫,mt
MAPNAME|NARATHIWAT,NARATHIWAT,나라티왓,mt
MAPNAME|NARAYANGANJ,NARAYANGANJ,나라얀간지,mt
MAPNAME|NARBONNE,NARBONNE,나르본,mt
MAPNAME|NARITA,NARITA,나리타,mt
MAPNAME|NARNAUL,NARNAUL,나르나울,mt
MAPNAME|NARO,NARO,나로,mt
MAPNAME|NARO-FOMINSK,NARO-FOMINSK,나로포민스크,mt
MAPNAME|NARORA,NARORA,나로라,mt
MAPNAME|NAROWAL,NAROWAL,나로왈,mt
MAPNAME|NARRABRI,NARRABRI,나라브리,mt
MAPNAME|NARSAPUR,NARSAPUR,나르사푸르,mt
MAPNAME|NARSARSUAQ,NARSARSUAQ,나르사르수아크,mt
MAPNAME|NARSINGHDI,NARSINGHDI,나르싱디,mt
MAPNAME|NARUTO,NARUTO,나루토,mt
MAPNAME|NARVA,NARVA,나르바,mt
MAPNAME|NARVIK,NARVIK,나르비크,mt
MAPNAME|NARWANA,NARWANA,나르와나,mt
MAPNAME|NARYN,NARYN,나린,mt
MAPNAME|NARÓN,NARÓN,나론,mt
MAPNAME|NASHUA,NASHUA,내슈아,mt
MAPNAME|NASHVILLE,NASHVILLE,내슈빌,mt
MAPNAME|NASIK,NASIK,나시크,mt
MAPNAME|NASSAU,NASSAU,나소,mt
MAPNAME|NATAL,NATAL,나탈,mt
MAPNAME|NATASHQUAN,NATASHQUAN,나타시콴,mt
MAPNAME|NATITINGOU,NATITINGOU,나티팅구,mt
MAPNAME|NATOR,NATOR,나토르,mt
MAPNAME|NATORI,NATORI,나토리,mt
MAPNAME|NAUCALPAN DE JUÁREZ,NAUCALPAN DE JUÁREZ,나우칼판데후아레스,mt
MAPNAME|NAVADWIP,NAVADWIP,나바드위프,mt
MAPNAME|NAVAHRUDKA,NAVAHRUDKA,나바흐루드카,mt
MAPNAME|NAVAN,NAVAN,나반,mt
MAPNAME|NAVAPOLATSK,NAVAPOLATSK,나바폴라츠크,mt
MAPNAME|NAVI MUMBAI,NAVI MUMBAI,나비뭄바이,mt
MAPNAME|NAVODARI,NAVODARI,나보다리,mt
MAPNAME|NAVOJOA,NAVOJOA,나보호아,mt
MAPNAME|NAVSARI,NAVSARI,나브사리,mt
MAPNAME|NAWABGANJ,NAWABGANJ,나와브간지,mt
MAPNAME|NAWABSHAH,NAWABSHAH,나와브샤,mt
MAPNAME|NAWADA,NAWADA,나와다,mt
MAPNAME|NAWALGARH,NAWALGARH,나왈가르,mt
MAPNAME|NAWOIY,NAWOIY,나보이,mt
MAPNAME|NAXCIVAN,NAXCIVAN,나히체반,mt
MAPNAME|NAYPYIDAW,NAYPYIDAW,네피도,mt
MAPNAME|NAZARETH,NAZARETH,나사렛,mt
MAPNAME|NAZAROVO,NAZAROVO,나자로보,mt
MAPNAME|NAZE,NAZE,나제,mt
MAPNAME|NAZILLI,NAZILLI,나질리,mt
MAPNAME|NAZRAN',NAZRAN',나즈란,mt
MAPNAME|NCHELENGE,NCHELENGE,은첼렝게,mt
MAPNAME|NDELE,NDELE,은델레,mt
MAPNAME|NDIAMASCOUTA,NDIAMASCOUTA,은디아마스쿠타,mt
MAPNAME|NDJAMENA,NDJAMENA,은자메나,mt
MAPNAME|NDOLA,NDOLA,은돌라,mt
MAPNAME|NEBITDAG,NEBITDAG,네비트다그,mt
MAPNAME|NECOCHEA,NECOCHEA,네코체아,mt
MAPNAME|NEDUMANGAD,NEDUMANGAD,네두망가드,mt
MAPNAME|NEFAS MEWCHA,NEFAS MEWCHA,네파스메우차,mt
MAPNAME|NEFTEKAMSK,NEFTEKAMSK,네프테캄스크,mt
MAPNAME|NEFTEYUGANSK,NEFTEYUGANSK,네프테유간스크,mt
MAPNAME|NEGOMBO,NEGOMBO,네곰보,mt
MAPNAME|NEGOTIN,NEGOTIN,네고틴,mt
MAPNAME|NEHE,NEHE,네허,mt
MAPNAME|NEIJIANG,NEIJIANG,네이장,mt
MAPNAME|NEILY,NEILY,네일리,mt
MAPNAME|NEIVA,NEIVA,네이바,mt
MAPNAME|NEJO,NEJO,네호,mt
MAPNAME|NEKEMTE,NEKEMTE,네켐테,mt
MAPNAME|NELLORE,NELLORE,넬로르,mt
MAPNAME|NELSON,NELSON,넬슨,mt
MAPNAME|NEMOR,NEMOR,네모르,mt
MAPNAME|NENJIANG,NENJIANG,넌장,mt
MAPNAME|NERCHINSK,NERCHINSK,네르친스크,mt
MAPNAME|NERYUNGRI,NERYUNGRI,네륜그리,mt
MAPNAME|NETANYA,NETANYA,네타니아,mt
MAPNAME|NETZAHUALCÓYOTL,NETZAHUALCÓYOTL,네사우알코요틀,mt
MAPNAME|NEUBRANDENBURG,NEUBRANDENBURG,노이브란덴부르크,mt
MAPNAME|NEUM,NEUM,네움,mt
MAPNAME|NEUMÜNSTER,NEUMÜNSTER,노이뮌스터,mt
MAPNAME|NEUNKIRCHEN,NEUNKIRCHEN,노인키르헨,mt
MAPNAME|NEUQUÉN,NEUQUÉN,네우켄,mt
MAPNAME|NEUSS,NEUSS,노이스,mt
MAPNAME|NEUSTADT,NEUSTADT,노이슈타트,mt
MAPNAME|NEUWIED,NEUWIED,노이비트,mt
MAPNAME|NEVERS,NEVERS,느베르,mt
MAPNAME|NEVESEHIR,NEVESEHIR,네브셰히르,mt
MAPNAME|NEVINNOMYSSK,NEVINNOMYSSK,네빈노미스크,mt
MAPNAME|NEW  YORK,NEW  YORK,뉴욕,mt
MAPNAME|NEW ALBANY,NEW ALBANY,뉴올버니,mt
MAPNAME|NEW AMSTERDAM,NEW AMSTERDAM,뉴암스테르담,mt
MAPNAME|NEW BEDFORD,NEW BEDFORD,뉴베드퍼드,mt
MAPNAME|NEW BERN,NEW BERN,뉴번,mt
MAPNAME|NEW BRAUNFELS,NEW BRAUNFELS,뉴브론펠스,mt
MAPNAME|NEW BRITAIN,NEW BRITAIN,뉴브리튼,mt
MAPNAME|NEW BRUNSWICK,NEW BRUNSWICK,뉴브런즈윅,mt
MAPNAME|NEW CASTLE,NEW CASTLE,뉴캐슬,mt
MAPNAME|NEW CITY,NEW CITY,뉴시티,mt
MAPNAME|NEW DELHI,NEW DELHI,뉴델리,mt
MAPNAME|NEW HALFA,NEW HALFA,뉴할파,mt
MAPNAME|NEW HAVEN,NEW HAVEN,뉴헤이븐,mt
MAPNAME|NEW IBERIA,NEW IBERIA,뉴이베리아,mt
MAPNAME|NEW LONDON,NEW LONDON,뉴런던,mt
MAPNAME|NEW ORLEANS,NEW ORLEANS,뉴올리언스,mt
MAPNAME|NEW PLYMOUTH,NEW PLYMOUTH,뉴플리머스,mt
MAPNAME|NEW ROCHELLE,NEW ROCHELLE,뉴로셸,mt
MAPNAME|NEW SMYRNA BEACH,NEW SMYRNA BEACH,뉴스머나비치,mt
MAPNAME|NEW TAFO,NEW TAFO,뉴타포,mt
MAPNAME|NEW YORK,NEW YORK,뉴욕,mt
MAPNAME|NEWALA,NEWALA,뉴알라,mt
MAPNAME|NEWARK,NEWARK,뉴어크,mt
MAPNAME|NEWBURGH,NEWBURGH,뉴버그,mt
MAPNAME|NEWCASTLE,NEWCASTLE,뉴캐슬,mt
MAPNAME|NEWCASTLE UPON TYNE,NEWCASTLE UPON TYNE,뉴캐슬어폰타인,mt
MAPNAME|NEWMARKET,NEWMARKET,뉴마켓,mt
MAPNAME|NEWNAN,NEWNAN,뉴넌,mt
MAPNAME|NEWPORT,NEWPORT,뉴포트,mt
MAPNAME|NEWPORT NEWS,NEWPORT NEWS,뉴포트뉴스,mt
MAPNAME|NEWRY,NEWRY,뉴리,mt
MAPNAME|NEWTON,NEWTON,뉴턴,mt
MAPNAME|NEYSHABUR,NEYSHABUR,네이샤부르,mt
MAPNAME|NEYVELI,NEYVELI,네이벨리,mt
MAPNAME|NEYYATTINKARA,NEYYATTINKARA,네이야틴카라,mt
MAPNAME|NGAOUNDAL,NGAOUNDAL,응가운달,mt
MAPNAME|NGOZI,NGOZI,응고지,mt
MAPNAME|NGUIGMI,NGUIGMI,응기그미,mt
MAPNAME|NGURU,NGURU,응구루,mt
MAPNAME|NHA TRANG,NHA TRANG,냐짱,mt
MAPNAME|NHLANGANO,NHLANGANO,은랑가노,mt
MAPNAME|NIAGARA FALLS,NIAGARA FALLS,나이아가라폴스,mt
MAPNAME|NIAGRA FALLS,NIAGRA FALLS,나이아가라폴스,mt
MAPNAME|NIAMEY,NIAMEY,니아메,mt
MAPNAME|NICE,NICE,니스,mt
MAPNAME|NICHINAN,NICHINAN,니치난,mt
MAPNAME|NICHOLASVILLE,NICHOLASVILLE,니컬러스빌,mt
MAPNAME|NICOSIA,NICOSIA,니코시아,mt
MAPNAME|NIEUW NICKERIE,NIEUW NICKERIE,니우니케리,mt
MAPNAME|NIEUWEGEIN,NIEUWEGEIN,니우베헤인,mt
MAPNAME|NIGDE,NIGDE,니이데,mt
MAPNAME|NIGEL,NIGEL,나이절,mt
MAPNAME|NIHONMATSU,NIHONMATSU,니혼마쓰,mt
MAPNAME|NIIGATA,NIIGATA,니가타,mt
MAPNAME|NIIHAMA,NIIHAMA,니하마,mt
MAPNAME|NIJMEGEN,NIJMEGEN,네이메헌,mt
MAPNAME|NIKKI,NIKKI,니키,mt
MAPNAME|NIKOL'SKIY,NIKOL'SKIY,니콜스키,mt
MAPNAME|NIKOPOL,NIKOPOL,니코폴,mt
MAPNAME|NIKSAR,NIKSAR,닉사르,mt
MAPNAME|NIKSI,NIKSI,닉시,mt
MAPNAME|NIMACH,NIMACH,니마치,mt
MAPNAME|NIMBAHERA,NIMBAHERA,님바헤라,mt
MAPNAME|NIMES,NIMES,님,mt
MAPNAME|NINE MILE POINT,NINE MILE POINT,나인마일포인트,mt
MAPNAME|NING'AN,NING'AN,닝안,mt
MAPNAME|NINGBO,NINGBO,닝보,mt
MAPNAME|NINGXIANG,NINGXIANG,닝샹,mt
MAPNAME|NINGYANG,NINGYANG,닝양,mt
MAPNAME|NIORA DU RIP,NIORA DU RIP,니오라뒤리프,mt
MAPNAME|NIORT,NIORT,니오르,mt
MAPNAME|NIPANI,NIPANI,니파니,mt
MAPNAME|NIQUERO,NIQUERO,니케로,mt
MAPNAME|NIRMAL,NIRMAL,니르말,mt
MAPNAME|NIS,NIS,니시,mt
MAPNAME|NITRA,NITRA,니트라,mt
MAPNAME|NIZAMABAD,NIZAMABAD,니자마바드,mt
MAPNAME|NIZHNEKAMSK,NIZHNEKAMSK,니즈네캄스크,mt
MAPNAME|NIZHNEVARTOVSK,NIZHNEVARTOVSK,니즈네바르톱스크,mt
MAPNAME|NIZHNIY NOVGOROD,NIZHNIY NOVGOROD,니즈니노브고로드,mt
MAPNAME|NIZHNIY TAGIL,NIZHNIY TAGIL,니즈니타길,mt
MAPNAME|NIZHYN,NIZHYN,니진,mt
MAPNAME|NIZIP,NIZIP,니집,mt
MAPNAME|NIZNEUDINSK,NIZNEUDINSK,니즈네우딘스크,mt
MAPNAME|NIZWÁ,NIZWÁ,니즈와,mt
MAPNAME|NJOMBE,NJOMBE,은좀베,mt
MAPNAME|NKAWKAW,NKAWKAW,은카우카우,mt
MAPNAME|NKONGSAMBA,NKONGSAMBA,은콩삼바,mt
MAPNAME|NNEWI,NNEWI,은네위,mt
MAPNAME|NOAKHALI,NOAKHALI,노아칼리,mt
MAPNAME|NOBEOKA,NOBEOKA,노베오카,mt
MAPNAME|NOBLESVILLE,NOBLESVILLE,노블스빌,mt
MAPNAME|NOCHOLLS TOWN,NOCHOLLS TOWN,니콜스타운,mt
MAPNAME|NOGENT,NOGENT,노장,mt
MAPNAME|NOGOYA,NOGOYA,노고야,mt
MAPNAME|NOISY-LE-GRAND,NOISY-LE-GRAND,누아지르그랑,mt
MAPNAME|NOKIA,NOKIA,노키아,mt
MAPNAME|NOLA,NOLA,놀라,mt
MAPNAME|NONG KHAI,NONG KHAI,농카이,mt
MAPNAME|NONG'AN,NONG'AN,농안,mt
MAPNAME|NONTHABURI,NONTHABURI,논타부리,mt
MAPNAME|NORDHORN,NORDHORN,노르트호른,mt
MAPNAME|NORDSTEDT,NORDSTEDT,노르트슈테트,mt
MAPNAME|NORFOLK,NORFOLK,노퍽,mt
MAPNAME|NORILSK,NORILSK,노릴스크,mt
MAPNAME|NORMAL,NORMAL,노멀,mt
MAPNAME|NORMAN,NORMAN,노먼,mt
MAPNAME|NORMANTON,NORMANTON,노먼턴,mt
MAPNAME|NORO,NORO,노로,mt
MAPNAME|NORRISTON,NORRISTON,노리스턴,mt
MAPNAME|NORRKÖPING,NORRKÖPING,노르셰핑,mt
MAPNAME|NORRTÄLJE,NORRTÄLJE,노르텔리에,mt
MAPNAME|NORTH ANNA,NORTH ANNA,노스애나,mt
MAPNAME|NORTH BATTLEFORD,NORTH BATTLEFORD,노스배틀퍼드,mt
MAPNAME|NORTH BAY,NORTH BAY,노스베이,mt
MAPNAME|NORTH COWICHAN,NORTH COWICHAN,노스코위천,mt
MAPNAME|NORTH LAKHIMPUR,NORTH LAKHIMPUR,노스라킴푸르,mt
MAPNAME|NORTH PLATTE,NORTH PLATTE,노스플래트,mt
MAPNAME|NORTH RICHLAND HILLS,NORTH RICHLAND HILLS,노스리치랜드힐스,mt
MAPNAME|NORTH VANCOUVER,NORTH VANCOUVER,노스밴쿠버,mt
MAPNAME|NORTHAMPTON,NORTHAMPTON,노샘프턴,mt
MAPNAME|NORTON SHORES,NORTON SHORES,노턴쇼어스,mt
MAPNAME|NORWALK,NORWALK,노워크,mt
MAPNAME|NORWICH,NORWICH,노리치,mt
MAPNAME|NORWOOD,NORWOOD,노우드,mt
MAPNAME|NOSHIRO,NOSHIRO,노시로,mt
MAPNAME|NOTTINGHAM,NOTTINGHAM,노팅엄,mt
MAPNAME|NOUADHIBOU,NOUADHIBOU,누아디부,mt
MAPNAME|NOUAKCHOTT,NOUAKCHOTT,누악쇼트,mt
MAPNAME|NOUMÉA,NOUMÉA,누메아,mt
MAPNAME|NOVA FRIBURGO,NOVA FRIBURGO,노바프리부르구,mt
MAPNAME|NOVA IGUACU,NOVA IGUACU,노바이구아수,mt
MAPNAME|NOVA SERRANA,NOVA SERRANA,노바세하나,mt
MAPNAME|NOVARA,NOVARA,노바라,mt
MAPNAME|NOVATO,NOVATO,노바토,mt
MAPNAME|NOVAYA KAKHOVKA,NOVAYA KAKHOVKA,노바야카호우카,mt
MAPNAME|NOVELDA,NOVELDA,노벨다,mt
MAPNAME|NOVGOROD,NOVGOROD,노브고로드,mt
MAPNAME|NOVI,NOVI,노비,mt
MAPNAME|NOVI BEOGRAD,NOVI BEOGRAD,노비베오그라드,mt
MAPNAME|NOVI PAZAR,NOVI PAZAR,노비파자르,mt
MAPNAME|NOVI SAD,NOVI SAD,노비사드,mt
MAPNAME|NOVO HAMBURGO,NOVO HAMBURGO,노부함부르구,mt
MAPNAME|NOVO MESTO,NOVO MESTO,노보메스토,mt
MAPNAME|NOVOALTAYSK,NOVOALTAYSK,노보알타이스크,mt
MAPNAME|NOVOCHEBOKSARSK,NOVOCHEBOKSARSK,노보체복사르스크,mt
MAPNAME|NOVOCHERKASSK,NOVOCHERKASSK,노보체르카스크,mt
MAPNAME|NOVOKUYBYSHEVSK,NOVOKUYBYSHEVSK,노보쿠이비셰프스크,mt
MAPNAME|NOVOKUZNETSK,NOVOKUZNETSK,노보쿠즈네츠크,mt
MAPNAME|NOVOMOSKOVSK,NOVOMOSKOVSK,노보모스콥스크,mt
MAPNAME|NOVOROSSIYSK,NOVOROSSIYSK,노보로시스크,mt
MAPNAME|NOVOSHAKHTINSK,NOVOSHAKHTINSK,노보샤흐틴스크,mt
MAPNAME|NOVOSIBIRSK,NOVOSIBIRSK,노보시비르스크,mt
MAPNAME|NOVOTROITSK,NOVOTROITSK,노보트로이츠크,mt
MAPNAME|NOVOVOLYNS'K,NOVOVOLYNS'K,노보볼린스크,mt
MAPNAME|NOVOVORNEZHSKIY,NOVOVORNEZHSKIY,노보보로네시스키,mt
MAPNAME|NOVYY URENGOY,NOVYY URENGOY,노비우렌고이,mt
MAPNAME|NOVÉ ZÁMKY,NOVÉ ZÁMKY,노베잠키,mt
MAPNAME|NOWGONG,NOWGONG,나우공,mt
MAPNAME|NOWSHERA,NOWSHERA,나우셰라,mt
MAPNAME|NOWY SACZ,NOWY SACZ,노비손치,mt
MAPNAME|NOYABR'SK,NOYABR'SK,노야브르스크,mt
MAPNAME|NSUKKA,NSUKKA,은수카,mt
MAPNAME|NUENVITAS,NUENVITAS,누에비타스,mt
MAPNAME|NUEVA GERONA,NUEVA GERONA,누에바헤로나,mt
MAPNAME|NUEVA LOJA,NUEVA LOJA,누에바로하,mt
MAPNAME|NUEVA ROSITA,NUEVA ROSITA,누에바로시타,mt
MAPNAME|NUEVA SAN SALVADOR,NUEVA SAN SALVADOR,누에바산살바도르,mt
MAPNAME|NUEVO CASAS GRANDES,NUEVO CASAS GRANDES,누에보카사스그란데스,mt
MAPNAME|NUEVO LAREDO,NUEVO LAREDO,누에보라레도,mt
MAPNAME|NUKUS,NUKUS,누쿠스,mt
MAPNAME|NUMATA,NUMATA,누마타,mt
MAPNAME|NUMAZU,NUMAZU,누마즈,mt
MAPNAME|NUNGWI,NUNGWI,눙위,mt
MAPNAME|NUR'ABAD,NUR'ABAD,누라바드,mt
MAPNAME|NURMIJÄRVI,NURMIJÄRVI,누르미예르비,mt
MAPNAME|NUSAYBIN,NUSAYBIN,누사이빈,mt
MAPNAME|NUUK,NUUK,누크,mt
MAPNAME|NUZVID,NUZVID,누즈비드,mt
MAPNAME|NYAGAN',NYAGAN',냐간,mt
MAPNAME|NYALA,NYALA,냘라,mt
MAPNAME|NYANZA,NYANZA,니안자,mt
MAPNAME|NYBORG,NYBORG,뉘보르,mt
MAPNAME|NYERI,NYERI,니에리,mt
MAPNAME|NYINGCHI,NYINGCHI,닝치,mt
MAPNAME|NYKOBING,NYKOBING,뉘쾨빙,mt
MAPNAME|NYKÖPING,NYKÖPING,뉘셰핑,mt
MAPNAME|NYÍREGYHÁZA,NYÍREGYHÁZA,니이레지하저,mt
MAPNAME|NZAGI,NZAGI,은자기,mt
MAPNAME|NZEGA,NZEGA,은제가,mt
MAPNAME|NZÉRÉKORÉ,NZÉRÉKORÉ,은제레코레,mt
MAPNAME|NÄSSJÖ,NÄSSJÖ,네셰,mt
MAPNAME|NÉMA,NÉMA,네마,mt
MAPNAME|NÍJAR,NÍJAR,니하르,mt
MAPNAME|NÜRNBERG,NÜRNBERG,뉘른베르크,mt
MAPNAME|NêDONG,NêDONG,네동,mt
MAPNAME|O'FALLON,O'FALLON,오팰런,mt
MAPNAME|OAK CREEK,OAK CREEK,오크크리크,mt
MAPNAME|OAK HARBOR,OAK HARBOR,오크하버,mt
MAPNAME|OAK LAWN,OAK LAWN,오크론,mt
MAPNAME|OAK RIDGE,OAK RIDGE,오크리지,mt
MAPNAME|OAKLAND,OAKLAND,오클랜드,mt
MAPNAME|OAKTON,OAKTON,오크턴,mt
MAPNAME|OAKVILLE,OAKVILLE,오크빌,mt
MAPNAME|OAXACA DE JUÁREZ,OAXACA DE JUÁREZ,오악사카데후아레스,mt
MAPNAME|OB',OB',오비,mt
MAPNAME|OBALA,OBALA,오발라,mt
MAPNAME|OBERÁ,OBERÁ,오베라,mt
MAPNAME|OBIHIRO,OBIHIRO,오비히로,mt
MAPNAME|OBNINSK,OBNINSK,옵닌스크,mt
MAPNAME|OBO,OBO,오보,mt
MAPNAME|OBRENOVAC,OBRENOVAC,오브레노바츠,mt
MAPNAME|OBRIGHEIM,OBRIGHEIM,오브리크하임,mt
MAPNAME|OBUASI,OBUASI,오부아시,mt
MAPNAME|OCALA,OCALA,오칼라,mt
MAPNAME|OCANA,OCANA,오카냐,mt
MAPNAME|OCEANSIDE,OCEANSIDE,오션사이드,mt
MAPNAME|OCHOTSK,OCHOTSK,오호츠크,mt
MAPNAME|OCOEE,OCOEE,오코이,mt
MAPNAME|OCONEE,OCONEE,오코니,mt
MAPNAME|OCOSINGO,OCOSINGO,오코싱고,mt
MAPNAME|OCOTLÁN,OCOTLÁN,오코틀란,mt
MAPNAME|OCOTÁN DE MORELOS,OCOTÁN DE MORELOS,오코탄데모렐로스,mt
MAPNAME|OCUMARE DEL TUY,OCUMARE DEL TUY,오쿠마레델투이,mt
MAPNAME|ODA,ODA,오다,mt
MAPNAME|ODATE,ODATE,오다테,mt
MAPNAME|ODAWARA,ODAWARA,오다와라,mt
MAPNAME|ODEMIS,ODEMIS,외데미시,mt
MAPNAME|ODENSE,ODENSE,오덴세,mt
MAPNAME|ODESSA,ODESSA,오데사,mt
MAPNAME|ODIENNÉ,ODIENNÉ,오디엔네,mt
MAPNAME|ODINTSOVO,ODINTSOVO,오딘초보,mt
MAPNAME|ODORHEIU SECUIESC,ODORHEIU SECUIESC,오도르헤이우세쿠이에스크,mt
MAPNAME|OEIRAS,OEIRAS,오에이라스,mt
MAPNAME|OFFA,OFFA,오파,mt
MAPNAME|OFFENBACH,OFFENBACH,오펜바흐,mt
MAPNAME|OFFENBURG,OFFENBURG,오펜부르크,mt
MAPNAME|OFUNATO,OFUNATO,오후나토,mt
MAPNAME|OGAKI,OGAKI,오가키,mt
MAPNAME|OGAMINAN,OGAMINAN,오가미난,mt
MAPNAME|OGBOMOSHO,OGBOMOSHO,오그보모쇼,mt
MAPNAME|OGDEN,OGDEN,오그던,mt
MAPNAME|OGRE,OGRE,오그레,mt
MAPNAME|OHI-MIHAMA,OHI-MIHAMA,오히미하마,mt
MAPNAME|OHRID,OHRID,오흐리드,mt
MAPNAME|OITA,OITA,오이타,mt
MAPNAME|OKA-AKOKO,OKA-AKOKO,오카아코코,mt
MAPNAME|OKARA,OKARA,오카라,mt
MAPNAME|OKAYAMA,OKAYAMA,오카야마,mt
MAPNAME|OKAZAKI,OKAZAKI,오카자키,mt
MAPNAME|OKENE,OKENE,오케네,mt
MAPNAME|OKHTYRKA,OKHTYRKA,오흐티르카,mt
MAPNAME|OKIGWI,OKIGWI,오키그위,mt
MAPNAME|OKINAWA,OKINAWA,오키나와,mt
MAPNAME|OKLAHOMA CITY,OKLAHOMA CITY,오클라호마시티,mt
MAPNAME|OKTYABR'SKIY,OKTYABR'SKIY,옥탸브르스키,mt
MAPNAME|OLATHE,OLATHE,올레이시,mt
MAPNAME|OLAVARRIA,OLAVARRIA,올라바리아,mt
MAPNAME|OLD BRIDGE,OLD BRIDGE,올드브리지,mt
MAPNAME|OLDENBURG,OLDENBURG,올덴부르크,mt
MAPNAME|OLDHAM,OLDHAM,올덤,mt
MAPNAME|OLEIROS,OLEIROS,올레이로스,mt
MAPNAME|OLEKSANDRIYA,OLEKSANDRIYA,올렉산드리야,mt
MAPNAME|OLENEGORSK,OLENEGORSK,올레네고르스크,mt
MAPNAME|OLHAO,OLHAO,올랑,mt
MAPNAME|OLIMPIA,OLIMPIA,올림피아,mt
MAPNAME|OLMALIQ,OLMALIQ,올말릭,mt
MAPNAME|OLOMOUC,OLOMOUC,올로모우츠,mt
MAPNAME|OLONGAPO,OLONGAPO,올롱가포,mt
MAPNAME|OLOT,OLOT,올롯,mt
MAPNAME|OLSBURY,OLSBURY,올스버리,mt
MAPNAME|OLSZTYN,OLSZTYN,올슈틴,mt
MAPNAME|OLYMPIA,OLYMPIA,올림피아,mt
MAPNAME|OLYMPIC DAM,OLYMPIC DAM,올림픽댐,mt
MAPNAME|OMAGARI,OMAGARI,오마가리,mt
MAPNAME|OMAHA,OMAHA,오마하,mt
MAPNAME|OMAMA,OMAMA,오마마,mt
MAPNAME|OMDURMAN,OMDURMAN,옴두르만,mt
MAPNAME|OME,OME,오메,mt
MAPNAME|OMIDIYEH-YE SOFLA,OMIDIYEH-YE SOFLA,오미디예소플라,mt
MAPNAME|OMSK,OMSK,옴스크,mt
MAPNAME|OMTEPEC,OMTEPEC,옴테펙,mt
MAPNAME|OMUTA,OMUTA,오무타,mt
MAPNAME|ONAGAWA,ONAGAWA,오나가와,mt
MAPNAME|ONDANGWA,ONDANGWA,온당와,mt
MAPNAME|ONDJIVA,ONDJIVA,온지바,mt
MAPNAME|ONDO,ONDO,온도,mt
MAPNAME|ONGOLE,ONGOLE,옹골,mt
MAPNAME|ONITSHA,ONITSHA,오니차,mt
MAPNAME|ONOMICHI,ONOMICHI,오노미치,mt
MAPNAME|ONTARIO,ONTARIO,온타리오,mt
MAPNAME|ONTENIENTE,ONTENIENTE,온테니엔테,mt
MAPNAME|OOSTENDE,OOSTENDE,오스텐더,mt
MAPNAME|OOSTERHOUT,OOSTERHOUT,오스터하우트,mt
MAPNAME|OPALTON,OPALTON,오팰턴,mt
MAPNAME|OPAVA,OPAVA,오파바,mt
MAPNAME|OPELIKA,OPELIKA,오펠라이카,mt
MAPNAME|OPOLE,OPOLE,오폴레,mt
MAPNAME|ORADEA,ORADEA,오라데아,mt
MAPNAME|ORAI,ORAI,오라이,mt
MAPNAME|ORAL,ORAL,오랄,mt
MAPNAME|ORANGE,ORANGE,오렌지,mt
MAPNAME|ORANGE WALK,ORANGE WALK,오렌지워크,mt
MAPNAME|ORANGEVILLE,ORANGEVILLE,오렌지빌,mt
MAPNAME|ORANJESTAD,ORANJESTAD,오라녜스타트,mt
MAPNAME|ORDU,ORDU,오르두,mt
MAPNAME|ORDZHONIKIDZEVSKAYA,ORDZHONIKIDZEVSKAYA,오르조니키제프스카야,mt
MAPNAME|OREGON CITY,OREGON CITY,오리건시티,mt
MAPNAME|OREKHOVO-ZUYEVO,OREKHOVO-ZUYEVO,오레호보주예보,mt
MAPNAME|OREL,OREL,오룔,mt
MAPNAME|ORENBURG,ORENBURG,오렌부르크,mt
MAPNAME|ORHANGAZI,ORHANGAZI,오르한가지,mt
MAPNAME|ORHEI,ORHEI,오르헤이,mt
MAPNAME|ORIHUELA,ORIHUELA,오리우엘라,mt
MAPNAME|ORILLIA,ORILLIA,오릴리아,mt
MAPNAME|ORIZABA,ORIZABA,오리사바,mt
MAPNAME|ORKNEY,ORKNEY,오크니,mt
MAPNAME|ORLAND,ORLAND,올랜드,mt
MAPNAME|ORLAND PARK,ORLAND PARK,올랜드파크,mt
MAPNAME|ORLANDO,ORLANDO,올랜도,mt
MAPNAME|ORLOVKA,ORLOVKA,오를롭카,mt
MAPNAME|ORLOVÁ,ORLOVÁ,오를로바,mt
MAPNAME|ORLÉANS,ORLÉANS,오를레앙,mt
MAPNAME|ORMOC,ORMOC,오르목,mt
MAPNAME|ORO VALLEY,ORO VALLEY,오로밸리,mt
MAPNAME|ORON,ORON,오론,mt
MAPNAME|OROQUIETA,OROQUIETA,오로키에타,mt
MAPNAME|OROSHÁZA,OROSHÁZA,오로시하저,mt
MAPNAME|ORSA,ORSA,오르사,mt
MAPNAME|ORSK,ORSK,오르스크,mt
MAPNAME|ORUMIYEH,ORUMIYEH,오루미예,mt
MAPNAME|ORURO,ORURO,오루로,mt
MAPNAME|OSAKA,OSAKA,오사카,mt
MAPNAME|OSASCO,OSASCO,오사스쿠,mt
MAPNAME|OSH,OSH,오시,mt
MAPNAME|OSHAWA,OSHAWA,오샤와,mt
MAPNAME|OSHKOSH,OSHKOSH,오시코시,mt
MAPNAME|OSHOGBO,OSHOGBO,오쇼그보,mt
MAPNAME|OSIJEK,OSIJEK,오시예크,mt
MAPNAME|OSIPOVICHI,OSIPOVICHI,오시포비치,mt
MAPNAME|OSKARSHAMN,OSKARSHAMN,오스카르스함,mt
MAPNAME|OSLO,OSLO,오슬로,mt
MAPNAME|OSMANABAD,OSMANABAD,오스마나바드,mt
MAPNAME|OSMANIYE,OSMANIYE,오스마니예,mt
MAPNAME|OSNABRÜCK,OSNABRÜCK,오스나브뤼크,mt
MAPNAME|OSORNO,OSORNO,오소르노,mt
MAPNAME|OSS,OSS,오스,mt
MAPNAME|OSTRAVA,OSTRAVA,오스트라바,mt
MAPNAME|OSTRODA,OSTRODA,오스트루다,mt
MAPNAME|OSTROLEKA,OSTROLEKA,오스트로웽카,mt
MAPNAME|OSTROV,OSTROV,오스트로프,mt
MAPNAME|OSTROW MAZOWIECKA,OSTROW MAZOWIECKA,오스트루프마조비에츠카,mt
MAPNAME|OSTROWIEC SWIETOKRZYSKI,OSTROWIEC SWIETOKRZYSKI,오스트로비에츠시비엥토크시스키,mt
MAPNAME|OSTRÓW WIELKOPOLSKI,OSTRÓW WIELKOPOLSKI,오스트루프비엘코폴스키,mt
MAPNAME|OTA,OTA,오타,mt
MAPNAME|OTARU,OTARU,오타루,mt
MAPNAME|OTAWARA,OTAWARA,오타와라,mt
MAPNAME|OTEGEN BATYR,OTEGEN BATYR,오테겐바티르,mt
MAPNAME|OTIS ANGB,OTIS ANGB,오티스공군기지,mt
MAPNAME|OTOFUKE,OTOFUKE,오토후케,mt
MAPNAME|OTSU,OTSU,오쓰,mt
MAPNAME|OTTAWA,OTTAWA,오타와,mt
MAPNAME|OTTUMWA,OTTUMWA,오텀와,mt
MAPNAME|OTUKPO,OTUKPO,오툭포,mt
MAPNAME|OUAGADOUGOU,OUAGADOUGOU,와가두구,mt
MAPNAME|OUARGLA,OUARGLA,와르글라,mt
MAPNAME|OUARZAZATE,OUARZAZATE,와르자자트,mt
MAPNAME|OUAZZANE,OUAZZANE,우아잔,mt
MAPNAME|OUDOMXAY,OUDOMXAY,우돔사이,mt
MAPNAME|OUDTSHORN,OUDTSHORN,아우츠호른,mt
MAPNAME|OUED ZEM,OUED ZEM,우에드젬,mt
MAPNAME|OUESSO,OUESSO,웨소,mt
MAPNAME|OUIDAH,OUIDAH,위다,mt
MAPNAME|OUJDA,OUJDA,우즈다,mt
MAPNAME|OULAD TEIMA,OULAD TEIMA,울라드테이마,mt
MAPNAME|OULU,OULU,오울루,mt
MAPNAME|OULUNSALO,OULUNSALO,오울룬살로,mt
MAPNAME|OURENSE,OURENSE,오렌세,mt
MAPNAME|OURINHOS,OURINHOS,오우리뉴스,mt
MAPNAME|OURO PRETO,OURO PRETO,오루프레투,mt
MAPNAME|OVALLE,OVALLE,오바예,mt
MAPNAME|OVERLAND PARK,OVERLAND PARK,오버랜드파크,mt
MAPNAME|OVIEDO,OVIEDO,오비에도,mt
MAPNAME|OWANDO,OWANDO,오완도,mt
MAPNAME|OWATONNA,OWATONNA,오와토나,mt
MAPNAME|OWEN SOUND,OWEN SOUND,오웬사운드,mt
MAPNAME|OWENSBORO,OWENSBORO,오언스버러,mt
MAPNAME|OWERRI,OWERRI,오웨리,mt
MAPNAME|OWO,OWO,오워,mt
MAPNAME|OXFORD,OXFORD,옥스퍼드,mt
MAPNAME|OXNARD,OXNARD,옥스너드,mt
MAPNAME|OYAMA,OYAMA,오야마,mt
MAPNAME|OYEM,OYEM,오옘,mt
MAPNAME|OYO,OYO,오요,mt
MAPNAME|OYSTER CREEK,OYSTER CREEK,오이스터크리크,mt
MAPNAME|OYU TOLGOI,OYU TOLGOI,오유톨고이,mt
MAPNAME|OZAMIS,OZAMIS,오사미스,mt
MAPNAME|OZINKI,OZINKI,오진키,mt
MAPNAME|OZU,OZU,오즈,mt
MAPNAME|OZURGETI,OZURGETI,오주르게티,mt
MAPNAME|P'INGTUNG,P'INGTUNG,핑둥,mt
MAPNAME|P'OT'I,P'OT'I,포티,mt
MAPNAME|P'YONGSONG,P'YONGSONG,평성,mt
MAPNAME|P'YONGT'AEK,P'YONGT'AEK,평택,mt
MAPNAME|PAARL,PAARL,파를,mt
MAPNAME|PABIANICE,PABIANICE,파비아니체,mt
MAPNAME|PABNA,PABNA,파브나,mt
MAPNAME|PACATUBA,PACATUBA,파카투바,mt
MAPNAME|PACHUCA DE SOTO,PACHUCA DE SOTO,파추카데소토,mt
MAPNAME|PACIFICA,PACIFICA,퍼시피카,mt
MAPNAME|PADANG,PADANG,파당,mt
MAPNAME|PADANGSIDEMPUAN,PADANGSIDEMPUAN,파당시덤푸안,mt
MAPNAME|PADERBORN,PADERBORN,파더보른,mt
MAPNAME|PADOVA,PADOVA,파도바,mt
MAPNAME|PADUCAH,PADUCAH,퍼두커,mt
MAPNAME|PAGADIN,PAGADIN,파가딘,mt
MAPNAME|PAISLEY,PAISLEY,페이즐리,mt
MAPNAME|PAITA,PAITA,파이타,mt
MAPNAME|PAJU,PAJU,파주,mt
MAPNAME|PAK CHONG,PAK CHONG,팍총,mt
MAPNAME|PAKINE,PAKINE,파키네,mt
MAPNAME|PAKOKKU,PAKOKKU,파코쿠,mt
MAPNAME|PAKPATTAN,PAKPATTAN,파크파탄,mt
MAPNAME|PAKS,PAKS,팍시,mt
MAPNAME|PAKXANE,PAKXANE,팍산,mt
MAPNAME|PAKXÉ,PAKXÉ,팍세,mt
MAPNAME|PALA OUA,PALA OUA,팔라우아,mt
MAPNAME|PALAFRUGELL,PALAFRUGELL,팔라프루헬,mt
MAPNAME|PALAKOLLU,PALAKOLLU,팔라콜루,mt
MAPNAME|PALANGA,PALANGA,팔랑가,mt
MAPNAME|PALANGKARAYA,PALANGKARAYA,팔랑카라야,mt
MAPNAME|PALANPUR,PALANPUR,팔란푸르,mt
MAPNAME|PALEMBANG,PALEMBANG,팔렘방,mt
MAPNAME|PALENCIA,PALENCIA,팔렌시아,mt
MAPNAME|PALENQUE,PALENQUE,팔렝케,mt
MAPNAME|PALERMO,PALERMO,팔레르모,mt
MAPNAME|PALGHAR,PALGHAR,팔가르,mt
MAPNAME|PALGHAT,PALGHAT,팔가트,mt
MAPNAME|PALHOCA,PALHOCA,팔료사,mt
MAPNAME|PALI,PALI,팔리,mt
MAPNAME|PALISADES,PALISADES,팰리세이즈,mt
MAPNAME|PALITANA,PALITANA,팔리타나,mt
MAPNAME|PALM CITY,PALM CITY,팜시티,mt
MAPNAME|PALM COAST,PALM COAST,팜코스트,mt
MAPNAME|PALM HARBOR,PALM HARBOR,팜하버,mt
MAPNAME|PALM SPRINGS,PALM SPRINGS,팜스프링스,mt
MAPNAME|PALMA DE MALLORCA,PALMA DE MALLORCA,팔마데마요르카,mt
MAPNAME|PALMA SORIANO,PALMA SORIANO,팔마소리아노,mt
MAPNAME|PALMACHIM,PALMACHIM,팔마힘,mt
MAPNAME|PALMARES,PALMARES,팔마리스,mt
MAPNAME|PALMAS,PALMAS,팔마스,mt
MAPNAME|PALMDALE,PALMDALE,팜데일,mt
MAPNAME|PALMEIRA DOS INDIOS,PALMEIRA DOS INDIOS,팔메이라두스인디오스,mt
MAPNAME|PALMER,PALMER,팔머,mt
MAPNAME|PALMERSTON NORTH,PALMERSTON NORTH,파머스턴노스,mt
MAPNAME|PALMIRA,PALMIRA,팔미라,mt
MAPNAME|PALNI,PALNI,팔니,mt
MAPNAME|PALO ALTO,PALO ALTO,팰러앨토,mt
MAPNAME|PALO VERDE,PALO VERDE,팔로베르데,mt
MAPNAME|PALOPO,PALOPO,팔로포,mt
MAPNAME|PALU,PALU,팔루,mt
MAPNAME|PALUEL,PALUEL,팔뤼엘,mt
MAPNAME|PALWAL,PALWAL,팔왈,mt
MAPNAME|PAMEKASAN,PAMEKASAN,파메카산,mt
MAPNAME|PAMPLONA,PAMPLONA,팜플로나,mt
MAPNAME|PAN-CHIAO,PAN-CHIAO,반차오,mt
MAPNAME|PANAJI,PANAJI,파나지,mt
MAPNAME|PANAMA,PANAMA,파나마,mt
MAPNAME|PANAMA CITY,PANAMA CITY,파나마시티,mt
MAPNAME|PANCEVO,PANCEVO,판체보,mt
MAPNAME|PANDHARPUR,PANDHARPUR,판다르푸르,mt
MAPNAME|PANEVEZYS,PANEVEZYS,파네베시스,mt
MAPNAME|PANGKALPINANG,PANGKALPINANG,팡칼피낭,mt
MAPNAME|PANIPAT,PANIPAT,파니파트,mt
MAPNAME|PANJAKENT,PANJAKENT,펜자켄트,mt
MAPNAME|PANJIN,PANJIN,판진,mt
MAPNAME|PANO AQIL,PANO AQIL,파노아킬,mt
MAPNAME|PANRUTI,PANRUTI,판루티,mt
MAPNAME|PANSHI,PANSHI,판스,mt
MAPNAME|PANTE MACASSAR,PANTE MACASSAR,판테마카사르,mt
MAPNAME|PAOUA,PAOUA,파오우아,mt
MAPNAME|PAPANTLA DE OLARTE,PAPANTLA DE OLARTE,파판틀라데올라르테,mt
MAPNAME|PAPEETE,PAPEETE,파페테,mt
MAPNAME|PAPHOS,PAPHOS,파포스,mt
MAPNAME|PARACHO DE VERDUZCO,PARACHO DE VERDUZCO,파라초데베르두스코,mt
MAPNAME|PARACIN,PARACIN,파라친,mt
MAPNAME|PARACTU,PARACTU,파라카투,mt
MAPNAME|PARADIP GARH,PARADIP GARH,파라디프가르,mt
MAPNAME|PARADISE,PARADISE,파라다이스,mt
MAPNAME|PARAGOMINAS,PARAGOMINAS,파라고미나스,mt
MAPNAME|PARAGOULD,PARAGOULD,패러굴드,mt
MAPNAME|PARAGUACU PAULISTA,PARAGUACU PAULISTA,파라과수파울리스타,mt
MAPNAME|PARAKOU,PARAKOU,파라쿠,mt
MAPNAME|PARAMAGUDI,PARAMAGUDI,파라마구디,mt
MAPNAME|PARAMARIBO,PARAMARIBO,파라마리보,mt
MAPNAME|PARAMUS,PARAMUS,패러머스,mt
MAPNAME|PARANAGUÁ,PARANAGUÁ,파라나과,mt
MAPNAME|PARANAQUE,PARANAQUE,파라냐케,mt
MAPNAME|PARANAVAI,PARANAVAI,파라나바이,mt
MAPNAME|PARANÁ,PARANÁ,파라나,mt
MAPNAME|PARBHANI,PARBHANI,파르바니,mt
MAPNAME|PARDUBICE,PARDUBICE,파르두비체,mt
MAPNAME|PAREPARE,PAREPARE,파레파레,mt
MAPNAME|PARINTINS,PARINTINS,파린칭스,mt
MAPNAME|PARIS,PARIS,파리,mt
MAPNAME|PARKERSBURG,PARKERSBURG,파커스버그,mt
MAPNAME|PARKLAI,PARKLAI,파클라이,mt
MAPNAME|PARKLAND,PARKLAND,파크랜드,mt
MAPNAME|PARLI VAIJNATH,PARLI VAIJNATH,팔리바이자나트,mt
MAPNAME|PARMA,PARMA,파르마,mt
MAPNAME|PARNAÍBA,PARNAÍBA,파르나이바,mt
MAPNAME|PAROBÉ,PAROBÉ,파로베,mt
MAPNAME|PARRAS DE LA FUENTE,PARRAS DE LA FUENTE,파라스데라푸엔테,mt
MAPNAME|PARSABAD,PARSABAD,파르사바드,mt
MAPNAME|PARSIPPANY-TROY HILLS,PARSIPPANY-TROY HILLS,파시패니트로이힐스,mt
MAPNAME|PARYS,PARYS,파리스,mt
MAPNAME|PARÁ DE MINAS,PARÁ DE MINAS,파라지미나스,mt
MAPNAME|PASADENA,PASADENA,패서디나,mt
MAPNAME|PASAJE,PASAJE,파사헤,mt
MAPNAME|PASCAGOULA,PASCAGOULA,패스커굴라,mt
MAPNAME|PASCANI,PASCANI,파스카니,mt
MAPNAME|PASIG,PASIG,파시그,mt
MAPNAME|PASO DE LOS LIBRES,PASO DE LOS LIBRES,파소데로스리브레스,mt
MAPNAME|PASO ROBLES,PASO ROBLES,패소로블스,mt
MAPNAME|PASSAU,PASSAU,파사우,mt
MAPNAME|PASSI,PASSI,파시,mt
MAPNAME|PASSO FUNDO,PASSO FUNDO,파수푼두,mt
MAPNAME|PASSOS,PASSOS,파수스,mt
MAPNAME|PASTO,PASTO,파스토,mt
MAPNAME|PASUR,PASUR,파수르,mt
MAPNAME|PASURUAN,PASURUAN,파수루안,mt
MAPNAME|PATAN,PATAN,파탄,mt
MAPNAME|PATERNA,PATERNA,파테르나,mt
MAPNAME|PATERSON,PATERSON,패터슨,mt
MAPNAME|PATHANKOT,PATHANKOT,파탄코트,mt
MAPNAME|PATI,PATI,파티,mt
MAPNAME|PATIALA,PATIALA,파티알라,mt
MAPNAME|PATNA,PATNA,파트나,mt
MAPNAME|PATNOS,PATNOS,파트노스,mt
MAPNAME|PATO BRANCO,PATO BRANCO,파투브랑쿠,mt
MAPNAME|PATOS,PATOS,파투스,mt
MAPNAME|PATOS DE MINAS,PATOS DE MINAS,파투스지미나스,mt
MAPNAME|PATROCINIO,PATROCINIO,파트로시니우,mt
MAPNAME|PATTANI,PATTANI,파타니,mt
MAPNAME|PATTAYA,PATTAYA,파타야,mt
MAPNAME|PATTOKI,PATTOKI,파토키,mt
MAPNAME|PATTUKKOTTAI,PATTUKKOTTAI,파투코타이,mt
MAPNAME|PAU,PAU,포,mt
MAPNAME|PAULISTA,PAULISTA,파울리스타,mt
MAPNAME|PAULO AFONSO,PAULO AFONSO,파울루아폰수,mt
MAPNAME|PAVIA,PAVIA,파비아,mt
MAPNAME|PAVLODAR,PAVLODAR,파블로다르,mt
MAPNAME|PAVLOHRAD,PAVLOHRAD,파블로흐라드,mt
MAPNAME|PAVLOVO,PAVLOVO,파블로보,mt
MAPNAME|PAYAKUMBUH,PAYAKUMBUH,파야쿰부,mt
MAPNAME|PAYNESVILLE,PAYNESVILLE,페인스빌,mt
MAPNAME|PAYSANDÚ,PAYSANDÚ,파이산두,mt
MAPNAME|PAYYANNUR,PAYYANNUR,파이얀누르,mt
MAPNAME|PAZARDZHIK,PAZARDZHIK,파자르지크,mt
MAPNAME|PAÔY PET,PAÔY PET,포이펫,mt
MAPNAME|PEACH BOTTOM,PEACH BOTTOM,피치보텀,mt
MAPNAME|PEACHTREE CITY,PEACHTREE CITY,피치트리시티,mt
MAPNAME|PEARL,PEARL,펄,mt
MAPNAME|PEARLAND,PEARLAND,펄랜드,mt
MAPNAME|PEC,PEC,페치,mt
MAPNAME|PEDRO JUAN CABALLERO,PEDRO JUAN CABALLERO,페드로후안카바예로,mt
MAPNAME|PEDRO LEOPOLDO,PEDRO LEOPOLDO,페드루레오폴두,mt
MAPNAME|PEEKSKILL,PEEKSKILL,픽스킬,mt
MAPNAME|PEGU,PEGU,바고,mt
MAPNAME|PEI-KANG,PEI-KANG,베이강,mt
MAPNAME|PEKALONGAN,PEKALONGAN,페칼롱안,mt
MAPNAME|PEKAN,PEKAN,페칸,mt
MAPNAME|PEKANBARU,PEKANBARU,페칸바루,mt
MAPNAME|PEKIN,PEKIN,피킨,mt
MAPNAME|PELOTAS,PELOTAS,펠로타스,mt
MAPNAME|PEMALANG,PEMALANG,페말랑,mt
MAPNAME|PEMATANGSIANTAR,PEMATANGSIANTAR,페마탕시안타르,mt
MAPNAME|PEMBA,PEMBA,펨바,mt
MAPNAME|PEMBROKE PINES,PEMBROKE PINES,펨브로크파인스,mt
MAPNAME|PENAFIEL,PENAFIEL,페냐피엘,mt
MAPNAME|PENAFLOR,PENAFLOR,페냐플로르,mt
MAPNAME|PENALOLÉN,PENALOLÉN,페냘롤렌,mt
MAPNAME|PENEDO,PENEDO,페네두,mt
MAPNAME|PENG XIAN,PENG XIAN,펑셴,mt
MAPNAME|PENLY,PENLY,펜리,mt
MAPNAME|PENN HILLS,PENN HILLS,펜힐스,mt
MAPNAME|PENONOMÉ,PENONOMÉ,페노놈,mt
MAPNAME|PENRITH,PENRITH,펜리스,mt
MAPNAME|PENSACOLA,PENSACOLA,펜서콜라,mt
MAPNAME|PENTICTON,PENTICTON,펜틱턴,mt
MAPNAME|PENZA,PENZA,펜자,mt
MAPNAME|PENÁPOLIS,PENÁPOLIS,페나폴리스,mt
MAPNAME|PEORIA,PEORIA,피오리아,mt
MAPNAME|PEREIRA,PEREIRA,페레이라,mt
MAPNAME|PERENHOVIKA,PERENHOVIKA,페렌호비카,mt
MAPNAME|PERGAMINO,PERGAMINO,페르가미노,mt
MAPNAME|PERM,PERM,페름,mt
MAPNAME|PERNIK,PERNIK,페르니크,mt
MAPNAME|PEROTE,PEROTE,페로테,mt
MAPNAME|PERPIGNAN,PERPIGNAN,페르피냥,mt
MAPNAME|PERRY,PERRY,페리,mt
MAPNAME|PERRY HALL,PERRY HALL,페리홀,mt
MAPNAME|PERTH,PERTH,퍼스,mt
MAPNAME|PERUGIA,PERUGIA,페루자,mt
MAPNAME|PERUIBE,PERUIBE,페루이비,mt
MAPNAME|PERVOMAYS'K,PERVOMAYS'K,페르보마이스크,mt
MAPNAME|PERVOURAL'SK,PERVOURAL'SK,페르보우랄스크,mt
MAPNAME|PESARO,PESARO,페사로,mt
MAPNAME|PESCARA,PESCARA,페스카라,mt
MAPNAME|PESHAWAR,PESHAWAR,페샤와르,mt
MAPNAME|PESQUEIRA,PESQUEIRA,페스케이라,mt
MAPNAME|PESSAC,PESSAC,페삭,mt
MAPNAME|PETAH TIQWA,PETAH TIQWA,페타티크바,mt
MAPNAME|PETALAN,PETALAN,페탈란,mt
MAPNAME|PETALUMA,PETALUMA,페탈루마,mt
MAPNAME|PETARE,PETARE,페타레,mt
MAPNAME|PETAUKE,PETAUKE,페타우케,mt
MAPNAME|PETAWAWA,PETAWAWA,페타와와,mt
MAPNAME|PETERBOROUGH,PETERBOROUGH,피터버러,mt
MAPNAME|PETERSBURG,PETERSBURG,피터즈버그,mt
MAPNAME|PETLAD,PETLAD,페틀라드,mt
MAPNAME|PETRICH,PETRICH,페트리치,mt
MAPNAME|PETRODVORETS,PETRODVORETS,페트로드보레츠,mt
MAPNAME|PETROLINA,PETROLINA,페트롤리나,mt
MAPNAME|PETROPAVL,PETROPAVL,페트로파블,mt
MAPNAME|PETROPAVLOVSK,PETROPAVLOVSK,페트로파블롭스크,mt
MAPNAME|PETROSANI,PETROSANI,페트로샤니,mt
MAPNAME|PETROZAVODSK,PETROZAVODSK,페트로자보츠크,mt
MAPNAME|PETRÓPOLIS,PETRÓPOLIS,페트로폴리스,mt
MAPNAME|PEWEK,PEWEK,페웩,mt
MAPNAME|PFORZHEIM,PFORZHEIM,포르츠하임,mt
MAPNAME|PHAGWARA,PHAGWARA,파그와라,mt
MAPNAME|PHALAKUBENI,PHALAKUBENI,팔라쿠베니,mt
MAPNAME|PHALTAN,PHALTAN,팔탄,mt
MAPNAME|PHALWAL,PHALWAL,팔왈,mt
MAPNAME|PHAN RANG,PHAN RANG,판랑,mt
MAPNAME|PHAN THIET,PHAN THIET,판티엣,mt
MAPNAME|PHATTHALUNG,PHATTHALUNG,팟탈룽,mt
MAPNAME|PHAYAO,PHAYAO,파야오,mt
MAPNAME|PHENIX CITY,PHENIX CITY,피닉스시티,mt
MAPNAME|PHET BURI,PHET BURI,펫부리,mt
MAPNAME|PHETCHABUN,PHETCHABUN,펫차분,mt
MAPNAME|PHIANG,PHIANG,피앙,mt
MAPNAME|PHILADELPHIA,PHILADELPHIA,필라델피아,mt
MAPNAME|PHITSANULOK,PHITSANULOK,핏사눌록,mt
MAPNAME|PHNUM PÉNH,PHNUM PÉNH,프놈펜,mt
MAPNAME|PHOENIX,PHOENIX,피닉스,mt
MAPNAME|PHONGALY,PHONGALY,퐁살리,mt
MAPNAME|PHRA PHUTTHABAT,PHRA PHUTTHABAT,프라풋타밧,mt
MAPNAME|PHRA PRADAENG,PHRA PRADAENG,프라프라댕,mt
MAPNAME|PHRAE,PHRAE,프래,mt
MAPNAME|PHUKET,PHUKET,푸껫,mt
MAPNAME|PHUMI TAKEV,PHUMI TAKEV,푸미타케오,mt
MAPNAME|PHUTHADITJHABA,PHUTHADITJHABA,푸타디차바,mt
MAPNAME|PIACENZA,PIACENZA,피아첸차,mt
MAPNAME|PIATRA NEAMT,PIATRA NEAMT,피아트라네암츠,mt
MAPNAME|PICKERING,PICKERING,피커링,mt
MAPNAME|PICOS,PICOS,피쿠스,mt
MAPNAME|PIEDECUESTA,PIEDECUESTA,피에데쿠에스타,mt
MAPNAME|PIEDRAS NEGRAS,PIEDRAS NEGRAS,피에드라스네그라스,mt
MAPNAME|PIERRE,PIERRE,피어,mt
MAPNAME|PIESKAMAKI,PIESKAMAKI,피에스카마키,mt
MAPNAME|PIETERMARITZBURG,PIETERMARITZBURG,피터마리츠버그,mt
MAPNAME|PIETERSBURG,PIETERSBURG,피터스버그,mt
MAPNAME|PIGG'S PEAK,PIGG'S PEAK,피그스피크,mt
MAPNAME|PIKESVILLE,PIKESVILLE,파이크스빌,mt
MAPNAME|PILA,PILA,필라,mt
MAPNAME|PILAR,PILAR,필라르,mt
MAPNAME|PILGRIM,PILGRIM,필그림,mt
MAPNAME|PILIBHIT,PILIBHIT,필리비트,mt
MAPNAME|PILKHUA,PILKHUA,필쿠아,mt
MAPNAME|PIMPRI,PIMPRI,핌프리,mt
MAPNAME|PINAR DEL RIO,PINAR DEL RIO,피나르델리오,mt
MAPNAME|PINAS,PINAS,피나스,mt
MAPNAME|PINDAMONHANGABA,PINDAMONHANGABA,핀다모냥가바,mt
MAPNAME|PINE BLUFF,PINE BLUFF,파인블러프,mt
MAPNAME|PINEDA DE MAR,PINEDA DE MAR,피네다데마르,mt
MAPNAME|PINGDINGSHAN,PINGDINGSHAN,핑딩산,mt
MAPNAME|PINGDU,PINGDU,핑두,mt
MAPNAME|PINGJIANG,PINGJIANG,핑장,mt
MAPNAME|PINGLIANG,PINGLIANG,핑량,mt
MAPNAME|PINGNAN,PINGNAN,핑난,mt
MAPNAME|PINGSHAN,PINGSHAN,핑산,mt
MAPNAME|PINGTAN,PINGTAN,핑탄,mt
MAPNAME|PINGXIANG,PINGXIANG,핑샹,mt
MAPNAME|PINHEIRO,PINHEIRO,피녜이루,mt
MAPNAME|PINSK,PINSK,핀스크,mt
MAPNAME|PIOTRKÓW TRYBUNALSKI,PIOTRKÓW TRYBUNALSKI,피오트르쿠프트리부날스키,mt
MAPNAME|PIQAN,PIQAN,피칸,mt
MAPNAME|PIRACICABA,PIRACICABA,피라시카바,mt
MAPNAME|PIRACUNUNGA,PIRACUNUNGA,피라쿠눙가,mt
MAPNAME|PIRAPORA,PIRAPORA,피라포라,mt
MAPNAME|PIRAQUARA,PIRAQUARA,피라콰라,mt
MAPNAME|PIRIPIRI,PIRIPIRI,피리피리,mt
MAPNAME|PIROT,PIROT,피로트,mt
MAPNAME|PISA,PISA,피사,mt
MAPNAME|PISCHANA,PISCHANA,피샤나,mt
MAPNAME|PISCO,PISCO,피스코,mt
MAPNAME|PISTOIA,PISTOIA,피스토이아,mt
MAPNAME|PITA,PITA,피타,mt
MAPNAME|PITALITO,PITALITO,피탈리토,mt
MAPNAME|PITEA,PITEA,피테오,mt
MAPNAME|PITESTI,PITESTI,피테슈티,mt
MAPNAME|PITHAPURAM,PITHAPURAM,피타푸람,mt
MAPNAME|PITTSBURGH,PITTSBURGH,피츠버그,mt
MAPNAME|PITTSFIELD,PITTSFIELD,피츠필드,mt
MAPNAME|PIURA,PIURA,피우라,mt
MAPNAME|PLACETAS,PLACETAS,플라세타스,mt
MAPNAME|PLAINFIELD,PLAINFIELD,플레인필드,mt
MAPNAME|PLAINFILED,PLAINFILED,플레인필드,mt
MAPNAME|PLANALTINA,PLANALTINA,플라나우티나,mt
MAPNAME|PLANO,PLANO,플레이노,mt
MAPNAME|PLANT CITY,PLANT CITY,플랜트시티,mt
MAPNAME|PLASENCIA,PLASENCIA,플라센시아,mt
MAPNAME|PLAUEN,PLAUEN,플라우엔,mt
MAPNAME|PLAYA DEL CARMEN,PLAYA DEL CARMEN,플라야델카르멘,mt
MAPNAME|PLAYAS,PLAYAS,플라야스,mt
MAPNAME|PLEASANT GROVE,PLEASANT GROVE,플레전트그로브,mt
MAPNAME|PLEASANTON,PLEASANTON,플레즌턴,mt
MAPNAME|PLEEBO,PLEEBO,플리보,mt
MAPNAME|PLEIKU,PLEIKU,플레이쿠,mt
MAPNAME|PLESETSK COSMODROME,PLESETSK COSMODROME,플레세츠크우주기지,mt
MAPNAME|PLEVEN,PLEVEN,플레벤,mt
MAPNAME|PLJEVLJA,PLJEVLJA,플레블랴,mt
MAPNAME|PLOCE,PLOCE,플로체,mt
MAPNAME|PLOCK,PLOCK,프워츠크,mt
MAPNAME|PLOIESTI,PLOIESTI,플로이에슈티,mt
MAPNAME|PLOVDIV,PLOVDIV,플로브디프,mt
MAPNAME|PLYMOUTH,PLYMOUTH,플리머스,mt
MAPNAME|PLZEN,PLZEN,플젠,mt
MAPNAME|POBÉ,POBÉ,포베,mt
MAPNAME|POCATELLO,POCATELLO,포카텔로,mt
MAPNAME|POCHEON,POCHEON,포천,mt
MAPNAME|POCOS DE CALDAS,POCOS DE CALDAS,포주스지칼다스,mt
MAPNAME|PODGORICA,PODGORICA,포드고리차,mt
MAPNAME|PODOL'SK,PODOL'SK,포돌스크,mt
MAPNAME|PODUJEVO,PODUJEVO,포두예보,mt
MAPNAME|POHANG,POHANG,포항,mt
MAPNAME|POINT BEACH,POINT BEACH,포인트비치,mt
MAPNAME|POINT LEPREAU,POINT LEPREAU,포인트르프로,mt
MAPNAME|POINTE-A-PITRE,POINTE-A-PITRE,푸앵타피트르,mt
MAPNAME|POINTE-NOIRE,POINTE-NOIRE,푸앵트누아르,mt
MAPNAME|POITIERS,POITIERS,푸아티에,mt
MAPNAME|POKHARA,POKHARA,포카라,mt
MAPNAME|POKROVSK,POKROVSK,포크롭스크,mt
MAPNAME|POL-E KHOMRI,POL-E KHOMRI,풀에쿰리,mt
MAPNAME|POLATLI,POLATLI,폴라틀르,mt
MAPNAME|POLATSK,POLATSK,폴라츠크,mt
MAPNAME|POLEVSKOY,POLEVSKOY,폴레프스코이,mt
MAPNAME|POLLACHI,POLLACHI,폴라치,mt
MAPNAME|POLOMOLK,POLOMOLK,폴로몰크,mt
MAPNAME|POLTAVA,POLTAVA,폴타바,mt
MAPNAME|POMONA,POMONA,포모나,mt
MAPNAME|PONCA CITY,PONCA CITY,폰카시티,mt
MAPNAME|PONCE,PONCE,폰세,mt
MAPNAME|PONDICHERRY,PONDICHERRY,퐁디셰리,mt
MAPNAME|PONFERRADA,PONFERRADA,폰페라다,mt
MAPNAME|PONNANI,PONNANI,포난니,mt
MAPNAME|PONNURU,PONNURU,포누루,mt
MAPNAME|PONTA DELGADA,PONTA DELGADA,폰타델가다,mt
MAPNAME|PONTA GROSSA,PONTA GROSSA,폰타그로사,mt
MAPNAME|PONTA PORA,PONTA PORA,폰타포라,mt
MAPNAME|PONTE NOVA,PONTE NOVA,폰치노바,mt
MAPNAME|PONTEVEDRA,PONTEVEDRA,폰테베드라,mt
MAPNAME|PONTIANAK,PONTIANAK,폰티아낙,mt
MAPNAME|POOLE,POOLE,풀,mt
MAPNAME|POPAYÁN,POPAYÁN,포파얀,mt
MAPNAME|POPONDETTA,POPONDETTA,포폰데타,mt
MAPNAME|POPRAD,POPRAD,포프라트,mt
MAPNAME|PORBANDAR,PORBANDAR,포르반다르,mt
MAPNAME|PORDENONE,PORDENONE,포르데노네,mt
MAPNAME|PORI,PORI,포리,mt
MAPNAME|PORIRUA,PORIRUA,포리루아,mt
MAPNAME|PORLAMAR,PORLAMAR,포를라마르,mt
MAPNAME|PORSGRUNN,PORSGRUNN,포르스그룬,mt
MAPNAME|PORT ARTHUR,PORT ARTHUR,포트아서,mt
MAPNAME|PORT AUGUSTA,PORT AUGUSTA,포트오거스타,mt
MAPNAME|PORT BLAIR,PORT BLAIR,포트블레어,mt
MAPNAME|PORT CHARLOTTE,PORT CHARLOTTE,포트샬럿,mt
MAPNAME|PORT DICKSON,PORT DICKSON,포트딕슨,mt
MAPNAME|PORT ELIZABETH,PORT ELIZABETH,포트엘리자베스,mt
MAPNAME|PORT HARCOURT,PORT HARCOURT,포트하코트,mt
MAPNAME|PORT HARDY,PORT HARDY,포트하디,mt
MAPNAME|PORT HAWKESBURY,PORT HAWKESBURY,포트호크스버리,mt
MAPNAME|PORT HEDLAND,PORT HEDLAND,포트헤들랜드,mt
MAPNAME|PORT HOWARD,PORT HOWARD,포트하워드,mt
MAPNAME|PORT HURON,PORT HURON,포트휴런,mt
MAPNAME|PORT LINCOLN,PORT LINCOLN,포트링컨,mt
MAPNAME|PORT LOKO,PORT LOKO,포트로코,mt
MAPNAME|PORT LOUIS,PORT LOUIS,포트루이,mt
MAPNAME|PORT MACQUARIE,PORT MACQUARIE,포트매쿼리,mt
MAPNAME|PORT MORESBY,PORT MORESBY,포트모르즈비,mt
MAPNAME|PORT ST LUCIE,PORT ST LUCIE,포트세인트루시,mt
MAPNAME|PORT-AU-PRINCE,PORT-AU-PRINCE,포르토프랭스,mt
MAPNAME|PORT-GENTIL,PORT-GENTIL,포르장티,mt
MAPNAME|PORT-OF-SPAIN,PORT-OF-SPAIN,포트오브스페인,mt
MAPNAME|PORT-VILA,PORT-VILA,포트빌라,mt
MAPNAME|PORTAGE,PORTAGE,포티지,mt
MAPNAME|PORTIMAO,PORTIMAO,포르티망,mt
MAPNAME|PORTLAND,PORTLAND,포틀랜드,mt
MAPNAME|PORTLAOISE,PORTLAOISE,포틀리시,mt
MAPNAME|PORTO,PORTO,포르투,mt
MAPNAME|PORTO ALEGRE,PORTO ALEGRE,포르투알레그리,mt
MAPNAME|PORTO AMBIOM,PORTO AMBIOM,포르투암비옹,mt
MAPNAME|PORTO FERREIRA,PORTO FERREIRA,포르투페헤이라,mt
MAPNAME|PORTO NACIONAL,PORTO NACIONAL,포르투나시오나우,mt
MAPNAME|PORTO SEGURO,PORTO SEGURO,포르투세구루,mt
MAPNAME|PORTO VELHO,PORTO VELHO,포르투벨류,mt
MAPNAME|PORTO-NOVO,PORTO-NOVO,포르토노보,mt
MAPNAME|PORTOVIEJO,PORTOVIEJO,포르토비에호,mt
MAPNAME|PORTSMOUTH,PORTSMOUTH,포츠머스,mt
MAPNAME|PORVOO,PORVOO,포르보,mt
MAPNAME|POSADAS,POSADAS,포사다스,mt
MAPNAME|POSO,POSO,포소,mt
MAPNAME|POSTAVY,POSTAVY,포스타비,mt
MAPNAME|POTCHEFSTROOM,POTCHEFSTROOM,포체프스트룸,mt
MAPNAME|POTENZA,POTENZA,포텐차,mt
MAPNAME|POTGIETERSRUS,POTGIETERSRUS,포트히터스러스,mt
MAPNAME|POTOSI,POTOSI,포토시,mt
MAPNAME|POTSDAM,POTSDAM,포츠담,mt
MAPNAME|POUGHKEEPSIE,POUGHKEEPSIE,포킵시,mt
MAPNAME|POUSO ALEGRE,POUSO ALEGRE,포우수알레그리,mt
MAPNAME|POUTHISAT,POUTHISAT,푸사트,mt
MAPNAME|POVAZSKÁ BYSTRICA,POVAZSKÁ BYSTRICA,포바스카비스트리차,mt
MAPNAME|POWAY,POWAY,포웨이,mt
MAPNAME|POYANG,POYANG,포양,mt
MAPNAME|POZA RICA DE HIDALGO,POZA RICA DE HIDALGO,포사리카데이달고,mt
MAPNAME|POZAREVAC,POZAREVAC,포자레바츠,mt
MAPNAME|POZNAN,POZNAN,포즈난,mt
MAPNAME|POZZUOLI,POZZUOLI,포추올리,mt
MAPNAME|PRAGUE,PRAGUE,프라하,mt
MAPNAME|PRAHA,PRAHA,프라하,mt
MAPNAME|PRAIA,PRAIA,프라이아,mt
MAPNAME|PRAIA GRANDE,PRAIA GRANDE,프라이아그란지,mt
MAPNAME|PRAIRIE ISLAND,PRAIRIE ISLAND,프레리아일랜드,mt
MAPNAME|PRATO,PRATO,프라토,mt
MAPNAME|PRATTVILLE,PRATTVILLE,프랫빌,mt
MAPNAME|PREILI,PREILI,프레일리,mt
MAPNAME|PREROV,PREROV,프셰로프,mt
MAPNAME|PRESCOTT,PRESCOTT,프레스콧,mt
MAPNAME|PRESEVO,PRESEVO,프레셰보,mt
MAPNAME|PRESIDENTE FRANCO,PRESIDENTE FRANCO,프레지덴테프랑코,mt
MAPNAME|PRESIDENTE PRUDENTE,PRESIDENTE PRUDENTE,프레지덴치프루덴치,mt
MAPNAME|PRESOV,PRESOV,프레쇼프,mt
MAPNAME|PRESTEA,PRESTEA,프레스테아,mt
MAPNAME|PRESTON,PRESTON,프레스턴,mt
MAPNAME|PRETORIA,PRETORIA,프리토리아,mt
MAPNAME|PREY VENG,PREY VENG,프레이벵,mt
MAPNAME|PRIBRAM,PRIBRAM,프르지브람,mt
MAPNAME|PRIBYLOVO,PRIBYLOVO,프리빌로보,mt
MAPNAME|PRIEVIDZA,PRIEVIDZA,프리에비자,mt
MAPNAME|PRIJEDOR,PRIJEDOR,프리예도르,mt
MAPNAME|PRILEP,PRILEP,프릴레프,mt
MAPNAME|PRIMAVERA DO LESTE,PRIMAVERA DO LESTE,프리마베라두레스치,mt
MAPNAME|PRIMORSKO-AKHTARSK,PRIMORSKO-AKHTARSK,프리모르스코아흐타르스크,mt
MAPNAME|PRINCE ALBERT,PRINCE ALBERT,프린스앨버트,mt
MAPNAME|PRINCE GEORGE,PRINCE GEORGE,프린스조지,mt
MAPNAME|PRINCE RUPERT,PRINCE RUPERT,프린스루퍼트,mt
MAPNAME|PRINCIPE,PRINCIPE,프린시페,mt
MAPNAME|PRISTAN,PRISTAN,프리스탄,mt
MAPNAME|PRISTINA,PRISTINA,프리슈티나,mt
MAPNAME|PRIZREN,PRIZREN,프리즈렌,mt
MAPNAME|PROBOLINGGO,PROBOLINGGO,프로볼링고,mt
MAPNAME|PRODDATUR,PRODDATUR,프로다투르,mt
MAPNAME|PROGRESO,PROGRESO,프로그레소,mt
MAPNAME|PROKHLADNYV,PROKHLADNYV,프로흘라드니,mt
MAPNAME|PROKOP'YEVSK,PROKOP'YEVSK,프로코피옙스크,mt
MAPNAME|PROME,PROME,프롬,mt
MAPNAME|PROSTEJOV,PROSTEJOV,프로스티에요프,mt
MAPNAME|PROVIDENCE,PROVIDENCE,프로비던스,mt
MAPNAME|PROVO,PROVO,프로보,mt
MAPNAME|PROWIDENIJA,PROWIDENIJA,프로비데니야,mt
MAPNAME|PRUDHOE BAY,PRUDHOE BAY,프루도베이,mt
MAPNAME|PRUSZKÓW,PRUSZKÓW,프루슈쿠프,mt
MAPNAME|PRYLUKY,PRYLUKY,프릴루키,mt
MAPNAME|PRZEMYSL,PRZEMYSL,프셰미실,mt
MAPNAME|PSKOV,PSKOV,프스코프,mt
MAPNAME|PU-LI,PU-LI,푸리,mt
MAPNAME|PUCALLPA,PUCALLPA,푸칼파,mt
MAPNAME|PUCHENG,PUCHENG,푸청,mt
MAPNAME|PUDUKKOTTAI,PUDUKKOTTAI,푸두코타이,mt
MAPNAME|PUEBLA,PUEBLA,푸에블라,mt
MAPNAME|PUEBLO,PUEBLO,푸에블로,mt
MAPNAME|PUENTA ARENAS,PUENTA ARENAS,푼타아레나스,mt
MAPNAME|PUENTE ALTO,PUENTE ALTO,푸엔테알토,mt
MAPNAME|PUENTE-GENIL,PUENTE-GENIL,푸엔테헤닐,mt
MAPNAME|PUERTO AYACHCHO,PUERTO AYACHCHO,푸에르토아야초,mt
MAPNAME|PUERTO AYORA,PUERTO AYORA,푸에르토아요라,mt
MAPNAME|PUERTO BAQUERIZO MORENO,PUERTO BAQUERIZO MORENO,푸에르토바케리소모레노,mt
MAPNAME|PUERTO BARRIOS,PUERTO BARRIOS,푸에르토바리오스,mt
MAPNAME|PUERTO CABELLO,PUERTO CABELLO,푸에르토카벨로,mt
MAPNAME|PUERTO CABEZAS,PUERTO CABEZAS,푸에르토카베사스,mt
MAPNAME|PUERTO CARRENO,PUERTO CARRENO,푸에르토카레뇨,mt
MAPNAME|PUERTO CORTÉS,PUERTO CORTÉS,푸에르토코르테스,mt
MAPNAME|PUERTO DEL ROSARIO,PUERTO DEL ROSARIO,푸에르토델로사리오,mt
MAPNAME|PUERTO FRANCISCO,PUERTO FRANCISCO,푸에르토프란시스코,mt
MAPNAME|PUERTO IGUAZU,PUERTO IGUAZU,푸에르토이과수,mt
MAPNAME|PUERTO INIRIDA,PUERTO INIRIDA,푸에르토이니리다,mt
MAPNAME|PUERTO LA CRUZ,PUERTO LA CRUZ,푸에르토라크루스,mt
MAPNAME|PUERTO MADRYN,PUERTO MADRYN,푸에르토마드린,mt
MAPNAME|PUERTO MALDONADO,PUERTO MALDONADO,푸에르토말도나도,mt
MAPNAME|PUERTO MONTT,PUERTO MONTT,푸에르토몬트,mt
MAPNAME|PUERTO PADRE,PUERTO PADRE,푸에르토파드레,mt
MAPNAME|PUERTO PENASCO,PUERTO PENASCO,푸에르토페냐스코,mt
MAPNAME|PUERTO PLATA,PUERTO PLATA,푸에르토플라타,mt
MAPNAME|PUERTO PRINCESA,PUERTO PRINCESA,푸에르토프린세사,mt
MAPNAME|PUERTO REAL,PUERTO REAL,푸에르토레알,mt
MAPNAME|PUERTO VALLARTA,PUERTO VALLARTA,푸에르토바야르타,mt
MAPNAME|PUERTO WILLIAMS,PUERTO WILLIAMS,푸에르토윌리엄스,mt
MAPNAME|PUERTOLLANO,PUERTOLLANO,푸에르톨라노,mt
MAPNAME|PUGACHEV,PUGACHEV,푸가초프,mt
MAPNAME|PUJEHUN,PUJEHUN,푸제훈,mt
MAPNAME|PUKATAWAGAN,PUKATAWAGAN,푸카타와건,mt
MAPNAME|PUKEKOHE,PUKEKOHE,푸케코헤,mt
MAPNAME|PULA,PULA,풀라,mt
MAPNAME|PULANDIAN,PULANDIAN,푸란뎬,mt
MAPNAME|PULAWY,PULAWY,푸와비,mt
MAPNAME|PULIYANGUDI,PULIYANGUDI,풀리양구디,mt
MAPNAME|PULLMAN,PULLMAN,풀먼,mt
MAPNAME|PUNE,PUNE,푸네,mt
MAPNAME|PUNING,PUNING,푸닝,mt
MAPNAME|PUNO,PUNO,푸노,mt
MAPNAME|PUNTA ALTA,PUNTA ALTA,푼타알타,mt
MAPNAME|PUNTA ARENAS,PUNTA ARENAS,푼타아레나스,mt
MAPNAME|PUNTO FIJO,PUNTO FIJO,푼토피호,mt
MAPNAME|PUQI,PUQI,푸치,mt
MAPNAME|PURI,PURI,푸리,mt
MAPNAME|PURMEREND,PURMEREND,퓌르메런트,mt
MAPNAME|PURNEA,PURNEA,푸르니아,mt
MAPNAME|PURNIA,PURNIA,푸르니아,mt
MAPNAME|PURUANDIRO,PURUANDIRO,푸루안디로,mt
MAPNAME|PURULIYA,PURULIYA,푸룰리아,mt
MAPNAME|PURWAKARTA,PURWAKARTA,푸르와카르타,mt
MAPNAME|PURWOKERTO,PURWOKERTO,푸르워케르토,mt
MAPNAME|PURWOREJO,PURWOREJO,푸르워레조,mt
MAPNAME|PUSAD,PUSAD,푸사드,mt
MAPNAME|PUSHKIN,PUSHKIN,푸시킨,mt
MAPNAME|PUTIAN,PUTIAN,푸톈,mt
MAPNAME|PUTTALAM,PUTTALAM,푸탈람,mt
MAPNAME|PUYANG,PUYANG,푸양,mt
MAPNAME|PUYO,PUYO,푸요,mt
MAPNAME|PYATIGORSK,PYATIGORSK,퍄티고르스크,mt
MAPNAME|PYINMANA,PYINMANA,핀마나,mt
MAPNAME|PYNE TOWN,PYNE TOWN,파인타운,mt
MAPNAME|PYONGYANG,PYONGYANG,평양,mt
MAPNAME|PÁNUCO,PÁNUCO,파누코,mt
MAPNAME|PÁPA,PÁPA,파파,mt
MAPNAME|PÁTRAI,PÁTRAI,파트라,mt
MAPNAME|PÁTZCUARO,PÁTZCUARO,파츠쿠아로,mt
MAPNAME|PÄRNU,PÄRNU,패르누,mt
MAPNAME|PÉCS,PÉCS,페치,mt
MAPNAME|PÓVOA DE VARZIM,PÓVOA DE VARZIM,포보아드바르징,mt
MAPNAME|QA'EMSHAHR,QA'EMSHAHR,카엠샤르,mt
MAPNAME|QA'EN,QA'EN,카엔,mt
MAPNAME|QABIS,QABIS,가베스,mt
MAPNAME|QAL'AT BISHAH,QAL'AT BISHAH,칼아트비샤,mt
MAPNAME|QALYUB,QALYUB,칼유브,mt
MAPNAME|QAMBAR,QAMBAR,캄바르,mt
MAPNAME|QAMDO,QAMDO,창두,mt
MAPNAME|QARABULAQ,QARABULAQ,카라불라크,mt
MAPNAME|QARAGHANDY,QARAGHANDY,카라간다,mt
MAPNAME|QARCHAK,QARCHAK,카르차크,mt
MAPNAME|QARGALY,QARGALY,카르갈리,mt
MAPNAME|QARSHI,QARSHI,카르시,mt
MAPNAME|QASKELEN,QASKELEN,카스켈렌,mt
MAPNAME|QAZVIN,QAZVIN,카즈빈,mt
MAPNAME|QENA,QENA,케나,mt
MAPNAME|QERICHA,QERICHA,케리차,mt
MAPNAME|QESHM,QESHM,케슘,mt
MAPNAME|QIANJIANG,QIANJIANG,첸장,mt
MAPNAME|QIANWEI,QIANWEI,첸웨이,mt
MAPNAME|QIAOTOU,QIAOTOU,차오터우,mt
MAPNAME|QIDONG,QIDONG,치둥,mt
MAPNAME|QIEMO,QIEMO,체모,mt
MAPNAME|QIJIANG,QIJIANG,치장,mt
MAPNAME|QILA DIWAN SINGH,QILA DIWAN SINGH,킬라디완싱,mt
MAPNAME|QINGCHENG,QINGCHENG,칭청,mt
MAPNAME|QINGDAO,QINGDAO,칭다오,mt
MAPNAME|QINGGANG,QINGGANG,칭강,mt
MAPNAME|QINGHUANGDAO,QINGHUANGDAO,친황다오,mt
MAPNAME|QINGJIANG,QINGJIANG,칭장,mt
MAPNAME|QINGJINAG,QINGJINAG,칭장,mt
MAPNAME|QINGPU,QINGPU,칭푸,mt
MAPNAME|QINGYANG,QINGYANG,칭양,mt
MAPNAME|QINGYUAN,QINGYUAN,칭위안,mt
MAPNAME|QINGZHEN,QINGZHEN,칭전,mt
MAPNAME|QINQYANG,QINQYANG,친양,mt
MAPNAME|QINSHAN,QINSHAN,친산,mt
MAPNAME|QINZHOU,QINZHOU,친저우,mt
MAPNAME|QIQIHAR,QIQIHAR,치치하얼,mt
MAPNAME|QIRYAT GAT,QIRYAT GAT,키랴트갓,mt
MAPNAME|QITAHIHE,QITAHIHE,치타이허,mt
MAPNAME|QITAI,QITAI,치타이,mt
MAPNAME|QIYANG,QIYANG,치양,mt
MAPNAME|QIZHOU,QIZHOU,치저우,mt
MAPNAME|QOM,QOM,콤,mt
MAPNAME|QOMSHEH,QOMSHEH,콤셰,mt
MAPNAME|QONAEV,QONAEV,코나예프,mt
MAPNAME|QORVEH,QORVEH,코르베,mt
MAPNAME|QOSTANAY,QOSTANAY,코스타나이,mt
MAPNAME|QUAD CITIES,QUAD CITIES,쿼드시티스,mt
MAPNAME|QUANTICO,QUANTICO,콴티코,mt
MAPNAME|QUANZHOU,QUANZHOU,취안저우,mt
MAPNAME|QUCHAN,QUCHAN,쿠찬,mt
MAPNAME|QUEANBEYAN,QUEANBEYAN,퀸비언,mt
MAPNAME|QUEENSTOWN,QUEENSTOWN,퀸스타운,mt
MAPNAME|QUELIMANE,QUELIMANE,켈리마네,mt
MAPNAME|QUERÉTARO,QUERÉTARO,케레타로,mt
MAPNAME|QUESADA,QUESADA,케사다,mt
MAPNAME|QUETTA,QUETTA,퀘타,mt
MAPNAME|QUETZALTENANGO,QUETZALTENANGO,케찰테낭고,mt
MAPNAME|QUEVEDO,QUEVEDO,케베도,mt
MAPNAME|QUEZON CITY,QUEZON CITY,케손시티,mt
MAPNAME|QUI NHON,QUI NHON,퀴년,mt
MAPNAME|QUIBDÓ,QUIBDÓ,키브도,mt
MAPNAME|QUIBOR,QUIBOR,키보르,mt
MAPNAME|QUILENDA,QUILENDA,킬렌다,mt
MAPNAME|QUILLACOLLO,QUILLACOLLO,키야콜로,mt
MAPNAME|QUILLOTA,QUILLOTA,키요타,mt
MAPNAME|QUILMES,QUILMES,킬메스,mt
MAPNAME|QUILON,QUILON,퀼론,mt
MAPNAME|QUIMPER,QUIMPER,캥페르,mt
MAPNAME|QUINCY,QUINCY,퀸시,mt
MAPNAME|QUIPUNGO,QUIPUNGO,키풍고,mt
MAPNAME|QUITO,QUITO,키토,mt
MAPNAME|QUIXADÁ,QUIXADÁ,키샤다,mt
MAPNAME|QUJIANG,QUJIANG,취장,mt
MAPNAME|QUJING,QUJING,취징,mt
MAPNAME|QULAYBIYAH,QULAYBIYAH,쿨라이비야,mt
MAPNAME|QUQON,QUQON,코칸트,mt
MAPNAME|QURAYYAT,QURAYYAT,쿠라이야트,mt
MAPNAME|QURGHONTEPPA,QURGHONTEPPA,쿠르곤테파,mt
MAPNAME|QUS,QUS,쿠스,mt
MAPNAME|QUWAYZ,QUWAYZ,쿠와이즈,mt
MAPNAME|QUXIAN,QUXIAN,취셴,mt
MAPNAME|QUZHOU,QUZHOU,취저우,mt
MAPNAME|QUÉBEC,QUÉBEC,퀘벡,mt
MAPNAME|RA'S AL KHAFJI,RA'S AL KHAFJI,라스알하프지,mt
MAPNAME|RAAF RICHMOND,RAAF RICHMOND,리치먼드공군기지,mt
MAPNAME|RAAF SCHERGER,RAAF SCHERGER,셔거공군기지,mt
MAPNAME|RAAF WILLAMTOWN,RAAF WILLAMTOWN,윌리엄타운공군기지,mt
MAPNAME|RAAHE,RAAHE,라헤,mt
MAPNAME|RABA,RABA,라바,mt
MAPNAME|RABAK,RABAK,라박,mt
MAPNAME|RABAT,RABAT,라바트,mt
MAPNAME|RABBIT LAKE,RABBIT LAKE,래빗호,mt
MAPNAME|RABIGH,RABIGH,라비그,mt
MAPNAME|RABKAVI,RABKAVI,라브카비,mt
MAPNAME|RABWAH,RABWAH,라브와,mt
MAPNAME|RACH GIÁ,RACH GIÁ,락자,mt
MAPNAME|RACIBÓRZ,RACIBÓRZ,라치부시,mt
MAPNAME|RACINE,RACINE,레이신,mt
MAPNAME|RADA'A,RADA'A,라다아,mt
MAPNAME|RADCLIFF,RADCLIFF,래드클리프,mt
MAPNAME|RADNOR TOWNSHIP,RADNOR TOWNSHIP,래드너타운십,mt
MAPNAME|RADOM,RADOM,라돔,mt
MAPNAME|RAE BARELI,RAE BARELI,라이바렐리,mt
MAPNAME|RAFAELA,RAFAELA,라파엘라,mt
MAPNAME|RAFAH,RAFAH,라파,mt
MAPNAME|RAFHAH,RAFHAH,라프하,mt
MAPNAME|RAFSANJAN,RAFSANJAN,라프산잔,mt
MAPNAME|RAGUSA,RAGUSA,라구사,mt
MAPNAME|RAHIMYAR KHAN,RAHIMYAR KHAN,라힘야르칸,mt
MAPNAME|RAICHUR,RAICHUR,라이추르,mt
MAPNAME|RAIGANJ,RAIGANJ,라이간지,mt
MAPNAME|RAIGARH,RAIGARH,라이가르,mt
MAPNAME|RAIPUR,RAIPUR,라이푸르,mt
MAPNAME|RAJ NANDGAON,RAJ NANDGAON,라지난드가온,mt
MAPNAME|RAJAHMUNDRY,RAJAHMUNDRY,라자문드리,mt
MAPNAME|RAJANPUR,RAJANPUR,라잔푸르,mt
MAPNAME|RAJAPALAIYAM,RAJAPALAIYAM,라자팔라이얌,mt
MAPNAME|RAJCICHINSK,RAJCICHINSK,라이치힌스크,mt
MAPNAME|RAJKOT,RAJKOT,라지코트,mt
MAPNAME|RAJPUR,RAJPUR,라지푸르,mt
MAPNAME|RAJSAMAND,RAJSAMAND,라지사만드,mt
MAPNAME|RAJSHAHI,RAJSHAHI,라지샤히,mt
MAPNAME|RAKVERE,RAKVERE,라크베레,mt
MAPNAME|RALEIGH,RALEIGH,롤리,mt
MAPNAME|RAM ALLAH,RAM ALLAH,라말라,mt
MAPNAME|RAMANAGARAM,RAMANAGARAM,라마나가람,mt
MAPNAME|RAMANATHAPURAM,RAMANATHAPURAM,라마나타푸람,mt
MAPNAME|RAMENSKOYE,RAMENSKOYE,라멘스코예,mt
MAPNAME|RAMESWARAM,RAMESWARAM,라메스와람,mt
MAPNAME|RAMGARH,RAMGARH,람가르,mt
MAPNAME|RAMNICU SARAT,RAMNICU SARAT,람니쿠사라트,mt
MAPNAME|RAMON,RAMON,라몬,mt
MAPNAME|RAMPUR,RAMPUR,람푸르,mt
MAPNAME|RAMPUR HAT,RAMPUR HAT,람푸르하트,mt
MAPNAME|RAMPURA,RAMPURA,람푸라,mt
MAPNAME|RAMSEY,RAMSEY,램지,mt
MAPNAME|RANAGHAT,RANAGHAT,라나가트,mt
MAPNAME|RANAI,RANAI,라나이,mt
MAPNAME|RANCAGUA,RANCAGUA,랑카과,mt
MAPNAME|RANCHI,RANCHI,란치,mt
MAPNAME|RANCHO CORDOVA,RANCHO CORDOVA,랜초코르도바,mt
MAPNAME|RANDERS,RANDERS,라네르스,mt
MAPNAME|RANDFONTEIN,RANDFONTEIN,란트폰테인,mt
MAPNAME|RANGER,RANGER,레인저,mt
MAPNAME|RANGPUR,RANGPUR,랑푸르,mt
MAPNAME|RANIBENNUR,RANIBENNUR,라니베누르,mt
MAPNAME|RANIGANJ,RANIGANJ,라니간지,mt
MAPNAME|RANKIN INLET,RANKIN INLET,랭킨인렛,mt
MAPNAME|RANTAUPRAPAT,RANTAUPRAPAT,란타우프라팟,mt
MAPNAME|RAOPING,RAOPING,라오핑,mt
MAPNAME|RAPID CITY,RAPID CITY,래피드시티,mt
MAPNAME|RAPURA,RAPURA,라푸라,mt
MAPNAME|RAS AL KHAYMAH,RAS AL KHAYMAH,라스알카이마,mt
MAPNAME|RAS GHARIB,RAS GHARIB,라스가리브,mt
MAPNAME|RASHID,RASHID,라시드,mt
MAPNAME|RASHT,RASHT,라슈트,mt
MAPNAME|RASON,RASON,라선,mt
MAPNAME|RATANGARH,RATANGARH,라탄가르,mt
MAPNAME|RATCHABURI,RATCHABURI,랏차부리,mt
MAPNAME|RATH,RATH,라트,mt
MAPNAME|RATLAM,RATLAM,라틀람,mt
MAPNAME|RATNAGIRI,RATNAGIRI,라트나기리,mt
MAPNAME|RATNAPURA,RATNAPURA,라트나푸라,mt
MAPNAME|RAUMA,RAUMA,라우마,mt
MAPNAME|RAURKELA,RAURKELA,라우르켈라,mt
MAPNAME|RAVENNA,RAVENNA,라벤나,mt
MAPNAME|RAWALPINDI,RAWALPINDI,라왈핀디,mt
MAPNAME|RAYACHOTI,RAYACHOTI,라야초티,mt
MAPNAME|RAYADRUG,RAYADRUG,라야드루그,mt
MAPNAME|RAYAGADA,RAYAGADA,라야가다,mt
MAPNAME|RAYONG,RAYONG,라용,mt
MAPNAME|RAZGRAD,RAZGRAD,라즈그라드,mt
MAPNAME|RDAF KARUP,RDAF KARUP,카루프공군기지,mt
MAPNAME|RDN AARHUS,RDN AARHUS,오르후스해군기지,mt
MAPNAME|READING,READING,레딩,mt
MAPNAME|RECHYTSA,RECHYTSA,레치차,mt
MAPNAME|RECIFE,RECIFE,헤시피,mt
MAPNAME|RECONQUISTA,RECONQUISTA,레콩키스타,mt
MAPNAME|RED DEER,RED DEER,레드디어,mt
MAPNAME|REDCLIFFE,REDCLIFFE,레드클리프,mt
MAPNAME|REDDING,REDDING,레딩,mt
MAPNAME|REDDITCH,REDDITCH,레디치,mt
MAPNAME|REDENCAO,REDENCAO,헤덴상,mt
MAPNAME|REDONDELA,REDONDELA,레돈델라,mt
MAPNAME|REDZIKOWO,REDZIKOWO,렌지코보,mt
MAPNAME|REEDLEY,REEDLEY,리들리,mt
MAPNAME|REGENSBURG,REGENSBURG,레겐스부르크,mt
MAPNAME|REGGIO CALABRIA,REGGIO CALABRIA,레조칼라브리아,mt
MAPNAME|REGGIO EMILIA,REGGIO EMILIA,레조에밀리아,mt
MAPNAME|REGHIN,REGHIN,레긴,mt
MAPNAME|REGINA,REGINA,리자이나,mt
MAPNAME|REGISTRO,REGISTRO,헤지스트루,mt
MAPNAME|REHOVOT,REHOVOT,레호보트,mt
MAPNAME|REIGATE,REIGATE,라이게이트,mt
MAPNAME|REIMS,REIMS,랭스,mt
MAPNAME|RELIZANE,RELIZANE,렐리잔,mt
MAPNAME|RENA,RENA,레나,mt
MAPNAME|RENK,RENK,렝크,mt
MAPNAME|RENNES,RENNES,렌,mt
MAPNAME|RENO,RENO,리노,mt
MAPNAME|RENQIU,RENQIU,런추,mt
MAPNAME|RENSHOU,RENSHOU,런서우,mt
MAPNAME|RENTON,RENTON,렌턴,mt
MAPNAME|RENUKUT,RENUKUT,레누쿠트,mt
MAPNAME|REPENTIGNY,REPENTIGNY,르팡티니,mt
MAPNAME|REQUENA,REQUENA,레케나,mt
MAPNAME|RESENDE,RESENDE,헤젠지,mt
MAPNAME|RESISTENCIA,RESISTENCIA,레시스텐시아,mt
MAPNAME|RESITA,RESITA,레시차,mt
MAPNAME|RESTON,RESTON,레스턴,mt
MAPNAME|RETALHULEU,RETALHULEU,레탈룰레우,mt
MAPNAME|REUS,REUS,레우스,mt
MAPNAME|REUTLINGEN,REUTLINGEN,로이틀링겐,mt
MAPNAME|REVDA,REVDA,레브다,mt
MAPNAME|REWA,REWA,레와,mt
MAPNAME|REWARI,REWARI,레와리,mt
MAPNAME|REXBURG,REXBURG,렉스버그,mt
MAPNAME|REYHANLI,REYHANLI,레이한르,mt
MAPNAME|REYKJANESBAER,REYKJANESBAER,레이캬네스베이르,mt
MAPNAME|REYKJAVIK,REYKJAVIK,레이캬비크,mt
MAPNAME|REYNOSA,REYNOSA,레이노사,mt
MAPNAME|REZEKNE,REZEKNE,레제크네,mt
MAPNAME|RHEINE,RHEINE,라이네,mt
MAPNAME|RHODES,RHODES,로도스,mt
MAPNAME|RHONDDA,RHONDDA,론다,mt
MAPNAME|RHYL,RHYL,릴,mt
MAPNAME|RIBEIRA,RIBEIRA,히베이라,mt
MAPNAME|RIBEIRA GRANDE,RIBEIRA GRANDE,히베이라그란데,mt
MAPNAME|RIBEIRAO DAS NEVES,RIBEIRAO DAS NEVES,히베이랑다스네베스,mt
MAPNAME|RIBEIRÃO PRÊTO,RIBEIRÃO PRÊTO,히베이랑프레투,mt
MAPNAME|RIBERALTA,RIBERALTA,리베랄타,mt
MAPNAME|RICHARD TOLL,RICHARD TOLL,리샤르톨,mt
MAPNAME|RICHARDS BAY,RICHARDS BAY,리처즈베이,mt
MAPNAME|RICHLAND,RICHLAND,리치랜드,mt
MAPNAME|RICHMOND,RICHMOND,리치먼드,mt
MAPNAME|RICHMOND HILL,RICHMOND HILL,리치먼드힐,mt
MAPNAME|RIDDER,RIDDER,리더,mt
MAPNAME|RIDGECREST,RIDGECREST,리지크레스트,mt
MAPNAME|RIGA,RIGA,리가,mt
MAPNAME|RIIHIMÄKI,RIIHIMÄKI,리이히매키,mt
MAPNAME|RIJEKA,RIJEKA,리예카,mt
MAPNAME|RIMINI,RIMINI,리미니,mt
MAPNAME|RIMNICU VILCEA,RIMNICU VILCEA,람니쿠빌체아,mt
MAPNAME|RIMOUSKI,RIMOUSKI,리무스키,mt
MAPNAME|RINGKOBING,RINGKOBING,링쾨빙,mt
MAPNAME|RINGSAKER,RINGSAKER,링사케르,mt
MAPNAME|RIO BRANCO,RIO BRANCO,히우브랑쿠,mt
MAPNAME|RIO CLARO,RIO CLARO,히우클라루,mt
MAPNAME|RIO CUARTO,RIO CUARTO,리오쿠아르토,mt
MAPNAME|RIO DAS OSTRAS,RIO DAS OSTRAS,히우다스오스트라스,mt
MAPNAME|RIO DE JANEIRO,RIO DE JANEIRO,리우데자네이루,mt
MAPNAME|RIO DO SUL,RIO DO SUL,히우두술,mt
MAPNAME|RIO GALLEGOS,RIO GALLEGOS,리오가예고스,mt
MAPNAME|RIO GRANDE,RIO GRANDE,리우그란데,mt
MAPNAME|RIO LARGO,RIO LARGO,히우라르구,mt
MAPNAME|RIO RANCHERO,RIO RANCHERO,리오란체로,mt
MAPNAME|RIO TERCERO,RIO TERCERO,리오테르세로,mt
MAPNAME|RIO TINTO,RIO TINTO,리오틴토,mt
MAPNAME|RIO VERDE,RIO VERDE,히우베르지,mt
MAPNAME|RIOBAMBA,RIOBAMBA,리오밤바,mt
MAPNAME|RIOHACHA,RIOHACHA,리오아차,mt
MAPNAME|RIONEGRO,RIONEGRO,리오네그로,mt
MAPNAME|RISHIKESH,RISHIKESH,리시케시,mt
MAPNAME|RISHON LEZIYYON,RISHON LEZIYYON,리숀레지온,mt
MAPNAME|RITCHIE,RITCHIE,리치,mt
MAPNAME|RITSHCHEV,RITSHCHEV,리슈체프,mt
MAPNAME|RIVAS,RIVAS,리바스,mt
MAPNAME|RIVER BEND,RIVER BEND,리버벤드,mt
MAPNAME|RIVER GBEH,RIVER GBEH,리버그베,mt
MAPNAME|RIVERA,RIVERA,리베라,mt
MAPNAME|RIVERSDALE,RIVERSDALE,리버스데일,mt
MAPNAME|RIVERSIDE,RIVERSIDE,리버사이드,mt
MAPNAME|RIVIERE-DU-LOUP,RIVIERE-DU-LOUP,리비에르뒤루,mt
MAPNAME|RIVNE,RIVNE,리우네,mt
MAPNAME|RIVOLI,RIVOLI,리볼리,mt
MAPNAME|RIZE,RIZE,리제,mt
MAPNAME|RIZHAU,RIZHAU,르자오,mt
MAPNAME|ROANOKE,ROANOKE,로어노크,mt
MAPNAME|ROBE,ROBE,로브,mt
MAPNAME|ROBERTSON,ROBERTSON,로버트슨,mt
MAPNAME|ROBERTSONPET,ROBERTSONPET,로버트슨펫,mt
MAPNAME|ROBERTSPORT,ROBERTSPORT,로버츠포트,mt
MAPNAME|ROBINSON,ROBINSON,로빈슨,mt
MAPNAME|ROCHESTER,ROCHESTER,로체스터,mt
MAPNAME|ROCK HILL,ROCK HILL,록힐,mt
MAPNAME|ROCK ISLAND ARSENAL,ROCK ISLAND ARSENAL,록아일랜드아스널,mt
MAPNAME|ROCK SPRINGS,ROCK SPRINGS,록스프링스,mt
MAPNAME|ROCKFORD,ROCKFORD,록퍼드,mt
MAPNAME|ROCKHAMPTON,ROCKHAMPTON,록햄턴,mt
MAPNAME|ROCKINGHAM,ROCKINGHAM,로킹엄,mt
MAPNAME|ROCKLAND,ROCKLAND,락랜드,mt
MAPNAME|ROCKWALL,ROCKWALL,록월,mt
MAPNAME|ROCKY MOUNT,ROCKY MOUNT,로키마운트,mt
MAPNAME|ROESELARE,ROESELARE,루설라러,mt
MAPNAME|ROGACHËV,ROGACHËV,로가초프,mt
MAPNAME|ROGERS,ROGERS,로저스,mt
MAPNAME|ROGUE SÁENZ PENA,ROGUE SÁENZ PENA,로케사엔스페냐,mt
MAPNAME|ROHENGEN,ROHENGEN,로헨겐,mt
MAPNAME|ROHNERT PARK,ROHNERT PARK,로너트파크,mt
MAPNAME|ROHRI,ROHRI,로흐리,mt
MAPNAME|ROHTAK,ROHTAK,로타크,mt
MAPNAME|ROKUPR,ROKUPR,로쿠프르,mt
MAPNAME|ROMA,ROMA,로마,mt
MAPNAME|ROME,ROME,로마,mt
MAPNAME|ROMNY,ROMNY,롬니,mt
MAPNAME|RONCHANG,RONCHANG,룽창,mt
MAPNAME|RONDA,RONDA,론다,mt
MAPNAME|RONDONÓPOLIS,RONDONÓPOLIS,혼도노폴리스,mt
MAPNAME|RONGCHENG,RONGCHENG,룽청,mt
MAPNAME|RONNE,RONNE,뢰네,mt
MAPNAME|RONNEBY,RONNEBY,로네뷔,mt
MAPNAME|ROOSENDAAL,ROOSENDAAL,로젠달,mt
MAPNAME|ROQUETAS DE MAR,ROQUETAS DE MAR,로케타스데마르,mt
MAPNAME|ROSA ZARATE,ROSA ZARATE,로사사라테,mt
MAPNAME|ROSARIO,ROSARIO,로사리오,mt
MAPNAME|ROSARITO,ROSARITO,로사리토,mt
MAPNAME|ROSEAU,ROSEAU,로조,mt
MAPNAME|ROSEBURG,ROSEBURG,로즈버그,mt
MAPNAME|ROSENHEIM,ROSENHEIM,로젠하임,mt
MAPNAME|ROSEVILLE,ROSEVILLE,로즈빌,mt
MAPNAME|ROSIORI DE VEDE,ROSIORI DE VEDE,로시오리데베데,mt
MAPNAME|ROSKILDE,ROSKILDE,로스킬레,mt
MAPNAME|ROSLAVL',ROSLAVL',로슬라블,mt
MAPNAME|ROSS BETHIO,ROSS BETHIO,로스베티오,mt
MAPNAME|ROSS TOWNSHIP,ROSS TOWNSHIP,로스타운십,mt
MAPNAME|ROSSING,ROSSING,뢰싱,mt
MAPNAME|ROSSO,ROSSO,로소,mt
MAPNAME|ROSSO SENEGAL,ROSSO SENEGAL,로소세네갈,mt
MAPNAME|ROSTOCK,ROSTOCK,로스토크,mt
MAPNAME|ROSTOV,ROSTOV,로스토프,mt
MAPNAME|ROSTOV-NA-DONU,ROSTOV-NA-DONU,로스토프나도누,mt
MAPNAME|ROSWELL,ROSWELL,로즈웰,mt
MAPNAME|ROTA,ROTA,로타,mt
MAPNAME|ROTHERHAM,ROTHERHAM,로더럼,mt
MAPNAME|ROTORUA,ROTORUA,로토루아,mt
MAPNAME|ROTTERDAM,ROTTERDAM,로테르담,mt
MAPNAME|ROUEN,ROUEN,루앙,mt
MAPNAME|ROUND LAKE,ROUND LAKE,라운드레이크,mt
MAPNAME|ROUND ROCK,ROUND ROCK,라운드록,mt
MAPNAME|ROVANIEMI,ROVANIEMI,로바니에미,mt
MAPNAME|ROVEN'KI,ROVEN'KI,로벤키,mt
MAPNAME|ROVIGO,ROVIGO,로비고,mt
MAPNAME|ROVNO,ROVNO,로브노,mt
MAPNAME|ROXAS,ROXAS,로하스,mt
MAPNAME|ROYAL LEAMINGTON SPA,ROYAL LEAMINGTON SPA,로열레밍턴스파,mt
MAPNAME|ROYAL TUNBRIDGE WELLS,ROYAL TUNBRIDGE WELLS,로열턴브리지웰스,mt
MAPNAME|RUBEZHNOYE,RUBEZHNOYE,루베즈노예,mt
MAPNAME|RUBIO,RUBIO,루비오,mt
MAPNAME|RUBTSOVSK,RUBTSOVSK,룹촙스크,mt
MAPNAME|RUDNYY,RUDNYY,루드니,mt
MAPNAME|RUDONG,RUDONG,루둥,mt
MAPNAME|RUFISQUE,RUFISQUE,뤼피스크,mt
MAPNAME|RUGAO,RUGAO,루가오,mt
MAPNAME|RUGBY,RUGBY,럭비,mt
MAPNAME|RUI'AN,RUI'AN,루이안,mt
MAPNAME|RUIRU,RUIRU,루이루,mt
MAPNAME|RUJENA,RUJENA,루예나,mt
MAPNAME|RUJEWA,RUJEWA,루제와,mt
MAPNAME|RUMA,RUMA,루마,mt
MAPNAME|RUMAH,RUMAH,루마,mt
MAPNAME|RUMBEK,RUMBEK,룸벡,mt
MAPNAME|RUMONGE,RUMONGE,루몽게,mt
MAPNAME|RUNDU,RUNDU,룬두,mt
MAPNAME|RUSE,RUSE,루세,mt
MAPNAME|RUSHA,RUSHA,루샤,mt
MAPNAME|RUSSELLVILLE,RUSSELLVILLE,러셀빌,mt
MAPNAME|RUSTAVI,RUSTAVI,루스타비,mt
MAPNAME|RUSTENBURG,RUSTENBURG,러스텐버그,mt
MAPNAME|RUTANA,RUTANA,루타나,mt
MAPNAME|RUTSHURU,RUTSHURU,루추루,mt
MAPNAME|RUYIGI,RUYIGI,루이기,mt
MAPNAME|RUZOMBEROK,RUZOMBEROK,루좀베로크,mt
MAPNAME|RYAZAN,RYAZAN,랴잔,mt
MAPNAME|RYBACHYE,RYBACHYE,르바치예,mt
MAPNAME|RYBINSK,RYBINSK,르이빈스크,mt
MAPNAME|RYBINSK NORTHEAST,RYBINSK NORTHEAST,르이빈스크노스이스트,mt
MAPNAME|RYBNIK,RYBNIK,리브니크,mt
MAPNAME|RYBNITSA,RYBNITSA,르이브니차,mt
MAPNAME|RYUGASAKI,RYUGASAKI,류가사키,mt
MAPNAME|RYUO,RYUO,류오,mt
MAPNAME|RZESZÓW,RZESZÓW,제슈프,mt
MAPNAME|RZHEV,RZHEV,르제프,mt
MAPNAME|RÉTHIMNO,RÉTHIMNO,레팀노,mt
MAPNAME|RÜSSELSHEIM,RÜSSELSHEIM,뤼셀스하임,mt
MAPNAME|SA DEC,SA DEC,사덱,mt
MAPNAME|SA'DAH,SA'DAH,사다,mt
MAPNAME|SAANICH,SAANICH,새니치,mt
MAPNAME|SAARBRÜCKEN,SAARBRÜCKEN,자르브뤼켄,mt
MAPNAME|SABAC,SABAC,샤바츠,mt
MAPNAME|SABADELL,SABADELL,사바델,mt
MAPNAME|SABANALARGA,SABANALARGA,사바날라르가,mt
MAPNAME|SABARÁ,SABARÁ,사바라,mt
MAPNAME|SABHA,SABHA,사브하,mt
MAPNAME|SABINAS,SABINAS,사비나스,mt
MAPNAME|SABRATAH,SABRATAH,사브라타,mt
MAPNAME|SABYA,SABYA,사브야,mt
MAPNAME|SABZEVAR,SABZEVAR,사브제바르,mt
MAPNAME|SACHON,SACHON,사천,mt
MAPNAME|SACLEAPEA,SACLEAPEA,사클레아페아,mt
MAPNAME|SACRAMENTO,SACRAMENTO,새크라멘토,mt
MAPNAME|SADAO,SADAO,사다오,mt
MAPNAME|SADIQABAD,SADIQABAD,사디카바드,mt
MAPNAME|SAEBY,SAEBY,새뷔,mt
MAPNAME|SAFASHAHR,SAFASHAHR,사파샤흐르,mt
MAPNAME|SAFI,SAFI,사피,mt
MAPNAME|SAGA,SAGA,사가,mt
MAPNAME|SAGAE,SAGAE,사가에,mt
MAPNAME|SAGAING,SAGAING,사가잉,mt
MAPNAME|SAGAMIHARA,SAGAMIHARA,사가미하라,mt
MAPNAME|SAGAMU,SAGAMU,사가무,mt
MAPNAME|SAGAR,SAGAR,사가르,mt
MAPNAME|SAGARA,SAGARA,사가라,mt
MAPNAME|SAGAREJO,SAGAREJO,사가레조,mt
MAPNAME|SAGAY,SAGAY,사가이,mt
MAPNAME|SAGINAW,SAGINAW,새기노,mt
MAPNAME|SAGUA LA GRANDE,SAGUA LA GRANDE,사과라그란데,mt
MAPNAME|SAGUNTO,SAGUNTO,사군토,mt
MAPNAME|SAGURE,SAGURE,사구레,mt
MAPNAME|SAHAGÚN,SAHAGÚN,사아군,mt
MAPNAME|SAHAM,SAHAM,사함,mt
MAPNAME|SAHARANPUR,SAHARANPUR,사하란푸르,mt
MAPNAME|SAHARSA,SAHARSA,사하르사,mt
MAPNAME|SAHASWAN,SAHASWAN,사하스완,mt
MAPNAME|SAHHAR,SAHHAR,사하르,mt
MAPNAME|SAHIBGANJ,SAHIBGANJ,사히브간지,mt
MAPNAME|SAHIWAL,SAHIWAL,사히왈,mt
MAPNAME|SAHUAYU,SAHUAYU,사우아유,mt
MAPNAME|SAIDA,SAIDA,사이다,mt
MAPNAME|SAIDPUR,SAIDPUR,사이드푸르,mt
MAPNAME|SAIJO,SAIJO,사이조,mt
MAPNAME|SAIKI,SAIKI,사이키,mt
MAPNAME|SAINT JOHN,SAINT JOHN,세인트존,mt
MAPNAME|SAINT-ALBAN,SAINT-ALBAN,생알방,mt
MAPNAME|SAINT-BRIEUC,SAINT-BRIEUC,생브리외,mt
MAPNAME|SAINT-DENIS,SAINT-DENIS,생드니,mt
MAPNAME|SAINT-HERBLAIN,SAINT-HERBLAIN,생에르블랭,mt
MAPNAME|SAINT-HYACINTHE,SAINT-HYACINTHE,생이아생트,mt
MAPNAME|SAINT-JÉRÔME,SAINT-JÉRÔME,생제롬,mt
MAPNAME|SAINT-LAURENT,SAINT-LAURENT,생로랑,mt
MAPNAME|SAINT-LAURENT-DU-MARONI,SAINT-LAURENT-DU-MARONI,생로랑뒤마로니,mt
MAPNAME|SAINT-LOUIS,SAINT-LOUIS,생루이,mt
MAPNAME|SAINT-MALO,SAINT-MALO,생말로,mt
MAPNAME|SAINT-NAZAIRE,SAINT-NAZAIRE,생나제르,mt
MAPNAME|SAINT-PIERRE,SAINT-PIERRE,생피에르,mt
MAPNAME|SAINT-QUENTIN,SAINT-QUENTIN,생캉탱,mt
MAPNAME|SAINT-ÉTIENNE,SAINT-ÉTIENNE,생테티엔,mt
MAPNAME|SAINTE JULIE,SAINTE JULIE,생트쥘리,mt
MAPNAME|SAITAMA,SAITAMA,사이타마,mt
MAPNAME|SAJANOGORSK,SAJANOGORSK,사야노고르스크,mt
MAPNAME|SAJANSK,SAJANSK,사얀스크,mt
MAPNAME|SAJNSAND,SAJNSAND,사인샨드,mt
MAPNAME|SAKAI,SAKAI,사카이,mt
MAPNAME|SAKAKAH,SAKAKAH,사카카,mt
MAPNAME|SAKATA,SAKATA,사카타,mt
MAPNAME|SAKI,SAKI,사키,mt
MAPNAME|SAKON NAKHON,SAKON NAKHON,사콘나콘,mt
MAPNAME|SAKU,SAKU,사쿠,mt
MAPNAME|SAL REI,SAL REI,살헤이,mt
MAPNAME|SAL'SK,SAL'SK,살스크,mt
MAPNAME|SALACGRIVA,SALACGRIVA,살라츠그리바,mt
MAPNAME|SALALAH,SALALAH,살랄라,mt
MAPNAME|SALAMANCA,SALAMANCA,살라망카,mt
MAPNAME|SALATIGA,SALATIGA,살라티가,mt
MAPNAME|SALAVAT,SALAVAT,살라바트,mt
MAPNAME|SALDANHA,SALDANHA,살다냐,mt
MAPNAME|SALDUS,SALDUS,살두스,mt
MAPNAME|SALE,SALE,살레,mt
MAPNAME|SALEKHARD,SALEKHARD,살레하르드,mt
MAPNAME|SALEM,SALEM,세일럼,mt
MAPNAME|SALERNO,SALERNO,살레르노,mt
MAPNAME|SALFORD,SALFORD,샐퍼드,mt
MAPNAME|SALGUEIRO,SALGUEIRO,사우게이루,mt
MAPNAME|SALGÓTARJÁN,SALGÓTARJÁN,살고터리안,mt
MAPNAME|SALIHLI,SALIHLI,살리흘리,mt
MAPNAME|SALIHORSK,SALIHORSK,살리호르스크,mt
MAPNAME|SALIKEGNE,SALIKEGNE,살리케녜,mt
MAPNAME|SALINA,SALINA,살리나,mt
MAPNAME|SALINA CRUZ,SALINA CRUZ,살리나크루스,mt
MAPNAME|SALINAS,SALINAS,살리나스,mt
MAPNAME|SALISBURY,SALISBURY,솔즈베리,mt
MAPNAME|SALISBURY PLAIN,SALISBURY PLAIN,솔즈베리평원,mt
MAPNAME|SALMAS,SALMAS,살마스,mt
MAPNAME|SALO,SALO,살로,mt
MAPNAME|SALON-DE-PROVENCE,SALON-DE-PROVENCE,살롱드프로방스,mt
MAPNAME|SALT LAKE CITY,SALT LAKE CITY,솔트레이크시티,mt
MAPNAME|SALTA,SALTA,살타,mt
MAPNAME|SALTILLO,SALTILLO,살티요,mt
MAPNAME|SALTO,SALTO,살토,mt
MAPNAME|SALVADOR,SALVADOR,살바도르,mt
MAPNAME|SALVALEÓN DE HIGUEY,SALVALEÓN DE HIGUEY,살바레온데이게이,mt
MAPNAME|SALVATIERRA,SALVATIERRA,살바티에라,mt
MAPNAME|SALYAN,SALYAN,살리안,mt
MAPNAME|SALZBURG,SALZBURG,잘츠부르크,mt
MAPNAME|SALZGITTER,SALZGITTER,잘츠기터,mt
MAPNAME|SAMA'IL,SAMA'IL,사마일,mt
MAPNAME|SAMALKOT,SAMALKOT,사말코트,mt
MAPNAME|SAMALUT,SAMALUT,사말루트,mt
MAPNAME|SAMANNUD,SAMANNUD,사만누드,mt
MAPNAME|SAMARA,SAMARA,사마라,mt
MAPNAME|SAMARINDA,SAMARINDA,사마린다,mt
MAPNAME|SAMARQAND,SAMARQAND,사마르칸트,mt
MAPNAME|SAMARRA',SAMARRA',사마라,mt
MAPNAME|SAMASTIPUR,SAMASTIPUR,사마스티푸르,mt
MAPNAME|SAMBALPUR,SAMBALPUR,삼발푸르,mt
MAPNAME|SAMBHAL,SAMBHAL,삼할,mt
MAPNAME|SAME,SAME,사메,mt
MAPNAME|SAMFYA,SAMFYA,삼피아,mt
MAPNAME|SAMO,SAMO,사모,mt
MAPNAME|SAMSUN,SAMSUN,삼순,mt
MAPNAME|SAMTREDIA,SAMTREDIA,삼트레디아,mt
MAPNAME|SAMUNDARI,SAMUNDARI,사문다리,mt
MAPNAME|SAMUT PRAKAN,SAMUT PRAKAN,사뭇프라칸,mt
MAPNAME|SAMUT SAKHON,SAMUT SAKHON,사뭇사콘,mt
MAPNAME|SAN AGUSTIN,SAN AGUSTIN,산아구스틴,mt
MAPNAME|SAN ANGELO,SAN ANGELO,샌안젤로,mt
MAPNAME|SAN ANRÉS TUXTLA,SAN ANRÉS TUXTLA,산안드레스툭스틀라,mt
MAPNAME|SAN ANTONIA,SAN ANTONIA,산안토니아,mt
MAPNAME|SAN ANTONIO,SAN ANTONIO,샌안토니오,mt
MAPNAME|SAN BERNARDINO,SAN BERNARDINO,샌버나디노,mt
MAPNAME|SAN BUENAVENTURA,SAN BUENAVENTURA,산부에나벤투라,mt
MAPNAME|SAN CARLOS,SAN CARLOS,산카를로스,mt
MAPNAME|SAN CARLOS DE BARILOCHE,SAN CARLOS DE BARILOCHE,산카를로스데바릴로체,mt
MAPNAME|SAN CARLOS DE ZULIA,SAN CARLOS DE ZULIA,산카를로스데술리아,mt
MAPNAME|SAN CLEMENTE,SAN CLEMENTE,산클레멘테,mt
MAPNAME|SAN CRISTOBAL,SAN CRISTOBAL,산크리스토발,mt
MAPNAME|SAN CRISTÓBAL,SAN CRISTÓBAL,산크리스토발,mt
MAPNAME|SAN CRISTÓBAL CASAS,SAN CRISTÓBAL CASAS,산크리스토발카사스,mt
MAPNAME|SAN DIEGO,SAN DIEGO,샌디에이고,mt
MAPNAME|SAN FELIPE,SAN FELIPE,산펠리페,mt
MAPNAME|SAN FERNANDO,SAN FERNANDO,산페르난도,mt
MAPNAME|SAN FERNANDO DE APURE,SAN FERNANDO DE APURE,산페르난도데아푸레,mt
MAPNAME|SAN FRANCISCO,SAN FRANCISCO,샌프란시스코,mt
MAPNAME|SAN FRANCISCO MACORIS,SAN FRANCISCO MACORIS,산프란시스코마코리스,mt
MAPNAME|SAN FRANCISCO RINCÓN,SAN FRANCISCO RINCÓN,산프란시스코린콘,mt
MAPNAME|SAN GERMAN,SAN GERMAN,산헤르만,mt
MAPNAME|SAN IGNACIO,SAN IGNACIO,산이그나시오,mt
MAPNAME|SAN ISIDRO,SAN ISIDRO,산이시드로,mt
MAPNAME|SAN JOSE,SAN JOSE,산호세,mt
MAPNAME|SAN JOSÉ,SAN JOSÉ,산호세,mt
MAPNAME|SAN JOSÉ DE GUANIPA,SAN JOSÉ DE GUANIPA,산호세데과니파,mt
MAPNAME|SAN JOSÉ DE MAYO,SAN JOSÉ DE MAYO,산호세데마요,mt
MAPNAME|SAN JOSÉ DEL CABO,SAN JOSÉ DEL CABO,산호세델카보,mt
MAPNAME|SAN JOSÉDE CÚCUTA,SAN JOSÉDE CÚCUTA,산호세데쿠쿠타,mt
MAPNAME|SAN JUAN,SAN JUAN,산후안,mt
MAPNAME|SAN JUAN BAUTISTA,SAN JUAN BAUTISTA,산후안바우티스타,mt
MAPNAME|SAN JUAN DE LA MAGUANA,SAN JUAN DE LA MAGUANA,산후안데라마과나,mt
MAPNAME|SAN JUAN DE LOS LAGOS,SAN JUAN DE LOS LAGOS,산후안데로스라고스,mt
MAPNAME|SAN JUAN DE LOS MORROS,SAN JUAN DE LOS MORROS,산후안데로스모로스,mt
MAPNAME|SAN JUAN DE PASTO,SAN JUAN DE PASTO,산후안데파스토,mt
MAPNAME|SAN JUAN DEL RIO,SAN JUAN DEL RIO,산후안델리오,mt
MAPNAME|SAN JUSTO,SAN JUSTO,산후스토,mt
MAPNAME|SAN LEANDRO,SAN LEANDRO,샌리앤드로,mt
MAPNAME|SAN LORENZO,SAN LORENZO,산로렌소,mt
MAPNAME|SAN LUCAS,SAN LUCAS,산루카스,mt
MAPNAME|SAN LUIS,SAN LUIS,산루이스,mt
MAPNAME|SAN LUIS DE LA PAZ,SAN LUIS DE LA PAZ,산루이스데라파스,mt
MAPNAME|SAN LUIS OBISPO,SAN LUIS OBISPO,샌루이스오비스포,mt
MAPNAME|SAN LUIS POTOSI,SAN LUIS POTOSI,산루이스포토시,mt
MAPNAME|SAN LUIS RIO COLORADO,SAN LUIS RIO COLORADO,산루이스리오콜로라도,mt
MAPNAME|SAN MARCOS,SAN MARCOS,산마르코스,mt
MAPNAME|SAN MARINO,SAN MARINO,산마리노,mt
MAPNAME|SAN MARTIN,SAN MARTIN,산마르틴,mt
MAPNAME|SAN MARTIN TEXMELUCAN,SAN MARTIN TEXMELUCAN,산마르틴텍셀루칸,mt
MAPNAME|SAN MATEO,SAN MATEO,산마테오,mt
MAPNAME|SAN MIGUEL,SAN MIGUEL,산미겔,mt
MAPNAME|SAN MIGUEL DE ALLENDE,SAN MIGUEL DE ALLENDE,산미겔데아옌데,mt
MAPNAME|SAN MIGUEL DE TUCUMÁN,SAN MIGUEL DE TUCUMÁN,산미겔데투쿠만,mt
MAPNAME|SAN NICOLÁS,SAN NICOLÁS,산니콜라스,mt
MAPNAME|SAN PABLO,SAN PABLO,산파블로,mt
MAPNAME|SAN PEDRO,SAN PEDRO,산페드로,mt
MAPNAME|SAN PEDRO COLONIAS,SAN PEDRO COLONIAS,산페드로콜로니아스,mt
MAPNAME|SAN PEDRO SULA,SAN PEDRO SULA,산페드로술라,mt
MAPNAME|SAN RAFAEL,SAN RAFAEL,산라파엘,mt
MAPNAME|SAN RAMÓN,SAN RAMÓN,산라몬,mt
MAPNAME|SAN SALVADOR,SAN SALVADOR,산살바도르,mt
MAPNAME|SAN SALVADOR DE JUJUY,SAN SALVADOR DE JUJUY,산살바도르데후후이,mt
MAPNAME|SAN SEBASTIÁN,SAN SEBASTIÁN,산세바스티안,mt
MAPNAME|SAN SEVERO,SAN SEVERO,산세베로,mt
MAPNAME|SAN VINCENE DE CANETE,SAN VINCENE DE CANETE,산비센테데카녜테,mt
MAPNAME|SAN VINCENTE,SAN VINCENTE,산비센테,mt
MAPNAME|SAN-PÉDRO,SAN-PÉDRO,산페드로,mt
MAPNAME|SANAA,SANAA,사나,mt
MAPNAME|SANANDAJ,SANANDAJ,사난다지,mt
MAPNAME|SANCTI SPIRITUS,SANCTI SPIRITUS,산크티스피리투스,mt
MAPNAME|SANDA,SANDA,산다,mt
MAPNAME|SANDAKAN,SANDAKAN,산다칸,mt
MAPNAME|SANDEFJORD,SANDEFJORD,산데피오르,mt
MAPNAME|SANDNES,SANDNES,산드네스,mt
MAPNAME|SANDUSKY,SANDUSKY,샌더스키,mt
MAPNAME|SANDVIKEN,SANDVIKEN,산드비켄,mt
MAPNAME|SANDY,SANDY,샌디,mt
MAPNAME|SANFORD,SANFORD,샌퍼드,mt
MAPNAME|SANGAMNER,SANGAMNER,상암네르,mt
MAPNAME|SANGAREDDI,SANGAREDDI,상가레디,mt
MAPNAME|SANGAREDI,SANGAREDI,상가레디,mt
MAPNAME|SANGHAR,SANGHAR,상가르,mt
MAPNAME|SANGJU,SANGJU,상주,mt
MAPNAME|SANGLA,SANGLA,상글라,mt
MAPNAME|SANGLI,SANGLI,상글리,mt
MAPNAME|SANGMÉLIMA,SANGMÉLIMA,상멜리마,mt
MAPNAME|SANGO OTTA,SANGO OTTA,상고오타,mt
MAPNAME|SANGOLQUI,SANGOLQUI,산골키,mt
MAPNAME|SANGRUR,SANGRUR,상루르,mt
MAPNAME|SANJO,SANJO,산조,mt
MAPNAME|SANKARANKOVIL,SANKARANKOVIL,상카란코빌,mt
MAPNAME|SANKT-PETERBURG,SANKT-PETERBURG,상트페테르부르크,mt
MAPNAME|SANKT-PETERSBURG,SANKT-PETERSBURG,상트페테르부르크,mt
MAPNAME|SANLIURFA,SANLIURFA,샨르우르파,mt
MAPNAME|SANLÚCAR DE BARRAMEDA,SANLÚCAR DE BARRAMEDA,산루카르데바라메다,mt
MAPNAME|SANMEN,SANMEN,싼먼,mt
MAPNAME|SANMING,SANMING,싼밍,mt
MAPNAME|SANNIGUELLIE,SANNIGUELLIE,산니켈리,mt
MAPNAME|SANO,SANO,사노,mt
MAPNAME|SANTA ANA,SANTA ANA,산타아나,mt
MAPNAME|SANTA BARBARA,SANTA BARBARA,산타바버라,mt
MAPNAME|SANTA CATARINA,SANTA CATARINA,산타카타리나,mt
MAPNAME|SANTA CLARA,SANTA CLARA,산타클라라,mt
MAPNAME|SANTA CLARITA,SANTA CLARITA,산타클라리타,mt
MAPNAME|SANTA CRUZ,SANTA CRUZ,산타크루스,mt
MAPNAME|SANTA CRUZ CAPIBARIBE,SANTA CRUZ CAPIBARIBE,산타크루스카피바리비,mt
MAPNAME|SANTA CRUZ DE LA SIERRA,SANTA CRUZ DE LA SIERRA,산타크루스데라시에라,mt
MAPNAME|SANTA CRUZ DE TENERIFE,SANTA CRUZ DE TENERIFE,산타크루스데테네리페,mt
MAPNAME|SANTA CRUZ DO SUL,SANTA CRUZ DO SUL,산타크루스두술,mt
MAPNAME|SANTA EULALIA DEL RIO,SANTA EULALIA DEL RIO,산타에우랄리아델리오,mt
MAPNAME|SANTA FE,SANTA FE,산타페,mt
MAPNAME|SANTA INES,SANTA INES,산타이네스,mt
MAPNAME|SANTA LUZIA,SANTA LUZIA,산타루지아,mt
MAPNAME|SANTA MARIA,SANTA MARIA,산타마리아,mt
MAPNAME|SANTA MARTA,SANTA MARTA,산타마르타,mt
MAPNAME|SANTA MARÍA GAROÑA,SANTA MARÍA GAROÑA,산타마리아가로냐,mt
MAPNAME|SANTA MONICA,SANTA MONICA,산타모니카,mt
MAPNAME|SANTA PAULA,SANTA PAULA,산타파울라,mt
MAPNAME|SANTA POLA,SANTA POLA,산타폴라,mt
MAPNAME|SANTA RITA,SANTA RITA,산타리타,mt
MAPNAME|SANTA ROSA,SANTA ROSA,산타로사,mt
MAPNAME|SANTA VITÓRIA DO PALMAR,SANTA VITÓRIA DO PALMAR,산타비토리아두팔마르,mt
MAPNAME|SANTAFÉ DE BOGOTÁ,SANTAFÉ DE BOGOTÁ,산타페데보고타,mt
MAPNAME|SANTAFÉ DE BOGOTÁQ,SANTAFÉ DE BOGOTÁQ,산타페데보고타,mt
MAPNAME|SANTAI,SANTAI,싼타이,mt
MAPNAME|SANTANA,SANTANA,산타나,mt
MAPNAME|SANTANA DE PARNAIBA,SANTANA DE PARNAIBA,산타나지파르나이바,mt
MAPNAME|SANTANA DO LIVRAMENTO,SANTANA DO LIVRAMENTO,산타나두리브라멘투,mt
MAPNAME|SANTANDER,SANTANDER,산탄데르,mt
MAPNAME|SANTANDER DE QUILICHAO,SANTANDER DE QUILICHAO,산탄데르데킬리차오,mt
MAPNAME|SANTARÉM,SANTARÉM,산타렝,mt
MAPNAME|SANTIAGO,SANTIAGO,산티아고,mt
MAPNAME|SANTIAGO DE COMPOSTELA,SANTIAGO DE COMPOSTELA,산티아고데콤포스텔라,mt
MAPNAME|SANTIAGO DE CUBA,SANTIAGO DE CUBA,산티아고데쿠바,mt
MAPNAME|SANTIAGO DE VERAGUAS,SANTIAGO DE VERAGUAS,산티아고데베라과스,mt
MAPNAME|SANTIAGO DEL ESTERO,SANTIAGO DEL ESTERO,산티아고델에스테로,mt
MAPNAME|SANTIAGO IXCUINTLA,SANTIAGO IXCUINTLA,산티아고이스쿠인틀라,mt
MAPNAME|SANTIPUR,SANTIPUR,샨티푸르,mt
MAPNAME|SANTO AMARO,SANTO AMARO,산투아마루,mt
MAPNAME|SANTO ANDRÉ,SANTO ANDRÉ,산투안드레,mt
MAPNAME|SANTO ANGELO,SANTO ANGELO,산투앙젤루,mt
MAPNAME|SANTO DOMINGO,SANTO DOMINGO,산토도밍고,mt
MAPNAME|SANTO TOMÁS,SANTO TOMÁS,산토토마스,mt
MAPNAME|SANTOS,SANTOS,산투스,mt
MAPNAME|SANTOS DUMONT,SANTOS DUMONT,산투스두몽,mt
MAPNAME|SANYA,SANYA,싼야,mt
MAPNAME|SANZHEWEI,SANZHEWEI,싼저웨이,mt
MAPNAME|SAPELE,SAPELE,사펠레,mt
MAPNAME|SAPIRANGA,SAPIRANGA,사피랑가,mt
MAPNAME|SAPPORO,SAPPORO,삿포로,mt
MAPNAME|SAQQEZ,SAQQEZ,사케즈,mt
MAPNAME|SAQUAREMA,SAQUAREMA,사쿠아레마,mt
MAPNAME|SARA BURI,SARA BURI,사라부리,mt
MAPNAME|SARAJEVO,SARAJEVO,사라예보,mt
MAPNAME|SARAN,SARAN,사란,mt
MAPNAME|SARANSK,SARANSK,사란스크,mt
MAPNAME|SARAPUL,SARAPUL,사라풀,mt
MAPNAME|SARASOTA,SARASOTA,새러소타,mt
MAPNAME|SARATOGA,SARATOGA,새러토가,mt
MAPNAME|SARATOGA SPRINGS,SARATOGA SPRINGS,새러토가스프링스,mt
MAPNAME|SARATOV,SARATOV,사라토프,mt
MAPNAME|SARDARSHAHR,SARDARSHAHR,사르다르샤르,mt
MAPNAME|SARGOHDA,SARGOHDA,사르고다,mt
MAPNAME|SARH,SARH,사르,mt
MAPNAME|SARI,SARI,사리,mt
MAPNAME|SARIGAZI,SARIGAZI,사리가지,mt
MAPNAME|SARIWON,SARIWON,사리원,mt
MAPNAME|SARNIA,SARNIA,새니아,mt
MAPNAME|SAROVA,SAROVA,사로바,mt
MAPNAME|SARPSBORG,SARPSBORG,사르프스보르그,mt
MAPNAME|SARQANT,SARQANT,사르칸트,mt
MAPNAME|SASARAM,SASARAM,사사람,mt
MAPNAME|SASEBO,SASEBO,사세보,mt
MAPNAME|SASKATOON,SASKATOON,새스카툰,mt
MAPNAME|SASSARI,SASSARI,사사리,mt
MAPNAME|SATARA,SATARA,사타라,mt
MAPNAME|SATISH DHAWAN,SATISH DHAWAN,사티시다완,mt
MAPNAME|SATNA,SATNA,사트나,mt
MAPNAME|SATTAHIP,SATTAHIP,사타힙,mt
MAPNAME|SATU MARE,SATU MARE,사투마레,mt
MAPNAME|SAULT STE MARIE,SAULT STE MARIE,수세인트마리,mt
MAPNAME|SAUMLAKI,SAUMLAKI,사움라키,mt
MAPNAME|SAUMUR,SAUMUR,소뮈르,mt
MAPNAME|SAURIMO,SAURIMO,사우리무,mt
MAPNAME|SAVANNAH,SAVANNAH,서배나,mt
MAPNAME|SAVANNAKHÉT,SAVANNAKHÉT,사완나켓,mt
MAPNAME|SAVEH,SAVEH,사베,mt
MAPNAME|SAVELUGU,SAVELUGU,사벨루구,mt
MAPNAME|SAVONA,SAVONA,사보나,mt
MAPNAME|SAVONLINNA,SAVONLINNA,사본린나,mt
MAPNAME|SAWAHLUNTO,SAWAHLUNTO,사와룬토,mt
MAPNAME|SAWAI MADHOPUR,SAWAI MADHOPUR,사와이마도푸르,mt
MAPNAME|SAWAKIN,SAWAKIN,수아킨,mt
MAPNAME|SAWARA-KU,SAWARA-KU,사와라구,mt
MAPNAME|SAWATA,SAWATA,사와타,mt
MAPNAME|SAWBIL,SAWBIL,사우빌,mt
MAPNAME|SAWIA,SAWIA,사위아,mt
MAPNAME|SAXAVORD,SAXAVORD,색사보드,mt
MAPNAME|SAY'UN,SAY'UN,사이윤,mt
MAPNAME|SAYAMA,SAYAMA,사야마,mt
MAPNAME|SAYDA,SAYDA,사이다,mt
MAPNAME|SAYERVILLE,SAYERVILLE,세이어빌,mt
MAPNAME|SAYHAT,SAYHAT,사이하트,mt
MAPNAME|SAYN-SHANDA,SAYN-SHANDA,사인샨드,mt
MAPNAME|SAYULA,SAYULA,사율라,mt
MAPNAME|SCARBOROUGH,SCARBOROUGH,스카버러,mt
MAPNAME|SCHAUMBURG,SCHAUMBURG,섐버그,mt
MAPNAME|SCHENECTADY,SCHENECTADY,스키넥터디,mt
MAPNAME|SCHERERVILLE,SCHERERVILLE,셰러빌,mt
MAPNAME|SCHWEINFURT,SCHWEINFURT,슈바인푸르트,mt
MAPNAME|SCHWERIN,SCHWERIN,슈베린,mt
MAPNAME|SCHWERTE,SCHWERTE,슈베르테,mt
MAPNAME|SCHWÄBISCH,SCHWÄBISCH,슈베비슈,mt
MAPNAME|SCHËKINO,SCHËKINO,셰키노,mt
MAPNAME|SCOTTSDALE,SCOTTSDALE,스코츠데일,mt
MAPNAME|SCRANTON,SCRANTON,스크랜턴,mt
MAPNAME|SCUNTHORPE,SCUNTHORPE,스컨소프,mt
MAPNAME|SEABROOK,SEABROOK,시브룩,mt
MAPNAME|SEATOWN,SEATOWN,시타운,mt
MAPNAME|SEATTLE,SEATTLE,시애틀,mt
MAPNAME|SEBETA,SEBETA,세베타,mt
MAPNAME|SECUNDERABAD,SECUNDERABAD,세쿤데라바드,mt
MAPNAME|SECURITY,SECURITY,시큐리티,mt
MAPNAME|SEDALIA,SEDALIA,시데일리아,mt
MAPNAME|SEDHIOU,SEDHIOU,세디우,mt
MAPNAME|SEFROU,SEFROU,세프루,mt
MAPNAME|SEGAMAT,SEGAMAT,스가맛,mt
MAPNAME|SEGEZHA,SEGEZHA,세게자,mt
MAPNAME|SEGOVIA,SEGOVIA,세고비아,mt
MAPNAME|SEGUIN,SEGUIN,시귄,mt
MAPNAME|SEHORE,SEHORE,세호르,mt
MAPNAME|SEINÄJOKI,SEINÄJOKI,세이내요키,mt
MAPNAME|SEKONDI,SEKONDI,세콘디,mt
MAPNAME|SEKOTA,SEKOTA,세코타,mt
MAPNAME|SELEBI-PIKWE,SELEBI-PIKWE,셀레비피크웨,mt
MAPNAME|SELES,SELES,셀레스,mt
MAPNAME|SELFRIDGE ANGB,SELFRIDGE ANGB,셀프리지공군기지,mt
MAPNAME|SELMA,SELMA,셀마,mt
MAPNAME|SEMARA,SEMARA,스마라,mt
MAPNAME|SEMARANG,SEMARANG,스마랑,mt
MAPNAME|SEMEY,SEMEY,세메이,mt
MAPNAME|SEMNAN,SEMNAN,셈난,mt
MAPNAME|SEN CANEDO,SEN CANEDO,센카네두,mt
MAPNAME|SENAFE,SENAFE,세나페,mt
MAPNAME|SENAKI,SENAKI,세나키,mt
MAPNAME|SENANGA,SENANGA,세낭가,mt
MAPNAME|SENDAFA,SENDAFA,센다파,mt
MAPNAME|SENDAI,SENDAI,센다이,mt
MAPNAME|SENGEREMA,SENGEREMA,센게레마,mt
MAPNAME|SENGGE ZANGBO,SENGGE ZANGBO,센게창보,mt
MAPNAME|SENHOR DO BONFIM,SENHOR DO BONFIM,세뇨르두봉핑,mt
MAPNAME|SENNAR,SENNAR,센나르,mt
MAPNAME|SENOI,SENOI,세노이,mt
MAPNAME|SEONGNAM,SEONGNAM,성남,mt
MAPNAME|SEOSAN,SEOSAN,서산,mt
MAPNAME|SEOUL,SEOUL,서울,mt
MAPNAME|SEPT-ILES,SEPT-ILES,세프트일,mt
MAPNAME|SERAING,SERAING,세렝,mt
MAPNAME|SERANG,SERANG,세랑,mt
MAPNAME|SEREFLIKOCHISAR,SEREFLIKOCHISAR,세레플리코히사르,mt
MAPNAME|SEREMBAN,SEREMBAN,스렘반,mt
MAPNAME|SERENJE,SERENJE,세렌제,mt
MAPNAME|SERGIYEV POSAD,SERGIYEV POSAD,세르기예프포사드,mt
MAPNAME|SEROV,SEROV,세로프,mt
MAPNAME|SEROWE,SEROWE,세로웨,mt
MAPNAME|SERPUKHOV,SERPUKHOV,세르푸호프,mt
MAPNAME|SERRA,SERRA,세하,mt
MAPNAME|SERRA TALHADA,SERRA TALHADA,세하탈라다,mt
MAPNAME|SERRINHA,SERRINHA,세히냐,mt
MAPNAME|SERTAOZINHO,SERTAOZINHO,세르타오지뉴,mt
MAPNAME|SESHEKE,SESHEKE,세셰케,mt
MAPNAME|SETE LAGOAS,SETE LAGOAS,세치라고아스,mt
MAPNAME|SETTAT,SETTAT,세타트,mt
MAPNAME|SETÚBAL,SETÚBAL,세투발,mt
MAPNAME|SEVASTOPOL',SEVASTOPOL',세바스토폴,mt
MAPNAME|SEVERNA PARK,SEVERNA PARK,세번파크,mt
MAPNAME|SEVEROBAYKAL'SK,SEVEROBAYKAL'SK,세베로바이칼스크,mt
MAPNAME|SEVERODVINSK,SEVERODVINSK,세베로드빈스크,mt
MAPNAME|SEVEROMORSK,SEVEROMORSK,세베로모르스크,mt
MAPNAME|SEVERSK,SEVERSK,세베르스크,mt
MAPNAME|SEVILLA,SEVILLA,세비야,mt
MAPNAME|SEWARD,SEWARD,슈어드,mt
MAPNAME|SEYDISEHIR,SEYDISEHIR,세이디셰히르,mt
MAPNAME|SFANTU GHEORGHE,SFANTU GHEORGHE,스핀투게오르게,mt
MAPNAME|SFAX,SFAX,스팍스,mt
MAPNAME|SHABQADAR,SHABQADAR,샤브카다르,mt
MAPNAME|SHADRINSK,SHADRINSK,샤드린스크,mt
MAPNAME|SHAH ALAM,SHAH ALAM,샤알람,mt
MAPNAME|SHAHABAD,SHAHABAD,샤하바드,mt
MAPNAME|SHAHDADKOT,SHAHDADKOT,샤흐다드코트,mt
MAPNAME|SHAHDADPUR,SHAHDADPUR,샤흐다드푸르,mt
MAPNAME|SHAHDOL,SHAHDOL,샤흐돌,mt
MAPNAME|SHAHJAHANPUR,SHAHJAHANPUR,샤자한푸르,mt
MAPNAME|SHAHR-E KORD,SHAHR-E KORD,샤흐르코르드,mt
MAPNAME|SHAJAPUR,SHAJAPUR,샤자푸르,mt
MAPNAME|SHAKARGARR,SHAKARGARR,샤카르가르,mt
MAPNAME|SHAKER HEIGHTS,SHAKER HEIGHTS,셰이커하이츠,mt
MAPNAME|SHAKHRISABZ,SHAKHRISABZ,샤흐리사브스,mt
MAPNAME|SHAKHTERSKOYE,SHAKHTERSKOYE,샤흐테르스코예,mt
MAPNAME|SHAKHTINSK,SHAKHTINSK,샤흐틴스크,mt
MAPNAME|SHAKHTY,SHAKHTY,샤흐티,mt
MAPNAME|SHAKI,SHAKI,샤키,mt
MAPNAME|SHAKISO,SHAKISO,샤키소,mt
MAPNAME|SHAKOPEE,SHAKOPEE,섀커피,mt
MAPNAME|SHAMBU,SHAMBU,삼부,mt
MAPNAME|SHAMLI,SHAMLI,샴리,mt
MAPNAME|SHANDI,SHANDI,샨디,mt
MAPNAME|SHANGHAI,SHANGHAI,상하이,mt
MAPNAME|SHANGQIU,SHANGQIU,상추,mt
MAPNAME|SHANGRAN,SHANGRAN,상란,mt
MAPNAME|SHANGYU,SHANGYU,상위,mt
MAPNAME|SHANGZHI,SHANGZHI,상즈,mt
MAPNAME|SHANTOU,SHANTOU,산터우,mt
MAPNAME|SHANWEI,SHANWEI,산웨이,mt
MAPNAME|SHAODONG,SHAODONG,사오둥,mt
MAPNAME|SHAOGUAN,SHAOGUAN,사오관,mt
MAPNAME|SHAOWU,SHAOWU,사오우,mt
MAPNAME|SHAOXING,SHAOXING,사오싱,mt
MAPNAME|SHAOYANG,SHAOYANG,사오양,mt
MAPNAME|SHAQRA,SHAQRA,샤크라,mt
MAPNAME|SHARM EL-SHEIKH,SHARM EL-SHEIKH,샤름엘셰이크,mt
MAPNAME|SHASHERMENE,SHASHERMENE,샤셰메네,mt
MAPNAME|SHASHI,SHASHI,사스,mt
MAPNAME|SHAWAN,SHAWAN,사완,mt
MAPNAME|SHAWNEE,SHAWNEE,쇼니,mt
MAPNAME|SHAYKOVKA,SHAYKOVKA,샤이코프카,mt
MAPNAME|SHAYRAT,SHAYRAT,샤이라트,mt
MAPNAME|SHCHËLKOVO,SHCHËLKOVO,시촐코보,mt
MAPNAME|SHEARON HARRIS,SHEARON HARRIS,시어런해리스,mt
MAPNAME|SHEBERGHAN,SHEBERGHAN,셰베르간,mt
MAPNAME|SHEBOYGEN,SHEBOYGEN,시보이건,mt
MAPNAME|SHEFFIELD,SHEFFIELD,셰필드,mt
MAPNAME|SHEGAON,SHEGAON,셰가온,mt
MAPNAME|SHEKUPURA,SHEKUPURA,셰쿠푸라,mt
MAPNAME|SHELBY,SHELBY,셸비,mt
MAPNAME|SHELEK,SHELEK,셸렉,mt
MAPNAME|SHELTON,SHELTON,셸턴,mt
MAPNAME|SHEMNONAIHA,SHEMNONAIHA,셈노나이하,mt
MAPNAME|SHENO,SHENO,셰노,mt
MAPNAME|SHENYANG,SHENYANG,선양,mt
MAPNAME|SHENZHEN,SHENZHEN,선전,mt
MAPNAME|SHEOPUR,SHEOPUR,셰오푸르,mt
MAPNAME|SHEPPARTON,SHEPPARTON,셰퍼턴,mt
MAPNAME|SHERBROOKE,SHERBROOKE,셔브룩,mt
MAPNAME|SHERKOT,SHERKOT,셰르코트,mt
MAPNAME|SHERMAN,SHERMAN,셔먼,mt
MAPNAME|SHEWA ROBIT,SHEWA ROBIT,셰와로비트,mt
MAPNAME|SHEYANG,SHEYANG,서양,mt
MAPNAME|SHIBAM,SHIBAM,시밤,mt
MAPNAME|SHIBATA,SHIBATA,시바타,mt
MAPNAME|SHIBIN AL KAWM,SHIBIN AL KAWM,시빈엘콤,mt
MAPNAME|SHIBUKAWA,SHIBUKAWA,시부카와,mt
MAPNAME|SHICAOJI,SHICAOJI,스차오지,mt
MAPNAME|SHIHEZI COUNTY,SHIHEZI COUNTY,스허쯔,mt
MAPNAME|SHIJIAZHUANG,SHIJIAZHUANG,스자좡,mt
MAPNAME|SHIKARPUR,SHIKARPUR,시카르푸르,mt
MAPNAME|SHIKOHABAD,SHIKOHABAD,시코하바드,mt
MAPNAME|SHILIGURI,SHILIGURI,실리구리,mt
MAPNAME|SHILIPU,SHILIPU,스리푸,mt
MAPNAME|SHILLONG,SHILLONG,실롱,mt
MAPNAME|SHIMABARA,SHIMABARA,시마바라,mt
MAPNAME|SHIMANE,SHIMANE,시마네,mt
MAPNAME|SHIMANOVSK,SHIMANOVSK,시마놉스크,mt
MAPNAME|SHIMODATE,SHIMODATE,시모다테,mt
MAPNAME|SHIMOGO,SHIMOGO,시모고,mt
MAPNAME|SHIMONOSEKI,SHIMONOSEKI,시모노세키,mt
MAPNAME|SHINAS,SHINAS,시나스,mt
MAPNAME|SHINJO,SHINJO,신조,mt
MAPNAME|SHINSHIRO,SHINSHIRO,신시로,mt
MAPNAME|SHINYANGA,SHINYANGA,시냥가,mt
MAPNAME|SHIOJIRI,SHIOJIRI,시오지리,mt
MAPNAME|SHIRAKAWA,SHIRAKAWA,시라카와,mt
MAPNAME|SHIRARO,SHIRARO,시라로,mt
MAPNAME|SHIRATI,SHIRATI,시라티,mt
MAPNAME|SHIRAZ,SHIRAZ,시라즈,mt
MAPNAME|SHIRE INDA SILASE ,SHIRE INDA SILASE ,셰레인다실라세,mt
MAPNAME|SHIRLEY,SHIRLEY,셜리,mt
MAPNAME|SHIRPUR,SHIRPUR,시르푸르,mt
MAPNAME|SHIRVAN,SHIRVAN,시르반,mt
MAPNAME|SHISHOU,SHISHOU,스서우,mt
MAPNAME|SHIVPURI,SHIVPURI,시브푸리,mt
MAPNAME|SHIYAN,SHIYAN,스옌,mt
MAPNAME|SHIZUISHAN,SHIZUISHAN,스쭈이산,mt
MAPNAME|SHIZUOKA,SHIZUOKA,시즈오카,mt
MAPNAME|SHKODËR,SHKODËR,슈코더르,mt
MAPNAME|SHOLAPUR,SHOLAPUR,솔라푸르,mt
MAPNAME|SHONE,SHONE,쇼네,mt
MAPNAME|SHONJA,SHONJA,숀자,mt
MAPNAME|SHORKOT,SHORKOT,쇼르코트,mt
MAPNAME|SHOSTKA,SHOSTKA,쇼스트카,mt
MAPNAME|SHOUGUANG,SHOUGUANG,서우광,mt
MAPNAME|SHOUXIAN,SHOUXIAN,서우셴,mt
MAPNAME|SHREVEPORT,SHREVEPORT,슈리브포트,mt
MAPNAME|SHREWSBURY,SHREWSBURY,슈루즈버리,mt
MAPNAME|SHRIRAMPUR,SHRIRAMPUR,슈리람푸르,mt
MAPNAME|SHUANGCHENG,SHUANGCHENG,솽청,mt
MAPNAME|SHUANGFENG,SHUANGFENG,솽펑,mt
MAPNAME|SHUANGLIAO,SHUANGLIAO,솽랴오,mt
MAPNAME|SHUANGLIU,SHUANGLIU,솽류,mt
MAPNAME|SHUANGYASHAN,SHUANGYASHAN,솽야산,mt
MAPNAME|SHUBRA AL KHAYMAH,SHUBRA AL KHAYMAH,슈브라엘카이마,mt
MAPNAME|SHUCHENG,SHUCHENG,수청,mt
MAPNAME|SHUJAABAD,SHUJAABAD,슈자아바드,mt
MAPNAME|SHULAN,SHULAN,수란,mt
MAPNAME|SHUOXIAN,SHUOXIAN,숴셴,mt
MAPNAME|SHUSH,SHUSH,슈시,mt
MAPNAME|SHUSHTAR,SHUSHTAR,슈슈타르,mt
MAPNAME|SHUYA,SHUYA,슈야,mt
MAPNAME|SHUYANG,SHUYANG,수양,mt
MAPNAME|SHWEBO,SHWEBO,쉐보,mt
MAPNAME|SHYMKENT,SHYMKENT,심켄트,mt
MAPNAME|SI RACHA,SI RACHA,시라차,mt
MAPNAME|SIALKOT,SIALKOT,시알코트,mt
MAPNAME|SIAULIAI,SIAULIAI,샤울레이,mt
MAPNAME|SIBAY,SIBAY,시바이,mt
MAPNAME|SIBENIK,SIBENIK,시베니크,mt
MAPNAME|SIBI,SIBI,시비,mt
MAPNAME|SIBIU,SIBIU,시비우,mt
MAPNAME|SIBOLGA,SIBOLGA,시볼가,mt
MAPNAME|SIBSAGAR,SIBSAGAR,시브사가르,mt
MAPNAME|SIBU,SIBU,시부,mt
MAPNAME|SIBUT,SIBUT,시부트,mt
MAPNAME|SIDDHAPUR,SIDDHAPUR,싯다푸르,mt
MAPNAME|SIDDIPET,SIDDIPET,싯디펫,mt
MAPNAME|SIDI AISSA,SIDI AISSA,시디아이사,mt
MAPNAME|SIDI BEL ABBES,SIDI BEL ABBES,시디벨아베스,mt
MAPNAME|SIDI QACEM,SIDI QACEM,시디카셈,mt
MAPNAME|SIDI SLIMANE,SIDI SLIMANE,시디슬리만,mt
MAPNAME|SIDNEY,SIDNEY,시드니,mt
MAPNAME|SIDOARJO,SIDOARJO,시도아르조,mt
MAPNAME|SIEDLCE,SIEDLCE,시에들체,mt
MAPNAME|SIEGEN,SIEGEN,지겐,mt
MAPNAME|SIEMRÉAB,SIEMRÉAB,시엠레압,mt
MAPNAME|SIENA,SIENA,시에나,mt
MAPNAME|SIERRA DEPOT,SIERRA DEPOT,시에라디포,mt
MAPNAME|SIERRA VISTA,SIERRA VISTA,시에라비스타,mt
MAPNAME|SIGHETU MARMATIEI,SIGHETU MARMATIEI,시게투마르마치에이,mt
MAPNAME|SIGHISOARA,SIGHISOARA,시기쇼아라,mt
MAPNAME|SIGTUNA,SIGTUNA,시그투나,mt
MAPNAME|SIGUATEPEQUE,SIGUATEPEQUE,시구아테페케,mt
MAPNAME|SIGUIRI,SIGUIRI,시기리,mt
MAPNAME|SIGULDA,SIGULDA,시굴다,mt
MAPNAME|SIIRT,SIIRT,시이르트,mt
MAPNAME|SIKANDARABAD,SIKANDARABAD,시칸다라바드,mt
MAPNAME|SIKAR,SIKAR,시카르,mt
MAPNAME|SIKASSO,SIKASSO,시카소,mt
MAPNAME|SIKRI,SIKRI,시크리,mt
MAPNAME|SILAC,SILAC,실라크,mt
MAPNAME|SILAY,SILAY,실라이,mt
MAPNAME|SILCHAR,SILCHAR,실차르,mt
MAPNAME|SILIFKE,SILIFKE,실리프케,mt
MAPNAME|SILINJARVI,SILINJARVI,실린야르비,mt
MAPNAME|SILISTRA,SILISTRA,실리스트라,mt
MAPNAME|SILIVRI,SILIVRI,실리브리,mt
MAPNAME|SILOPI,SILOPI,실로피,mt
MAPNAME|SILVAN,SILVAN,실반,mt
MAPNAME|SILVER SPRING,SILVER SPRING,실버스프링,mt
MAPNAME|SILVEREK,SILVEREK,실베레크,mt
MAPNAME|SIMBA,SIMBA,심바,mt
MAPNAME|SIMFEROPOL',SIMFEROPOL',심페로폴,mt
MAPNAME|SIMI VALLEY,SIMI VALLEY,시미밸리,mt
MAPNAME|SIMLA,SIMLA,심라,mt
MAPNAME|SIMOES FIHO,SIMOES FIHO,시모이스필류,mt
MAPNAME|SIMUNYE,SIMUNYE,시무니에,mt
MAPNAME|SINABANG,SINABANG,시나방,mt
MAPNAME|SINCELEJO,SINCELEJO,신셀레호,mt
MAPNAME|SINCHANG,SINCHANG,신창,mt
MAPNAME|SINDELFINGEN,SINDELFINGEN,진델핑겐,mt
MAPNAME|SINDHNUR,SINDHNUR,신드누르,mt
MAPNAME|SINFRA,SINFRA,신프라,mt
MAPNAME|SINGAPORE,SINGAPORE,싱가포르,mt
MAPNAME|SINGARAJA,SINGARAJA,싱아라자,mt
MAPNAME|SINGIDA,SINGIDA,싱기다,mt
MAPNAME|SINJAH,SINJAH,신자,mt
MAPNAME|SINKAT,SINKAT,신카트,mt
MAPNAME|SINKAWANG,SINKAWANG,싱카왕,mt
MAPNAME|SINNURIS,SINNURIS,신누리스,mt
MAPNAME|SINOP,SINOP,시노프,mt
MAPNAME|SINPO,SINPO,신포,mt
MAPNAME|SINT-NIKLAAS,SINT-NIKLAAS,신트니콜라스,mt
MAPNAME|SINT-TRUIDEN,SINT-TRUIDEN,신트트라위던,mt
MAPNAME|SINUIJU,SINUIJU,신의주,mt
MAPNAME|SION,SION,시옹,mt
MAPNAME|SIOUX CITY,SIOUX CITY,수시티,mt
MAPNAME|SIOUX FALLS,SIOUX FALLS,수폴스,mt
MAPNAME|SIPALAY,SIPALAY,시팔라이,mt
MAPNAME|SIPING,SIPING,쓰핑,mt
MAPNAME|SIQUIRRES,SIQUIRRES,시키레스,mt
MAPNAME|SIRA,SIRA,시라,mt
MAPNAME|SIRACUSA,SIRACUSA,시라쿠사,mt
MAPNAME|SIRAJGANJ,SIRAJGANJ,시라지간즈,mt
MAPNAME|SIRE,SIRE,시레,mt
MAPNAME|SIRJAN,SIRJAN,시르잔,mt
MAPNAME|SIRKAKULAM,SIRKAKULAM,시르카쿨람,mt
MAPNAME|SIRNAK,SIRNAK,시르나크,mt
MAPNAME|SIRSA,SIRSA,시르사,mt
MAPNAME|SIRSI,SIRSI,시르시,mt
MAPNAME|SIRSILLA,SIRSILLA,시르실라,mt
MAPNAME|SISAK,SISAK,시사크,mt
MAPNAME|SISAKET,SISAKET,시사켓,mt
MAPNAME|SISOPHON,SISOPHON,시소폰,mt
MAPNAME|SITAMARHI,SITAMARHI,시타마르히,mt
MAPNAME|SITAPUR,SITAPUR,시타푸르,mt
MAPNAME|SITEKI,SITEKI,시테키,mt
MAPNAME|SITTARD-GELEEN,SITTARD-GELEEN,시타르트헬렌,mt
MAPNAME|SITTWE,SITTWE,시트웨,mt
MAPNAME|SIURI,SIURI,시우리,mt
MAPNAME|SIVAKASI,SIVAKASI,시바카시,mt
MAPNAME|SIVAS,SIVAS,시바스,mt
MAPNAME|SIVERSKIY,SIVERSKIY,시베르스키,mt
MAPNAME|SIWA,SIWA,시와,mt
MAPNAME|SIWAN,SIWAN,시완,mt
MAPNAME|SIYANG,SIYANG,쓰양,mt
MAPNAME|SIZEWELL,SIZEWELL,사이즈웰,mt
MAPNAME|SKAGEN,SKAGEN,스카엔,mt
MAPNAME|SKELLEFTEA,SKELLEFTEA,셸레프테오,mt
MAPNAME|SKIEN,SKIEN,시엔,mt
MAPNAME|SKIKDA,SKIKDA,스키크다,mt
MAPNAME|SKIROS,SKIROS,스키로스,mt
MAPNAME|SKIVE,SKIVE,스키베,mt
MAPNAME|SKOPJE,SKOPJE,스코페,mt
MAPNAME|SKOVORODINO,SKOVORODINO,스코보로디노,mt
MAPNAME|SKÖVDE,SKÖVDE,셰브데,mt
MAPNAME|SLAGELSE,SLAGELSE,슬라엘세,mt
MAPNAME|SLATINA,SLATINA,슬라티나,mt
MAPNAME|SLAVE LAKE,SLAVE LAKE,슬레이브호,mt
MAPNAME|SLAVGOROD,SLAVGOROD,슬라우고로드,mt
MAPNAME|SLAVONSKI BROD,SLAVONSKI BROD,슬라본스키브로트,mt
MAPNAME|SLAVYANSK-NA-KUBANI,SLAVYANSK-NA-KUBANI,슬라뱐스크나쿠바니,mt
MAPNAME|SLAWI,SLAWI,슬라위,mt
MAPNAME|SLIDELL,SLIDELL,슬라이델,mt
MAPNAME|SLIGO,SLIGO,슬라이고,mt
MAPNAME|SLIVEN,SLIVEN,슬리벤,mt
MAPNAME|SLOBOZIA,SLOBOZIA,슬로보지아,mt
MAPNAME|SLONIM,SLONIM,슬로님,mt
MAPNAME|SLOUGH,SLOUGH,슬라우,mt
MAPNAME|SLOV'YANS'K,SLOV'YANS'K,슬로뱐스크,mt
MAPNAME|SLUPSK,SLUPSK,스웁스크,mt
MAPNAME|SLUTSK,SLUTSK,슬루츠크,mt
MAPNAME|SMEDEREVO,SMEDEREVO,스메데레보,mt
MAPNAME|SMELA,SMELA,스멜라,mt
MAPNAME|SMIDOVICH,SMIDOVICH,스미도비치,mt
MAPNAME|SMILTENE,SMILTENE,스밀테네,mt
MAPNAME|SMITH RANCH,SMITH RANCH,스미스랜치,mt
MAPNAME|SMOLENSK,SMOLENSK,스몰렌스크,mt
MAPNAME|SMOLYAN,SMOLYAN,스몰랸,mt
MAPNAME|SMORGON',SMORGON',스모르곤,mt
MAPNAME|SMURAVEVO,SMURAVEVO,스무라베보,mt
MAPNAME|SMYRNA,SMYRNA,스미르나,mt
MAPNAME|SNEZHNOYE,SNEZHNOYE,스네즈노예,mt
MAPNAME|SOA,SOA,소아,mt
MAPNAME|SOACHA,SOACHA,소아차,mt
MAPNAME|SOALALA,SOALALA,소알랄라,mt
MAPNAME|SOANIERANA IVONGO,SOANIERANA IVONGO,소아니에라나이봉고,mt
MAPNAME|SOAVINADRIANA,SOAVINADRIANA,소아비나드리아나,mt
MAPNAME|SOBRAL,SOBRAL,소브라우,mt
MAPNAME|SOCHI,SOCHI,소치,mt
MAPNAME|SODO,SODO,소도,mt
MAPNAME|SOFIFI,SOFIFI,소피피,mt
MAPNAME|SOFIJA,SOFIJA,소피아,mt
MAPNAME|SOGAMOSO,SOGAMOSO,소가모소,mt
MAPNAME|SOGWIP'O,SOGWIP'O,서귀포,mt
MAPNAME|SOJA,SOJA,소자,mt
MAPNAME|SOKCH'O,SOKCH'O,속초,mt
MAPNAME|SOKE,SOKE,소케,mt
MAPNAME|SOKHUMI,SOKHUMI,수후미,mt
MAPNAME|SOKODÉ,SOKODÉ,소코데,mt
MAPNAME|SOKONE,SOKONE,소코네,mt
MAPNAME|SOKOTO,SOKOTO,소코토,mt
MAPNAME|SOLA,SOLA,솔라,mt
MAPNAME|SOLDOTNA,SOLDOTNA,솔도트나,mt
MAPNAME|SOLEDAD,SOLEDAD,솔레다드,mt
MAPNAME|SOLEDAD DE GRACIANO,SOLEDAD DE GRACIANO,솔레다드데그라시아노,mt
MAPNAME|SOLIKAMSK,SOLIKAMSK,솔리캄스크,mt
MAPNAME|SOLINGEN,SOLINGEN,졸링겐,mt
MAPNAME|SOLNECHNOGORSK,SOLNECHNOGORSK,솔네치노고르스크,mt
MAPNAME|SOLT,SOLT,솔트,mt
MAPNAME|SOLTSY,SOLTSY,솔시,mt
MAPNAME|SOLWEZI,SOLWEZI,솔웨지,mt
MAPNAME|SOMA,SOMA,소마,mt
MAPNAME|SOMBOR,SOMBOR,솜보르,mt
MAPNAME|SOMERSET EAST,SOMERSET EAST,서머싯이스트,mt
MAPNAME|SOMERSET WEST,SOMERSET WEST,서머싯웨스트,mt
MAPNAME|SON LA,SON LA,선라,mt
MAPNAME|SONDERBORG,SONDERBORG,쇠네르보,mt
MAPNAME|SONGEA,SONGEA,송게아,mt
MAPNAME|SONGJIANG,SONGJIANG,쑹장,mt
MAPNAME|SONGJINAG,SONGJINAG,쑹장,mt
MAPNAME|SONGKHLA,SONGKHLA,송클라,mt
MAPNAME|SONGZI,SONGZI,쑹쯔,mt
MAPNAME|SONIPAT,SONIPAT,소니팟,mt
MAPNAME|SONSONATE,SONSONATE,손소나테,mt
MAPNAME|SOPRON,SOPRON,쇼프론,mt
MAPNAME|SOREL,SOREL,소렐,mt
MAPNAME|SORIA,SORIA,소리아,mt
MAPNAME|SOROCA,SOROCA,소로카,mt
MAPNAME|SOROCABA,SOROCABA,소로카바,mt
MAPNAME|SORONG,SORONG,소롱,mt
MAPNAME|SOROTI,SOROTI,소로티,mt
MAPNAME|SORRISO,SORRISO,소히주,mt
MAPNAME|SORSOGON,SORSOGON,소르소곤,mt
MAPNAME|SORTLAND,SORTLAND,소르틀란,mt
MAPNAME|SOSNOVYY BOR,SOSNOVYY BOR,소스노비보르,mt
MAPNAME|SOSNOWIEC,SOSNOWIEC,소스노비에츠,mt
MAPNAME|SOUBRÉ,SOUBRÉ,수브레,mt
MAPNAME|SOUGUEUR,SOUGUEUR,수게르,mt
MAPNAME|SOUK AHRAS,SOUK AHRAS,수크아라스,mt
MAPNAME|SOUSA,SOUSA,소자,mt
MAPNAME|SOUTH BEND,SOUTH BEND,사우스벤드,mt
MAPNAME|SOUTH LAKE TAHOE,SOUTH LAKE TAHOE,사우스레이크타호,mt
MAPNAME|SOUTH SHIELDS,SOUTH SHIELDS,사우스실즈,mt
MAPNAME|SOUTH TEXAS PROJECT,SOUTH TEXAS PROJECT,사우스텍사스프로젝트,mt
MAPNAME|SOUTH UKRAINE,SOUTH UKRAINE,남우크라이나,mt
MAPNAME|SOUTHAMPTON,SOUTHAMPTON,사우샘프턴,mt
MAPNAME|SOUTHAVEN,SOUTHAVEN,사우스헤이븐,mt
MAPNAME|SOUTHEND-ON-SEA,SOUTHEND-ON-SEA,사우스엔드온시,mt
MAPNAME|SOUTHFIELD,SOUTHFIELD,사우스필드,mt
MAPNAME|SOUTHPORT,SOUTHPORT,사우스포트,mt
MAPNAME|SOVETSK,SOVETSK,소베츠크,mt
MAPNAME|SOVETSKAYA GAVAN,SOVETSKAYA GAVAN,소베츠카야가반,mt
MAPNAME|SOWETO,SOWETO,소웨토,mt
MAPNAME|SOYO,SOYO,소요,mt
MAPNAME|SPANISH FORK,SPANISH FORK,스패니시포크,mt
MAPNAME|SPANISH TOWN,SPANISH TOWN,스패니시타운,mt
MAPNAME|SPARTANBURG,SPARTANBURG,스파턴버그,mt
MAPNAME|SPEYER,SPEYER,슈파이어,mt
MAPNAME|SPISSKA NOVÁ VES,SPISSKA NOVÁ VES,스피슈스카노바베스,mt
MAPNAME|SPLIT,SPLIT,스플리트,mt
MAPNAME|SPOKANE,SPOKANE,스포캔,mt
MAPNAME|SPRING HILL,SPRING HILL,스프링힐,mt
MAPNAME|SPRING VALLEY,SPRING VALLEY,스프링밸리,mt
MAPNAME|SPRINGDALE,SPRINGDALE,스프링데일,mt
MAPNAME|SPRINGFIELD,SPRINGFIELD,스프링필드,mt
MAPNAME|SPRINGS,SPRINGS,스프링스,mt
MAPNAME|SREDNEURAL'SK,SREDNEURAL'SK,스레드네우랄스크,mt
MAPNAME|SREMSKA MITROVICA,SREMSKA MITROVICA,스렘스카미트로비차,mt
MAPNAME|SRI JAYAWARDENEPURA,SRI JAYAWARDENEPURA,스리자야와르데네푸라,mt
MAPNAME|SRI KALAHASTI,SRI KALAHASTI,스리칼라하스티,mt
MAPNAME|SRINAGAR,SRINAGAR,스리나가르,mt
MAPNAME|SRIVILLIPUTTUR,SRIVILLIPUTTUR,스리빌리푸투르,mt
MAPNAME|ST ALBANS,ST ALBANS,세인트올번스,mt
MAPNAME|ST ALBERT,ST ALBERT,세인트앨버트,mt
MAPNAME|ST CATHARINES,ST CATHARINES,세인트캐서린스,mt
MAPNAME|ST CATHERINES,ST CATHERINES,세인트캐서린스,mt
MAPNAME|ST CHARLES,ST CHARLES,세인트찰스,mt
MAPNAME|ST CLOUD,ST CLOUD,세인트클라우드,mt
MAPNAME|ST GALLEN,ST GALLEN,장크트갈렌,mt
MAPNAME|ST GEORGE'S,ST GEORGE'S,세인트조지스,mt
MAPNAME|ST HELENA,ST HELENA,세인트헬레나,mt
MAPNAME|ST HELENS,ST HELENS,세인트헬렌스,mt
MAPNAME|ST JOHN'S,ST JOHN'S,세인트존스,mt
MAPNAME|ST JOSEPH,ST JOSEPH,세인트조지프,mt
MAPNAME|ST KITTS,ST KITTS,세인트키츠,mt
MAPNAME|ST LOUIS,ST LOUIS,세인트루이스,mt
MAPNAME|ST PAUL,ST PAUL,세인트폴,mt
MAPNAME|ST PETERS,ST PETERS,세인트피터스,mt
MAPNAME|ST PETERSBURG,ST PETERSBURG,상트페테르부르크,mt
MAPNAME|ST PÖLTEN,ST PÖLTEN,장크트푈텐,mt
MAPNAME|ST THOMAS,ST THOMAS,세인트토머스,mt
MAPNAME|ST VINCENT,ST VINCENT,세인트빈센트,mt
MAPNAME|ST-JEAN-SUR-RICHELIEU,ST-JEAN-SUR-RICHELIEU,생장쉬르리슐리외,mt
MAPNAME|STADE,STADE,슈타데,mt
MAPNAME|STAFFORD,STAFFORD,스태퍼드,mt
MAPNAME|STALOWA WOLA,STALOWA WOLA,스탈로바볼라,mt
MAPNAME|STAMFORD,STAMFORD,스탬퍼드,mt
MAPNAME|STANDERTON,STANDERTON,스탠더턴,mt
MAPNAME|STANLEY,STANLEY,스탠리,mt
MAPNAME|STARA ZAGORA,STARA ZAGORA,스타라자고라,mt
MAPNAME|STARACHOWICE,STARACHOWICE,스타라호비체,mt
MAPNAME|STARAYA RUSSA,STARAYA RUSSA,스타라야루사,mt
MAPNAME|STARGARD SZCZECINSKI,STARGARD SZCZECINSKI,스타르가르트슈체친스키,mt
MAPNAME|STARKVILLE,STARKVILLE,스타크빌,mt
MAPNAME|STAROKONSTANTINOV,STAROKONSTANTINOV,스타로콘스탄티노프,mt
MAPNAME|STARYY OSKOL,STARYY OSKOL,스타리오스콜,mt
MAPNAME|STATE COLLEGE,STATE COLLEGE,스테이트칼리지,mt
MAPNAME|STATESBORO,STATESBORO,스테이츠버러,mt
MAPNAME|STATESVILLE,STATESVILLE,스테이츠빌,mt
MAPNAME|STAUNTON,STAUNTON,스톤턴,mt
MAPNAME|STAVANGER,STAVANGER,스타방에르,mt
MAPNAME|STAVROPOL',STAVROPOL',스타브로폴,mt
MAPNAME|STELLENBUSCH,STELLENBUSCH,스텔렌보스,mt
MAPNAME|STEORNABHAGH,STEORNABHAGH,스토너웨이,mt
MAPNAME|STEP,STEP,스텝,mt
MAPNAME|STEPNOGOR,STEPNOGOR,스테프노고르,mt
MAPNAME|STERLING,STERLING,스털링,mt
MAPNAME|STERLITAMAK,STERLITAMAK,스테를리타마크,mt
MAPNAME|STEUBENVILLE,STEUBENVILLE,스튜벤빌,mt
MAPNAME|STEVENAGE,STEVENAGE,스티버니지,mt
MAPNAME|STEVENS POINT,STEVENS POINT,스티븐스포인트,mt
MAPNAME|STEYR,STEYR,슈타이어,mt
MAPNAME|STILFONTEIN,STILFONTEIN,스틸폰테인,mt
MAPNAME|STILLWATER,STILLWATER,스틸워터,mt
MAPNAME|STIP,STIP,슈팁,mt
MAPNAME|STIRLING,STIRLING,스털링,mt
MAPNAME|STOCKHOLM,STOCKHOLM,스톡홀름,mt
MAPNAME|STOCKTON,STOCKTON,스톡턴,mt
MAPNAME|STOKE-ON-TRENT,STOKE-ON-TRENT,스토크온트렌트,mt
MAPNAME|STONEHENGE,STONEHENGE,스톤헨지,mt
MAPNAME|STRALSUND,STRALSUND,슈트랄준트,mt
MAPNAME|STRASBOURG,STRASBOURG,스트라스부르,mt
MAPNAME|STRATFORD,STRATFORD,스트랫퍼드,mt
MAPNAME|STRATHCONA,STRATHCONA,스트래스코나,mt
MAPNAME|STROMMEN,STROMMEN,스트뢰멘,mt
MAPNAME|STRONGSVILLE,STRONGSVILLE,스트롱스빌,mt
MAPNAME|STRUER,STRUER,스트루에르,mt
MAPNAME|STRUGA,STRUGA,스트루가,mt
MAPNAME|STRUMICA,STRUMICA,스트루미차,mt
MAPNAME|STRYY,STRYY,스트리,mt
MAPNAME|STRÄNGNÄS,STRÄNGNÄS,스트렝네스,mt
MAPNAME|STUPINO,STUPINO,스투피노,mt
MAPNAME|STUTTGART,STUTTGART,슈투트가르트,mt
MAPNAME|SUAI,SUAI,수아이,mt
MAPNAME|SUBANG,SUBANG,수방,mt
MAPNAME|SUBOTICA,SUBOTICA,수보티차,mt
MAPNAME|SUCEAVA,SUCEAVA,수체아바,mt
MAPNAME|SUCRE,SUCRE,수크레,mt
MAPNAME|SUDBURY,SUDBURY,서드베리,mt
MAPNAME|SUECA,SUECA,수에카,mt
MAPNAME|SUEYOSHI,SUEYOSHI,스에요시,mt
MAPNAME|SUFFOLK,SUFFOLK,서퍽,mt
MAPNAME|SUGAR LAND,SUGAR LAND,슈거랜드,mt
MAPNAME|SUHAJ,SUHAJ,수하그,mt
MAPNAME|SUHAR,SUHAR,소하르,mt
MAPNAME|SUIHUA,SUIHUA,쑤이화,mt
MAPNAME|SUILENG,SUILENG,쑤이링,mt
MAPNAME|SUINING,SUINING,쑤이닝,mt
MAPNAME|SUITLAND,SUITLAND,수틀랜드,mt
MAPNAME|SUIXI,SUIXI,쑤이시,mt
MAPNAME|SUIXIAN,SUIXIAN,쑤이셴,mt
MAPNAME|SUIZHONG,SUIZHONG,쑤이중,mt
MAPNAME|SUIZHOU,SUIZHOU,쑤이저우,mt
MAPNAME|SUJANGARH,SUJANGARH,수잔가르,mt
MAPNAME|SUKABUMI,SUKABUMI,수카부미,mt
MAPNAME|SUKAGAWA,SUKAGAWA,스카가와,mt
MAPNAME|SUKARAJA,SUKARAJA,수카라자,mt
MAPNAME|SUKKUR,SUKKUR,수쿠르,mt
MAPNAME|SULLANA,SULLANA,수야나,mt
MAPNAME|SULPHER,SULPHER,설퍼,mt
MAPNAME|SULTANPUR,SULTANPUR,술탄푸르,mt
MAPNAME|SULUOVA,SULUOVA,술루오바,mt
MAPNAME|SULUQ,SULUQ,술루크,mt
MAPNAME|SUMARE,SUMARE,수마레,mt
MAPNAME|SUMBAWANGA,SUMBAWANGA,숨바왕가,mt
MAPNAME|SUMBE,SUMBE,숨베,mt
MAPNAME|SUMEN,SUMEN,슈멘,mt
MAPNAME|SUMGAYIT,SUMGAYIT,숨가이트,mt
MAPNAME|SUMMER,SUMMER,서머,mt
MAPNAME|SUMMERSIDE,SUMMERSIDE,서머사이드,mt
MAPNAME|SUMMERVILLE,SUMMERVILLE,서머빌,mt
MAPNAME|SUMTER,SUMTER,섬터,mt
MAPNAME|SUMY,SUMY,수미,mt
MAPNAME|SUN CITY,SUN CITY,선시티,mt
MAPNAME|SUN PRAIRIE,SUN PRAIRIE,선프레리,mt
MAPNAME|SUNAM,SUNAM,수남,mt
MAPNAME|SUNBURY,SUNBURY,선버리,mt
MAPNAME|SUNCHEON,SUNCHEON,순천,mt
MAPNAME|SUNDERLAND,SUNDERLAND,선덜랜드,mt
MAPNAME|SUNDSVALL,SUNDSVALL,순스발,mt
MAPNAME|SUNGAI PETANI,SUNGAI PETANI,숭아이페타니,mt
MAPNAME|SUNNYVALE,SUNNYVALE,서니베일,mt
MAPNAME|SUNRISE MANOR,SUNRISE MANOR,선라이즈매너,mt
MAPNAME|SUNSHINE COAST,SUNSHINE COAST,선샤인코스트,mt
MAPNAME|SUNTAR,SUNTAR,순타르,mt
MAPNAME|SUNYANI,SUNYANI,순야니,mt
MAPNAME|SUPAUL,SUPAUL,수파울,mt
MAPNAME|SUPERIOR,SUPERIOR,슈피리어,mt
MAPNAME|SUPHAN BURI,SUPHAN BURI,수판부리,mt
MAPNAME|SUQIAN,SUQIAN,쑤첸,mt
MAPNAME|SUR,SUR,수르,mt
MAPNAME|SURABAYA,SURABAYA,수라바야,mt
MAPNAME|SURAKARTA,SURAKARTA,수라카르타,mt
MAPNAME|SURAT,SURAT,수라트,mt
MAPNAME|SURAT THANI,SURAT THANI,수랏타니,mt
MAPNAME|SURATGARH,SURATGARH,수랏가르,mt
MAPNAME|SURENDRANAGAR,SURENDRANAGAR,수렌드라나가르,mt
MAPNAME|SURGUT,SURGUT,수르구트,mt
MAPNAME|SURIAPET,SURIAPET,수리아펫,mt
MAPNAME|SURIGAO,SURIGAO,수리가오,mt
MAPNAME|SURIN,SURIN,수린,mt
MAPNAME|SURREY,SURREY,서리,mt
MAPNAME|SURRY,SURRY,서리,mt
MAPNAME|SURT,SURT,시르테,mt
MAPNAME|SURUC,SURUC,수루츠,mt
MAPNAME|SUSAH,SUSAH,수사,mt
MAPNAME|SUSANGERD,SUSANGERD,수샨게르드,mt
MAPNAME|SUSQUEHANNA,SUSQUEHANNA,서스쿼해나,mt
MAPNAME|SUTTON COLDFIELD,SUTTON COLDFIELD,서턴콜드필드,mt
MAPNAME|SUVA,SUVA,수바,mt
MAPNAME|SUWA,SUWA,스와,mt
MAPNAME|SUWALKI,SUWALKI,수바우키,mt
MAPNAME|SUWON,SUWON,수원,mt
MAPNAME|SUZHOU,SUZHOU,쑤저우,mt
MAPNAME|SUZUKA,SUZUKA,스즈카,mt
MAPNAME|SVENDBORG,SVENDBORG,스벤보르,mt
MAPNAME|SVERDLOVS'K,SVERDLOVS'K,스베르들롭스크,mt
MAPNAME|SVETLOGORSK,SVETLOGORSK,스베틀로고르스크,mt
MAPNAME|SVETLOVODSK,SVETLOVODSK,스베틀로보츠크,mt
MAPNAME|SVETLYY,SVETLYY,스베틀리,mt
MAPNAME|SVILENGRAD,SVILENGRAD,스빌렌그라드,mt
MAPNAME|SVOBODNYY,SVOBODNYY,스보보드니,mt
MAPNAME|SWABIL,SWABIL,스와빌,mt
MAPNAME|SWAKOPMUND,SWAKOPMUND,스바코프문트,mt
MAPNAME|SWANSEA,SWANSEA,스완지,mt
MAPNAME|SWEDRU,SWEDRU,스웨드루,mt
MAPNAME|SWELLENDAM,SWELLENDAM,스웰렌담,mt
MAPNAME|SWIDNICA,SWIDNICA,시비드니차,mt
MAPNAME|SWIDWIN,SWIDWIN,시비드빈,mt
MAPNAME|SWIFT CURRENT,SWIFT CURRENT,스위프트커런트,mt
MAPNAME|SWINDON,SWINDON,스윈던,mt
MAPNAME|SWINOUJSCIE,SWINOUJSCIE,시비노우이시치에,mt
MAPNAME|SYDNEY,SYDNEY,시드니,mt
MAPNAME|SYEVERODETS'K,SYEVERODETS'K,시에베로도네츠크,mt
MAPNAME|SYKTYVKAR,SYKTYVKAR,시크티프카르,mt
MAPNAME|SYLHET,SYLHET,실헷,mt
MAPNAME|SYRACUSE,SYRACUSE,시러큐스,mt
MAPNAME|SYZRAN',SYZRAN',시즈란,mt
MAPNAME|SZCZECIN,SZCZECIN,슈체친,mt
MAPNAME|SZEGED,SZEGED,세게드,mt
MAPNAME|SZEKSZÁRD,SZEKSZÁRD,섹사르드,mt
MAPNAME|SZENTES,SZENTES,센테시,mt
MAPNAME|SZOLNOK,SZOLNOK,솔노크,mt
MAPNAME|SZOMBATHELY,SZOMBATHELY,쇰버트헤이,mt
MAPNAME|SZÉKESFEHÉRVÁR,SZÉKESFEHÉRVÁR,세케슈페헤르바르,mt
MAPNAME|SÁMOS,SÁMOS,사모스,mt
MAPNAME|SÃO BENTO DO SUL,SÃO BENTO DO SUL,상벤투두술,mt
MAPNAME|SÃO BERNARDO DO CAMPO,SÃO BERNARDO DO CAMPO,상베르나르두두캄푸,mt
MAPNAME|SÃO BORJA,SÃO BORJA,상보르자,mt
MAPNAME|SÃO CARLOS,SÃO CARLOS,상카를루스,mt
MAPNAME|SÃO CRISTÓVAO,SÃO CRISTÓVAO,상크리스토방,mt
MAPNAME|SÃO FILIPE,SÃO FILIPE,상필리피,mt
MAPNAME|SÃO GABRIEL,SÃO GABRIEL,상가브리엘,mt
MAPNAME|SÃO GONCALO,SÃO GONCALO,상곤살루,mt
MAPNAME|SÃO JOAO DA BOA VISTA,SÃO JOAO DA BOA VISTA,상주앙다보아비스타,mt
MAPNAME|SÃO JOAO DEL REI,SÃO JOAO DEL REI,상주앙델헤이,mt
MAPNAME|SÃO JOAQUIM DA BARRA,SÃO JOAQUIM DA BARRA,상조아킹다바하,mt
MAPNAME|SÃO JOSÉ,SÃO JOSÉ,상조제,mt
MAPNAME|SÃO JOSÉ DO RIO PARDO,SÃO JOSÉ DO RIO PARDO,상조제두히우파르두,mt
MAPNAME|SÃO JOSÉ DO RIO PRETO,SÃO JOSÉ DO RIO PRETO,상조제두히우프레투,mt
MAPNAME|SÃO JOSÉ DOS PINHAIS,SÃO JOSÉ DOS PINHAIS,상조제두스피냐이스,mt
MAPNAME|SÃO JOSÓ,SÃO JOSÓ,상조제,mt
MAPNAME|SÃO LOURENCO,SÃO LOURENCO,상로렌수,mt
MAPNAME|SÃO LUÍS,SÃO LUÍS,상루이스,mt
MAPNAME|SÃO MATEUS,SÃO MATEUS,상마테우스,mt
MAPNAME|SÃO MIGUEL D'OESTE,SÃO MIGUEL D'OESTE,상미겔도에스치,mt
MAPNAME|SÃO PAULO,SÃO PAULO,상파울루,mt
MAPNAME|SÃO PEDRO,SÃO PEDRO,상페드루,mt
MAPNAME|SÃO ROQUE,SÃO ROQUE,상호키,mt
MAPNAME|SÃO SEBASTIAO,SÃO SEBASTIAO,상세바스티앙,mt
MAPNAME|SÃO TOMÉ,SÃO TOMÉ,상투메,mt
MAPNAME|SÄKI,SÄKI,세키,mt
MAPNAME|SÄMKIR,SÄMKIR,샴키르,mt
MAPNAME|SÉGOU,SÉGOU,세구,mt
MAPNAME|SÉGUÉLA,SÉGUÉLA,세겔라,mt
MAPNAME|SÉRRAI,SÉRRAI,세레스,mt
MAPNAME|SÉTIF,SÉTIF,세티프,mt
MAPNAME|SÓC TRANG,SÓC TRANG,속짱,mt
MAPNAME|SÖDERHAMN,SÖDERHAMN,쇠데르함,mt
MAPNAME|SÖDERTÄLJE,SÖDERTÄLJE,쇠데르텔리에,mt
MAPNAME|SÜHBAATAR,SÜHBAATAR,수흐바타르,mt
MAPNAME|SÜLÜKTÜ,SÜLÜKTÜ,술루크투,mt
MAPNAME|T'AI-TUNG,T'AI-TUNG,타이퉁,mt
MAPNAME|T'ELAVI,T'ELAVI,텔라비,mt
MAPNAME|TA-CHIA,TA-CHIA,다자,mt
MAPNAME|TABACO,TABACO,타바코,mt
MAPNAME|TABAGO,TABAGO,타바고,mt
MAPNAME|TABANKULU,TABANKULU,타반쿨루,mt
MAPNAME|TABAS,TABAS,타바스,mt
MAPNAME|TABATINGA,TABATINGA,타바틴가,mt
MAPNAME|TABORA,TABORA,타보라,mt
MAPNAME|TABRIZ,TABRIZ,타브리즈,mt
MAPNAME|TABUK,TABUK,타북,mt
MAPNAME|TACAMBARO DE CODALLOS,TACAMBARO DE CODALLOS,타캄바로데코달료스,mt
MAPNAME|TACHENG,TACHENG,타청,mt
MAPNAME|TACLOBARI,TACLOBARI,타클로바리,mt
MAPNAME|TACNA,TACNA,타크나,mt
MAPNAME|TACOMA,TACOMA,타코마,mt
MAPNAME|TACUAREMBÓ,TACUAREMBÓ,타쿠아렘보,mt
MAPNAME|TACURONG,TACURONG,타쿠롱,mt
MAPNAME|TADEPALLEGUDEM,TADEPALLEGUDEM,타데팔레구뎀,mt
MAPNAME|TADMURIYAH,TADMURIYAH,타드무리야,mt
MAPNAME|TADPATRI,TADPATRI,타드파트리,mt
MAPNAME|TAEBAEK,TAEBAEK,태백,mt
MAPNAME|TAGAJO,TAGAJO,다가조,mt
MAPNAME|TAGANROG,TAGANROG,타간로크,mt
MAPNAME|TAGAWA,TAGAWA,다가와,mt
MAPNAME|TAGBILARAN,TAGBILARAN,탁빌라란,mt
MAPNAME|TAGUM,TAGUM,타굼,mt
MAPNAME|TAHARA,TAHARA,다하라,mt
MAPNAME|TAHE,TAHE,타허,mt
MAPNAME|TAHOUA,TAHOUA,타후아,mt
MAPNAME|TAHTA,TAHTA,타흐타,mt
MAPNAME|TAI'AN,TAI'AN,타이안,mt
MAPNAME|TAICHENG,TAICHENG,타이청,mt
MAPNAME|TAICHUNG,TAICHUNG,타이중,mt
MAPNAME|TAIHE,TAIHE,타이허,mt
MAPNAME|TAILAI,TAILAI,타이라이,mt
MAPNAME|TAINAN,TAINAN,타이난,mt
MAPNAME|TAIPEI,TAIPEI,타이베이,mt
MAPNAME|TAIPING,TAIPING,타이핑,mt
MAPNAME|TAIXIAN,TAIXIAN,타이셴,mt
MAPNAME|TAIXING,TAIXING,타이싱,mt
MAPNAME|TAIYUAN,TAIYUAN,타이위안,mt
MAPNAME|TAIZ,TAIZ,타이즈,mt
MAPNAME|TAIZHOU,TAIZHOU,타이저우,mt
MAPNAME|TAJGA,TAJGA,타이가,mt
MAPNAME|TAJIMI,TAJIMI,다지미,mt
MAPNAME|TAKAHAMA,TAKAHAMA,다카하마,mt
MAPNAME|TAKAMATSU,TAKAMATSU,다카마쓰,mt
MAPNAME|TAKAOKA,TAKAOKA,다카오카,mt
MAPNAME|TAKASAKI,TAKASAKI,다카사키,mt
MAPNAME|TAKASHIMA,TAKASHIMA,다카시마,mt
MAPNAME|TAKATSUKI,TAKATSUKI,다카쓰키,mt
MAPNAME|TAKAYAMA,TAKAYAMA,다카야마,mt
MAPNAME|TAKEFU,TAKEFU,다케후,mt
MAPNAME|TAKEO,TAKEO,타케오,mt
MAPNAME|TAKESTAN,TAKESTAN,타케스탄,mt
MAPNAME|TAKHLI,TAKHLI,타클리,mt
MAPNAME|TAKIKAWA,TAKIKAWA,다키카와,mt
MAPNAME|TAKIZAWA,TAKIZAWA,다키자와,mt
MAPNAME|TAKORADI,TAKORADI,타코라디,mt
MAPNAME|TAKPOIMA,TAKPOIMA,탁포이마,mt
MAPNAME|TAL'MENKA,TAL'MENKA,탈멘카,mt
MAPNAME|TALARA,TALARA,탈라라,mt
MAPNAME|TALAS,TALAS,탈라스,mt
MAPNAME|TALAVERA DE LA REINA,TALAVERA DE LA REINA,탈라베라데라레이나,mt
MAPNAME|TALCA,TALCA,탈카,mt
MAPNAME|TALCHER,TALCHER,탈체르,mt
MAPNAME|TALDY-KURGAN,TALDY-KURGAN,탈디쿠르간,mt
MAPNAME|TALIPARAMBA,TALIPARAMBA,탈리파람바,mt
MAPNAME|TALISAY,TALISAY,탈리사이,mt
MAPNAME|TALIWABG,TALIWABG,탈리왕,mt
MAPNAME|TALKEETNA,TALKEETNA,탈키트나,mt
MAPNAME|TALLAGHT,TALLAGHT,탈라트,mt
MAPNAME|TALLAHASSEE,TALLAHASSEE,탈라해시,mt
MAPNAME|TALLINN,TALLINN,탈린,mt
MAPNAME|TALOQAN,TALOQAN,탈로칸,mt
MAPNAME|TALSI,TALSI,탈시,mt
MAPNAME|TAM KY,TAM KY,탐끼,mt
MAPNAME|TAMALE,TAMALE,타말레,mt
MAPNAME|TAMANA,TAMANA,타마나,mt
MAPNAME|TAMANO,TAMANO,다마노,mt
MAPNAME|TAMANRASSET,TAMANRASSET,타만라세트,mt
MAPNAME|TAMBACOUNDA,TAMBACOUNDA,탕바쿤다,mt
MAPNAME|TAMBARAM,TAMBARAM,탐바람,mt
MAPNAME|TAMBO,TAMBO,탐보,mt
MAPNAME|TAMBOV,TAMBOV,탐보프,mt
MAPNAME|TAMBURA,TAMBURA,탐부라,mt
MAPNAME|TAMPA,TAMPA,탬파,mt
MAPNAME|TAMPERE,TAMPERE,탐페레,mt
MAPNAME|TAMPICO,TAMPICO,탐피코,mt
MAPNAME|TAMWORTH,TAMWORTH,탬워스,mt
MAPNAME|TAN-TAN,TAN-TAN,탄탄,mt
MAPNAME|TANABE,TANABE,다나베,mt
MAPNAME|TANAUAN,TANAUAN,타나우안,mt
MAPNAME|TANCHON,TANCHON,단천,mt
MAPNAME|TANDA,TANDA,탄다,mt
MAPNAME|TANDIL,TANDIL,탄딜,mt
MAPNAME|TANDO ADAM,TANDO ADAM,탄도아담,mt
MAPNAME|TANDO ALLAHYAR,TANDO ALLAHYAR,탄도알라야르,mt
MAPNAME|TANDO MUHAMMAD KHAN,TANDO MUHAMMAD KHAN,탄도무함마드칸,mt
MAPNAME|TANDUR,TANDUR,탄두르,mt
MAPNAME|TANGA,TANGA,탕가,mt
MAPNAME|TANGAIL,TANGAIL,탕가일,mt
MAPNAME|TANGARÁ DA SERRA,TANGARÁ DA SERRA,탕가라다세하,mt
MAPNAME|TANGER,TANGER,탕헤르,mt
MAPNAME|TANGERANG,TANGERANG,탕에랑,mt
MAPNAME|TANGKENG,TANGKENG,탕겡,mt
MAPNAME|TANGSHAN,TANGSHAN,탕산,mt
MAPNAME|TANGYUAN,TANGYUAN,탕위안,mt
MAPNAME|TANJAY,TANJAY,탄하이,mt
MAPNAME|TANJUNGBALAI,TANJUNGBALAI,탄중발라이,mt
MAPNAME|TANJUNGKARANG,TANJUNGKARANG,탄중카랑,mt
MAPNAME|TANJUNGPANDAN,TANJUNGPANDAN,탄중판당,mt
MAPNAME|TANJUNGPINANG,TANJUNGPINANG,탄중피낭,mt
MAPNAME|TANTA,TANTA,탄타,mt
MAPNAME|TANUKU,TANUKU,타누쿠,mt
MAPNAME|TAOLAGNARO,TAOLAGNARO,타올라냐로,mt
MAPNAME|TAONAN,TAONAN,타오난,mt
MAPNAME|TAOURIRT,TAOURIRT,타우리르트,mt
MAPNAME|TAOYUAN,TAOYUAN,타오위안,mt
MAPNAME|TAPACHULA,TAPACHULA,타파출라,mt
MAPNAME|TAPETA,TAPETA,타페타,mt
MAPNAME|TAQAH,TAQAH,타카,mt
MAPNAME|TAQUARITINGA,TAQUARITINGA,타쿠아리칭가,mt
MAPNAME|TARABULUS,TARABULUS,트리폴리,mt
MAPNAME|TARAKAN,TARAKAN,타라칸,mt
MAPNAME|TARANTO,TARANTO,타란토,mt
MAPNAME|TARAPOTO,TARAPOTO,타라포토,mt
MAPNAME|TARAPUR,TARAPUR,타라푸르,mt
MAPNAME|TARAZ,TARAZ,타라즈,mt
MAPNAME|TARBES,TARBES,타르브,mt
MAPNAME|TAREE,TAREE,타리,mt
MAPNAME|TAREMPAH,TAREMPAH,타렘파,mt
MAPNAME|TARGOVISTE,TARGOVISTE,트르고비슈테,mt
MAPNAME|TARHUNAH,TARHUNAH,타르후나,mt
MAPNAME|TARIJA,TARIJA,타리하,mt
MAPNAME|TARIM,TARIM,타림,mt
MAPNAME|TARIME,TARIME,타리메,mt
MAPNAME|TARKWA,TARKWA,타르콰,mt
MAPNAME|TARLAC,TARLAC,타를락,mt
MAPNAME|TARMA,TARMA,타르마,mt
MAPNAME|TARN TARAN,TARN TARAN,타른타란,mt
MAPNAME|TARNOBRZEG,TARNOBRZEG,타르노브제크,mt
MAPNAME|TARNOWSKIE GÓRY,TARNOWSKIE GÓRY,타르노프스키에구리,mt
MAPNAME|TARNÓW,TARNÓW,타르누프,mt
MAPNAME|TAROUDANNT,TAROUDANNT,타루단트,mt
MAPNAME|TARPON SPRINGS,TARPON SPRINGS,타폰스프링스,mt
MAPNAME|TARRAGONA,TARRAGONA,타라고나,mt
MAPNAME|TARSUS,TARSUS,타르수스,mt
MAPNAME|TARTAGAL,TARTAGAL,타르타갈,mt
MAPNAME|TARTU,TARTU,타르투,mt
MAPNAME|TARTUS,TARTUS,타르투스,mt
MAPNAME|TASHI GANG DZONG,TASHI GANG DZONG,타시강종,mt
MAPNAME|TASHKENT,TASHKENT,타슈켄트,mt
MAPNAME|TASIKMALAYA,TASIKMALAYA,타식말라야,mt
MAPNAME|TASTAGOL,TASTAGOL,타스타골,mt
MAPNAME|TATABÁNYA,TATABÁNYA,터터버녀,mt
MAPNAME|TATAR,TATAR,타타르,mt
MAPNAME|TATAWIN,TATAWIN,타타윈,mt
MAPNAME|TATEYAMA,TATEYAMA,다테야마,mt
MAPNAME|TATISHCHEVO,TATISHCHEVO,타티셰보,mt
MAPNAME|TATSUNO,TATSUNO,다쓰노,mt
MAPNAME|TATUI,TATUI,타투이,mt
MAPNAME|TATVAN,TATVAN,타트반,mt
MAPNAME|TAUBATÉ,TAUBATÉ,타우바테,mt
MAPNAME|TAUNGGYI,TAUNGGYI,타웅지,mt
MAPNAME|TAUNTON,TAUNTON,톤턴,mt
MAPNAME|TAUPO,TAUPO,타우포,mt
MAPNAME|TAURAGE,TAURAGE,타우라게,mt
MAPNAME|TAURANGA,TAURANGA,타우랑가,mt
MAPNAME|TAVOY,TAVOY,타보이,mt
MAPNAME|TAVSANLI,TAVSANLI,타브샨르,mt
MAPNAME|TAWAI,TAWAI,타와이,mt
MAPNAME|TAWAU,TAWAU,타와우,mt
MAPNAME|TAWKAR,TAWKAR,타우카르,mt
MAPNAME|TAWZAR,TAWZAR,타우자르,mt
MAPNAME|TAXCO DE ALARCÓN,TAXCO DE ALARCÓN,탁스코데알라르콘,mt
MAPNAME|TAXILA,TAXILA,탁실라,mt
MAPNAME|TAYLORS,TAYLORS,테일러스,mt
MAPNAME|TAYLORSVILLE,TAYLORSVILLE,테일러스빌,mt
MAPNAME|TAYMA,TAYMA,타이마,mt
MAPNAME|TAYSHET,TAYSHET,타이셰트,mt
MAPNAME|TAZA,TAZA,타자,mt
MAPNAME|TBILISI,TBILISI,트빌리시,mt
MAPNAME|TCHEBOA,TCHEBOA,체보아,mt
MAPNAME|TCHIROZERINE,TCHIROZERINE,치로제린,mt
MAPNAME|TCZEW,TCZEW,트체프,mt
MAPNAME|TEBING TINGGI,TEBING TINGGI,테빙팅기,mt
MAPNAME|TEBINGTINGGI,TEBINGTINGGI,테빙팅기,mt
MAPNAME|TECATE,TECATE,테카테,mt
MAPNAME|TECHIMAN,TECHIMAN,테키만,mt
MAPNAME|TECOMÁN,TECOMÁN,테코만,mt
MAPNAME|TECUCI,TECUCI,테쿠치,mt
MAPNAME|TEFÉ,TEFÉ,테페,mt
MAPNAME|TEGAL,TEGAL,테갈,mt
MAPNAME|TEGUCIGALPA,TEGUCIGALPA,테구시갈파,mt
MAPNAME|TEHRAN,TEHRAN,테헤란,mt
MAPNAME|TEHUACÁN,TEHUACÁN,테우아칸,mt
MAPNAME|TEIXEIRA DE FREITAS,TEIXEIRA DE FREITAS,테이셰이라지프레이타스,mt
MAPNAME|TEJEN,TEJEN,테젠,mt
MAPNAME|TEKELI,TEKELI,테켈리,mt
MAPNAME|TEKIRDAG,TEKIRDAG,테키르다으,mt
MAPNAME|TEL AVIV-YAFO,TEL AVIV-YAFO,텔아비브야포,mt
MAPNAME|TELAVI,TELAVI,텔라비,mt
MAPNAME|TELDE,TELDE,텔데,mt
MAPNAME|TELEMACO BORBA,TELEMACO BORBA,텔레마쿠보르바,mt
MAPNAME|TELFS,TELFS,텔프스,mt
MAPNAME|TELIMELE,TELIMELE,텔리멜레,mt
MAPNAME|TELLICHERRY,TELLICHERRY,텔리체리,mt
MAPNAME|TELOLOAPAN,TELOLOAPAN,텔롤로아판,mt
MAPNAME|TELSIAI,TELSIAI,텔셰이,mt
MAPNAME|TELUK INTAN,TELUK INTAN,텔룩인탄,mt
MAPNAME|TEMA,TEMA,테마,mt
MAPNAME|TEMBISA,TEMBISA,템비사,mt
MAPNAME|TEMBRILAHAN,TEMBRILAHAN,템브릴라한,mt
MAPNAME|TEMELIN,TEMELIN,테멜린,mt
MAPNAME|TEMERIN,TEMERIN,테메린,mt
MAPNAME|TEMIRTAUSKIY,TEMIRTAUSKIY,테미르타우스키,mt
MAPNAME|TEMPE,TEMPE,템피,mt
MAPNAME|TEMPLE,TEMPLE,템플,mt
MAPNAME|TEMPLE TERRACE,TEMPLE TERRACE,템플테라스,mt
MAPNAME|TEMUCO,TEMUCO,테무코,mt
MAPNAME|TENALI,TENALI,테날리,mt
MAPNAME|TENDO,TENDO,덴도,mt
MAPNAME|TENGIZ OIL FIELD,TENGIZ OIL FIELD,텡기즈유전,mt
MAPNAME|TENGXIAN,TENGXIAN,텅셴,mt
MAPNAME|TENKASI,TENKASI,텡카시,mt
MAPNAME|TENNANT CREEK,TENNANT CREEK,테넌트크리크,mt
MAPNAME|TEOCALTICHE,TEOCALTICHE,테오칼티체,mt
MAPNAME|TEPATITLÁN DE MORELOS,TEPATITLÁN DE MORELOS,테파티틀란데모렐로스,mt
MAPNAME|TEPI,TEPI,테피,mt
MAPNAME|TEPIC,TEPIC,테픽,mt
MAPNAME|TEQUILA,TEQUILA,테킬라,mt
MAPNAME|TERAMO,TERAMO,테라모,mt
MAPNAME|TERESINA,TERESINA,테레시나,mt
MAPNAME|TERESÓPOLIS,TERESÓPOLIS,테레조폴리스,mt
MAPNAME|TERMAS DE RIO HONDO ,TERMAS DE RIO HONDO ,테르마스데리오혼도,mt
MAPNAME|TERMIZ,TERMIZ,테르미즈,mt
MAPNAME|TERNATE,TERNATE,테르나테,mt
MAPNAME|TERNEUZEN,TERNEUZEN,테르뇌전,mt
MAPNAME|TERNI,TERNI,테르니,mt
MAPNAME|TERNOPIL',TERNOPIL',테르노필,mt
MAPNAME|TERRE HAUTE,TERRE HAUTE,테레호트,mt
MAPNAME|TERREBONNE,TERREBONNE,테르본,mt
MAPNAME|TERUEL,TERUEL,테루엘,mt
MAPNAME|TESISTAN,TESISTAN,테시스탄,mt
MAPNAME|TETE,TETE,테테,mt
MAPNAME|TETOVO,TETOVO,테토보,mt
MAPNAME|TEXARKANA,TEXARKANA,텍사캐나,mt
MAPNAME|TEYATEYANENG,TEYATEYANENG,테야테야넹,mt
MAPNAME|TEYKOVO,TEYKOVO,테이코보,mt
MAPNAME|TEZIUTLAN,TEZIUTLAN,테시우틀란,mt
MAPNAME|TEZPUR,TEZPUR,테즈푸르,mt
MAPNAME|TEÓFILO OTONI,TEÓFILO OTONI,테오필로오토니,mt
MAPNAME|THA MAKA,THA MAKA,타마카,mt
MAPNAME|THAKHEK,THAKHEK,타켁,mt
MAPNAME|THANE,THANE,타네,mt
MAPNAME|THANESAR,THANESAR,타네사르,mt
MAPNAME|THANH HOA,THANH HOA,타인호아,mt
MAPNAME|THANH PHO HO CHI MINH,THANH PHO HO CHI MINH,호찌민,mt
MAPNAME|THANJAVUR,THANJAVUR,탄자부르,mt
MAPNAME|THANPHO HO CHI MIN,THANPHO HO CHI MIN,호찌민,mt
MAPNAME|THANYBURI,THANYBURI,탄야부리,mt
MAPNAME|THATON,THATON,타톤,mt
MAPNAME|THE PAS,THE PAS,더패스,mt
MAPNAME|THE SETTLEMENT,THE SETTLEMENT,더세틀먼트,mt
MAPNAME|THE VALLEY,THE VALLEY,더밸리,mt
MAPNAME|THE WOODLANDS,THE WOODLANDS,더우들랜즈,mt
MAPNAME|THESSALONIKI,THESSALONIKI,테살로니키,mt
MAPNAME|THIES,THIES,티에스,mt
MAPNAME|THIKA,THIKA,티카,mt
MAPNAME|THIMPHU,THIMPHU,팀부,mt
MAPNAME|THIONVILLE,THIONVILLE,티옹빌,mt
MAPNAME|THIRA,THIRA,티라,mt
MAPNAME|THIRUVANANTHAPURAM,THIRUVANANTHAPURAM,티루바난타푸람,mt
MAPNAME|THIRUVARUR,THIRUVARUR,티루바루르,mt
MAPNAME|THISTED,THISTED,티스테드,mt
MAPNAME|THOMASVILLE,THOMASVILLE,토머스빌,mt
MAPNAME|THOMPSON,THOMPSON,톰프슨,mt
MAPNAME|THOUSAND OAKS,THOUSAND OAKS,사우전드오크스,mt
MAPNAME|THREE MILE ISLAND,THREE MILE ISLAND,스리마일섬,mt
MAPNAME|THULE,THULE,툴레,mt
MAPNAME|THUMRAYT,THUMRAYT,투므라이트,mt
MAPNAME|THUN,THUN,툰,mt
MAPNAME|THUNDER BAY,THUNDER BAY,선더베이,mt
MAPNAME|THURINGOWA,THURINGOWA,서링가,mt
MAPNAME|THÁI BINH,THÁI BINH,타이빈,mt
MAPNAME|THÁI NGUYEN,THÁI NGUYEN,타이응우옌,mt
MAPNAME|TIANGUÁ,TIANGUÁ,티앙구아,mt
MAPNAME|TIANJIN,TIANJIN,톈진,mt
MAPNAME|TIANMEN,TIANMEN,톈먼,mt
MAPNAME|TIANSHUI,TIANSHUI,톈수이,mt
MAPNAME|TIANSHUIBU,TIANSHUIBU,톈수이부,mt
MAPNAME|TIARET,TIARET,티아레트,mt
MAPNAME|TIBATI,TIBATI,티바티,mt
MAPNAME|TIBERIAS,TIBERIAS,티베리아스,mt
MAPNAME|TIBOOBURRA,TIBOOBURRA,티부버라,mt
MAPNAME|TICHLA,TICHLA,티클라,mt
MAPNAME|TIDJIKDJA,TIDJIKDJA,티지크자,mt
MAPNAME|TIELI,TIELI,톄리,mt
MAPNAME|TIELING,TIELING,톄링,mt
MAPNAME|TIEMENGUAN,TIEMENGUAN,톄먼관,mt
MAPNAME|TIERRA BLANCA,TIERRA BLANCA,티에라블랑카,mt
MAPNAME|TIFLET,TIFLET,티플레트,mt
MAPNAME|TIGHINA,TIGHINA,티기나,mt
MAPNAME|TIGRE,TIGRE,티그레,mt
MAPNAME|TIJUANA,TIJUANA,티후아나,mt
MAPNAME|TIKAMGARH,TIKAMGARH,티캄가르,mt
MAPNAME|TIKAPUR,TIKAPUR,티카푸르,mt
MAPNAME|TIKHIVIN,TIKHIVIN,티히빈,mt
MAPNAME|TIKHORETSK,TIKHORETSK,티호레츠크,mt
MAPNAME|TIKI DINGAY ,TIKI DINGAY ,티키딘가이,mt
MAPNAME|TIKO,TIKO,티코,mt
MAPNAME|TIKRIT,TIKRIT,티크리트,mt
MAPNAME|TIKSI,TIKSI,티크시,mt
MAPNAME|TILBURG,TILBURG,틸뷔르흐,mt
MAPNAME|TILHAR,TILHAR,틸하르,mt
MAPNAME|TILLA,TILLA,틸라,mt
MAPNAME|TIMA,TIMA,티마,mt
MAPNAME|TIMARU,TIMARU,티마루,mt
MAPNAME|TIMASHEVSK,TIMASHEVSK,티마셰프스크,mt
MAPNAME|TIMBAÚBA,TIMBAÚBA,팀바우바,mt
MAPNAME|TIMIMOUN,TIMIMOUN,티미문,mt
MAPNAME|TIMISOARA,TIMISOARA,티미쇼아라,mt
MAPNAME|TIMMINS,TIMMINS,티민스,mt
MAPNAME|TINAQUILLO,TINAQUILLO,티나키요,mt
MAPNAME|TINDIVANAM,TINDIVANAM,틴디바남,mt
MAPNAME|TINDOUF,TINDOUF,틴두프,mt
MAPNAME|TINGO MARIA,TINGO MARIA,팅고마리아,mt
MAPNAME|TINLEY PARK,TINLEY PARK,틴리파크,mt
MAPNAME|TINQUIPAYA,TINQUIPAYA,틴키파야,mt
MAPNAME|TIPITAPA,TIPITAPA,티피타파,mt
MAPNAME|TIPTUR,TIPTUR,팁투르,mt
MAPNAME|TIRANA,TIRANA,티라나,mt
MAPNAME|TIRASPOL,TIRASPOL,티라스폴,mt
MAPNAME|TIRE,TIRE,티레,mt
MAPNAME|TIRGU JIU,TIRGU JIU,트르구지우,mt
MAPNAME|TIRUCHCHIRAPPALLI,TIRUCHCHIRAPPALLI,티루치라팔리,mt
MAPNAME|TIRUCHENGODU,TIRUCHENGODU,티루첸고두,mt
MAPNAME|TIRUNELVELI,TIRUNELVELI,티루넬벨리,mt
MAPNAME|TIRUPATI,TIRUPATI,티루파티,mt
MAPNAME|TIRUPPATUR,TIRUPPATUR,티루파투르,mt
MAPNAME|TIRUPPUR,TIRUPPUR,티루푸르,mt
MAPNAME|TIRUR,TIRUR,티루르,mt
MAPNAME|TIRUVALLA,TIRUVALLA,티루발라,mt
MAPNAME|TIRUVANNAMALAI,TIRUVANNAMALAI,티루반나말라이,mt
MAPNAME|TIRUVOTTIYUR,TIRUVOTTIYUR,티루벗티유르,mt
MAPNAME|TISSEMSILT,TISSEMSILT,티세므실트,mt
MAPNAME|TITOV VELES,TITOV VELES,티토벨레스,mt
MAPNAME|TITUSVILLE,TITUSVILLE,타이터스빌,mt
MAPNAME|TIXTLA DE GUERRERO,TIXTLA DE GUERRERO,틱스틀라데게레로,mt
MAPNAME|TIZAYUCA,TIZAYUCA,티사유카,mt
MAPNAME|TIZI OUZOU,TIZI OUZOU,티지우주,mt
MAPNAME|TIZIMIN,TIZIMIN,티시민,mt
MAPNAME|TIZNIT,TIZNIT,티즈니트,mt
MAPNAME|TLALNEPANTLA DE BAZ,TLALNEPANTLA DE BAZ,틀랄네판틀라데바스,mt
MAPNAME|TLAPA DE COMONFORT,TLAPA DE COMONFORT,틀라파데코몬포르트,mt
MAPNAME|TLEMCEN,TLEMCEN,틀렘센,mt
MAPNAME|TOAMASINA,TOAMASINA,투아마시나,mt
MAPNAME|TOBA TEK SINGH,TOBA TEK SINGH,토바테크싱,mt
MAPNAME|TOBELO,TOBELO,토벨로,mt
MAPNAME|TOBOL'SK,TOBOL'SK,토볼스크,mt
MAPNAME|TOBRUK,TOBRUK,토브룩,mt
MAPNAME|TOBYHANNA ARMY DEPOT,TOBYHANNA ARMY DEPOT,토비해나육군보급창,mt
MAPNAME|TOCHIGI,TOCHIGI,도치기,mt
MAPNAME|TOCUMEN,TOCUMEN,토쿠멘,mt
MAPNAME|TOGANE,TOGANE,도가네,mt
MAPNAME|TOGO CHALE,TOGO CHALE,토고찰레,mt
MAPNAME|TOGUCIN,TOGUCIN,토구신,mt
MAPNAME|TOHANA,TOHANA,토하나,mt
MAPNAME|TOKAI,TOKAI,도카이,mt
MAPNAME|TOKAMACHI,TOKAMACHI,도카마치,mt
MAPNAME|TOKAT,TOKAT,토카트,mt
MAPNAME|TOKCHON,TOKCHON,덕천,mt
MAPNAME|TOKMOK,TOKMOK,토크모크,mt
MAPNAME|TOKOROZAWA,TOKOROZAWA,도코로자와,mt
MAPNAME|TOKUSHIMA,TOKUSHIMA,도쿠시마,mt
MAPNAME|TOKUYAMA,TOKUYAMA,도쿠야마,mt
MAPNAME|TOKYO,TOKYO,도쿄,mt
MAPNAME|TOL'YATTI,TOL'YATTI,톨리야티,mt
MAPNAME|TOLEARA,TOLEARA,톨리아라,mt
MAPNAME|TOLEDO,TOLEDO,톨레도,mt
MAPNAME|TOLHUIN,TOLHUIN,톨우인,mt
MAPNAME|TOLUCA DE LERDO,TOLUCA DE LERDO,톨루카데레르도,mt
MAPNAME|TOMAKOMAI,TOMAKOMAI,도마코마이,mt
MAPNAME|TOMARI,TOMARI,도마리,mt
MAPNAME|TOMASZÓW MAZOWIECKI,TOMASZÓW MAZOWIECKI,토마슈프마조비에츠키,mt
MAPNAME|TOMBOUCTOU,TOMBOUCTOU,팀북투,mt
MAPNAME|TOMBUA,TOMBUA,톰부아,mt
MAPNAME|TOMELLOSO,TOMELLOSO,토메요소,mt
MAPNAME|TOMIYA,TOMIYA,도미야,mt
MAPNAME|TOMS RIVER,TOMS RIVER,톰스리버,mt
MAPNAME|TOMSK,TOMSK,톰스크,mt
MAPNAME|TOMÉ,TOMÉ,토메,mt
MAPNAME|TONALÁ,TONALÁ,토날라,mt
MAPNAME|TONAMI,TONAMI,도나미,mt
MAPNAME|TONAWANDA,TONAWANDA,토너원다,mt
MAPNAME|TONDER,TONDER,쇠네르,mt
MAPNAME|TONGCHUAN,TONGCHUAN,퉁촨,mt
MAPNAME|TONGGUAN,TONGGUAN,퉁관,mt
MAPNAME|TONGHE,TONGHE,퉁허,mt
MAPNAME|TONGHUA,TONGHUA,퉁화,mt
MAPNAME|TONGI,TONGI,통기,mt
MAPNAME|TONGLIAO,TONGLIAO,퉁랴오,mt
MAPNAME|TONGLING,TONGLING,퉁링,mt
MAPNAME|TONGREN,TONGREN,퉁런,mt
MAPNAME|TONGXIAN,TONGXIAN,퉁셴,mt
MAPNAME|TONGYU,TONGYU,퉁위,mt
MAPNAME|TONK,TONK,통크,mt
MAPNAME|TONSBERG,TONSBERG,퇸스베르,mt
MAPNAME|TOOWOOMBA,TOOWOOMBA,투움바,mt
MAPNAME|TOPEKA,TOPEKA,토피카,mt
MAPNAME|TOPKI,TOPKI,톱키,mt
MAPNAME|TORA,TORA,토라,mt
MAPNAME|TORBAT-E HEYDARIYEH,TORBAT-E HEYDARIYEH,토르바테헤이다리예,mt
MAPNAME|TORBAT-E JAM,TORBAT-E JAM,토르바테잠,mt
MAPNAME|TOREZ,TOREZ,토레즈,mt
MAPNAME|TORINO,TORINO,토리노,mt
MAPNAME|TORNESS,TORNESS,토네스,mt
MAPNAME|TORNIO,TORNIO,토르니오,mt
MAPNAME|TORONTO,TORONTO,토론토,mt
MAPNAME|TORQUAY,TORQUAY,토키,mt
MAPNAME|TORRE DEL GRECO,TORRE DEL GRECO,토레델그레코,mt
MAPNAME|TORRELAVEGA,TORRELAVEGA,토렐라베가,mt
MAPNAME|TORREMOLINOS,TORREMOLINOS,토레몰리노스,mt
MAPNAME|TORRENT,TORRENT,토렌트,mt
MAPNAME|TORRES VEDRAS,TORRES VEDRAS,토레스베드라스,mt
MAPNAME|TORREVIEJA,TORREVIEJA,토레비에하,mt
MAPNAME|TORREÓN,TORREÓN,토레온,mt
MAPNAME|TORRINGTON,TORRINGTON,토링턴,mt
MAPNAME|TORTOSA,TORTOSA,토르토사,mt
MAPNAME|TORUN,TORUN,토룬,mt
MAPNAME|TOSHKENT,TOSHKENT,타슈켄트,mt
MAPNAME|TOTANA,TOTANA,토타나,mt
MAPNAME|TOTSKIY,TOTSKIY,톳스키,mt
MAPNAME|TOTTORI,TOTTORI,돗토리,mt
MAPNAME|TOUBA,TOUBA,투바,mt
MAPNAME|TOUBORO,TOUBORO,투보로,mt
MAPNAME|TOUGGOURT,TOUGGOURT,투구르트,mt
MAPNAME|TOUGUE,TOUGUE,투게,mt
MAPNAME|TOULIN,TOULIN,툴린,mt
MAPNAME|TOULON,TOULON,툴롱,mt
MAPNAME|TOULOUSE,TOULOUSE,툴루즈,mt
MAPNAME|TOUNGOO,TOUNGOO,퉁구,mt
MAPNAME|TOURNAI,TOURNAI,투르네,mt
MAPNAME|TOURS,TOURS,투르,mt
MAPNAME|TOWADA,TOWADA,도와다,mt
MAPNAME|TOWNSVILLE,TOWNSVILLE,타운즈빌,mt
MAPNAME|TOWNVILLE,TOWNVILLE,타운빌,mt
MAPNAME|TOWSON,TOWSON,타우슨,mt
MAPNAME|TOYAMA,TOYAMA,도야마,mt
MAPNAME|TOYOHASHI,TOYOHASHI,도요하시,mt
MAPNAME|TOYOOKA,TOYOOKA,도요오카,mt
MAPNAME|TOYOTA,TOYOTA,도요타,mt
MAPNAME|TRA VINH,TRA VINH,짜빈,mt
MAPNAME|TRABZON,TRABZON,트라브존,mt
MAPNAME|TRACY,TRACY,트레이시,mt
MAPNAME|TRALEE,TRALEE,트랄리,mt
MAPNAME|TRANEBJERG,TRANEBJERG,트라네비에르,mt
MAPNAME|TRANG,TRANG,트랑,mt
MAPNAME|TRANI,TRANI,트라니,mt
MAPNAME|TRAPANI,TRAPANI,트라파니,mt
MAPNAME|TRARALGON,TRARALGON,트래럴건,mt
MAPNAME|TRAVO,TRAVO,트라보,mt
MAPNAME|TRAWSFYNYDD,TRAWSFYNYDD,트라우스빈이드,mt
MAPNAME|TREBIC,TREBIC,트레비치,mt
MAPNAME|TREBINJE,TREBINJE,트레빈예,mt
MAPNAME|TRELEW,TRELEW,트렐레우,mt
MAPNAME|TRELLEBORG,TRELLEBORG,트렐레보리,mt
MAPNAME|TRENCIN,TRENCIN,트렌친,mt
MAPNAME|TRENTO,TRENTO,트렌토,mt
MAPNAME|TRENTON,TRENTON,트렌턴,mt
MAPNAME|TRES ARROYOS,TRES ARROYOS,트레스아로요스,mt
MAPNAME|TRES CIRACOES,TRES CIRACOES,트레스코라송이스,mt
MAPNAME|TRES LAGOAS,TRES LAGOAS,트레스라고아스,mt
MAPNAME|TRES PONTAS,TRES PONTAS,트레스폰타스,mt
MAPNAME|TRES RIOS,TRES RIOS,트레스히우스,mt
MAPNAME|TREVISO,TREVISO,트레비소,mt
MAPNAME|TRICASTIN,TRICASTIN,트리카스탱,mt
MAPNAME|TRICHUR,TRICHUR,트리수르,mt
MAPNAME|TRIER,TRIER,트리어,mt
MAPNAME|TRIESTE,TRIESTE,트리에스테,mt
MAPNAME|TRIKALA,TRIKALA,트리칼라,mt
MAPNAME|TRILLO,TRILLO,트리요,mt
MAPNAME|TRINDADE,TRINDADE,트린다드,mt
MAPNAME|TRINEC,TRINEC,트르지네츠,mt
MAPNAME|TRINIDAD,TRINIDAD,트리니다드,mt
MAPNAME|TRNAVA,TRNAVA,트르나바,mt
MAPNAME|TROIS-RIVIERES,TROIS-RIVIERES,트루아리비에르,mt
MAPNAME|TROISDORF,TROISDORF,트로이스도르프,mt
MAPNAME|TROITSK,TROITSK,트로이츠크,mt
MAPNAME|TROLLHÄTTAN,TROLLHÄTTAN,트롤헤탄,mt
MAPNAME|TROMSO,TROMSO,트롬쇠,mt
MAPNAME|TRONDHEIM,TRONDHEIM,트론헤임,mt
MAPNAME|TROTSKINYA,TROTSKINYA,트로츠키냐,mt
MAPNAME|TROTWOOD,TROTWOOD,트롯우드,mt
MAPNAME|TROY,TROY,트로이,mt
MAPNAME|TROYES,TROYES,트루아,mt
MAPNAME|TRUJILLO,TRUJILLO,트루히요,mt
MAPNAME|TRUMBULL,TRUMBULL,트럼불,mt
MAPNAME|TRUTNOV,TRUTNOV,트루트노프,mt
MAPNAME|TS'KHINIVALI,TS'KHINIVALI,츠힌발리,mt
MAPNAME|TSCHERSKI,TSCHERSKI,체르스키,mt
MAPNAME|TSCHOKURDACH,TSCHOKURDACH,초쿠르다흐,mt
MAPNAME|TSETSERLEG,TSETSERLEG,체체를렉,mt
MAPNAME|TSHIKAPA,TSHIKAPA,치카파,mt
MAPNAME|TSHILENGE,TSHILENGE,칠렝게,mt
MAPNAME|TSIROANOMANDIDY,TSIROANOMANDIDY,치로아노만디디,mt
MAPNAME|TSNORI,TSNORI,츠노리,mt
MAPNAME|TSQALTUBO,TSQALTUBO,츠칼투보,mt
MAPNAME|TSU,TSU,쓰,mt
MAPNAME|TSUCHIURA,TSUCHIURA,쓰치우라,mt
MAPNAME|TSUEN WAN,TSUEN WAN,췬완,mt
MAPNAME|TSUMEB,TSUMEB,춤에브,mt
MAPNAME|TSURUGASHIMA,TSURUGASHIMA,쓰루가시마,mt
MAPNAME|TSURUOKA,TSURUOKA,쓰루오카,mt
MAPNAME|TSURURGA,TSURURGA,쓰루가,mt
MAPNAME|TSUYAMA,TSUYAMA,쓰야마,mt
MAPNAME|TSÉVIÉ,TSÉVIÉ,체비에,mt
MAPNAME|TUAM,TUAM,투암,mt
MAPNAME|TUAPSE,TUAPSE,투압세,mt
MAPNAME|TUBAN,TUBAN,투반,mt
MAPNAME|TUBARAO,TUBARAO,투바랑,mt
MAPNAME|TUBMANBURG,TUBMANBURG,텁먼버그,mt
MAPNAME|TUCKAHOE,TUCKAHOE,터코호,mt
MAPNAME|TUCSON,TUCSON,투손,mt
MAPNAME|TUCUMCARI RANGE,TUCUMCARI RANGE,투컴캐리레인지,mt
MAPNAME|TUCUPITA,TUCUPITA,투쿠피타,mt
MAPNAME|TUCURIU,TUCURIU,투쿠루이,mt
MAPNAME|TUDELA,TUDELA,투델라,mt
MAPNAME|TUGUEGARAO,TUGUEGARAO,투게가라오,mt
MAPNAME|TUKH,TUKH,투크,mt
MAPNAME|TUKUMS,TUKUMS,투쿰스,mt
MAPNAME|TUKUYU,TUKUYU,투쿠유,mt
MAPNAME|TULA,TULA,툴라,mt
MAPNAME|TULAGI,TULAGI,툴라기,mt
MAPNAME|TULANCINGO DE BRAVO,TULANCINGO DE BRAVO,툴란싱고데브라보,mt
MAPNAME|TULCEA,TULCEA,툴체아,mt
MAPNAME|TULCÁN,TULCÁN,툴칸,mt
MAPNAME|TULSA,TULSA,털사,mt
MAPNAME|TULSIPUR,TULSIPUR,툴시푸르,mt
MAPNAME|TULU BULO,TULU BULO,툴루불로,mt
MAPNAME|TULUN,TULUN,툴룬,mt
MAPNAME|TULUNGAGUNG,TULUNGAGUNG,툴룽아궁,mt
MAPNAME|TULUS,TULUS,툴루스,mt
MAPNAME|TULUÁ,TULUÁ,툴루아,mt
MAPNAME|TUMACO,TUMACO,투마코,mt
MAPNAME|TUMBES,TUMBES,툼베스,mt
MAPNAME|TUMEN,TUMEN,투먼,mt
MAPNAME|TUMKUR,TUMKUR,툼쿠르,mt
MAPNAME|TUMUSHUKE COUNTY,TUMUSHUKE COUNTY,투무수커현,mt
MAPNAME|TUNDUMA,TUNDUMA,툰두마,mt
MAPNAME|TUNDURU,TUNDURU,툰두루,mt
MAPNAME|TUNG-SHIH,TUNG-SHIH,둥스,mt
MAPNAME|TUNI,TUNI,투니,mt
MAPNAME|TUNIS,TUNIS,튀니스,mt
MAPNAME|TUNJA,TUNJA,툰하,mt
MAPNAME|TUNXI,TUNXI,툰시,mt
MAPNAME|TUOKEXUN,TUOKEXUN,퉈커쉰,mt
MAPNAME|TUPA,TUPA,투파,mt
MAPNAME|TUPELO,TUPELO,투펠로,mt
MAPNAME|TURA,TURA,투라,mt
MAPNAME|TURAYF,TURAYF,투라이프,mt
MAPNAME|TURBACO,TURBACO,투르바코,mt
MAPNAME|TURBAT,TURBAT,투르바트,mt
MAPNAME|TURBO,TURBO,투르보,mt
MAPNAME|TURDA,TURDA,투르다,mt
MAPNAME|TURGUTLU,TURGUTLU,투르구틀루,mt
MAPNAME|TURHAL,TURHAL,투르할,mt
MAPNAME|TURIK,TURIK,투리크,mt
MAPNAME|TURKEY POINT,TURKEY POINT,터키포인트,mt
MAPNAME|TURKMENBASI,TURKMENBASI,투르크멘바시,mt
MAPNAME|TURKU,TURKU,투르쿠,mt
MAPNAME|TURLOCK,TURLOCK,털록,mt
MAPNAME|TURMERO,TURMERO,투르메로,mt
MAPNAME|TURNU MAGURELE,TURNU MAGURELE,투르누마구렐레,mt
MAPNAME|TURPAN,TURPAN,투르판,mt
MAPNAME|TURRIALBA,TURRIALBA,투리알바,mt
MAPNAME|TURSUNZODA,TURSUNZODA,투르순조다,mt
MAPNAME|TURTKUL,TURTKUL,투르트쿨,mt
MAPNAME|TURUCHANSK,TURUCHANSK,투루한스크,mt
MAPNAME|TUSCALOOSA,TUSCALOOSA,터스칼루사,mt
MAPNAME|TUTICORIN,TUTICORIN,투티코린,mt
MAPNAME|TUXPAN,TUXPAN,툭스판,mt
MAPNAME|TUXTLA GUTIÉRREZ,TUXTLA GUTIÉRREZ,툭스틀라구티에레스,mt
MAPNAME|TUY HOA,TUY HOA,투이호아,mt
MAPNAME|TUYMAZY,TUYMAZY,투이마즈,mt
MAPNAME|TUZLA,TUZLA,투즐라,mt
MAPNAME|TVER,TVER,트베리,mt
MAPNAME|TWENTYNINE PALMS,TWENTYNINE PALMS,트웬티나인팜스,mt
MAPNAME|TWIN FALLS,TWIN FALLS,트윈폴스,mt
MAPNAME|TYATINO,TYATINO,탸티노,mt
MAPNAME|TYCHY,TYCHY,티히,mt
MAPNAME|TYLER,TYLER,타일러,mt
MAPNAME|TYRESÖ,TYRESÖ,튀레쇠,mt
MAPNAME|TYUMEN',TYUMEN',튜멘,mt
MAPNAME|TÁBOR,TÁBOR,타보르,mt
MAPNAME|TÉBESSA,TÉBESSA,테베사,mt
MAPNAME|TÉTOUAN,TÉTOUAN,테투안,mt
MAPNAME|TÎRGU MURES,TÎRGU MURES,트르구무레슈,mt
MAPNAME|TÓRSHAVEN,TÓRSHAVEN,토르스하븐,mt
MAPNAME|TÜBINGEN,TÜBINGEN,튀빙겐,mt
MAPNAME|TÜRKISTAN,TÜRKISTAN,투르키스탄,mt
MAPNAME|UBATUBA,UBATUBA,우바투바,mt
MAPNAME|UBE,UBE,우베,mt
MAPNAME|UBERABA,UBERABA,우베라바,mt
MAPNAME|UBERLANDIA,UBERLANDIA,우베를란지아,mt
MAPNAME|UBON RATCHATHANI,UBON RATCHATHANI,우본랏차타니,mt
MAPNAME|UBÁ,UBÁ,우바,mt
MAPNAME|UCHARAL,UCHARAL,우차랄,mt
MAPNAME|UDAGAMANDALAM,UDAGAMANDALAM,우다가만달람,mt
MAPNAME|UDAIPUR,UDAIPUR,우다이푸르,mt
MAPNAME|UDBINA,UDBINA,우드비나,mt
MAPNAME|UDDEVALLA,UDDEVALLA,우데발라,mt
MAPNAME|UDGIR,UDGIR,우드기르,mt
MAPNAME|UDHAMPUR,UDHAMPUR,우담푸르,mt
MAPNAME|UDINE,UDINE,우디네,mt
MAPNAME|UDIPI,UDIPI,우디피,mt
MAPNAME|UDON THANI,UDON THANI,우돈타니,mt
MAPNAME|UDUMALAIPPETTAI,UDUMALAIPPETTAI,우두말라이펫타이,mt
MAPNAME|UEDA,UEDA,우에다,mt
MAPNAME|UENO,UENO,우에노,mt
MAPNAME|UFA,UFA,우파,mt
MAPNAME|UGEP,UGEP,우게프,mt
MAPNAME|UGHELLI,UGHELLI,우겔리,mt
MAPNAME|UIGE,UIGE,우이제,mt
MAPNAME|UIJEONGBU,UIJEONGBU,의정부,mt
MAPNAME|UITENHAGE,UITENHAGE,에이턴하허,mt
MAPNAME|UJHANI,UJHANI,우자니,mt
MAPNAME|UJJAIN,UJJAIN,웃자인,mt
MAPNAME|UKHTA,UKHTA,우흐타,mt
MAPNAME|UKMERGE,UKMERGE,우크메르게,mt
MAPNAME|UKVL SUTHERLAND,UKVL SUTHERLAND,서덜랜드우주기지,mt
MAPNAME|UL'YANOVSK,UL'YANOVSK,울리야놉스크,mt
MAPNAME|ULAANBAATAR,ULAANBAATAR,울란바토르,mt
MAPNAME|ULAANGOM,ULAANGOM,울란곰,mt
MAPNAME|ULAN HOT,ULAN HOT,울란호트,mt
MAPNAME|ULAN-UDE,ULAN-UDE,울란우데,mt
MAPNAME|ULHASNAGAR,ULHASNAGAR,울하스나가르,mt
MAPNAME|ULIASTAY,ULIASTAY,울리아스타이,mt
MAPNAME|ULJIN,ULJIN,울진,mt
MAPNAME|ULM,ULM,울름,mt
MAPNAME|ULSAN,ULSAN,울산,mt
MAPNAME|ULU,ULU,울루,mt
MAPNAME|ULUBARIA,ULUBARIA,울루베리아,mt
MAPNAME|ULVERSTONE,ULVERSTONE,얼버스턴,mt
MAPNAME|UMAN,UMAN,우만,mt
MAPNAME|UMEA,UMEA,우메오,mt
MAPNAME|UMLAZI,UMLAZI,움라지,mt
MAPNAME|UMLUJ,UMLUJ,움루지,mt
MAPNAME|UMM QASR,UMM QASR,움카스르,mt
MAPNAME|UMM RUWABAH,UMM RUWABAH,움루와바,mt
MAPNAME|UMM SALAL MUHAMMAD,UMM SALAL MUHAMMAD,움살랄무함마드,mt
MAPNAME|UMTATA,UMTATA,움타타,mt
MAPNAME|UMUAHIA,UMUAHIA,우무아히아,mt
MAPNAME|UMUARAMA,UMUARAMA,우무아라마,mt
MAPNAME|UNA,UNA,우나,mt
MAPNAME|UNAI,UNAI,우나이,mt
MAPNAME|UNAYZAH,UNAYZAH,우나이자,mt
MAPNAME|UNGHENI,UNGHENI,웅게니,mt
MAPNAME|UNIAO DA VITÓRIA,UNIAO DA VITÓRIA,우니앙다비토리아,mt
MAPNAME|UNJHA,UNJHA,웅자,mt
MAPNAME|UNNA,UNNA,운나,mt
MAPNAME|UNNAO,UNNAO,운나오,mt
MAPNAME|UOZU,UOZU,우오즈,mt
MAPNAME|UPATA,UPATA,우파타,mt
MAPNAME|UPINGTON,UPINGTON,어핑턴,mt
MAPNAME|UPLETA,UPLETA,우플레타,mt
MAPNAME|UPPSALA,UPPSALA,웁살라,mt
MAPNAME|URAMBO,URAMBO,우람보,mt
MAPNAME|URBANDALE,URBANDALE,어반데일,mt
MAPNAME|URDANETA,URDANETA,우르다네타,mt
MAPNAME|URGENCH,URGENCH,우르겐치,mt
MAPNAME|URIANGATO,URIANGATO,우리앙가토,mt
MAPNAME|UROMI,UROMI,우로미,mt
MAPNAME|UROSEVAC,UROSEVAC,우로셰바츠,mt
MAPNAME|UROTEPPA,UROTEPPA,우로테파,mt
MAPNAME|URUAPAN DEL PROGRESO,URUAPAN DEL PROGRESO,우루아판델프로그레소,mt
MAPNAME|URUGUAIANA,URUGUAIANA,우루과이아나,mt
MAPNAME|URUN-ISLAMPUR,URUN-ISLAMPUR,우룬이슬람푸르,mt
MAPNAME|USA,USA,우사,mt
MAPNAME|USA RIVER,USA RIVER,우사강,mt
MAPNAME|USAK,USAK,우샤크,mt
MAPNAME|USHIROMBO,USHIROMBO,우시롬보,mt
MAPNAME|USHTOBE,USHTOBE,우시토베,mt
MAPNAME|USHUAIA,USHUAIA,우수아이아,mt
MAPNAME|USOLYE-SIBIRSKOYE,USOLYE-SIBIRSKOYE,우솔리예시비르스코예,mt
MAPNAME|USSURIYSK,USSURIYSK,우수리스크,mt
MAPNAME|UST'-ILIMSK,UST'-ILIMSK,우스트일림스크,mt
MAPNAME|UST'-KACHATSK,UST'-KACHATSK,우스트카찻스크,mt
MAPNAME|UST-PORT,UST-PORT,우스트포르트,mt
MAPNAME|USTER,USTER,우스터,mt
MAPNAME|USU,USU,우수,mt
MAPNAME|USUKI,USUKI,우스키,mt
MAPNAME|USULUTÁN,USULUTÁN,우술루탄,mt
MAPNAME|UTENA,UTENA,우테나,mt
MAPNAME|UTENGULE,UTENGULE,우텡굴레,mt
MAPNAME|UTICA,UTICA,유티카,mt
MAPNAME|UTRECHT,UTRECHT,위트레흐트,mt
MAPNAME|UTRERA,UTRERA,우트레라,mt
MAPNAME|UTSUNOMIYA,UTSUNOMIYA,우쓰노미야,mt
MAPNAME|UTTARADIT,UTTARADIT,우타라딧,mt
MAPNAME|UVIRA,UVIRA,우비라,mt
MAPNAME|UWAJIMA,UWAJIMA,우와지마,mt
MAPNAME|UYO,UYO,우요,mt
MAPNAME|UZHOROD,UZHOROD,우주호로드,mt
MAPNAME|UZHUR,UZHUR,우주르,mt
MAPNAME|UZICE,UZICE,우지체,mt
MAPNAME|UZNYAGASH,UZNYAGASH,우즈냐가시,mt
MAPNAME|UÔNG BI,UÔNG BI,웅비,mt
MAPNAME|VAASA,VAASA,바사,mt
MAPNAME|VACARIA,VACARIA,바카리아,mt
MAPNAME|VACAVILLE,VACAVILLE,바카빌,mt
MAPNAME|VADODARA,VADODARA,바도다라,mt
MAPNAME|VADSO,VADSO,바드쇠,mt
MAPNAME|VADUZ,VADUZ,파두츠,mt
MAPNAME|VALDEPENAS,VALDEPENAS,발데페냐스,mt
MAPNAME|VALDIVIA,VALDIVIA,발디비아,mt
MAPNAME|VALDOSTA,VALDOSTA,발도스타,mt
MAPNAME|VALENCA,VALENCA,발렌사,mt
MAPNAME|VALENCE,VALENCE,발랑스,mt
MAPNAME|VALENCIA,VALENCIA,발렌시아,mt
MAPNAME|VALENCIENNES,VALENCIENNES,발랑시엔,mt
MAPNAME|VALERA,VALERA,발레라,mt
MAPNAME|VALETTA,VALETTA,발레타,mt
MAPNAME|VALGA,VALGA,발가,mt
MAPNAME|VALINHOS,VALINHOS,발리뇨스,mt
MAPNAME|VALJEVO,VALJEVO,발리예보,mt
MAPNAME|VALL DE UXÓ,VALL DE UXÓ,발데우쇼,mt
MAPNAME|VALLADOLID,VALLADOLID,바야돌리드,mt
MAPNAME|VALLE DE LA PASCUA,VALLE DE LA PASCUA,발레데라파스쿠아,mt
MAPNAME|VALLE HERMOSO,VALLE HERMOSO,발레에르모소,mt
MAPNAME|VALLEDUPAR,VALLEDUPAR,바예두파르,mt
MAPNAME|VALLEJO,VALLEJO,바예호,mt
MAPNAME|VALLEYFIELD,VALLEYFIELD,밸리필드,mt
MAPNAME|VALMIERA,VALMIERA,발미에라,mt
MAPNAME|VALPARAI,VALPARAI,발파라이,mt
MAPNAME|VALPARAISO,VALPARAISO,발파라이소,mt
MAPNAME|VALPARAISO DE GOIÁS,VALPARAISO DE GOIÁS,발파라이수지고이아스,mt
MAPNAME|VALSAD,VALSAD,발사드,mt
MAPNAME|VAN,VAN,반,mt
MAPNAME|VANADZOR,VANADZOR,바나조르,mt
MAPNAME|VANCOUVER,VANCOUVER,밴쿠버,mt
MAPNAME|VANDELLÒS,VANDELLÒS,반델로스,mt
MAPNAME|VANDENBURG AFB,VANDENBURG AFB,반덴버그공군기지,mt
MAPNAME|VANDERBIJLPARK,VANDERBIJLPARK,판데르바일파르크,mt
MAPNAME|VANGAINDRANO,VANGAINDRANO,반가인드라노,mt
MAPNAME|VANIYAMBADI,VANIYAMBADI,바니얌바디,mt
MAPNAME|VANNES,VANNES,반,mt
MAPNAME|VANTAA,VANTAA,반타,mt
MAPNAME|VARAMIN,VARAMIN,바라민,mt
MAPNAME|VARANASI,VARANASI,바라나시,mt
MAPNAME|VARAŽDIN,VARAŽDIN,바라주딘,mt
MAPNAME|VARBERG,VARBERG,바르베리,mt
MAPNAME|VARESE,VARESE,바레세,mt
MAPNAME|VARKAUS,VARKAUS,바르카우스,mt
MAPNAME|VARNA,VARNA,바르나,mt
MAPNAME|VASA,VASA,바사,mt
MAPNAME|VASLUI,VASLUI,바슬루이,mt
MAPNAME|VAUGHAN,VAUGHAN,본,mt
MAPNAME|VAVATENINA,VAVATENINA,바바테니나,mt
MAPNAME|VAVUNIYA,VAVUNIYA,바부니야,mt
MAPNAME|VAWKAVYSK,VAWKAVYSK,바우카우스크,mt
MAPNAME|VEGA BAJA,VEGA BAJA,베가바하,mt
MAPNAME|VEJLE,VEJLE,바일레,mt
MAPNAME|VELENJE,VELENJE,벨레니에,mt
MAPNAME|VELIKA PLANA,VELIKA PLANA,벨리카플라나,mt
MAPNAME|VELIKIYE LUKI,VELIKIYE LUKI,벨리키예루키,mt
MAPNAME|VELIKO TARNOVO,VELIKO TARNOVO,벨리코타르노보,mt
MAPNAME|VELLORE,VELLORE,벨로르,mt
MAPNAME|VELSEN-ZUID,VELSEN-ZUID,펠선자위트,mt
MAPNAME|VENADO TUERTO,VENADO TUERTO,베나도투에르토,mt
MAPNAME|VENANCIO AIRES,VENANCIO AIRES,베난시우아이리스,mt
MAPNAME|VENEZIA,VENEZIA,베네치아,mt
MAPNAME|VENICE,VENICE,베네치아,mt
MAPNAME|VENLO,VENLO,펜로,mt
MAPNAME|VENTSPILS,VENTSPILS,벤츠필스,mt
MAPNAME|VERA,VERA,베라,mt
MAPNAME|VERACRUZ,VERACRUZ,베라크루스,mt
MAPNAME|VERAVAL,VERAVAL,베라발,mt
MAPNAME|VEREENIGING,VEREENIGING,페레니깅,mt
MAPNAME|VERINO,VERINO,베리노,mt
MAPNAME|VERKHNYAYA PYSHMA,VERKHNYAYA PYSHMA,베르흐냐야프이시마,mt
MAPNAME|VERKHNYAYA SALDA,VERKHNYAYA SALDA,베르흐냐야살다,mt
MAPNAME|VERNON,VERNON,버넌,mt
MAPNAME|VERO BEACH,VERO BEACH,베로비치,mt
MAPNAME|VERONA,VERONA,베로나,mt
MAPNAME|VERTIENTES,VERTIENTES,베르티엔테스,mt
MAPNAME|VERVIERS,VERVIERS,베르비에,mt
MAPNAME|VESZPRÉM,VESZPRÉM,베스프렘,mt
MAPNAME|VIAMAO,VIAMAO,비아망,mt
MAPNAME|VIANA,VIANA,비아나,mt
MAPNAME|VIANA DO CASTELO,VIANA DO CASTELO,비아나두카스텔루,mt
MAPNAME|VIANG CHAN,VIANG CHAN,비엔티안,mt
MAPNAME|VIAREGGIO,VIAREGGIO,비아레조,mt
MAPNAME|VIBORG,VIBORG,비보르,mt
MAPNAME|VIC,VIC,비크,mt
MAPNAME|VICENZA,VICENZA,비첸차,mt
MAPNAME|VICHOREVKA,VICHOREVKA,비호레프카,mt
MAPNAME|VICKSBURG,VICKSBURG,빅스버그,mt
MAPNAME|VICOSA,VICOSA,비소자,mt
MAPNAME|VICTORIA,VICTORIA,빅토리아,mt
MAPNAME|VICTORIA DE DURANGO,VICTORIA DE DURANGO,빅토리아데두랑고,mt
MAPNAME|VICTORIAS,VICTORIAS,빅토리아스,mt
MAPNAME|VICTORIAVILLE,VICTORIAVILLE,빅토리아빌,mt
MAPNAME|VIDEIRA,VIDEIRA,비데이라,mt
MAPNAME|VIDIN,VIDIN,비딘,mt
MAPNAME|VIDISHA,VIDISHA,비디샤,mt
MAPNAME|VIEDMA,VIEDMA,비에드마,mt
MAPNAME|VIET TRI,VIET TRI,비엣찌,mt
MAPNAME|VIEUX BOURG DE JÉRÉMIE,VIEUX BOURG DE JÉRÉMIE,비외부르드제레미,mt
MAPNAME|VIGEVANO,VIGEVANO,비제바노,mt
MAPNAME|VIGO,VIGO,비고,mt
MAPNAME|VIHARI,VIHARI,비하리,mt
MAPNAME|VIHTI,VIHTI,비흐티,mt
MAPNAME|VIJAYAWADA,VIJAYAWADA,비자야와다,mt
MAPNAME|VILA DE MOCUBA,VILA DE MOCUBA,빌라드모쿠바,mt
MAPNAME|VILA NOVA DE GAIA,VILA NOVA DE GAIA,빌라노바드가이아,mt
MAPNAME|VILA REAL,VILA REAL,빌라헤알,mt
MAPNAME|VILAFRANCA DEL PENEDÈS,VILAFRANCA DEL PENEDÈS,빌라프랑카델페네데스,mt
MAPNAME|VILAGARCÍA DE AROUSA,VILAGARCÍA DE AROUSA,빌라가르시아데아로사,mt
MAPNAME|VILANOVA I LA GELTRU,VILANOVA I LA GELTRU,빌라노바이라젤트루,mt
MAPNAME|VILEYKA,VILEYKA,빌레이카,mt
MAPNAME|VILHENA,VILHENA,빌레나,mt
MAPNAME|VILJANDI,VILJANDI,빌란디,mt
MAPNAME|VILLA ALVAREZ,VILLA ALVAREZ,비야알바레스,mt
MAPNAME|VILLA CARLOS PAZ,VILLA CARLOS PAZ,비야카를로스파스,mt
MAPNAME|VILLA DA RIBEIRA BRAVA,VILLA DA RIBEIRA BRAVA,빌라다히베이라브라바,mt
MAPNAME|VILLA DE CURA,VILLA DE CURA,비야데쿠라,mt
MAPNAME|VILLA DE GARCIA,VILLA DE GARCIA,비야데가르시아,mt
MAPNAME|VILLA DEL ROSARIO,VILLA DEL ROSARIO,비야델로사리오,mt
MAPNAME|VILLA DOLORES,VILLA DOLORES,비야돌로레스,mt
MAPNAME|VILLA FLORES,VILLA FLORES,비야플로레스,mt
MAPNAME|VILLA MARIA,VILLA MARIA,비야마리아,mt
MAPNAME|VILLA MARIA DEL TRUNFO,VILLA MARIA DEL TRUNFO,비야마리아델트룬포,mt
MAPNAME|VILLA MERCEDES,VILLA MERCEDES,비야메르세데스,mt
MAPNAME|VILLA NICOLÁS ROMERO,VILLA NICOLÁS ROMERO,비야니콜라스로메로,mt
MAPNAME|VILLA VICENTE GUERRERO,VILLA VICENTE GUERRERO,비야비센테게레로,mt
MAPNAME|VILLACH,VILLACH,필라흐,mt
MAPNAME|VILLAGUAY,VILLAGUAY,비야과이,mt
MAPNAME|VILLAHERMOSA,VILLAHERMOSA,비야에르모사,mt
MAPNAME|VILLANUEVA,VILLANUEVA,비야누에바,mt
MAPNAME|VILLARRICA,VILLARRICA,비야리카,mt
MAPNAME|VILLAVICENCIO,VILLAVICENCIO,비야비센시오,mt
MAPNAME|VILLAZÓN,VILLAZÓN,비야손,mt
MAPNAME|VILLEARROBLEDO,VILLEARROBLEDO,비예아로블레도,mt
MAPNAME|VILLEURBANNE,VILLEURBANNE,빌뢰르반,mt
MAPNAME|VILLINGEN-SCHWENNINGEN,VILLINGEN-SCHWENNINGEN,필링겐슈베닝겐,mt
MAPNAME|VILLUPURAM,VILLUPURAM,빌루푸람,mt
MAPNAME|VILNIUS,VILNIUS,빌뉴스,mt
MAPNAME|VINA DEL MAR,VINA DEL MAR,비냐델마르,mt
MAPNAME|VINAROZ,VINAROZ,비나로스,mt
MAPNAME|VINCES,VINCES,빈세스,mt
MAPNAME|VINELAND,VINELAND,바인랜드,mt
MAPNAME|VINH,VINH,빈,mt
MAPNAME|VINKOVCI,VINKOVCI,빈코브치,mt
MAPNAME|VINNYTSYA,VINNYTSYA,빈니차,mt
MAPNAME|VINUKONDA,VINUKONDA,비누콘다,mt
MAPNAME|VIQUEQUE,VIQUEQUE,비케케,mt
MAPNAME|VIRAMGAM,VIRAMGAM,비람감,mt
MAPNAME|VIRANSEHIR,VIRANSEHIR,비란셰히르,mt
MAPNAME|VIRGINHA,VIRGINHA,비르지냐,mt
MAPNAME|VIRGINIA,VIRGINIA,버지니아,mt
MAPNAME|VIRGINIA BEACH,VIRGINIA BEACH,버지니아비치,mt
MAPNAME|VIROVITICA,VIROVITICA,비로비티차,mt
MAPNAME|VIRUDUNAGAR,VIRUDUNAGAR,비루두나가르,mt
MAPNAME|VISAGINAS,VISAGINAS,비사기나스,mt
MAPNAME|VISALIA,VISALIA,비살리아,mt
MAPNAME|VISBY,VISBY,비스뷔,mt
MAPNAME|VISEU,VISEU,비제우,mt
MAPNAME|VISHAKHAPATNAM,VISHAKHAPATNAM,비샤카파트남,mt
MAPNAME|VISNAGAR,VISNAGAR,비스나가르,mt
MAPNAME|VITERBO,VITERBO,비테르보,mt
MAPNAME|VITORIA-GASTEIZ,VITORIA-GASTEIZ,비토리아가스테이스,mt
MAPNAME|VITRY-SUR-SEINE,VITRY-SUR-SEINE,비트리쉬르센,mt
MAPNAME|VITSYEBSK,VITSYEBSK,비텝스크,mt
MAPNAME|VITTORIA,VITTORIA,비토리아,mt
MAPNAME|VITÓRIA,VITÓRIA,비토리아,mt
MAPNAME|VITÓRIA DA CONQUISTA,VITÓRIA DA CONQUISTA,비토리아다콩키스타,mt
MAPNAME|VITÓRIA SANTO ANTAO,VITÓRIA SANTO ANTAO,비토리아산투안탕,mt
MAPNAME|VIZIANAGARAM,VIZIANAGARAM,비지아나가람,mt
MAPNAME|VLADIKAVKAZ,VLADIKAVKAZ,블라디캅카스,mt
MAPNAME|VLADIMIR,VLADIMIR,블라디미르,mt
MAPNAME|VLADIVOSTOK,VLADIVOSTOK,블라디보스토크,mt
MAPNAME|VLASOTINCE,VLASOTINCE,블라소틴체,mt
MAPNAME|VLISSINGEN,VLISSINGEN,플리싱언,mt
MAPNAME|VLORE,VLORE,블로러,mt
MAPNAME|VOGTLE,VOGTLE,보그틀,mt
MAPNAME|VOHIPENO,VOHIPENO,보히페노,mt
MAPNAME|VOINJAMA,VOINJAMA,보인자마,mt
MAPNAME|VOL'SK,VOL'SK,볼스크,mt
MAPNAME|VOLGODONSK,VOLGODONSK,볼고돈스크,mt
MAPNAME|VOLGOGRAD,VOLGOGRAD,볼고그라드,mt
MAPNAME|VOLOGDA,VOLOGDA,볼로그다,mt
MAPNAME|VOLTA CITY,VOLTA CITY,볼타시티,mt
MAPNAME|VOLTA REDONDA,VOLTA REDONDA,볼타레돈다,mt
MAPNAME|VOLUNTARI,VOLUNTARI,볼룬타리,mt
MAPNAME|VOLZHSK,VOLZHSK,볼지스크,mt
MAPNAME|VOLZHSKIY,VOLZHSKIY,볼지스키,mt
MAPNAME|VOPNAFJORDUR,VOPNAFJORDUR,보프나피오르두르,mt
MAPNAME|VORKUTA,VORKUTA,보르쿠타,mt
MAPNAME|VORONEZH,VORONEZH,보로네시,mt
MAPNAME|VOSKRESENSK,VOSKRESENSK,보스크레센스크,mt
MAPNAME|VOTKINSK,VOTKINSK,보트킨스크,mt
MAPNAME|VOTORANTIM,VOTORANTIM,보토란칭,mt
MAPNAME|VOTUPORANGA,VOTUPORANGA,보투포랑가,mt
MAPNAME|VOZDVIZHENKA,VOZDVIZHENKA,보즈드비젠카,mt
MAPNAME|VRANJE,VRANJE,브라녜,mt
MAPNAME|VRATSA,VRATSA,브라차,mt
MAPNAME|VRBAS,VRBAS,브르바스,mt
MAPNAME|VREDENBURG,VREDENBURG,프레덴뷔르흐,mt
MAPNAME|VREDENDAL,VREDENDAL,프레덴달,mt
MAPNAME|VRIDDHACHALAM,VRIDDHACHALAM,브리다찰람,mt
MAPNAME|VRSAC,VRSAC,브르샤치,mt
MAPNAME|VRYHEID,VRYHEID,프레이헤이트,mt
MAPNAME|VUKOVAR,VUKOVAR,부코바르,mt
MAPNAME|VUNG TAU,VUNG TAU,붕따우,mt
MAPNAME|VWAWA,VWAWA,브와와,mt
MAPNAME|VYAZ'MA,VYAZ'MA,뱌지마,mt
MAPNAME|VYBORG,VYBORG,비보르크,mt
MAPNAME|VYKSA,VYKSA,비크사,mt
MAPNAME|VYSHNIY VOLOCHËK,VYSHNIY VOLOCHËK,비시니볼로초크,mt
MAPNAME|VÁC,VÁC,바츠,mt
MAPNAME|VÁRPALOTA,VÁRPALOTA,바르팔로터,mt
MAPNAME|VÁRZEA GRANDE,VÁRZEA GRANDE,바르젱그란지,mt
MAPNAME|VÄNERSBORG,VÄNERSBORG,베네르스보리,mt
MAPNAME|VÄRNAMO,VÄRNAMO,베르나무,mt
MAPNAME|VÄSTERAS,VÄSTERAS,베스테로스,mt
MAPNAME|VÄSTERVIK,VÄSTERVIK,베스테르비크,mt
MAPNAME|VÄXJÖ,VÄXJÖ,벡셰,mt
MAPNAME|VÉLEZ-MÁLAGA,VÉLEZ-MÁLAGA,벨레스말라가,mt
MAPNAME|VÉLINGARA,VÉLINGARA,벨랭가라,mt
MAPNAME|VÉNISSIEUX,VÉNISSIEUX,베니시외,mt
MAPNAME|VÉROIA,VÉROIA,베리아,mt
MAPNAME|VÓLOS,VÓLOS,볼로스,mt
MAPNAME|WA,WA,와,mt
MAPNAME|WACHA,WACHA,와차,mt
MAPNAME|WACO,WACO,웨이코,mt
MAPNAME|WAD MADANI,WAD MADANI,와드마다니,mt
MAPNAME|WADI HALFA,WADI HALFA,와디할파,mt
MAPNAME|WADI SAY,WADI SAY,와디사이,mt
MAPNAME|WAFANGDIAN,WAFANGDIAN,와팡뎬,mt
MAPNAME|WAGGA WAGGA,WAGGA WAGGA,와가와가,mt
MAPNAME|WAH,WAH,와,mt
MAPNAME|WAHRAN,WAHRAN,와흐란,mt
MAPNAME|WAIBLINGEN,WAIBLINGEN,바이블링겐,mt
MAPNAME|WAIHAI,WAIHAI,웨이하이,mt
MAPNAME|WAIKABUBAK,WAIKABUBAK,와이카부박,mt
MAPNAME|WAINGAPU,WAINGAPU,와잉가푸,mt
MAPNAME|WAIPAHU,WAIPAHU,와이파후,mt
MAPNAME|WAJIR,WAJIR,와지르,mt
MAPNAME|WAKA-TERCHA,WAKA-TERCHA,와카테르차,mt
MAPNAME|WAKAYAMA,WAKAYAMA,와카야마,mt
MAPNAME|WAKAYANAGI,WAKAYANAGI,와카야나기,mt
MAPNAME|WAKE FOREST,WAKE FOREST,웨이크포리스트,mt
MAPNAME|WAKE ISLAND,WAKE ISLAND,웨이크섬,mt
MAPNAME|WALBRZYCH,WALBRZYCH,바우브지흐,mt
MAPNAME|WALISO,WALISO,왈리소,mt
MAPNAME|WALKER,WALKER,워커,mt
MAPNAME|WALLA WALLA,WALLA WALLA,월라월라,mt
MAPNAME|WALLOPS,WALLOPS,월롭스,mt
MAPNAME|WALLSEND-ON-TYNE,WALLSEND-ON-TYNE,월즈엔드온타인,mt
MAPNAME|WALNUT CREEK,WALNUT CREEK,월넛크리크,mt
MAPNAME|WALTHAM,WALTHAM,월섬,mt
MAPNAME|WALVIS BAY,WALVIS BAY,월비스베이,mt
MAPNAME|WAN XIAN,WAN XIAN,완셴,mt
MAPNAME|WANGANUI,WANGANUI,왕가누이,mt
MAPNAME|WANGCHENG,WANGCHENG,왕청,mt
MAPNAME|WANGCHUAN,WANGCHUAN,왕촨,mt
MAPNAME|WANGKUI,WANGKUI,왕쿠이,mt
MAPNAME|WANGQING,WANGQING,왕칭,mt
MAPNAME|WANI,WANI,와니,mt
MAPNAME|WANNEROO,WANNEROO,워네루,mt
MAPNAME|WANPARTI,WANPARTI,와나파르티,mt
MAPNAME|WAPI,WAPI,와피,mt
MAPNAME|WARANGAL,WARANGAL,와랑갈,mt
MAPNAME|WARDHA,WARDHA,와르다,mt
MAPNAME|WARNAMBOOL,WARNAMBOOL,워넘불,mt
MAPNAME|WARNER ROBINS,WARNER ROBINS,워너로빈스,mt
MAPNAME|WARREN,WARREN,워런,mt
MAPNAME|WARRI,WARRI,와리,mt
MAPNAME|WARRINGTON,WARRINGTON,워링턴,mt
MAPNAME|WARSAW,WARSAW,바르샤바,mt
MAPNAME|WARSZAWA,WARSZAWA,바르샤바,mt
MAPNAME|WARWICK,WARWICK,워릭,mt
MAPNAME|WASHIM,WASHIM,와심,mt
MAPNAME|WASHINGTON,WASHINGTON,워싱턴,mt
MAPNAME|WASHINGTON DC,WASHINGTON DC,워싱턴,mt
MAPNAME|WASILLA,WASILLA,와실라,mt
MAPNAME|WATAMPONE,WATAMPONE,와탐포네,mt
MAPNAME|WATERBURY,WATERBURY,워터베리,mt
MAPNAME|WATERFORD,WATERFORD,워터퍼드,mt
MAPNAME|WATERLOO,WATERLOO,워털루,mt
MAPNAME|WATERTOWN,WATERTOWN,워터타운,mt
MAPNAME|WATFORD,WATFORD,왓퍼드,mt
MAPNAME|WATSONVILLE,WATSONVILLE,왓슨빌,mt
MAPNAME|WATTS BAR,WATTS BAR,와츠바,mt
MAPNAME|WAUKEGAN,WAUKEGAN,워키건,mt
MAPNAME|WAUKESHA,WAUKESHA,워키쇼,mt
MAPNAME|WAUSAU,WAUSAU,워소,mt
MAPNAME|WAW,WAW,와우,mt
MAPNAME|WAWA,WAWA,와와,mt
MAPNAME|WAXAHACHIE,WAXAHACHIE,왁사해치,mt
MAPNAME|WAYNE,WAYNE,웨인,mt
MAPNAME|WAYNESBORO,WAYNESBORO,웨인즈버러,mt
MAPNAME|WAZIRABAD,WAZIRABAD,와지라바드,mt
MAPNAME|WEATHERFORD,WEATHERFORD,웨더퍼드,mt
MAPNAME|WEATON,WEATON,위턴,mt
MAPNAME|WEBUYE,WEBUYE,웨부예,mt
MAPNAME|WEGADA,WEGADA,웨가다,mt
MAPNAME|WEIFANG,WEIFANG,웨이팡,mt
MAPNAME|WEIMAR,WEIMAR,바이마르,mt
MAPNAME|WEINAN,WEINAN,웨이난,mt
MAPNAME|WEIRTON,WEIRTON,워턴,mt
MAPNAME|WELDIYA,WELDIYA,웰디야,mt
MAPNAME|WELENCHITI,WELENCHITI,웰렌치티,mt
MAPNAME|WELKITE,WELKITE,웰키테,mt
MAPNAME|WELKOM,WELKOM,벨콤,mt
MAPNAME|WELLAND,WELLAND,웰런드,mt
MAPNAME|WELLINGTON,WELLINGTON,웰링턴,mt
MAPNAME|WELS,WELS,벨스,mt
MAPNAME|WENATCHEE,WENATCHEE,웨내치,mt
MAPNAME|WENCHI,WENCHI,웬치,mt
MAPNAME|WENDENG,WENDENG,원덩,mt
MAPNAME|WENJI GEFERSA,WENJI GEFERSA,웬지게페르사,mt
MAPNAME|WENLING,WENLING,원링,mt
MAPNAME|WENZHOU,WENZHOU,원저우,mt
MAPNAME|WENZU,WENZU,웬주,mt
MAPNAME|WERABE,WERABE,웨라베,mt
MAPNAME|WERCHOJANSK,WERCHOJANSK,베르호얀스크,mt
MAPNAME|WERE ILU ,WERE ILU ,웨레일루,mt
MAPNAME|WERETA,WERETA,웨레타,mt
MAPNAME|WESEL,WESEL,베젤,mt
MAPNAME|WESLACO,WESLACO,웨슬레이코,mt
MAPNAME|WEST ALLIS,WEST ALLIS,웨스트앨리스,mt
MAPNAME|WEST BEND,WEST BEND,웨스트벤드,mt
MAPNAME|WEST BLOOMFIELD,WEST BLOOMFIELD,웨스트블룸필드,mt
MAPNAME|WEST COVINA,WEST COVINA,웨스트코비나,mt
MAPNAME|WEST DES MOINES,WEST DES MOINES,웨스트디모인,mt
MAPNAME|WEST JORDAN,WEST JORDAN,웨스트조던,mt
MAPNAME|WEST MEMPHIS,WEST MEMPHIS,웨스트멤피스,mt
MAPNAME|WEST MILFORD,WEST MILFORD,웨스트밀퍼드,mt
MAPNAME|WEST PALM BEACH,WEST PALM BEACH,웨스트팜비치,mt
MAPNAME|WEST POINT,WEST POINT,웨스트포인트,mt
MAPNAME|WEST SENECA,WEST SENECA,웨스트세네카,mt
MAPNAME|WEST VALLEY CITY,WEST VALLEY CITY,웨스트밸리시티,mt
MAPNAME|WESTERVILLE,WESTERVILLE,웨스터빌,mt
MAPNAME|WESTFIELD,WESTFIELD,웨스트필드,mt
MAPNAME|WESTLAND,WESTLAND,웨스트랜드,mt
MAPNAME|WESTMINSTER,WESTMINSTER,웨스트민스터,mt
MAPNAME|WESTON-SUPER-MARE,WESTON-SUPER-MARE,웨스턴슈퍼메어,mt
MAPNAME|WESTONARIA,WESTONARIA,웨스토나리아,mt
MAPNAME|WESTPORT,WESTPORT,웨스트포트,mt
MAPNAME|WETE,WETE,웨테,mt
MAPNAME|WETZLAR,WETZLAR,베츨라어,mt
MAPNAME|WEWAK,WEWAK,웨와크,mt
MAPNAME|WEXFORD,WEXFORD,웩스퍼드,mt
MAPNAME|WEYMOUTH,WEYMOUTH,웨이머스,mt
MAPNAME|WHANGAREI,WHANGAREI,팡가레이,mt
MAPNAME|WHEATON,WHEATON,휘턴,mt
MAPNAME|WHEELING,WHEELING,휠링,mt
MAPNAME|WHITE BEAR LAKE,WHITE BEAR LAKE,화이트베어레이크,mt
MAPNAME|WHITEHORSE,WHITEHORSE,화이트호스,mt
MAPNAME|WHITEMAN AFB,WHITEMAN AFB,화이트먼공군기지,mt
MAPNAME|WHYALLA,WHYALLA,와이알라,mt
MAPNAME|WICHITA,WICHITA,위치토,mt
MAPNAME|WICKLOW,WICKLOW,위클로,mt
MAPNAME|WIEN,WIEN,빈,mt
MAPNAME|WIENER NEUSTADT,WIENER NEUSTADT,비너노이슈타트,mt
MAPNAME|WIESBADEN,WIESBADEN,비스바덴,mt
MAPNAME|WILHELMSHAVEN,WILHELMSHAVEN,빌헬름스하펜,mt
MAPNAME|WILKES-BARRE,WILKES-BARRE,윌크스배리,mt
MAPNAME|WILLEMSTAD,WILLEMSTAD,빌렘스타트,mt
MAPNAME|WILLIAMSPORT,WILLIAMSPORT,윌리엄스포트,mt
MAPNAME|WILLIAMSTOWN,WILLIAMSTOWN,윌리엄스타운,mt
MAPNAME|WILLINGBORO,WILLINGBORO,윌링버러,mt
MAPNAME|WILLOWGROVE ARS,WILLOWGROVE ARS,윌로그로브,mt
MAPNAME|WILMINGTON,WILMINGTON,윌밍턴,mt
MAPNAME|WILSON,WILSON,윌슨,mt
MAPNAME|WINCHESTER,WINCHESTER,윈체스터,mt
MAPNAME|WINDHOEK,WINDHOEK,빈트후크,mt
MAPNAME|WINDSOR,WINDSOR,윈저,mt
MAPNAME|WINNEBA,WINNEBA,위네바,mt
MAPNAME|WINNIPEG,WINNIPEG,위니펙,mt
MAPNAME|WINONA,WINONA,위노나,mt
MAPNAME|WINSTON-SALEM,WINSTON-SALEM,윈스턴세일럼,mt
MAPNAME|WINTER HAVEN,WINTER HAVEN,윈터헤이븐,mt
MAPNAME|WINTERTHUR,WINTERTHUR,빈터투어,mt
MAPNAME|WITBANK,WITBANK,위트뱅크,mt
MAPNAME|WITCHITA FALLS,WITCHITA FALLS,위치토폴스,mt
MAPNAME|WLOCLAWEK,WLOCLAWEK,브워츠와베크,mt
MAPNAME|WODONGA,WODONGA,워둥가,mt
MAPNAME|WOKING,WOKING,워킹,mt
MAPNAME|WOLF CREEK,WOLF CREEK,울프크리크,mt
MAPNAME|WOLFSBURG,WOLFSBURG,볼프스부르크,mt
MAPNAME|WOLLONGONG,WOLLONGONG,울런공,mt
MAPNAME|WOLMARANSSTAD,WOLMARANSSTAD,월마란스스타트,mt
MAPNAME|WOLSONG,WOLSONG,월송,mt
MAPNAME|WOLVERHAMPTON,WOLVERHAMPTON,울버햄프턴,mt
MAPNAME|WONANGO,WONANGO,워낭고,mt
MAPNAME|WONJU,WONJU,원주,mt
MAPNAME|WONSAN,WONSAN,원산,mt
MAPNAME|WOODESKHILL,WOODESKHILL,우데스힐,mt
MAPNAME|WOODLAND,WOODLAND,우들랜드,mt
MAPNAME|WOODRIDGE,WOODRIDGE,우드리지,mt
MAPNAME|WOODSTOCK,WOODSTOCK,우드스톡,mt
MAPNAME|WOOMERA,WOOMERA,우메라,mt
MAPNAME|WOONSTOCK,WOONSTOCK,운스톡,mt
MAPNAME|WOOSTER,WOOSTER,우스터,mt
MAPNAME|WORCESTER,WORCESTER,우스터,mt
MAPNAME|WORCHESTER,WORCHESTER,우스터,mt
MAPNAME|WORMS,WORMS,보름스,mt
MAPNAME|WREXHAM,WREXHAM,렉섬,mt
MAPNAME|WROCLAW,WROCLAW,브로츠와프,mt
MAPNAME|WUCHANG,WUCHANG,우창,mt
MAPNAME|WUCHUAN,WUCHUAN,우촨,mt
MAPNAME|WUHAI,WUHAI,우하이,mt
MAPNAME|WUHAN,WUHAN,우한,mt
MAPNAME|WUHU,WUHU,우후,mt
MAPNAME|WUJIAQU,WUJIAQU,우자취,mt
MAPNAME|WUKARI,WUKARI,우카리,mt
MAPNAME|WUKRO,WUKRO,우크로,mt
MAPNAME|WUM,WUM,움,mt
MAPNAME|WUPPERTAL,WUPPERTAL,부퍼탈,mt
MAPNAME|WUWEI,WUWEI,우웨이,mt
MAPNAME|WUXI,WUXI,우시,mt
MAPNAME|WUXIAN,WUXIAN,우셴,mt
MAPNAME|WUZHONG,WUZHONG,우중,mt
MAPNAME|WUZHOU,WUZHOU,우저우,mt
MAPNAME|WYLFA,WYLFA,윌파,mt
MAPNAME|WYNDHAM,WYNDHAM,윈덤,mt
MAPNAME|WYOMING,WYOMING,와이오밍,mt
MAPNAME|WÜRZBURG,WÜRZBURG,뷔르츠부르크,mt
MAPNAME|XAI-XAI,XAI-XAI,샤이샤이,mt
MAPNAME|XALAPA DE ERIQUEZ,XALAPA DE ERIQUEZ,할라파,mt
MAPNAME|XALISCO,XALISCO,할리스코,mt
MAPNAME|XAMNEUA,XAMNEUA,삼느아,mt
MAPNAME|XANGONGO,XANGONGO,상공고,mt
MAPNAME|XAYABURY,XAYABURY,사야부리,mt
MAPNAME|XAYAR,XAYAR,사야,mt
MAPNAME|XAÇMAZ,XAÇMAZ,하치마즈,mt
MAPNAME|XENIA,XENIA,지니아,mt
MAPNAME|XI'AN,XI'AN,시안,mt
MAPNAME|XIAGUAN,XIAGUAN,샤관,mt
MAPNAME|XIAMEN,XIAMEN,샤먼,mt
MAPNAME|XIANGFAN,XIANGFAN,샹판,mt
MAPNAME|XIANGTAN,XIANGTAN,샹탄,mt
MAPNAME|XIANGXIANG,XIANGXIANG,샹샹,mt
MAPNAME|XIANGYIN,XIANGYIN,샹인,mt
MAPNAME|XIANNING,XIANNING,셴닝,mt
MAPNAME|XIANTAO,XIANTAO,셴타오,mt
MAPNAME|XIANYANG,XIANYANG,셴양,mt
MAPNAME|XIAOGAN,XIAOGAN,샤오간,mt
MAPNAME|XIAOSHAN,XIAOSHAN,샤오산,mt
MAPNAME|XIASHI,XIASHI,샤스,mt
MAPNAME|XICHANG,XICHANG,시창,mt
MAPNAME|XIENG KHOUANG,XIENG KHOUANG,씨앙쿠앙,mt
MAPNAME|XIENGHONE,XIENGHONE,씨앙혼,mt
MAPNAME|XIGAZE,XIGAZE,시가체,mt
MAPNAME|XIHUA,XIHUA,시화,mt
MAPNAME|XILIN HOT,XILIN HOT,시린하오터,mt
MAPNAME|XINAN,XINAN,신안,mt
MAPNAME|XINBIN,XINBIN,신빈,mt
MAPNAME|XINCHENG,XINCHENG,신청,mt
MAPNAME|XINDU,XINDU,신두,mt
MAPNAME|XINGCHENG,XINGCHENG,싱청,mt
MAPNAME|XINGHUA,XINGHUA,싱화,mt
MAPNAME|XINGJING,XINGJING,싱징,mt
MAPNAME|XINGNING,XINGNING,싱닝,mt
MAPNAME|XINGPING,XINGPING,싱핑,mt
MAPNAME|XINGTAI,XINGTAI,싱타이,mt
MAPNAME|XINHE,XINHE,신허,mt
MAPNAME|XINHUA,XINHUA,신화,mt
MAPNAME|XINING,XINING,시닝,mt
MAPNAME|XINMIN,XINMIN,신민,mt
MAPNAME|XINTAI,XINTAI,신타이,mt
MAPNAME|XINXIANG,XINXIANG,신샹,mt
MAPNAME|XINYANG,XINYANG,신양,mt
MAPNAME|XINYI,XINYI,신이,mt
MAPNAME|XINYU,XINYU,신위,mt
MAPNAME|XINZHOU,XINZHOU,신저우,mt
MAPNAME|XIUYAN,XIUYAN,슈옌,mt
MAPNAME|XUANCHENG,XUANCHENG,쉬안청,mt
MAPNAME|XUANHUA,XUANHUA,쉬안화,mt
MAPNAME|XUCHANG,XUCHANG,쉬창,mt
MAPNAME|XUWEN,XUWEN,쉬원,mt
MAPNAME|XUYONG,XUYONG,쉬융,mt
MAPNAME|XUZHOU,XUZHOU,쉬저우,mt
MAPNAME|XÁNTHI,XÁNTHI,크산티,mt
MAPNAME|YA'AN,YA'AN,야안,mt
MAPNAME|YABELO,YABELO,야벨로,mt
MAPNAME|YACHIMATA,YACHIMATA,야치마타,mt
MAPNAME|YACHIYO,YACHIYO,야치요,mt
MAPNAME|YACUIBA,YACUIBA,야쿠이바,mt
MAPNAME|YADGIR,YADGIR,야드기르,mt
MAPNAME|YADZ,YADZ,야즈드,mt
MAPNAME|YAFRAN,YAFRAN,야프란,mt
MAPNAME|YAGOUA,YAGOUA,야구아,mt
MAPNAME|YAHATANISHI-KU,YAHATANISHI-KU,야하타니시구,mt
MAPNAME|YAKESHI,YAKESHI,야케시,mt
MAPNAME|YAKIMA,YAKIMA,야키마,mt
MAPNAME|YAKUTSK,YAKUTSK,야쿠츠크,mt
MAPNAME|YALA,YALA,얄라,mt
MAPNAME|YALOKE,YALOKE,얄로케,mt
MAPNAME|YALOVA,YALOVA,얄로바,mt
MAPNAME|YALTA,YALTA,얄타,mt
MAPNAME|YAMAGA,YAMAGA,야마가,mt
MAPNAME|YAMAGATA,YAMAGATA,야마가타,mt
MAPNAME|YAMAGUCHI,YAMAGUCHI,야마구치,mt
MAPNAME|YAMANDU,YAMANDU,야만두,mt
MAPNAME|YAMATO,YAMATO,야마토,mt
MAPNAME|YAMBIO,YAMBIO,얌비오,mt
MAPNAME|YAMOUSSOUKRO,YAMOUSSOUKRO,야무수크로,mt
MAPNAME|YAMUNANAGAR,YAMUNANAGAR,야무나나가르,mt
MAPNAME|YAN'AN,YAN'AN,옌안,mt
MAPNAME|YANAGAWA,YANAGAWA,야나가와,mt
MAPNAME|YANBU' AL BAHR,YANBU' AL BAHR,얀부알바흐르,mt
MAPNAME|YANCHENG,YANCHENG,옌청,mt
MAPNAME|YANCHUAN,YANCHUAN,옌촨,mt
MAPNAME|YANGCHUN,YANGCHUN,양춘,mt
MAPNAME|YANGIYUL,YANGIYUL,양기율,mt
MAPNAME|YANGJIANG,YANGJIANG,양장,mt
MAPNAME|YANGON,YANGON,양곤,mt
MAPNAME|YANGQUAN,YANGQUAN,양취안,mt
MAPNAME|YANGZHOU,YANGZHOU,양저우,mt
MAPNAME|YANJI,YANJI,옌지,mt
MAPNAME|YANLING,YANLING,옌링,mt
MAPNAME|YANTAI,YANTAI,옌타이,mt
MAPNAME|YANXIA,YANXIA,옌샤,mt
MAPNAME|YANZHOU,YANZHOU,옌저우,mt
MAPNAME|YAOUNDÉ,YAOUNDÉ,야운데,mt
MAPNAME|YARITAGUA,YARITAGUA,야리타과,mt
MAPNAME|YARKANT,YARKANT,야르칸트,mt
MAPNAME|YARMOUTH,YARMOUTH,야머스,mt
MAPNAME|YAROSLAVL',YAROSLAVL',야로슬라블,mt
MAPNAME|YARTSEVO,YARTSEVO,야르체보,mt
MAPNAME|YASNY,YASNY,야스니,mt
MAPNAME|YASUJ,YASUJ,야수즈,mt
MAPNAME|YATSUSHIRO,YATSUSHIRO,야쓰시로,mt
MAPNAME|YAUTEPEC DE ZARAGOZA,YAUTEPEC DE ZARAGOZA,야우테펙,mt
MAPNAME|YAVATMAL,YAVATMAL,야바트말,mt
MAPNAME|YAWATAHAMA,YAWATAHAMA,야와타하마,mt
MAPNAME|YECLA,YECLA,예클라,mt
MAPNAME|YEGOR'YEVSK,YEGOR'YEVSK,예고리옙스크,mt
MAPNAME|YEI,YEI,예이,mt
MAPNAME|YEJI,YEJI,예지,mt
MAPNAME|YEKATERINBURG,YEKATERINBURG,예카테린부르크,mt
MAPNAME|YELABUGA,YELABUGA,옐라부가,mt
MAPNAME|YELAHANKA,YELAHANKA,옐라한카,mt
MAPNAME|YELETS,YELETS,옐레츠,mt
MAPNAME|YELLOWKNIFE,YELLOWKNIFE,옐로나이프,mt
MAPNAME|YEN BÁI,YEN BÁI,옌바이,mt
MAPNAME|YENAKIYEV,YENAKIYEV,예나키예보,mt
MAPNAME|YENANGYAUNG,YENANGYAUNG,예난자웅,mt
MAPNAME|YENDI,YENDI,옌디,mt
MAPNAME|YENGEMA,YENGEMA,옌게마,mt
MAPNAME|YEOSU,YEOSU,여수,mt
MAPNAME|YERUSHALAYIM,YERUSHALAYIM,예루살렘,mt
MAPNAME|YESAN,YESAN,예산,mt
MAPNAME|YESSENTUKI,YESSENTUKI,예센투키,mt
MAPNAME|YEVLAX,YEVLAX,예블라흐,mt
MAPNAME|YEVPATORIYA,YEVPATORIYA,예우파토리야,mt
MAPNAME|YEVSTRATOVSKY,YEVSTRATOVSKY,예프스트라톱스키,mt
MAPNAME|YEYSK,YEYSK,예이스크,mt
MAPNAME|YI'AN,YI'AN,이안,mt
MAPNAME|YIBIN,YIBIN,이빈,mt
MAPNAME|YICHANG,YICHANG,이창,mt
MAPNAME|YICHENG,YICHENG,이청,mt
MAPNAME|YICHUN,YICHUN,이춘,mt
MAPNAME|YILAN,YILAN,이란,mt
MAPNAME|YINCHUAN,YINCHUAN,인촨,mt
MAPNAME|YING KOU,YING KOU,잉커우,mt
MAPNAME|YINGCHENG,YINGCHENG,잉청,mt
MAPNAME|YINGDE,YINGDE,잉더,mt
MAPNAME|YINGSHANG,YINGSHANG,잉상,mt
MAPNAME|YINGTAN,YINGTAN,잉탄,mt
MAPNAME|YINING,YINING,이닝,mt
MAPNAME|YIRGA ALEM,YIRGA ALEM,이르가알렘,mt
MAPNAME|YIRGA CHEFE,YIRGA CHEFE,이르가체페,mt
MAPNAME|YISHAN,YISHAN,이산,mt
MAPNAME|YITONG,YITONG,이퉁,mt
MAPNAME|YIWU,YIWU,이우,mt
MAPNAME|YIYANG,YIYANG,이양,mt
MAPNAME|YOGYAKARTA,YOGYAKARTA,족자카르타,mt
MAPNAME|YOKAICHI,YOKAICHI,요카이치,mt
MAPNAME|YOKKAICHI,YOKKAICHI,욧카이치,mt
MAPNAME|YOKOHAMA,YOKOHAMA,요코하마,mt
MAPNAME|YOKOSUKA,YOKOSUKA,요코스카,mt
MAPNAME|YOKOTE,YOKOTE,요코테,mt
MAPNAME|YONAGO,YONAGO,요나고,mt
MAPNAME|YONEZAWA,YONEZAWA,요네자와,mt
MAPNAME|YONG'AN,YONG'AN,융안,mt
MAPNAME|YONG-IN,YONG-IN,용인,mt
MAPNAME|YONGCHANG,YONGCHANG,융창,mt
MAPNAME|YONGCHENG,YONGCHENG,융청,mt
MAPNAME|YONGJI,YONGJI,융지,mt
MAPNAME|YONGJU,YONGJU,영주,mt
MAPNAME|YONGWANG,YONGWANG,용왕,mt
MAPNAME|YONGXING,YONGXING,융싱,mt
MAPNAME|YONGZHOU,YONGZHOU,융저우,mt
MAPNAME|YONKERS,YONKERS,용커스,mt
MAPNAME|YOPAL,YOPAL,요팔,mt
MAPNAME|YORK,YORK,요크,mt
MAPNAME|YOSHKAR-OLA,YOSHKAR-OLA,요시카르올라,mt
MAPNAME|YOUNGSTOWN,YOUNGSTOWN,영스타운,mt
MAPNAME|YOUSSOUFIA,YOUSSOUFIA,유수피아,mt
MAPNAME|YOUXIAN,YOUXIAN,유셴,mt
MAPNAME|YOZGAT,YOZGAT,요즈가트,mt
MAPNAME|YSTAD,YSTAD,위스타드,mt
MAPNAME|YUANJIANG,YUANJIANG,위안장,mt
MAPNAME|YUANLING,YUANLING,위안링,mt
MAPNAME|YUANPING,YUANPING,위안핑,mt
MAPNAME|YUBA CITY,YUBA CITY,유바시티,mt
MAPNAME|YUCA,YUCA,유카,mt
MAPNAME|YUCI,YUCI,위츠,mt
MAPNAME|YUEYANG,YUEYANG,웨양,mt
MAPNAME|YUKON,YUKON,유콘,mt
MAPNAME|YUKUHASHI,YUKUHASHI,유쿠하시,mt
MAPNAME|YULIN,YULIN,위린,mt
MAPNAME|YUMA,YUMA,유마,mt
MAPNAME|YUMBO,YUMBO,윰보,mt
MAPNAME|YUMEN,YUMEN,위먼,mt
MAPNAME|YUNCHENG,YUNCHENG,윈청,mt
MAPNAME|YUNDUM,YUNDUM,윤둠,mt
MAPNAME|YUNG-K'ANG,YUNG-K'ANG,융캉,mt
MAPNAME|YUNHE,YUNHE,윈허,mt
MAPNAME|YUNJINGHONG,YUNJINGHONG,윈징훙,mt
MAPNAME|YUNYANG,YUNYANG,윈양,mt
MAPNAME|YURECUARO,YURECUARO,유레쿠아로,mt
MAPNAME|YURGA,YURGA,유르가,mt
MAPNAME|YUSHU,YUSHU,위수,mt
MAPNAME|YUTIAN,YUTIAN,위톈,mt
MAPNAME|YUXIAN,YUXIAN,위셴,mt
MAPNAME|YUYAO,YUYAO,위야오,mt
MAPNAME|YUZAWA,YUZAWA,유자와,mt
MAPNAME|YUZHNO-SAKHALINSK,YUZHNO-SAKHALINSK,유즈노사할린스크,mt
MAPNAME|YÜKESKOVA,YÜKESKOVA,위크세코바,mt
MAPNAME|ZAANSTAD,ZAANSTAD,잔스타트,mt
MAPNAME|ZABID,ZABID,자비드,mt
MAPNAME|ZABOL,ZABOL,자볼,mt
MAPNAME|ZABRZE,ZABRZE,자브제,mt
MAPNAME|ZACAPU,ZACAPU,사카푸,mt
MAPNAME|ZACATECAS,ZACATECAS,사카테카스,mt
MAPNAME|ZACATECOLUCA,ZACATECOLUCA,사카테콜루카,mt
MAPNAME|ZADAR,ZADAR,자다르,mt
MAPNAME|ZAGORA,ZAGORA,자고라,mt
MAPNAME|ZAGREB,ZAGREB,자그레브,mt
MAPNAME|ZAHEDAN,ZAHEDAN,자헤단,mt
MAPNAME|ZAHLAH,ZAHLAH,자흘레,mt
MAPNAME|ZAISAN,ZAISAN,자이산,mt
MAPNAME|ZAJECAR,ZAJECAR,자예차르,mt
MAPNAME|ZAKHU,ZAKHU,자호,mt
MAPNAME|ZALAEGERSZEG,ZALAEGERSZEG,졸러에게르세그,mt
MAPNAME|ZALANTUN,ZALANTUN,자란툰,mt
MAPNAME|ZALAU,ZALAU,잘러우,mt
MAPNAME|ZALINGAY,ZALINGAY,잘링게이,mt
MAPNAME|ZAMBEZI,ZAMBEZI,잠베지,mt
MAPNAME|ZAMBOANGA,ZAMBOANGA,삼보앙가,mt
MAPNAME|ZAMORA,ZAMORA,사모라,mt
MAPNAME|ZAMORA DE HIDALGO,ZAMORA DE HIDALGO,사모라,mt
MAPNAME|ZAMOSC,ZAMOSC,자모시치,mt
MAPNAME|ZAMYN-UUD,ZAMYN-UUD,자민우드,mt
MAPNAME|ZANESVILLE,ZANESVILLE,제인즈빌,mt
MAPNAME|ZANJAN,ZANJAN,잔잔,mt
MAPNAME|ZANZIBAR,ZANZIBAR,잔지바르,mt
MAPNAME|ZAOYANG,ZAOYANG,자오양,mt
MAPNAME|ZAOZHUANG,ZAOZHUANG,자오좡,mt
MAPNAME|ZAPOPAN,ZAPOPAN,사포판,mt
MAPNAME|ZAPORIZHZHYA,ZAPORIZHZHYA,자포리자,mt
MAPNAME|ZAPOTILIC,ZAPOTILIC,사포틸릭,mt
MAPNAME|ZARAGOZA,ZARAGOZA,사라고사,mt
MAPNAME|ZARASAI,ZARASAI,자라사이,mt
MAPNAME|ZARIA,ZARIA,자리아,mt
MAPNAME|ZARINSK,ZARINSK,자린스크,mt
MAPNAME|ZARRIN SHAHR,ZARRIN SHAHR,자린샤르,mt
MAPNAME|ZAWIERCIE,ZAWIERCIE,자비에르치에,mt
MAPNAME|ZEFAT,ZEFAT,체팟,mt
MAPNAME|ZEJA,ZEJA,제야,mt
MAPNAME|ZELEZNOGORSK,ZELEZNOGORSK,젤레즈노고르스크,mt
MAPNAME|ZELËNODOL'SK,ZELËNODOL'SK,젤료노돌스크,mt
MAPNAME|ZEMIO,ZEMIO,제미오,mt
MAPNAME|ZEMUN,ZEMUN,제문,mt
MAPNAME|ZENGCHENG,ZENGCHENG,정청,mt
MAPNAME|ZENICA,ZENICA,제니차,mt
MAPNAME|ZESTAPONI,ZESTAPONI,제스타포니,mt
MAPNAME|ZGIERZ,ZGIERZ,즈기에시,mt
MAPNAME|ZHANGJIAKOU,ZHANGJIAKOU,장자커우,mt
MAPNAME|ZHANGSHOW,ZHANGSHOW,장서우,mt
MAPNAME|ZHANGSHU,ZHANGSHU,장수,mt
MAPNAME|ZHANGWU,ZHANGWU,장우,mt
MAPNAME|ZHANGYE,ZHANGYE,장예,mt
MAPNAME|ZHANGZHOU,ZHANGZHOU,장저우,mt
MAPNAME|ZHANJIANG,ZHANJIANG,잔장,mt
MAPNAME|ZHAODONG,ZHAODONG,자오둥,mt
MAPNAME|ZHAOQING,ZHAOQING,자오칭,mt
MAPNAME|ZHAOTONG,ZHAOTONG,자오퉁,mt
MAPNAME|ZHAOYUAN,ZHAOYUAN,자오위안,mt
MAPNAME|ZHENGZHOU,ZHENGZHOU,정저우,mt
MAPNAME|ZHENJIANG,ZHENJIANG,전장,mt
MAPNAME|ZHENLAI,ZHENLAI,전라이,mt
MAPNAME|ZHENZHOU,ZHENZHOU,전저우,mt
MAPNAME|ZHICHENG,ZHICHENG,즈청,mt
MAPNAME|ZHIDAN,ZHIDAN,즈단,mt
MAPNAME|ZHIGULËVSK,ZHIGULËVSK,지굴료프스크,mt
MAPNAME|ZHIJIANG,ZHIJIANG,즈장,mt
MAPNAME|ZHLOBIN,ZHLOBIN,즐로빈,mt
MAPNAME|ZHOB,ZHOB,조브,mt
MAPNAME|ZHODINO,ZHODINO,조디노,mt
MAPNAME|ZHONGJIANG,ZHONGJIANG,중장,mt
MAPNAME|ZHONGSHAN,ZHONGSHAN,중산,mt
MAPNAME|ZHONGXIANG,ZHONGXIANG,중샹,mt
MAPNAME|ZHOUCUN,ZHOUCUN,저우춘,mt
MAPNAME|ZHOUKOU,ZHOUKOU,저우커우,mt
MAPNAME|ZHOUSHAN,ZHOUSHAN,저우산,mt
MAPNAME|ZHOUZHOU,ZHOUZHOU,저우저우,mt
MAPNAME|ZHOVTI VODY,ZHOVTI VODY,조우티보디,mt
MAPNAME|ZHUANGHE,ZHUANGHE,좡허,mt
MAPNAME|ZHUCHENG,ZHUCHENG,주청,mt
MAPNAME|ZHUJI,ZHUJI,주지,mt
MAPNAME|ZHUKOVSKIY,ZHUKOVSKIY,주콥스키,mt
MAPNAME|ZHUMADIAN,ZHUMADIAN,주마뎬,mt
MAPNAME|ZHUXI,ZHUXI,주시,mt
MAPNAME|ZHUZHOU,ZHUZHOU,주저우,mt
MAPNAME|ZHYTOMYR,ZHYTOMYR,지토미르,mt
MAPNAME|ZIBO,ZIBO,쯔보,mt
MAPNAME|ZIELONA GÓRA,ZIELONA GÓRA,지엘로나구라,mt
MAPNAME|ZIGONG,ZIGONG,쯔궁,mt
MAPNAME|ZIGUINCHOR,ZIGUINCHOR,지긴쇼르,mt
MAPNAME|ZIHUATANEJO,ZIHUATANEJO,시와타네호,mt
MAPNAME|ZILE,ZILE,질레,mt
MAPNAME|ZILINA,ZILINA,질리나,mt
MAPNAME|ZIMA,ZIMA,지마,mt
MAPNAME|ZINDER,ZINDER,진데르,mt
MAPNAME|ZINJIBAR,ZINJIBAR,진지바르,mt
MAPNAME|ZION,ZION,시온,mt
MAPNAME|ZIPAQUIRÁ,ZIPAQUIRÁ,시파키라,mt
MAPNAME|ZIWAY,ZIWAY,지와이,mt
MAPNAME|ZIXING,ZIXING,쯔싱,mt
MAPNAME|ZIYANG,ZIYANG,쯔양,mt
MAPNAME|ZLATOUST,ZLATOUST,즐라토우스트,mt
MAPNAME|ZLIN,ZLIN,즐린,mt
MAPNAME|ZLITAN,ZLITAN,즐리탄,mt
MAPNAME|ZNOJMO,ZNOJMO,즈노이모,mt
MAPNAME|ZOETERMEER,ZOETERMEER,조터르메이르,mt
MAPNAME|ZOMBA,ZOMBA,좀바,mt
MAPNAME|ZONGULDAK,ZONGULDAK,종굴다크,mt
MAPNAME|ZORY,ZORY,조리,mt
MAPNAME|ZORZOR,ZORZOR,조르조르,mt
MAPNAME|ZOUAR,ZOUAR,주아르,mt
MAPNAME|ZOUXIAN,ZOUXIAN,저우셴,mt
MAPNAME|ZRENJANIN,ZRENJANIN,즈레냐닌,mt
MAPNAME|ZUGDIDI,ZUGDIDI,주그디디,mt
MAPNAME|ZUMPANGO DEL RIO,ZUMPANGO DEL RIO,숨팡고,mt
MAPNAME|ZUNYI,ZUNYI,준이,mt
MAPNAME|ZUUNMOD,ZUUNMOD,준모드,mt
MAPNAME|ZUWARAH,ZUWARAH,주와라,mt
MAPNAME|ZVIAHEL,ZVIAHEL,즈뱌헬,mt
MAPNAME|ZVISHAVANE,ZVISHAVANE,즈비샤바네,mt
MAPNAME|ZVOLEN,ZVOLEN,즈볼렌,mt
MAPNAME|ZWEDRU,ZWEDRU,즈웨드루,mt
MAPNAME|ZWICKAU,ZWICKAU,츠비카우,mt
MAPNAME|ZWOLLE,ZWOLLE,즈볼러,mt
MAPNAME|ZYLNKA,ZYLNKA,질른카,mt
MAPNAME|ZÁRATE,ZÁRATE,사라테,mt
MAPNAME|ZÜRICH,ZÜRICH,취리히,mt
MAPNAME|ÁGUEDA,ÁGUEDA,아게다,mt
MAPNAME|ÁGUILAS,ÁGUILAS,아길라스,mt
MAPNAME|ÁVILA,ÁVILA,아빌라,mt
MAPNAME|ÄLI BAYRAMLI,ÄLI BAYRAMLI,알리바이람르,mt
MAPNAME|ÄNGELHOLM,ÄNGELHOLM,앵엘홀름,mt
MAPNAME|ÉCIJA,ÉCIJA,에시하,mt
MAPNAME|ÉIBAR,ÉIBAR,에이바르,mt
MAPNAME|ÉRD,ÉRD,에르드,mt
MAPNAME|ÉVORA,ÉVORA,에보라,mt
MAPNAME|ÉVREUX,ÉVREUX,에브뢰,mt
MAPNAME|ÉVRY,ÉVRY,에브리,mt
MAPNAME|ÍLHAVO,ÍLHAVO,일랴부,mt
MAPNAME|ÓZD,ÓZD,외즈드,mt
MAPNAME|ÖLGIY,ÖLGIY,욜기,mt
MAPNAME|ÖNDÖRHAAN,ÖNDÖRHAAN,운두르항,mt
MAPNAME|ÖREBRO,ÖREBRO,외레브루,mt
MAPNAME|ÖRNSKÖLDSVIK,ÖRNSKÖLDSVIK,외른셸스비크,mt
MAPNAME|ÖSKEMEN,ÖSKEMEN,외스케멘,mt
MAPNAME|ÖSTERSUND,ÖSTERSUND,외스테르순드,mt
MAPNAME|ÖZGÖN,ÖZGÖN,외즈괸,mt
MAPNAME|ÚBEDA,ÚBEDA,우베다,mt
MAPNAME|ÚSTI NAD LABEM,ÚSTI NAD LABEM,우스티나트라벰,mt
MAPNAME|ÜNYE,ÜNYE,위녜,mt
MAPNAME|ÜRÜMQI,ÜRÜMQI,우루무치,mt
